ISO-10303-21;
HEADER;
/*Generated by software containing ST-Developer
 * from STEP Tools, Inc. (www.steptools.com) 
 */
/*OPTION: using custom renumber hook */
/*description */
/*implementation_level */
FILE_DESCRIPTION(('STEP AP242 Edition 2','STEP AP242 Edition 2''CAx-IF Rec.Pracs.---Representation and Presentation of Product Manufa
cturing Information (PMI)---4.0---2014-10-13','STEP AP242 Edition 2''CAx-IF Rec.Pracs.---Representation and Presentation of Product Manufa
cturing Information (PMI)---4.0---2014-10-13''CAx-IF Rec.Pracs.---3D Tessellated Geometry---0.4---2014-09-14','STEP AP242 Edition 2''CAx-IF Rec.Pracs.---Representation and Presentation of Product Manufa
cturing Information (PMI)---4.0---2014-10-13''CAx-IF Rec.Pracs.---3D Tessellated Geometry---0.4---2014-09-14''2;1','STEP AP242 Edition 2''CAx-IF Rec.Pracs.---Representation and Presentation of Product Manufa
cturing Information (PMI)---4.0---2014-10-13''CAx-IF Rec.Pracs.---3D Tessellated Geometry---0.4---2014-09-14''2;1''CAx-IF Rec.Pracs.---User Defined Attributes---1.5---2016-08-15'),'2;1');
/*name */
/*time_stamp */
/*author */
/*organization */
/*preprocessor_version */
/*originating_system */
/*authorisation */
FILE_NAME('/vol/tmp/translate-11713089797030552708/dual-axis-solar-panel-tracker-OKOK parts - azimut_base.step','2026-04-14T16:25:50',(''),(''),'ST-DEVELOPER v20','ONSHAPE BY PTC INC, 1.213','  ');
FILE_SCHEMA(('AP242_MANAGED_MODEL_BASED_3D_ENGINEERING_MIM_LF { 1 0 10303 442 3 1 4 }'));
ENDSEC;
DATA;
#10=SHAPE_REPRESENTATION_RELATIONSHIP('','',#259,#11);
#11=ADVANCED_BREP_SHAPE_REPRESENTATION('',(#257),#411);
#12=CYLINDRICAL_SURFACE('',#266,0.25);
#13=CYLINDRICAL_SURFACE('',#278,0.265);
#14=CYLINDRICAL_SURFACE('',#279,0.75);
#15=CIRCLE('',#262,0.75);
#16=CIRCLE('',#265,0.265);
#17=CIRCLE('',#267,0.25);
#18=CIRCLE('',#268,0.25);
#19=CIRCLE('',#271,0.75);
#20=CIRCLE('',#274,0.265);
#21=ORIENTED_EDGE('',*,*,#81,.F.);
#22=ORIENTED_EDGE('',*,*,#82,.F.);
#23=ORIENTED_EDGE('',*,*,#83,.T.);
#24=ORIENTED_EDGE('',*,*,#84,.T.);
#25=ORIENTED_EDGE('',*,*,#85,.F.);
#26=ORIENTED_EDGE('',*,*,#86,.T.);
#27=ORIENTED_EDGE('',*,*,#87,.T.);
#28=ORIENTED_EDGE('',*,*,#88,.T.);
#29=ORIENTED_EDGE('',*,*,#89,.T.);
#30=ORIENTED_EDGE('',*,*,#90,.F.);
#31=ORIENTED_EDGE('',*,*,#91,.T.);
#32=ORIENTED_EDGE('',*,*,#92,.F.);
#33=ORIENTED_EDGE('',*,*,#88,.F.);
#34=ORIENTED_EDGE('',*,*,#93,.T.);
#35=ORIENTED_EDGE('',*,*,#94,.F.);
#36=ORIENTED_EDGE('',*,*,#95,.T.);
#37=ORIENTED_EDGE('',*,*,#96,.T.);
#38=ORIENTED_EDGE('',*,*,#97,.F.);
#39=ORIENTED_EDGE('',*,*,#89,.F.);
#40=ORIENTED_EDGE('',*,*,#92,.T.);
#41=ORIENTED_EDGE('',*,*,#98,.F.);
#42=ORIENTED_EDGE('',*,*,#83,.F.);
#43=ORIENTED_EDGE('',*,*,#99,.F.);
#44=ORIENTED_EDGE('',*,*,#100,.T.);
#45=ORIENTED_EDGE('',*,*,#101,.F.);
#46=ORIENTED_EDGE('',*,*,#102,.T.);
#47=ORIENTED_EDGE('',*,*,#103,.T.);
#48=ORIENTED_EDGE('',*,*,#100,.F.);
#49=ORIENTED_EDGE('',*,*,#104,.T.);
#50=ORIENTED_EDGE('',*,*,#105,.T.);
#51=ORIENTED_EDGE('',*,*,#102,.F.);
#52=ORIENTED_EDGE('',*,*,#106,.F.);
#53=ORIENTED_EDGE('',*,*,#81,.T.);
#54=ORIENTED_EDGE('',*,*,#107,.F.);
#55=ORIENTED_EDGE('',*,*,#93,.F.);
#56=ORIENTED_EDGE('',*,*,#87,.F.);
#57=ORIENTED_EDGE('',*,*,#108,.T.);
#58=ORIENTED_EDGE('',*,*,#109,.T.);
#59=ORIENTED_EDGE('',*,*,#110,.T.);
#60=ORIENTED_EDGE('',*,*,#108,.F.);
#61=ORIENTED_EDGE('',*,*,#86,.F.);
#62=ORIENTED_EDGE('',*,*,#97,.T.);
#63=ORIENTED_EDGE('',*,*,#94,.T.);
#64=ORIENTED_EDGE('',*,*,#110,.F.);
#65=ORIENTED_EDGE('',*,*,#96,.F.);
#66=ORIENTED_EDGE('',*,*,#103,.F.);
#67=ORIENTED_EDGE('',*,*,#105,.F.);
#68=ORIENTED_EDGE('',*,*,#84,.F.);
#69=ORIENTED_EDGE('',*,*,#98,.T.);
#70=ORIENTED_EDGE('',*,*,#91,.F.);
#71=ORIENTED_EDGE('',*,*,#107,.T.);
#72=ORIENTED_EDGE('',*,*,#95,.F.);
#73=ORIENTED_EDGE('',*,*,#101,.T.);
#74=ORIENTED_EDGE('',*,*,#99,.T.);
#75=ORIENTED_EDGE('',*,*,#82,.T.);
#76=ORIENTED_EDGE('',*,*,#106,.T.);
#77=ORIENTED_EDGE('',*,*,#109,.F.);
#78=ORIENTED_EDGE('',*,*,#90,.T.);
#79=ORIENTED_EDGE('',*,*,#104,.F.);
#80=ORIENTED_EDGE('',*,*,#85,.T.);
#81=EDGE_CURVE('',#111,#112,#133,.T.);
#82=EDGE_CURVE('',#113,#111,#134,.T.);
#83=EDGE_CURVE('',#113,#114,#135,.T.);
#84=EDGE_CURVE('',#114,#112,#136,.T.);
#85=EDGE_CURVE('',#115,#115,#15,.F.);
#86=EDGE_CURVE('',#116,#117,#137,.T.);
#87=EDGE_CURVE('',#117,#118,#138,.T.);
#88=EDGE_CURVE('',#118,#119,#139,.T.);
#89=EDGE_CURVE('',#119,#116,#140,.T.);
#90=EDGE_CURVE('',#120,#120,#16,.F.);
#91=EDGE_CURVE('',#121,#122,#141,.T.);
#92=EDGE_CURVE('',#119,#122,#142,.T.);
#93=EDGE_CURVE('',#118,#121,#143,.T.);
#94=EDGE_CURVE('',#123,#123,#17,.T.);
#95=EDGE_CURVE('',#124,#124,#18,.T.);
#96=EDGE_CURVE('',#125,#126,#144,.T.);
#97=EDGE_CURVE('',#116,#126,#145,.T.);
#98=EDGE_CURVE('',#114,#122,#146,.T.);
#99=EDGE_CURVE('',#127,#113,#147,.T.);
#100=EDGE_CURVE('',#127,#125,#148,.T.);
#101=EDGE_CURVE('',#128,#127,#149,.T.);
#102=EDGE_CURVE('',#128,#129,#150,.T.);
#103=EDGE_CURVE('',#129,#125,#151,.T.);
#104=EDGE_CURVE('',#130,#130,#19,.T.);
#105=EDGE_CURVE('',#131,#129,#152,.T.);
#106=EDGE_CURVE('',#111,#128,#153,.T.);
#107=EDGE_CURVE('',#121,#112,#154,.T.);
#108=EDGE_CURVE('',#117,#131,#155,.T.);
#109=EDGE_CURVE('',#132,#132,#20,.T.);
#110=EDGE_CURVE('',#126,#131,#156,.T.);
#111=VERTEX_POINT('',#347);
#112=VERTEX_POINT('',#348);
#113=VERTEX_POINT('',#350);
#114=VERTEX_POINT('',#352);
#115=VERTEX_POINT('',#355);
#116=VERTEX_POINT('',#358);
#117=VERTEX_POINT('',#359);
#118=VERTEX_POINT('',#361);
#119=VERTEX_POINT('',#363);
#120=VERTEX_POINT('',#367);
#121=VERTEX_POINT('',#369);
#122=VERTEX_POINT('',#370);
#123=VERTEX_POINT('',#375);
#124=VERTEX_POINT('',#377);
#125=VERTEX_POINT('',#380);
#126=VERTEX_POINT('',#381);
#127=VERTEX_POINT('',#385);
#128=VERTEX_POINT('',#389);
#129=VERTEX_POINT('',#391);
#130=VERTEX_POINT('',#394);
#131=VERTEX_POINT('',#397);
#132=VERTEX_POINT('',#403);
#133=LINE('',#346,#157);
#134=LINE('',#349,#158);
#135=LINE('',#351,#159);
#136=LINE('',#353,#160);
#137=LINE('',#357,#161);
#138=LINE('',#360,#162);
#139=LINE('',#362,#163);
#140=LINE('',#364,#164);
#141=LINE('',#368,#165);
#142=LINE('',#371,#166);
#143=LINE('',#372,#167);
#144=LINE('',#379,#168);
#145=LINE('',#382,#169);
#146=LINE('',#383,#170);
#147=LINE('',#384,#171);
#148=LINE('',#386,#172);
#149=LINE('',#388,#173);
#150=LINE('',#390,#174);
#151=LINE('',#392,#175);
#152=LINE('',#396,#176);
#153=LINE('',#398,#177);
#154=LINE('',#399,#178);
#155=LINE('',#400,#179);
#156=LINE('',#404,#180);
#157=VECTOR('',#284,100.);
#158=VECTOR('',#285,100.);
#159=VECTOR('',#286,100.);
#160=VECTOR('',#287,100.);
#161=VECTOR('',#292,100.);
#162=VECTOR('',#293,100.);
#163=VECTOR('',#294,100.);
#164=VECTOR('',#295,100.);
#165=VECTOR('',#300,100.);
#166=VECTOR('',#301,100.);
#167=VECTOR('',#302,100.);
#168=VECTOR('',#311,100.);
#169=VECTOR('',#312,100.);
#170=VECTOR('',#313,100.);
#171=VECTOR('',#314,100.);
#172=VECTOR('',#315,100.);
#173=VECTOR('',#318,100.);
#174=VECTOR('',#319,100.);
#175=VECTOR('',#320,100.);
#176=VECTOR('',#325,100.);
#177=VECTOR('',#326,100.);
#178=VECTOR('',#327,100.);
#179=VECTOR('',#328,100.);
#180=VECTOR('',#333,100.);
#181=EDGE_LOOP('',(#21,#22,#23,#24));
#182=EDGE_LOOP('',(#25));
#183=EDGE_LOOP('',(#26,#27,#28,#29));
#184=EDGE_LOOP('',(#30));
#185=EDGE_LOOP('',(#31,#32,#33,#34));
#186=EDGE_LOOP('',(#35));
#187=EDGE_LOOP('',(#36));
#188=EDGE_LOOP('',(#37,#38,#39,#40,#41,#42,#43,#44));
#189=EDGE_LOOP('',(#45,#46,#47,#48));
#190=EDGE_LOOP('',(#49));
#191=EDGE_LOOP('',(#50,#51,#52,#53,#54,#55,#56,#57));
#192=EDGE_LOOP('',(#58));
#193=EDGE_LOOP('',(#59,#60,#61,#62));
#194=EDGE_LOOP('',(#63));
#195=EDGE_LOOP('',(#64,#65,#66,#67));
#196=EDGE_LOOP('',(#68,#69,#70,#71));
#197=EDGE_LOOP('',(#72));
#198=EDGE_LOOP('',(#73,#74,#75,#76));
#199=EDGE_LOOP('',(#77));
#200=EDGE_LOOP('',(#78));
#201=EDGE_LOOP('',(#79));
#202=EDGE_LOOP('',(#80));
#203=FACE_BOUND('',#181,.T.);
#204=FACE_BOUND('',#182,.T.);
#205=FACE_BOUND('',#183,.T.);
#206=FACE_BOUND('',#184,.T.);
#207=FACE_BOUND('',#185,.T.);
#208=FACE_BOUND('',#186,.T.);
#209=FACE_BOUND('',#187,.T.);
#210=FACE_BOUND('',#188,.T.);
#211=FACE_BOUND('',#189,.T.);
#212=FACE_BOUND('',#190,.T.);
#213=FACE_BOUND('',#191,.T.);
#214=FACE_BOUND('',#192,.T.);
#215=FACE_BOUND('',#193,.T.);
#216=FACE_BOUND('',#194,.T.);
#217=FACE_BOUND('',#195,.T.);
#218=FACE_BOUND('',#196,.T.);
#219=FACE_BOUND('',#197,.T.);
#220=FACE_BOUND('',#198,.T.);
#221=FACE_BOUND('',#199,.T.);
#222=FACE_BOUND('',#200,.T.);
#223=FACE_BOUND('',#201,.T.);
#224=FACE_BOUND('',#202,.T.);
#225=PLANE('',#261);
#226=PLANE('',#263);
#227=PLANE('',#264);
#228=PLANE('',#269);
#229=PLANE('',#270);
#230=PLANE('',#272);
#231=PLANE('',#273);
#232=PLANE('',#275);
#233=PLANE('',#276);
#234=PLANE('',#277);
#235=ADVANCED_FACE('',(#203,#204),#225,.F.);
#236=ADVANCED_FACE('',(#205),#226,.F.);
#237=ADVANCED_FACE('',(#206,#207),#227,.F.);
#238=ADVANCED_FACE('',(#208,#209),#12,.F.);
#239=ADVANCED_FACE('',(#210),#228,.F.);
#240=ADVANCED_FACE('',(#211,#212),#229,.F.);
#241=ADVANCED_FACE('',(#213),#230,.F.);
#242=ADVANCED_FACE('',(#214,#215),#231,.F.);
#243=ADVANCED_FACE('',(#216,#217),#232,.T.);
#244=ADVANCED_FACE('',(#218,#219),#233,.F.);
#245=ADVANCED_FACE('',(#220),#234,.F.);
#246=ADVANCED_FACE('',(#221,#222),#13,.F.);
#247=ADVANCED_FACE('',(#223,#224),#14,.F.);
#248=CLOSED_SHELL('',(#235,#236,#237,#238,#239,#240,#241,#242,#243,#244,#245,#246,#247));
#249=STYLED_ITEM('',(#250),#257);
#250=PRESENTATION_STYLE_ASSIGNMENT((#251));
#251=SURFACE_STYLE_USAGE(.BOTH.,#252);
#252=SURFACE_SIDE_STYLE('',(#253));
#253=SURFACE_STYLE_FILL_AREA(#254);
#254=FILL_AREA_STYLE('',(#255));
#255=FILL_AREA_STYLE_COLOUR('',#256);
#256=COLOUR_RGB('',0.501960784313726,0.501960784313726,0.501960784313726);
#257=MANIFOLD_SOLID_BREP('azimut_base',#248);
#258=SHAPE_DEFINITION_REPRESENTATION(#416,#259);
#259=SHAPE_REPRESENTATION('azimut_base',(#260),#411);
#260=AXIS2_PLACEMENT_3D('',#344,#280,#281);
#261=AXIS2_PLACEMENT_3D('',#345,#282,#283);
#262=AXIS2_PLACEMENT_3D('',#354,#288,#289);
#263=AXIS2_PLACEMENT_3D('',#356,#290,#291);
#264=AXIS2_PLACEMENT_3D('',#365,#296,#297);
#265=AXIS2_PLACEMENT_3D('',#366,#298,#299);
#266=AXIS2_PLACEMENT_3D('',#373,#303,#304);
#267=AXIS2_PLACEMENT_3D('',#374,#305,#306);
#268=AXIS2_PLACEMENT_3D('',#376,#307,#308);
#269=AXIS2_PLACEMENT_3D('',#378,#309,#310);
#270=AXIS2_PLACEMENT_3D('',#387,#316,#317);
#271=AXIS2_PLACEMENT_3D('',#393,#321,#322);
#272=AXIS2_PLACEMENT_3D('',#395,#323,#324);
#273=AXIS2_PLACEMENT_3D('',#401,#329,#330);
#274=AXIS2_PLACEMENT_3D('',#402,#331,#332);
#275=AXIS2_PLACEMENT_3D('',#405,#334,#335);
#276=AXIS2_PLACEMENT_3D('',#406,#336,#337);
#277=AXIS2_PLACEMENT_3D('',#407,#338,#339);
#278=AXIS2_PLACEMENT_3D('',#408,#340,#341);
#279=AXIS2_PLACEMENT_3D('',#409,#342,#343);
#280=DIRECTION('',(0.,0.,1.));
#281=DIRECTION('',(1.,0.,0.));
#282=DIRECTION('',(-1.,0.,0.));
#283=DIRECTION('',(0.,0.,1.));
#284=DIRECTION('',(0.,-1.,0.));
#285=DIRECTION('',(0.,0.,-1.));
#286=DIRECTION('',(0.,-1.,0.));
#287=DIRECTION('',(0.,0.,-1.));
#288=DIRECTION('',(-1.,0.,0.));
#289=DIRECTION('',(0.,0.,1.));
#290=DIRECTION('',(0.,-1.,0.));
#291=DIRECTION('',(0.,0.,-1.));
#292=DIRECTION('',(0.,0.,-1.));
#293=DIRECTION('',(-1.,0.,0.));
#294=DIRECTION('',(0.,0.,1.));
#295=DIRECTION('',(1.,0.,0.));
#296=DIRECTION('',(1.,0.,0.));
#297=DIRECTION('',(0.,0.,-1.));
#298=DIRECTION('',(1.,0.,0.));
#299=DIRECTION('',(0.,0.,-1.));
#300=DIRECTION('',(0.,0.,1.));
#301=DIRECTION('',(0.,-1.,0.));
#302=DIRECTION('',(0.,-1.,0.));
#303=DIRECTION('',(0.,-1.,0.));
#304=DIRECTION('',(0.,0.,-1.));
#305=DIRECTION('',(0.,1.,0.));
#306=DIRECTION('',(0.,0.,1.));
#307=DIRECTION('',(0.,1.,0.));
#308=DIRECTION('',(0.,0.,1.));
#309=DIRECTION('',(0.,0.,-1.));
#310=DIRECTION('',(-1.,0.,0.));
#311=DIRECTION('',(1.,0.,0.));
#312=DIRECTION('',(0.,-1.,0.));
#313=DIRECTION('',(1.,0.,0.));
#314=DIRECTION('',(1.,0.,0.));
#315=DIRECTION('',(0.,-1.,0.));
#316=DIRECTION('',(1.,0.,0.));
#317=DIRECTION('',(0.,0.,-1.));
#318=DIRECTION('',(0.,0.,1.));
#319=DIRECTION('',(0.,-1.,0.));
#320=DIRECTION('',(0.,0.,1.));
#321=DIRECTION('',(1.,0.,0.));
#322=DIRECTION('',(0.,0.,-1.));
#323=DIRECTION('',(0.,0.,1.));
#324=DIRECTION('',(1.,0.,0.));
#325=DIRECTION('',(-1.,0.,0.));
#326=DIRECTION('',(-1.,0.,0.));
#327=DIRECTION('',(-1.,0.,0.));
#328=DIRECTION('',(0.,-1.,0.));
#329=DIRECTION('',(-1.,0.,0.));
#330=DIRECTION('',(0.,0.,1.));
#331=DIRECTION('',(-1.,0.,0.));
#332=DIRECTION('',(0.,0.,1.));
#333=DIRECTION('',(0.,0.,-1.));
#334=DIRECTION('',(0.,-1.,0.));
#335=DIRECTION('',(0.,0.,-1.));
#336=DIRECTION('',(0.,-1.,0.));
#337=DIRECTION('',(0.,0.,-1.));
#338=DIRECTION('',(0.,-1.,0.));
#339=DIRECTION('',(0.,0.,-1.));
#340=DIRECTION('',(-1.,0.,0.));
#341=DIRECTION('',(0.,0.,1.));
#342=DIRECTION('',(1.,0.,0.));
#343=DIRECTION('',(0.,0.,-1.));
#344=CARTESIAN_POINT('',(0.,0.,0.));
#345=CARTESIAN_POINT('',(-7.5,8.,-2.));
#346=CARTESIAN_POINT('',(-7.5,8.,-2.));
#347=CARTESIAN_POINT('',(-7.5,8.,-2.));
#348=CARTESIAN_POINT('',(-7.5,1.,-2.));
#349=CARTESIAN_POINT('',(-7.5,8.,-2.));
#350=CARTESIAN_POINT('',(-7.5,8.,2.));
#351=CARTESIAN_POINT('',(-7.5,8.,2.));
#352=CARTESIAN_POINT('',(-7.5,1.,2.));
#353=CARTESIAN_POINT('',(-7.5,1.,-2.));
#354=CARTESIAN_POINT('',(-7.5,6.,0.));
#355=CARTESIAN_POINT('',(-7.5,6.,0.75));
#356=CARTESIAN_POINT('',(0.,8.,0.));
#357=CARTESIAN_POINT('',(8.5,8.,-2.));
#358=CARTESIAN_POINT('',(8.5,8.,2.));
#359=CARTESIAN_POINT('',(8.5,8.,-2.));
#360=CARTESIAN_POINT('',(8.5,8.,-2.));
#361=CARTESIAN_POINT('',(7.5,8.,-2.));
#362=CARTESIAN_POINT('',(7.5,8.,-2.));
#363=CARTESIAN_POINT('',(7.5,8.,2.));
#364=CARTESIAN_POINT('',(8.5,8.,2.));
#365=CARTESIAN_POINT('',(7.5,8.,-2.));
#366=CARTESIAN_POINT('',(7.5,6.,0.));
#367=CARTESIAN_POINT('',(7.5,6.,-0.265));
#368=CARTESIAN_POINT('',(7.5,1.,-2.));
#369=CARTESIAN_POINT('',(7.5,1.,-2.));
#370=CARTESIAN_POINT('',(7.5,1.,2.));
#371=CARTESIAN_POINT('',(7.5,8.,2.));
#372=CARTESIAN_POINT('',(7.5,8.,-2.));
#373=CARTESIAN_POINT('',(4.16333634234434E-15,1.,0.));
#374=CARTESIAN_POINT('',(4.16333634234434E-15,0.,0.));
#375=CARTESIAN_POINT('',(4.16333634234434E-15,0.,0.25));
#376=CARTESIAN_POINT('',(4.16333634234434E-15,1.,0.));
#377=CARTESIAN_POINT('',(4.16333634234434E-15,1.,0.25));
#378=CARTESIAN_POINT('',(-8.5,1.,2.));
#379=CARTESIAN_POINT('',(-8.5,0.,2.));
#380=CARTESIAN_POINT('',(-8.5,0.,2.));
#381=CARTESIAN_POINT('',(8.5,0.,2.));
#382=CARTESIAN_POINT('',(8.5,1.,2.));
#383=CARTESIAN_POINT('',(-8.5,1.,2.));
#384=CARTESIAN_POINT('',(-8.5,8.,2.));
#385=CARTESIAN_POINT('',(-8.5,8.,2.));
#386=CARTESIAN_POINT('',(-8.5,1.,2.));
#387=CARTESIAN_POINT('',(-8.5,1.,2.));
#388=CARTESIAN_POINT('',(-8.5,8.,-2.));
#389=CARTESIAN_POINT('',(-8.5,8.,-2.));
#390=CARTESIAN_POINT('',(-8.5,1.,-2.));
#391=CARTESIAN_POINT('',(-8.5,0.,-2.));
#392=CARTESIAN_POINT('',(-8.5,0.,2.));
#393=CARTESIAN_POINT('',(-8.5,6.,0.));
#394=CARTESIAN_POINT('',(-8.5,6.,-0.75));
#395=CARTESIAN_POINT('',(-8.5,1.,-2.));
#396=CARTESIAN_POINT('',(-8.5,0.,-2.));
#397=CARTESIAN_POINT('',(8.5,0.,-2.));
#398=CARTESIAN_POINT('',(-8.5,8.,-2.));
#399=CARTESIAN_POINT('',(-8.5,1.,-2.));
#400=CARTESIAN_POINT('',(8.5,1.,-2.));
#401=CARTESIAN_POINT('',(8.5,1.,2.));
#402=CARTESIAN_POINT('',(8.5,6.,0.));
#403=CARTESIAN_POINT('',(8.5,6.,0.265));
#404=CARTESIAN_POINT('',(8.5,0.,2.));
#405=CARTESIAN_POINT('',(0.,0.,0.));
#406=CARTESIAN_POINT('',(0.,1.,0.));
#407=CARTESIAN_POINT('',(0.,8.,0.));
#408=CARTESIAN_POINT('',(8.5,6.,0.));
#409=CARTESIAN_POINT('',(-8.5,6.,0.));
#410=MECHANICAL_DESIGN_GEOMETRIC_PRESENTATION_REPRESENTATION('',(#249),#411);
#411=(
GEOMETRIC_REPRESENTATION_CONTEXT(3)
GLOBAL_UNCERTAINTY_ASSIGNED_CONTEXT((#412))
GLOBAL_UNIT_ASSIGNED_CONTEXT((#415,#414,#413))
REPRESENTATION_CONTEXT('azimut_base','TOP_LEVEL_ASSEMBLY_PART')
);
#412=UNCERTAINTY_MEASURE_WITH_UNIT(LENGTH_MEASURE(1.E-06),#415,'DISTANCE_ACCURACY_VALUE','Maximum Tolerance applied to model');
#413=(
NAMED_UNIT(*)
SI_UNIT($,.STERADIAN.)
SOLID_ANGLE_UNIT()
);
#414=(
NAMED_UNIT(*)
PLANE_ANGLE_UNIT()
SI_UNIT($,.RADIAN.)
);
#415=(
LENGTH_UNIT()
NAMED_UNIT(*)
SI_UNIT(.CENTI.,.METRE.)
);
#416=PRODUCT_DEFINITION_SHAPE('','',#417);
#417=PRODUCT_DEFINITION('','',#419,#418);
#418=PRODUCT_DEFINITION_CONTEXT('',#425,'design');
#419=PRODUCT_DEFINITION_FORMATION_WITH_SPECIFIED_SOURCE('','',#421,.NOT_KNOWN.);
#420=PRODUCT_RELATED_PRODUCT_CATEGORY('','',(#421));
#421=PRODUCT('azimut_base','azimut_base','azimut_base',(#423));
#422=PRODUCT_CATEGORY('','');
#423=PRODUCT_CONTEXT('',#425,'mechanical');
#424=APPLICATION_PROTOCOL_DEFINITION('international standard','ap242_managed_model_based_3d_engineering',2020,#425);
#425=APPLICATION_CONTEXT('managed model based 3d engineering');
#426=SHAPE_ASPECT('hole_callout.F24XXqi54pfyKFt_118.JFP.3',$,#416,.T.);
#427=GEOMETRIC_ITEM_SPECIFIC_USAGE('','',#426,#11,#246);
#428=DIMENSIONAL_SIZE(#426,'diameter');
#429=(
LENGTH_UNIT()
NAMED_UNIT(*)
SI_UNIT(.CENTI.,.METRE.)
);
#431=PRECISION_QUALIFIER(3);
#430=(
LENGTH_MEASURE_WITH_UNIT()
MEASURE_REPRESENTATION_ITEM()
MEASURE_WITH_UNIT(POSITIVE_LENGTH_MEASURE(0.53),#429)
QUALIFIED_REPRESENTATION_ITEM((#431))
REPRESENTATION_ITEM('nominal value')
);
#432=COMPOUND_REPRESENTATION_ITEM('modifiers',SET_REPRESENTATION_ITEM((#433)));
#433=DESCRIPTIVE_REPRESENTATION_ITEM('dimensional note','diameter');
#434=SHAPE_DIMENSION_REPRESENTATION('',(#430,#432),#411);
#435=DIMENSIONAL_CHARACTERISTIC_REPRESENTATION(#428,#434);
#436=PRESENTATION_STYLE_ASSIGNMENT((NULL_STYLE(.NULL.)));
#437=CARTESIAN_POINT('',(0.085,0.06,0.));
#438=DIRECTION('',(1.,0.,0.));
#439=DIRECTION('',(0.,1.,0.));
#440=AXIS2_PLACEMENT_3D('',#437,#438,#439);
#441=PLANE('',#440);
#442=ANNOTATION_PLANE('',(#436),#441,(#469));
#443=CARTESIAN_POINT('',(0.,0.,0.));
#444=DIRECTION('',(0.,0.,1.));
#445=DIRECTION('',(1.,0.,0.));
#446=AXIS2_PLACEMENT_3D('',#443,#444,#445);
#447=CARTESIAN_POINT('',(0.,0.,0.));
#448=DIRECTION('',(0.,0.,1.));
#449=DIRECTION('',(1.,0.,0.));
#450=AXIS2_PLACEMENT_3D('',#447,#448,#449);
#451=SHAPE_REPRESENTATION('',(#450,#257),#411);
#452=REPRESENTATION_MAP(#446,#451);
#453=MAPPED_ITEM('',#452,#446);
#454=PRESENTATION_STYLE_ASSIGNMENT((NULL_STYLE(.NULL.)));
#455=STYLED_ITEM('',(#454),#453);
#456=DRAUGHTING_MODEL('',(#442,#446,#453,#455,#488,#492,#499,#501),#411);
#457=DRAUGHTING_PRE_DEFINED_CURVE_FONT('continuous');
#458=COLOUR_RGB('',0.,0.,0.);
#459=CURVE_STYLE('',#457,POSITIVE_LENGTH_MEASURE(0.02),#458);
#460=PRESENTATION_STYLE_ASSIGNMENT((#459));
#461=COORDINATES_LIST('coordinates',2496,((8.5000000,6.1873833,0.1873833),(8.5000000,6.3288047,0.4702260),(8.5000000,6.4702260,0.3288047),(8.5000000,7.6039858,1.2507566),(8.5000000,7.6136910,1.2466887),(8.5000000,7.6234922,1.2431631),(8.5000000,7.6039858,1.2507566),(8.5000000,7.6234922,1.2431631),(8.5000000,7.6333893,1.2401799),(8.5000000,7.6039858,1.2507566),(8.5000000,7.6333893,1.2401799),(8.5000000,7.6433823,1.2377391),(8.5000000,7.6039858,1.2507566),(8.5000000,7.6433823,1.2377391),(8.5000000,7.6534711,1.2358407),(8.5000000,7.6039858,1.2507566),(8.5000000,7.6534711,1.2358407),(8.5000000,7.6636560,1.2344848),(8.5000000,7.6039858,1.2507566),(8.5000000,7.6636560,1.2344848),(8.5000000,7.6739367,1.2336712),(8.5000000,7.6039858,1.2507566),(8.5000000,7.6739367,1.2336712),(8.5000000,7.6843133,1.2334000),(8.5000000,7.6039858,1.2507566),(8.5000000,7.6843133,1.2334000),(8.5000000,7.6978914,1.2338316),(8.5000000,7.6039858,1.2507566),(8.5000000,7.6978914,1.2338316),(8.5000000,7.7112148,1.2351264),(8.5000000,7.6039858,1.2507566),(8.5000000,7.7112148,1.2351264),(8.5000000,7.7242836,1.2372844),(8.5000000,7.6039858,1.2507566),(8.5000000,7.7242836,1.2372844),(8.5000000,7.7370977,1.2403056),(8.5000000,7.6039858,1.2507566),(8.5000000,7.7370977,1.2403056),(8.5000000,7.7496571,1.2441900),(8.5000000,7.6039858,1.2507566),(8.5000000,7.7496571,1.2441900),(8.5000000,7.7619619,1.2489376),(8.5000000,7.6039858,1.2507566),(8.5000000,7.7619619,1.2489376),(8.5000000,7.7740120,1.2545484),(8.5000000,7.6039858,1.2507566),(8.5000000,7.7740120,1.2545484),(8.5000000,7.7858075,1.2610225),(8.5000000,7.6039858,1.2507566),(8.5000000,7.7858075,1.2610225),(8.5000000,7.7971647,1.2682621),(8.5000000,7.6039858,1.2507566),(8.5000000,7.7971647,1.2682621),(8.5000000,7.8079002,1.2761169),(8.5000000,7.6039858,1.2507566),(8.5000000,7.8079002,1.2761169),(8.5000000,7.8180139,1.2845869),(8.5000000,7.6039858,1.2507566),(8.5000000,7.8180139,1.2845869),(8.5000000,7.8275058,1.2936720),(8.5000000,7.6039858,1.2507566),(8.5000000,7.8275058,1.2936720),(8.5000000,7.8363760,1.3033723),(8.5000000,7.8363760,1.3033723),(8.5000000,7.8446243,1.3136878),(8.5000000,7.8522510,1.3246184),(8.5000000,7.8363760,1.3033723),(8.5000000,7.8522510,1.3246184),(8.5000000,7.8592558,1.3361641),(8.5000000,7.8363760,1.3033723),(8.5000000,7.8592558,1.3361641),(8.5000000,7.8655562,1.3481415),(8.5000000,7.8363760,1.3033723),(8.5000000,7.8655562,1.3481415),(8.5000000,7.8710165,1.3603669),(8.5000000,7.8363760,1.3033723),(8.5000000,7.8710165,1.3603669),(8.5000000,7.8756368,1.3728403),(8.5000000,7.8363760,1.3033723),(8.5000000,7.8756368,1.3728403),(8.5000000,7.8794170,1.3855618),(8.5000000,7.8363760,1.3033723),(8.5000000,7.8794170,1.3855618),(8.5000000,7.8823572,1.3985314),(8.5000000,7.8363760,1.3033723),(8.5000000,7.8823572,1.3985314),(8.5000000,7.8844574,1.4117490),(8.5000000,7.8363760,1.3033723),(8.5000000,7.8844574,1.4117490),(8.5000000,7.8857174,1.4252146),(8.5000000,7.8363760,1.3033723),(8.5000000,7.8857174,1.4252146),(8.5000000,7.8861375,1.4389283),(8.5000000,7.8363760,1.3033723),(8.5000000,7.8861375,1.4389283),(8.5000000,7.8857174,1.4520913),(8.5000000,7.8363760,1.3033723),(8.5000000,7.8857174,1.4520913),(8.5000000,7.8844574,1.4651750),(8.5000000,7.8363760,1.3033723),(8.5000000,7.8844574,1.4651750),(8.5000000,7.8823572,1.4781792),(8.5000000,7.8363760,1.3033723),(8.5000000,7.8823572,1.4781792),(8.5000000,7.8794170,1.4911041),(8.5000000,7.8363760,1.3033723),(8.5000000,7.8794170,1.4911041),(8.5000000,7.8756368,1.5039497),(8.5000000,7.8363760,1.3033723),(8.5000000,7.8756368,1.5039497),(8.5000000,7.8710165,1.5167158),(8.5000000,7.8710165,1.5167158),(8.5000000,7.8318383,1.5025672),(8.5000000,7.8354946,1.4927793),(8.5000000,7.8710165,1.5167158),(8.5000000,7.8354946,1.4927793),(8.5000000,7.8384860,1.4826639),(8.5000000,7.8710165,1.5167158),(8.5000000,7.8384860,1.4826639),(8.5000000,7.8408127,1.4722211),(8.5000000,7.8710165,1.5167158),(8.5000000,7.8408127,1.4722211),(8.5000000,7.8424746,1.4614510),(8.5000000,7.8710165,1.5167158),(8.5000000,7.8424746,1.4614510),(8.5000000,7.8434717,1.4503533),(8.5000000,7.8710165,1.5167158),(8.5000000,7.8434717,1.4503533),(8.5000000,7.8438041,1.4389283),(8.5000000,7.8710165,1.5167158),(8.5000000,7.8438041,1.4389283),(8.5000000,7.8434684,1.4279249),(8.5000000,7.8363760,1.3033723),(8.5000000,7.8710165,1.5167158),(8.5000000,7.8434684,1.4279249),(8.5000000,7.8363760,1.3033723),(8.5000000,7.8434684,1.4279249),(8.5000000,7.8424614,1.4171399),(8.5000000,7.8363760,1.3033723),(8.5000000,7.8424614,1.4171399),(8.5000000,7.8407829,1.4065731),(8.5000000,7.8363760,1.3033723),(8.5000000,7.8407829,1.4065731),(8.5000000,7.8384331,1.3962245),(8.5000000,7.8363760,1.3033723),(8.5000000,7.8384331,1.3962245),(8.5000000,7.8354119,1.3860943),(8.5000000,7.8363760,1.3033723),(8.5000000,7.8354119,1.3860943),(8.5000000,7.8317193,1.3761824),(8.5000000,7.8363760,1.3033723),(8.5000000,7.8317193,1.3761824),(8.5000000,7.8273553,1.3664887),(8.5000000,7.8363760,1.3033723),(8.5000000,7.8273553,1.3664887),(8.5000000,7.8223200,1.3570133),(8.5000000,7.8363760,1.3033723),(8.5000000,7.8223200,1.3570133),(8.5000000,7.8167356,1.3478918),(8.5000000,7.8363760,1.3033723),(8.5000000,7.8167356,1.3478918),(8.5000000,7.8106717,1.3392598),(8.5000000,7.8363760,1.3033723),(8.5000000,7.8106717,1.3392598),(8.5000000,7.8041282,1.3311172),(8.5000000,7.8363760,1.3033723),(8.5000000,7.8041282,1.3311172),(8.5000000,7.7971052,1.3234641),(8.5000000,7.8363760,1.3033723),(8.5000000,7.7971052,1.3234641),(8.5000000,7.7896026,1.3163005),(8.5000000,7.8363760,1.3033723),(8.5000000,7.7896026,1.3163005),(8.5000000,7.7816204,1.3096264),(8.5000000,7.8363760,1.3033723),(8.5000000,7.7816204,1.3096264),(8.5000000,7.7731587,1.3034418),(8.5000000,7.8363760,1.3033723),(8.5000000,7.7731587,1.3034418),(8.5000000,7.7642175,1.2977466),(8.5000000,7.8363760,1.3033723),(8.5000000,7.7642175,1.2977466),(8.5000000,7.7549587,1.2926369),(8.5000000,7.8363760,1.3033723),(8.5000000,7.7549587,1.2926369),(8.5000000,7.7454916,1.2882084),(8.5000000,7.8363760,1.3033723),(8.5000000,7.7454916,1.2882084),(8.5000000,7.7358161,1.2844612),(8.5000000,7.8363760,1.3033723),(8.5000000,7.7358161,1.2844612),(8.5000000,7.7259323,1.2813954),(8.5000000,7.6039858,1.2507566),(8.5000000,7.8363760,1.3033723),(8.5000000,7.7259323,1.2813954),(8.5000000,7.6039858,1.2507566),(8.5000000,7.7259323,1.2813954),(8.5000000,7.7158401,1.2790108),(8.5000000,7.6039858,1.2507566),(8.5000000,7.7158401,1.2790108),(8.5000000,7.7055395,1.2773076),(8.5000000,7.6039858,1.2507566),(8.5000000,7.7055395,1.2773076),(8.5000000,7.6950306,1.2762856),(8.5000000,7.6039858,1.2507566),(8.5000000,7.6950306,1.2762856),(8.5000000,7.6843133,1.2759450),(8.5000000,7.6039858,1.2507566),(8.5000000,7.6843133,1.2759450),(8.5000000,7.6689542,1.2766527),(8.5000000,7.6039858,1.2507566),(8.5000000,7.6689542,1.2766527),(8.5000000,7.6539920,1.2787760),(8.5000000,7.6039858,1.2507566),(8.5000000,7.6539920,1.2787760),(8.5000000,7.6394267,1.2823148),(8.5000000,7.6039858,1.2507566),(8.5000000,7.6394267,1.2823148),(8.5000000,7.6252583,1.2872691),(8.5000000,7.6039858,1.2507566),(8.5000000,7.6252583,1.2872691),(8.5000000,7.7849608,1.5656108),(8.5000000,7.5478941,1.1532841),(8.5000000,7.6039858,1.2507566),(8.5000000,7.7849608,1.5656108),(8.5000000,7.8275174,1.5120277),(8.5000000,7.8318383,1.5025672),(8.5000000,7.8710165,1.5167158),(8.5000000,7.8225316,1.5211608),(8.5000000,7.8275174,1.5120277),(8.5000000,7.8710165,1.5167158),(8.5000000,7.8157385,1.5315589),(8.5000000,7.8225316,1.5211608),(8.5000000,7.8710165,1.5167158),(8.5000000,7.8072123,1.5424333),(8.5000000,7.8157385,1.5315589),(8.5000000,7.8710165,1.5167158),(8.5000000,7.8022993,1.5480491),(8.5000000,7.8072123,1.5424333),(8.5000000,7.8710165,1.5167158),(8.5000000,7.7969530,1.5537839),(8.5000000,7.8022993,1.5480491),(8.5000000,7.8710165,1.5167158),(8.5000000,7.7911735,1.5596378),(8.5000000,7.7969530,1.5537839),(8.5000000,7.8710165,1.5167158),(8.5000000,7.7849608,1.5656108),(8.5000000,7.7911735,1.5596378),(8.5000000,7.8710165,1.5167158),(8.5000000,7.7849608,1.5656108),(8.5000000,7.8710165,1.5167158),(8.5000000,7.8655562,1.5294026),(8.5000000,7.7849608,1.5656108),(8.5000000,7.8655562,1.5294026),(8.5000000,7.8592558,1.5420100),(8.5000000,7.7849608,1.5656108),(8.5000000,7.8592558,1.5420100),(8.5000000,7.8542370,1.5506817),(8.5000000,7.7849608,1.5656108),(8.5000000,7.8542370,1.5506817),(8.5000000,7.8487585,1.5590227),(8.5000000,7.7849608,1.5656108),(8.5000000,7.8487585,1.5590227),(8.5000000,7.8428202,1.5670329),(8.5000000,7.7849608,1.5656108),(8.5000000,7.8428202,1.5670329),(8.5000000,7.8364223,1.5747125),(8.5000000,7.7849608,1.5656108),(8.5000000,7.8364223,1.5747125),(8.5000000,7.8295646,1.5820613),(8.5000000,7.7849608,1.5656108),(8.5000000,7.8295646,1.5820613),(8.5000000,7.8222472,1.5890793),(8.5000000,7.7849608,1.5656108),(8.5000000,7.8222472,1.5890793),(8.5000000,7.8144701,1.5957667),(8.5000000,7.7849608,1.5656108),(8.5000000,7.8144701,1.5957667),(8.5000000,7.8062333,1.6021233),(8.5000000,7.7849608,1.5656108),(8.5000000,7.8062333,1.6021233),(8.5000000,7.8604200,1.6973733),(8.5000000,7.5478941,1.1532841),(8.5000000,7.7849608,1.5656108),(8.5000000,7.8604200,1.6973733),(8.5000000,7.5478941,1.1532841),(8.5000000,7.8604200,1.6973733),(8.5000000,7.8632775,1.7077450),(8.5000000,7.5478941,1.1532841),(8.5000000,7.8632775,1.7077450),(8.5000000,7.8625366,1.7137775),(8.5000000,7.5478941,1.1532841),(8.5000000,7.8625366,1.7137775),(8.5000000,7.8586737,1.7212916),(8.5000000,7.5478941,1.1532841),(8.5000000,7.8586737,1.7212916),(8.5000000,7.8521650,1.7266891),(8.5000000,7.5478941,1.1532841),(8.5000000,7.8521650,1.7266891),(8.5000000,7.8418991,1.7297583),(8.5000000,7.5478941,1.1532841),(8.5000000,7.8418991,1.7297583),(8.5000000,7.8358666,1.7290175),(8.5000000,7.5478941,1.1532841),(8.5000000,7.8358666,1.7290175),(8.5000000,7.8282995,1.7251545),(8.5000000,7.5478941,1.1532841),(8.5000000,7.8282995,1.7251545),(8.5000000,7.8227433,1.7186458),(8.5000000,7.5478941,1.1532841),(8.5000000,7.8227433,1.7186458),(8.5000000,7.7691916,1.6258300),(8.5000000,7.7691916,1.6258300),(8.5000000,7.7591308,1.6302700),(8.5000000,7.7487393,1.6341180),(8.5000000,7.7691916,1.6258300),(8.5000000,7.7487393,1.6341180),(8.5000000,7.7380171,1.6373741),(8.5000000,7.7691916,1.6258300),(8.5000000,7.7380171,1.6373741),(8.5000000,7.7269641,1.6400381),(8.5000000,7.7691916,1.6258300),(8.5000000,7.7269641,1.6400381),(8.5000000,7.7155804,1.6421101),(8.5000000,7.7691916,1.6258300),(8.5000000,7.7155804,1.6421101),(8.5000000,7.7038660,1.6435901),(8.5000000,7.7691916,1.6258300),(8.5000000,7.7038660,1.6435901),(8.5000000,7.6918208,1.6444781),(8.5000000,7.7691916,1.6258300),(8.5000000,7.6918208,1.6444781),(8.5000000,7.6794450,1.6447741),(8.5000000,7.7691916,1.6258300),(8.5000000,7.6794450,1.6447741),(8.5000000,7.6669847,1.6443409),(8.5000000,7.7691916,1.6258300),(8.5000000,7.6669847,1.6443409),(8.5000000,7.6546337,1.6430411),(8.5000000,7.7691916,1.6258300),(8.5000000,7.6546337,1.6430411),(8.5000000,7.6423917,1.6408748),(8.5000000,7.7691916,1.6258300),(8.5000000,7.6423917,1.6408748),(8.5000000,7.6302589,1.6378420),(8.5000000,7.7691916,1.6258300),(8.5000000,7.6302589,1.6378420),(8.5000000,7.6182353,1.6339428),(8.5000000,7.7691916,1.6258300),(8.5000000,7.6182353,1.6339428),(8.5000000,7.6063207,1.6291769),(8.5000000,7.7691916,1.6258300),(8.5000000,7.6063207,1.6291769),(8.5000000,7.5945154,1.6235446),(8.5000000,7.7691916,1.6258300),(8.5000000,7.5945154,1.6235446),(8.5000000,7.5828191,1.6170458),(8.5000000,7.7691916,1.6258300),(8.5000000,7.5828191,1.6170458),(8.5000000,7.5715082,1.6098293),(8.5000000,7.7691916,1.6258300),(8.5000000,7.5715082,1.6098293),(8.5000000,7.5608058,1.6019910),(8.5000000,7.7691916,1.6258300),(8.5000000,7.5608058,1.6019910),(8.5000000,7.5507119,1.5935310),(8.5000000,7.7691916,1.6258300),(8.5000000,7.5507119,1.5935310),(8.5000000,7.5412266,1.5844491),(8.5000000,7.7691916,1.6258300),(8.5000000,7.5412266,1.5844491),(8.5000000,7.5323499,1.5747455),(8.5000000,7.5323499,1.5747455),(8.5000000,7.5240816,1.5644202),(8.5000000,7.5164219,1.5534730),(8.5000000,7.5323499,1.5747455),(8.5000000,7.5164219,1.5534730),(8.5000000,7.5093708,1.5419041),(8.5000000,7.5323499,1.5747455),(8.5000000,7.5093708,1.5419041),(8.5000000,7.5030456,1.5299235),(8.5000000,7.5323499,1.5747455),(8.5000000,7.5030456,1.5299235),(8.5000000,7.4975638,1.5176881),(8.5000000,7.5323499,1.5747455),(8.5000000,7.4975638,1.5176881),(8.5000000,7.4929253,1.5051982),(8.5000000,7.5323499,1.5747455),(8.5000000,7.4929253,1.5051982),(8.5000000,7.4891302,1.4924535),(8.5000000,7.5323499,1.5747455),(8.5000000,7.4891302,1.4924535),(8.5000000,7.4861784,1.4794542),(8.5000000,7.5323499,1.5747455),(8.5000000,7.4861784,1.4794542),(8.5000000,7.4840700,1.4662002),(8.5000000,7.5323499,1.5747455),(8.5000000,7.4840700,1.4662002),(8.5000000,7.4828050,1.4526916),(8.5000000,7.5323499,1.5747455),(8.5000000,7.4828050,1.4526916),(8.5000000,7.4823833,1.4389283),(8.5000000,7.5323499,1.5747455),(8.5000000,7.4823833,1.4389283),(8.5000000,7.4828033,1.4251220),(8.5000000,7.5323499,1.5747455),(8.5000000,7.4828033,1.4251220),(8.5000000,7.4840634,1.4115902),(8.5000000,7.5323499,1.5747455),(8.5000000,7.4840634,1.4115902),(8.5000000,7.4861635,1.3983329),(8.5000000,7.5323499,1.5747455),(8.5000000,7.4861635,1.3983329),(8.5000000,7.4891037,1.3853502),(8.5000000,7.5323499,1.5747455),(8.5000000,7.4891037,1.3853502),(8.5000000,7.4928839,1.3726419),(8.5000000,7.5323499,1.5747455),(8.5000000,7.4928839,1.3726419),(8.5000000,7.4975042,1.3602081),(8.5000000,7.5323499,1.5747455),(8.5000000,7.4975042,1.3602081),(8.5000000,7.5029646,1.3480489),(8.5000000,7.5323499,1.5747455),(8.5000000,7.5029646,1.3480489),(8.5000000,7.5092650,1.3361641),(8.5000000,7.5092650,1.3361641),(8.5000000,7.5460950,1.3570133),(8.5000000,7.5411588,1.3664870),(8.5000000,7.5092650,1.3361641),(8.5000000,7.5411588,1.3664870),(8.5000000,7.5368808,1.3761757),(8.5000000,7.5092650,1.3361641),(8.5000000,7.5368808,1.3761757),(8.5000000,7.5332610,1.3860794),(8.5000000,7.5092650,1.3361641),(8.5000000,7.5332610,1.3860794),(8.5000000,7.5302993,1.3961981),(8.5000000,7.5092650,1.3361641),(8.5000000,7.5302993,1.3961981),(8.5000000,7.5279958,1.4065317),(8.5000000,7.5092650,1.3361641),(8.5000000,7.5279958,1.4065317),(8.5000000,7.5263504,1.4170803),(8.5000000,7.5092650,1.3361641),(8.5000000,7.5263504,1.4170803),(8.5000000,7.5253632,1.4278439),(8.5000000,7.5092650,1.3361641),(8.5000000,7.5253632,1.4278439),(8.5000000,7.5250341,1.4388225),(8.5000000,7.5092650,1.3361641),(8.5000000,7.5250341,1.4388225),(8.5000000,7.5253682,1.4498043),(8.5000000,7.5323499,1.5747455),(8.5000000,7.5092650,1.3361641),(8.5000000,7.5253682,1.4498043),(8.5000000,7.5323499,1.5747455),(8.5000000,7.5253682,1.4498043),(8.5000000,7.5263703,1.4605778),(8.5000000,7.5323499,1.5747455),(8.5000000,7.5263703,1.4605778),(8.5000000,7.5280405,1.4711430),(8.5000000,7.5323499,1.5747455),(8.5000000,7.5280405,1.4711430),(8.5000000,7.5303787,1.4814998),(8.5000000,7.5323499,1.5747455),(8.5000000,7.5303787,1.4814998),(8.5000000,7.5333850,1.4916482),(8.5000000,7.5323499,1.5747455),(8.5000000,7.5333850,1.4916482),(8.5000000,7.5370594,1.5015882),(8.5000000,7.5323499,1.5747455),(8.5000000,7.5370594,1.5015882),(8.5000000,7.5414019,1.5113200),(8.5000000,7.5323499,1.5747455),(8.5000000,7.5414019,1.5113200),(8.5000000,7.5464125,1.5208433),(8.5000000,7.5323499,1.5747455),(8.5000000,7.5464125,1.5208433),(8.5000000,7.5519968,1.5300376),(8.5000000,7.5323499,1.5747455),(8.5000000,7.5519968,1.5300376),(8.5000000,7.5580607,1.5387291),(8.5000000,7.5323499,1.5747455),(8.5000000,7.5580607,1.5387291),(8.5000000,7.5646042,1.5469180),(8.5000000,7.5323499,1.5747455),(8.5000000,7.5646042,1.5469180),(8.5000000,7.5716273,1.5546041),(8.5000000,7.5323499,1.5747455),(8.5000000,7.5716273,1.5546041),(8.5000000,7.5791298,1.5617876),(8.5000000,7.5323499,1.5747455),(8.5000000,7.5791298,1.5617876),(8.5000000,7.5871120,1.5684683),(8.5000000,7.5323499,1.5747455),(8.5000000,7.5871120,1.5684683),(8.5000000,7.5955737,1.5746463),(8.5000000,7.5323499,1.5747455),(8.5000000,7.5955737,1.5746463),(8.5000000,7.6045150,1.5803216),(8.5000000,7.5323499,1.5747455),(8.5000000,7.6045150,1.5803216),(8.5000000,7.6137225,1.5854314),(8.5000000,7.5323499,1.5747455),(8.5000000,7.6137225,1.5854314),(8.5000000,7.6229829,1.5898599),(8.5000000,7.5323499,1.5747455),(8.5000000,7.6229829,1.5898599),(8.5000000,7.6322962,1.5936070),(8.5000000,7.5323499,1.5747455),(8.5000000,7.6322962,1.5936070),(8.5000000,7.6416625,1.5966729),(8.5000000,7.5323499,1.5747455),(8.5000000,7.6416625,1.5966729),(8.5000000,7.6510816,1.5990574),(8.5000000,7.7691916,1.6258300),(8.5000000,7.5323499,1.5747455),(8.5000000,7.6510816,1.5990574),(8.5000000,7.7691916,1.6258300),(8.5000000,7.6510816,1.5990574),(8.5000000,7.6605537,1.6007607),(8.5000000,7.7691916,1.6258300),(8.5000000,7.6605537,1.6007607),(8.5000000,7.6700787,1.6017826),(8.5000000,7.7691916,1.6258300),(8.5000000,7.6700787,1.6017826),(8.5000000,7.6796566,1.6021233),(8.5000000,7.7691916,1.6258300),(8.5000000,7.6796566,1.6021233),(8.5000000,7.6802916,1.6021233),(8.5000000,7.7691916,1.6258300),(8.5000000,7.6802916,1.6021233),(8.5000000,7.6896628,1.6019149),(8.5000000,7.7691916,1.6258300),(8.5000000,7.6896628,1.6019149),(8.5000000,7.6987794,1.6012899),(8.5000000,7.7691916,1.6258300),(8.5000000,7.6987794,1.6012899),(8.5000000,7.7076413,1.6002481),(8.5000000,7.7691916,1.6258300),(8.5000000,7.7076413,1.6002481),(8.5000000,7.7162485,1.5987895),(8.5000000,7.7691916,1.6258300),(8.5000000,7.7162485,1.5987895),(8.5000000,7.7246011,1.5969143),(8.5000000,7.7691916,1.6258300),(8.5000000,7.7246011,1.5969143),(8.5000000,7.7326990,1.5946224),(8.5000000,7.7691916,1.6258300),(8.5000000,7.7326990,1.5946224),(8.5000000,7.7405422,1.5919137),(8.5000000,7.7691916,1.6258300),(8.5000000,7.7405422,1.5919137),(8.5000000,7.7481308,1.5887883),(8.5000000,7.5478941,1.1532841),(8.5000000,7.7691916,1.6258300),(8.5000000,7.7481308,1.5887883),(8.5000000,7.5478941,1.1532841),(8.5000000,7.7481308,1.5887883),(8.5000000,7.5876875,1.3092825),(8.5000000,7.5478941,1.1532841),(8.5000000,7.5876875,1.3092825),(8.5000000,7.5756423,1.3195681),(8.5000000,7.5503333,1.3500862),(8.5000000,7.5460950,1.3570133),(8.5000000,7.5092650,1.3361641),(8.5000000,7.5548461,1.3434336),(8.5000000,7.5503333,1.3500862),(8.5000000,7.5092650,1.3361641),(8.5000000,7.5646952,1.3309518),(8.5000000,7.5548461,1.3434336),(8.5000000,7.5092650,1.3361641),(8.5000000,7.5756423,1.3195681),(8.5000000,7.5646952,1.3309518),(8.5000000,7.5092650,1.3361641),(8.5000000,7.5756423,1.3195681),(8.5000000,7.5092650,1.3361641),(8.5000000,7.5150593,1.3266590),(8.5000000,7.5756423,1.3195681),(8.5000000,7.5150593,1.3266590),(8.5000000,7.5212241,1.3175639),(8.5000000,7.5756423,1.3195681),(8.5000000,7.5212241,1.3175639),(8.5000000,7.5277593,1.3088790),(8.5000000,7.5756423,1.3195681),(8.5000000,7.5277593,1.3088790),(8.5000000,7.5346650,1.3006041),(8.5000000,7.5756423,1.3195681),(8.5000000,7.5346650,1.3006041),(8.5000000,7.5419410,1.2927394),(8.5000000,7.5756423,1.3195681),(8.5000000,7.5419410,1.2927394),(8.5000000,7.5495875,1.2852848),(8.5000000,7.5756423,1.3195681),(8.5000000,7.5495875,1.2852848),(8.5000000,7.5576043,1.2782402),(8.5000000,7.5756423,1.3195681),(8.5000000,7.5576043,1.2782402),(8.5000000,7.5659916,1.2716058),(8.5000000,7.5478941,1.1532841),(8.5000000,7.5756423,1.3195681),(8.5000000,7.5659916,1.2716058),(8.5000000,7.5478941,1.1532841),(8.5000000,7.5659916,1.2716058),(8.5000000,7.5104291,1.1745566),(8.5000000,7.5478941,1.1532841),(8.5000000,7.5104291,1.1745566),(8.5000000,7.5076775,1.1643966),(8.5000000,7.5478941,1.1532841),(8.5000000,7.5076775,1.1643966),(8.5000000,7.5083125,1.1583641),(8.5000000,7.5478941,1.1532841),(8.5000000,7.5083125,1.1583641),(8.5000000,7.5122283,1.1506648),(8.5000000,7.5478941,1.1532841),(8.5000000,7.5122283,1.1506648),(8.5000000,7.5184725,1.1451350),(8.5000000,7.5478941,1.1532841),(8.5000000,7.5184725,1.1451350),(8.5000000,7.5289500,1.1423833),(8.5000000,7.5478941,1.1532841),(8.5000000,7.5289500,1.1423833),(8.5000000,7.5349825,1.1431241),(8.5000000,7.5478941,1.1532841),(8.5000000,7.5349825,1.1431241),(8.5000000,7.5422320,1.1466695),(8.5000000,8.1441542,1.3441975),(8.5000000,8.1446883,1.3574366),(8.5000000,8.1446883,1.5264525),(8.5000000,8.1441542,1.3441975),(8.5000000,8.1446883,1.5264525),(8.5000000,8.1441575,1.5395146),(8.5000000,8.1441542,1.3441975),(8.5000000,8.1441575,1.5395146),(8.5000000,8.1425650,1.5519781),(8.5000000,8.1441542,1.3441975),(8.5000000,8.1425650,1.5519781),(8.5000000,8.1399109,1.5638430),(8.5000000,8.1441542,1.3441975),(8.5000000,8.1399109,1.5638430),(8.5000000,8.1361952,1.5751093),(8.5000000,8.1441542,1.3441975),(8.5000000,8.1361952,1.5751093),(8.5000000,8.1314178,1.5857770),(8.5000000,8.1441542,1.3441975),(8.5000000,8.1314178,1.5857770),(8.5000000,8.1255788,1.5958461),(8.5000000,8.1441542,1.3441975),(8.5000000,8.1255788,1.5958461),(8.5000000,8.1186781,1.6053165),(8.5000000,8.1441542,1.3441975),(8.5000000,8.1186781,1.6053165),(8.5000000,8.1107158,1.6141883),(8.5000000,8.1441542,1.3441975),(8.5000000,8.1107158,1.6141883),(8.5000000,8.1030478,1.6213569),(8.5000000,8.1441542,1.3441975),(8.5000000,8.1030478,1.6213569),(8.5000000,8.0950723,1.6275696),(8.5000000,8.1441542,1.3441975),(8.5000000,8.0950723,1.6275696),(8.5000000,8.0867892,1.6328265),(8.5000000,8.0867892,1.6328265),(8.5000000,8.0781985,1.6371277),(8.5000000,8.0693002,1.6404730),(8.5000000,8.0867892,1.6328265),(8.5000000,8.0693002,1.6404730),(8.5000000,8.0600944,1.6428625),(8.5000000,8.0867892,1.6328265),(8.5000000,8.0600944,1.6428625),(8.5000000,8.0505810,1.6442962),(8.5000000,8.0867892,1.6328265),(8.5000000,8.0505810,1.6442962),(8.5000000,8.0407600,1.6447741),(8.5000000,8.0867892,1.6328265),(8.5000000,8.0407600,1.6447741),(8.5000000,8.0310514,1.6442962),(8.5000000,8.0867892,1.6328265),(8.5000000,8.0310514,1.6442962),(8.5000000,8.0216107,1.6428625),(8.5000000,8.0867892,1.6328265),(8.5000000,8.0216107,1.6428625),(8.5000000,8.0124380,1.6404730),(8.5000000,8.0867892,1.6328265),(8.5000000,8.0124380,1.6404730),(8.5000000,8.0035331,1.6371277),(8.5000000,8.0867892,1.6328265),(8.5000000,8.0035331,1.6371277),(8.5000000,7.9948961,1.6328265),(8.5000000,8.0867892,1.6328265),(8.5000000,7.9948961,1.6328265),(8.5000000,7.9865270,1.6275696),(8.5000000,8.0867892,1.6328265),(8.5000000,7.9865270,1.6275696),(8.5000000,7.9784258,1.6213569),(8.5000000,8.0867892,1.6328265),(8.5000000,7.9784258,1.6213569),(8.5000000,7.9705925,1.6141883),(8.5000000,8.0867892,1.6328265),(8.5000000,7.9705925,1.6141883),(8.5000000,7.9626302,1.6054901),(8.5000000,8.0867892,1.6328265),(8.5000000,7.9626302,1.6054901),(8.5000000,7.9557295,1.5961702),(8.5000000,8.0867892,1.6328265),(8.5000000,7.9557295,1.5961702),(8.5000000,7.9498905,1.5862285),(8.5000000,8.0867892,1.6328265),(8.5000000,7.9498905,1.5862285),(8.5000000,7.9451131,1.5756650),(8.5000000,8.0867892,1.6328265),(8.5000000,7.9451131,1.5756650),(8.5000000,7.9413973,1.5644797),(8.5000000,7.9413973,1.5644797),(8.5000000,7.9387432,1.5526727),(8.5000000,7.9371508,1.5402439),(8.5000000,7.9413973,1.5644797),(8.5000000,7.9371508,1.5402439),(8.5000000,7.9366200,1.5271933),(8.5000000,7.9413973,1.5644797),(8.5000000,7.9366200,1.5271933),(8.5000000,7.9366200,1.5264525),(8.5000000,7.9413973,1.5644797),(8.5000000,7.9366200,1.5264525),(8.5000000,7.9366200,1.3570133),(8.5000000,7.9413973,1.5644797),(8.5000000,7.9366200,1.3570133),(8.5000000,7.9371508,1.3438817),(8.5000000,7.9413973,1.5644797),(8.5000000,7.9371508,1.3438817),(8.5000000,7.9387432,1.3313686),(8.5000000,7.9413973,1.5644797),(8.5000000,7.9387432,1.3313686),(8.5000000,7.9413973,1.3194739),(8.5000000,7.9413973,1.5644797),(8.5000000,7.9413973,1.3194739),(8.5000000,7.9451131,1.3081977),(8.5000000,7.9413973,1.5644797),(8.5000000,7.9451131,1.3081977),(8.5000000,7.9498905,1.2975399),(8.5000000,7.9413973,1.5644797),(8.5000000,7.9498905,1.2975399),(8.5000000,7.9557295,1.2875006),(8.5000000,7.9413973,1.5644797),(8.5000000,7.9557295,1.2875006),(8.5000000,7.9626302,1.2780798),(8.5000000,7.9413973,1.5644797),(8.5000000,7.9626302,1.2780798),(8.5000000,7.9705925,1.2692775),(8.5000000,7.9705925,1.2692775),(8.5000000,8.0009666,1.2989108),(8.5000000,7.9915673,1.3105458),(8.5000000,7.9705925,1.2692775),(8.5000000,7.9915673,1.3105458),(8.5000000,7.9848535,1.3241785),(8.5000000,7.9705925,1.2692775),(8.5000000,7.9848535,1.3241785),(8.5000000,7.9808252,1.3398088),(8.5000000,7.9413973,1.5644797),(8.5000000,7.9705925,1.2692775),(8.5000000,7.9808252,1.3398088),(8.5000000,7.9413973,1.5644797),(8.5000000,7.9808252,1.3398088),(8.5000000,7.9798182,1.3483730),(8.5000000,7.9413973,1.5644797),(8.5000000,7.9798182,1.3483730),(8.5000000,7.9794825,1.3574366),(8.5000000,7.9413973,1.5644797),(8.5000000,7.9794825,1.3574366),(8.5000000,7.9794825,1.5271933),(8.5000000,7.9413973,1.5644797),(8.5000000,7.9794825,1.5271933),(8.5000000,7.9798148,1.5360238),(8.5000000,7.9413973,1.5644797),(8.5000000,7.9798148,1.5360238),(8.5000000,7.9808120,1.5443648),(8.5000000,7.9413973,1.5644797),(8.5000000,7.9808120,1.5443648),(8.5000000,7.9824739,1.5522163),(8.5000000,7.9413973,1.5644797),(8.5000000,7.9824739,1.5522163),(8.5000000,7.9848006,1.5595783),(8.5000000,7.9413973,1.5644797),(8.5000000,7.9848006,1.5595783),(8.5000000,7.9914482,1.5728339),(8.5000000,7.9413973,1.5644797),(8.5000000,7.9914482,1.5728339),(8.5000000,8.0007550,1.5841316),(8.5000000,7.9413973,1.5644797),(8.5000000,8.0007550,1.5841316),(8.5000000,8.0102800,1.5920030),(8.5000000,7.9413973,1.5644797),(8.5000000,8.0102800,1.5920030),(8.5000000,8.0201225,1.5976254),(8.5000000,8.0867892,1.6328265),(8.5000000,7.9413973,1.5644797),(8.5000000,8.0201225,1.5976254),(8.5000000,8.0867892,1.6328265),(8.5000000,8.0201225,1.5976254),(8.5000000,8.0302825,1.6009988),(8.5000000,8.0867892,1.6328265),(8.5000000,8.0302825,1.6009988),(8.5000000,8.0407600,1.6021233),(8.5000000,8.0867892,1.6328265),(8.5000000,8.0407600,1.6021233),(8.5000000,8.0516674,1.6009988),(8.5000000,8.0867892,1.6328265),(8.5000000,8.0516674,1.6009988),(8.5000000,8.0619531,1.5976254),(8.5000000,8.0867892,1.6328265),(8.5000000,8.0619531,1.5976254),(8.5000000,8.0716170,1.5920030),(8.5000000,8.0867892,1.6328265),(8.5000000,8.0716170,1.5920030),(8.5000000,8.0806591,1.5841316),(8.5000000,8.0867892,1.6328265),(8.5000000,8.0806591,1.5841316),(8.5000000,8.0899658,1.5722717),(8.5000000,8.0867892,1.6328265),(8.5000000,8.0899658,1.5722717),(8.5000000,8.0966135,1.5587052),(8.5000000,8.0867892,1.6328265),(8.5000000,8.0966135,1.5587052),(8.5000000,8.1006021,1.5434321),(8.5000000,8.1441542,1.3441975),(8.5000000,8.0867892,1.6328265),(8.5000000,8.1006021,1.5434321),(8.5000000,8.1441542,1.3441975),(8.5000000,8.1006021,1.5434321),(8.5000000,8.1015992,1.5351556),(8.5000000,8.1441542,1.3441975),(8.5000000,8.1015992,1.5351556),(8.5000000,8.1019316,1.5264525),(8.5000000,8.1441542,1.3441975),(8.5000000,8.1019316,1.5264525),(8.5000000,8.1019316,1.3574366),(8.5000000,8.1441542,1.3441975),(8.5000000,8.1019316,1.3574366),(8.5000000,8.1015992,1.3484722),(8.5000000,8.1441542,1.3441975),(8.5000000,8.1015992,1.3484722),(8.5000000,8.1006021,1.3399940),(8.5000000,8.1441542,1.3441975),(8.5000000,8.1006021,1.3399940),(8.5000000,8.0989402,1.3320019),(8.5000000,8.1441542,1.3441975),(8.5000000,8.0989402,1.3320019),(8.5000000,8.0966135,1.3244960),(8.5000000,8.1441542,1.3441975),(8.5000000,8.0966135,1.3244960),(8.5000000,8.0899658,1.3109427),(8.5000000,8.1441542,1.3441975),(8.5000000,8.0899658,1.3109427),(8.5000000,8.0806591,1.2993341),(8.5000000,8.1441542,1.3441975),(8.5000000,8.0806591,1.2993341),(8.5000000,8.0715376,1.2915554),(8.5000000,8.0101212,1.2913173),(8.5000000,8.0009666,1.2989108),(8.5000000,7.9705925,1.2692775),(8.5000000,8.0198050,1.2858933),(8.5000000,8.0101212,1.2913173),(8.5000000,7.9705925,1.2692775),(8.5000000,8.0300179,1.2826389),(8.5000000,8.0198050,1.2858933),(8.5000000,7.9705925,1.2692775),(8.5000000,8.0407600,1.2815541),(8.5000000,8.0300179,1.2826389),(8.5000000,7.9705925,1.2692775),(8.5000000,8.0515880,1.2826654),(8.5000000,8.0407600,1.2815541),(8.5000000,7.9705925,1.2692775),(8.5000000,8.0515880,1.2826654),(8.5000000,7.9705925,1.2692775),(8.5000000,7.9782803,1.2622081),(8.5000000,8.0515880,1.2826654),(8.5000000,7.9782803,1.2622081),(8.5000000,7.9862624,1.2560814),(8.5000000,8.0618473,1.2859991),(8.5000000,8.0515880,1.2826654),(8.5000000,7.9862624,1.2560814),(8.5000000,8.0618473,1.2859991),(8.5000000,7.9862624,1.2560814),(8.5000000,7.9945389,1.2508972),(8.5000000,8.0618473,1.2859991),(8.5000000,7.9945389,1.2508972),(8.5000000,8.0031098,1.2466556),(8.5000000,8.0715376,1.2915554),(8.5000000,8.0618473,1.2859991),(8.5000000,8.0031098,1.2466556),(8.5000000,8.0715376,1.2915554),(8.5000000,8.0031098,1.2466556),(8.5000000,8.0119750,1.2433566),(8.5000000,8.1441542,1.3441975),(8.5000000,8.0715376,1.2915554),(8.5000000,8.0119750,1.2433566),(8.5000000,8.1441542,1.3441975),(8.5000000,8.0119750,1.2433566),(8.5000000,8.0211345,1.2410001),(8.5000000,8.1441542,1.3441975),(8.5000000,8.0211345,1.2410001),(8.5000000,8.0305884,1.2395863),(8.5000000,8.1441542,1.3441975),(8.5000000,8.0305884,1.2395863),(8.5000000,8.0403366,1.2391150),(8.5000000,8.1441542,1.3441975),(8.5000000,8.0403366,1.2391150),(8.5000000,8.0502535,1.2395780),(8.5000000,8.1441542,1.3441975),(8.5000000,8.0502535,1.2395780),(8.5000000,8.0598430,1.2409670),(8.5000000,8.1441542,1.3441975),(8.5000000,8.0598430,1.2409670),(8.5000000,8.0691051,1.2432822),(8.5000000,8.1441542,1.3441975),(8.5000000,8.0691051,1.2432822),(8.5000000,8.0780398,1.2465233),(8.5000000,8.1441542,1.3441975),(8.5000000,8.0780398,1.2465233),(8.5000000,8.0866470,1.2506905),(8.5000000,8.1441542,1.3441975),(8.5000000,8.0866470,1.2506905),(8.5000000,8.0949268,1.2557837),(8.5000000,8.1441542,1.3441975),(8.5000000,8.0949268,1.2557837),(8.5000000,8.1028792,1.2618030),(8.5000000,8.1441542,1.3441975),(8.5000000,8.1028792,1.2618030),(8.5000000,8.1105041,1.2687483),(8.5000000,8.1441542,1.3441975),(8.5000000,8.1105041,1.2687483),(8.5000000,8.1185160,1.2776813),(8.5000000,8.1441542,1.3441975),(8.5000000,8.1185160,1.2776813),(8.5000000,8.1254597,1.2872294),(8.5000000,8.1441542,1.3441975),(8.5000000,8.1254597,1.2872294),(8.5000000,8.1313351,1.2973928),(8.5000000,8.1441542,1.3441975),(8.5000000,8.1313351,1.2973928),(8.5000000,8.1361423,1.3081712),(8.5000000,8.1441542,1.3441975),(8.5000000,8.1361423,1.3081712),(8.5000000,8.1398811,1.3195648),(8.5000000,8.1441542,1.3441975),(8.5000000,8.1398811,1.3195648),(8.5000000,8.1425518,1.3315736),(8.5000000,8.2995225,1.3310841),(8.5000000,8.2997341,1.3262158),(8.5000000,8.3021270,1.3170066),(8.5000000,8.2995225,1.3310841),(8.5000000,8.3021270,1.3170066),(8.5000000,8.3049133,1.3083763),(8.5000000,8.2995225,1.3310841),(8.5000000,8.3049133,1.3083763),(8.5000000,8.3080933,1.3003247),(8.5000000,8.2995225,1.3310841),(8.5000000,8.3080933,1.3003247),(8.5000000,8.3116668,1.2928518),(8.5000000,8.2995225,1.3310841),(8.5000000,8.3116668,1.2928518),(8.5000000,8.3156339,1.2859578),(8.5000000,8.2995225,1.3310841),(8.5000000,8.3156339,1.2859578),(8.5000000,8.3199946,1.2796425),(8.5000000,8.2995225,1.3310841),(8.5000000,8.3199946,1.2796425),(8.5000000,8.3298966,1.2687483),(8.5000000,8.2995225,1.3310841),(8.5000000,8.3298966,1.2687483),(8.5000000,8.3379945,1.2618030),(8.5000000,8.2995225,1.3310841),(8.5000000,8.3379945,1.2618030),(8.5000000,8.3463074,1.2557837),(8.5000000,8.2995225,1.3310841),(8.5000000,8.3463074,1.2557837),(8.5000000,8.3548353,1.2506905),(8.5000000,8.2995225,1.3310841),(8.5000000,8.3548353,1.2506905),(8.5000000,8.3635781,1.2465233),(8.5000000,8.2995225,1.3310841),(8.5000000,8.3635781,1.2465233),(8.5000000,8.3725359,1.2432822),(8.5000000,8.2995225,1.3310841),(8.5000000,8.3725359,1.2432822),(8.5000000,8.3817087,1.2409670),(8.5000000,8.2995225,1.3310841),(8.5000000,8.3817087,1.2409670),(8.5000000,8.3910964,1.2395780),(8.5000000,8.2995225,1.3310841),(8.5000000,8.3910964,1.2395780),(8.5000000,8.4006991,1.2391150),(8.5000000,8.2995225,1.3310841),(8.5000000,8.4006991,1.2391150),(8.5000000,8.4102241,1.2395863),(8.5000000,8.2995225,1.3310841),(8.5000000,8.4102241,1.2395863),(8.5000000,8.4194845,1.2410001),(8.5000000,8.2995225,1.3310841),(8.5000000,8.4194845,1.2410001),(8.5000000,8.4284804,1.2433566),(8.5000000,8.2995225,1.3310841),(8.5000000,8.4284804,1.2433566),(8.5000000,8.4372116,1.2466556),(8.5000000,8.4372116,1.2466556),(8.5000000,8.4456783,1.2508972),(8.5000000,8.4538804,1.2560814),(8.5000000,8.4372116,1.2466556),(8.5000000,8.4538804,1.2560814),(8.5000000,8.4618179,1.2622081),(8.5000000,8.4372116,1.2466556),(8.5000000,8.4618179,1.2622081),(8.5000000,8.4694908,1.2692775),(8.5000000,8.4372116,1.2466556),(8.5000000,8.4694908,1.2692775),(8.5000000,8.4775027,1.2781013),(8.5000000,8.4372116,1.2466556),(8.5000000,8.4775027,1.2781013),(8.5000000,8.4844464,1.2875866),(8.5000000,8.4372116,1.2466556),(8.5000000,8.4844464,1.2875866),(8.5000000,8.4903218,1.2977334),(8.5000000,8.4372116,1.2466556),(8.5000000,8.4903218,1.2977334),(8.5000000,8.4951289,1.3085416),(8.5000000,8.4372116,1.2466556),(8.5000000,8.4951289,1.3085416),(8.5000000,8.4988678,1.3200113),(8.5000000,8.4372116,1.2466556),(8.5000000,8.4988678,1.3200113),(8.5000000,8.5015385,1.3321425),(8.5000000,8.4372116,1.2466556),(8.5000000,8.5015385,1.3321425),(8.5000000,8.5031408,1.3449351),(8.5000000,8.4372116,1.2466556),(8.5000000,8.5031408,1.3449351),(8.5000000,8.5036750,1.3583891),(8.5000000,8.4372116,1.2466556),(8.5000000,8.5036750,1.3583891),(8.5000000,8.5035460,1.3687174),(8.5000000,8.4372116,1.2466556),(8.5000000,8.5035460,1.3687174),(8.5000000,8.5031590,1.3786413),(8.5000000,8.4372116,1.2466556),(8.5000000,8.5031590,1.3786413),(8.5000000,8.5025141,1.3881610),(8.5000000,8.4372116,1.2466556),(8.5000000,8.5025141,1.3881610),(8.5000000,8.5016112,1.3972763),(8.5000000,8.4372116,1.2466556),(8.5000000,8.5016112,1.3972763),(8.5000000,8.5004504,1.4059873),(8.5000000,8.4372116,1.2466556),(8.5000000,8.5004504,1.4059873),(8.5000000,8.4990315,1.4142939),(8.5000000,8.4372116,1.2466556),(8.5000000,8.4990315,1.4142939),(8.5000000,8.4973547,1.4221963),(8.5000000,8.4372116,1.2466556),(8.5000000,8.4973547,1.4221963),(8.5000000,8.4954200,1.4296943),(8.5000000,8.4372116,1.2466556),(8.5000000,8.4954200,1.4296943),(8.5000000,8.4907765,1.4434775),(8.5000000,8.4907765,1.4434775),(8.5000000,8.4851012,1.4556433),(8.5000000,8.4783940,1.4661920),(8.5000000,8.4907765,1.4434775),(8.5000000,8.4783940,1.4661920),(8.5000000,8.4706550,1.4751233),(8.5000000,8.4907765,1.4434775),(8.5000000,8.4706550,1.4751233),(8.5000000,8.4627059,1.4820686),(8.5000000,8.4907765,1.4434775),(8.5000000,8.4627059,1.4820686),(8.5000000,8.4545220,1.4880879),(8.5000000,8.4907765,1.4434775),(8.5000000,8.4545220,1.4880879),(8.5000000,8.4461033,1.4931811),(8.5000000,8.4907765,1.4434775),(8.5000000,8.4461033,1.4931811),(8.5000000,8.4374498,1.4973483),(8.5000000,8.4907765,1.4434775),(8.5000000,8.4374498,1.4973483),(8.5000000,8.4285614,1.5005894),(8.5000000,8.4907765,1.4434775),(8.5000000,8.4285614,1.5005894),(8.5000000,8.4194382,1.5029045),(8.5000000,8.4907765,1.4434775),(8.5000000,8.4194382,1.5029045),(8.5000000,8.4100803,1.5042936),(8.5000000,8.4907765,1.4434775),(8.5000000,8.4100803,1.5042936),(8.5000000,8.4004875,1.5047566),(8.5000000,8.4907765,1.4434775),(8.5000000,8.4004875,1.5047566),(8.5000000,8.3919563,1.5044309),(8.5000000,8.4907765,1.4434775),(8.5000000,8.3919563,1.5044309),(8.5000000,8.3837195,1.5034536),(8.5000000,8.4907765,1.4434775),(8.5000000,8.3837195,1.5034536),(8.5000000,8.3757770,1.5018247),(8.5000000,8.4907765,1.4434775),(8.5000000,8.3757770,1.5018247),(8.5000000,8.3681289,1.4995443),(8.5000000,8.4907765,1.4434775),(8.5000000,8.3681289,1.4995443),(8.5000000,8.3537157,1.4930290),(8.5000000,8.4907765,1.4434775),(8.5000000,8.3537157,1.4930290),(8.5000000,8.3404800,1.4839075),(8.5000000,8.3447133,1.6017000),(8.5000000,8.4722425,1.6017000),(8.5000000,8.4803916,1.6032875),(8.5000000,8.3447133,1.6017000),(8.5000000,8.4803916,1.6032875),(8.5000000,8.4872708,1.6080500),(8.5000000,8.3447133,1.6017000),(8.5000000,8.4872708,1.6080500),(8.5000000,8.4919539,1.6149820),(8.5000000,8.3447133,1.6017000),(8.5000000,8.4919539,1.6149820),(8.5000000,8.4935150,1.6230783),(8.5000000,8.3447133,1.6017000),(8.5000000,8.4935150,1.6230783),(8.5000000,8.4919539,1.6311481),(8.5000000,8.3447133,1.6017000),(8.5000000,8.4919539,1.6311481),(8.5000000,8.4872708,1.6380008),(8.5000000,8.3447133,1.6017000),(8.5000000,8.4872708,1.6380008),(8.5000000,8.4803916,1.6427633),(8.5000000,8.3447133,1.6017000),(8.5000000,8.4803916,1.6427633),(8.5000000,8.4722425,1.6443508),(8.5000000,8.3447133,1.6017000),(8.5000000,8.4722425,1.6443508),(8.5000000,8.3250283,1.6443508),(8.5000000,8.3404800,1.4839075),(8.5000000,8.3447133,1.6017000),(8.5000000,8.3250283,1.6443508),(8.5000000,8.3404800,1.4839075),(8.5000000,8.3250283,1.6443508),(8.5000000,8.3169850,1.6429485),(8.5000000,8.3404800,1.4839075),(8.5000000,8.3169850,1.6429485),(8.5000000,8.3100000,1.6387416),(8.5000000,8.3404800,1.4839075),(8.5000000,8.3100000,1.6387416),(8.5000000,8.3052375,1.6322329),(8.5000000,8.3404800,1.4839075),(8.5000000,8.3052375,1.6322329),(8.5000000,8.3036500,1.6243483),(8.5000000,8.3404800,1.4839075),(8.5000000,8.3036500,1.6243483),(8.5000000,8.2956066,1.4178675),(8.5000000,8.3404800,1.4839075),(8.5000000,8.2956066,1.4178675),(8.5000000,8.2969295,1.4099300),(8.5000000,8.3404800,1.4839075),(8.5000000,8.2969295,1.4099300),(8.5000000,8.3008983,1.4028391),(8.5000000,8.3404800,1.4839075),(8.5000000,8.3008983,1.4028391),(8.5000000,8.3074070,1.3974416),(8.5000000,8.3404800,1.4839075),(8.5000000,8.3074070,1.3974416),(8.5000000,8.3157150,1.3956425),(8.5000000,8.3404800,1.4839075),(8.5000000,8.3157150,1.3956425),(8.5000000,8.3238377,1.3969918),(8.5000000,8.3404800,1.4839075),(8.5000000,8.3238377,1.3969918),(8.5000000,8.3310608,1.4010400),(8.5000000,8.3404800,1.4839075),(8.5000000,8.3310608,1.4010400),(8.5000000,8.3373050,1.4112000),(8.5000000,8.3404800,1.4839075),(8.5000000,8.3373050,1.4112000),(8.5000000,8.3407049,1.4197129),(8.5000000,8.3404800,1.4839075),(8.5000000,8.3407049,1.4197129),(8.5000000,8.3456129,1.4281068),(8.5000000,8.3404800,1.4839075),(8.5000000,8.3456129,1.4281068),(8.5000000,8.3520290,1.4363817),(8.5000000,8.3404800,1.4839075),(8.5000000,8.3520290,1.4363817),(8.5000000,8.3599533,1.4445375),(8.5000000,8.3404800,1.4839075),(8.5000000,8.3599533,1.4445375),(8.5000000,8.3695114,1.4523162),(8.5000000,8.3404800,1.4839075),(8.5000000,8.3695114,1.4523162),(8.5000000,8.3794531,1.4578725),(8.5000000,8.3404800,1.4839075),(8.5000000,8.3794531,1.4578725),(8.5000000,8.3897785,1.4612062),(8.5000000,8.3404800,1.4839075),(8.5000000,8.3897785,1.4612062),(8.5000000,8.4004875,1.4623175),(8.5000000,8.3404800,1.4839075),(8.5000000,8.4004875,1.4623175),(8.5000000,8.4111369,1.4612062),(8.5000000,8.4907765,1.4434775),(8.5000000,8.3404800,1.4839075),(8.5000000,8.4111369,1.4612062),(8.5000000,8.4907765,1.4434775),(8.5000000,8.4111369,1.4612062),(8.5000000,8.4213895,1.4578725),(8.5000000,8.4907765,1.4434775),(8.5000000,8.4213895,1.4578725),(8.5000000,8.4312453,1.4523162),(8.5000000,8.4907765,1.4434775),(8.5000000,8.4312453,1.4523162),(8.5000000,8.4407041,1.4445375),(8.5000000,8.4907765,1.4434775),(8.5000000,8.4407041,1.4445375),(8.5000000,8.4497330,1.4316787),(8.5000000,8.4907765,1.4434775),(8.5000000,8.4497330,1.4316787),(8.5000000,8.4532801,1.4230665),(8.5000000,8.4907765,1.4434775),(8.5000000,8.4532801,1.4230665),(8.5000000,8.4561823,1.4129991),(8.5000000,8.4907765,1.4434775),(8.5000000,8.4561823,1.4129991),(8.5000000,8.4584395,1.4014765),(8.5000000,8.4907765,1.4434775),(8.5000000,8.4584395,1.4014765),(8.5000000,8.4600518,1.3884987),(8.5000000,8.4907765,1.4434775),(8.5000000,8.4600518,1.3884987),(8.5000000,8.4610192,1.3740657),(8.5000000,8.4907765,1.4434775),(8.5000000,8.4610192,1.3740657),(8.5000000,8.4613416,1.3581775),(8.5000000,8.4907765,1.4434775),(8.5000000,8.4613416,1.3581775),(8.5000000,8.4609977,1.3490328),(8.5000000,8.4907765,1.4434775),(8.5000000,8.4609977,1.3490328),(8.5000000,8.4599658,1.3403842),(8.5000000,8.4907765,1.4434775),(8.5000000,8.4599658,1.3403842),(8.5000000,8.4582460,1.3322318),(8.5000000,8.4372116,1.2466556),(8.5000000,8.4907765,1.4434775),(8.5000000,8.4582460,1.3322318),(8.5000000,8.4372116,1.2466556),(8.5000000,8.4582460,1.3322318),(8.5000000,8.4558383,1.3245754),(8.5000000,8.4372116,1.2466556),(8.5000000,8.4558383,1.3245754),(8.5000000,8.4489591,1.3107509),(8.5000000,8.4372116,1.2466556),(8.5000000,8.4489591,1.3107509),(8.5000000,8.4393283,1.2989108),(8.5000000,8.4372116,1.2466556),(8.5000000,8.4393283,1.2989108),(8.5000000,8.4302002,1.2913173),(8.5000000,8.4372116,1.2466556),(8.5000000,8.4302002,1.2913173),(8.5000000,8.4205958,1.2858933),(8.5000000,8.4372116,1.2466556),(8.5000000,8.4205958,1.2858933),(8.5000000,8.4105152,1.2826389),(8.5000000,8.4372116,1.2466556),(8.5000000,8.4105152,1.2826389),(8.5000000,8.3999583,1.2815541),(8.5000000,8.4372116,1.2466556),(8.5000000,8.3999583,1.2815541),(8.5000000,8.3896991,1.2826786),(8.5000000,8.4372116,1.2466556),(8.5000000,8.3896991,1.2826786),(8.5000000,8.3794531,1.2860520),(8.5000000,8.4372116,1.2466556),(8.5000000,8.3794531,1.2860520),(8.5000000,8.3692203,1.2916744),(8.5000000,8.2995225,1.3310841),(8.5000000,8.4372116,1.2466556),(8.5000000,8.3692203,1.2916744),(8.5000000,8.2995225,1.3310841),(8.5000000,8.3692203,1.2916744),(8.5000000,8.3590008,1.2995458),(8.5000000,8.2995225,1.3310841),(8.5000000,8.3590008,1.2995458),(8.5000000,8.3487879,1.3138333),(8.5000000,8.2995225,1.3310841),(8.5000000,8.3487879,1.3138333),(8.5000000,8.3448324,1.3238345),(8.5000000,8.2995225,1.3310841),(8.5000000,8.3448324,1.3238345),(8.5000000,8.3416441,1.3357408),(8.5000000,8.2995225,1.3310841),(8.5000000,8.3416441,1.3357408),(8.5000000,8.3372388,1.3430102),(8.5000000,8.2995225,1.3310841),(8.5000000,8.3372388,1.3430102),(8.5000000,8.3323837,1.3482027),(8.5000000,8.2995225,1.3310841),(8.5000000,8.3323837,1.3482027),(8.5000000,8.3213241,1.3523566),(8.5000000,8.2995225,1.3310841),(8.5000000,8.3213241,1.3523566),(8.5000000,8.3205833,1.3523566),(8.5000000,8.2995225,1.3310841),(8.5000000,8.3205833,1.3523566),(8.5000000,8.3131948,1.3507890),(8.5000000,8.2995225,1.3310841),(8.5000000,8.3131948,1.3507890),(8.5000000,8.3072218,1.3467210),(8.5000000,8.7291000,1.4679266),(8.5000000,8.7338625,1.4727950),(8.5000000,8.7394683,1.4805522),(8.5000000,8.7291000,1.4679266),(8.5000000,8.7394683,1.4805522),(8.5000000,8.7443267,1.4886898),(8.5000000,8.7291000,1.4679266),(8.5000000,8.7443267,1.4886898),(8.5000000,8.7484377,1.4972077),(8.5000000,8.7291000,1.4679266),(8.5000000,8.7484377,1.4972077),(8.5000000,8.7518012,1.5061060),(8.5000000,8.7291000,1.4679266),(8.5000000,8.7518012,1.5061060),(8.5000000,8.7544173,1.5153846),(8.5000000,8.7291000,1.4679266),(8.5000000,8.7544173,1.5153846),(8.5000000,8.7562859,1.5250436),(8.5000000,8.7291000,1.4679266),(8.5000000,8.7562859,1.5250436),(8.5000000,8.7574071,1.5350828),(8.5000000,8.7291000,1.4679266),(8.5000000,8.7574071,1.5350828),(8.5000000,8.7577808,1.5455025),(8.5000000,8.7291000,1.4679266),(8.5000000,8.7577808,1.5455025),(8.5000000,8.7574087,1.5559138),(8.5000000,8.7291000,1.4679266),(8.5000000,8.7574087,1.5559138),(8.5000000,8.7562925,1.5658754),(8.5000000,8.7291000,1.4679266),(8.5000000,8.7562925,1.5658754),(8.5000000,8.7544322,1.5753872),(8.5000000,8.7291000,1.4679266),(8.5000000,8.7544322,1.5753872),(8.5000000,8.7518277,1.5844491),(8.5000000,8.7291000,1.4679266),(8.5000000,8.7518277,1.5844491),(8.5000000,8.7484790,1.5930613),(8.5000000,8.7291000,1.4679266),(8.5000000,8.7484790,1.5930613),(8.5000000,8.7443863,1.6012237),(8.5000000,8.7291000,1.4679266),(8.5000000,8.7443863,1.6012237),(8.5000000,8.7395494,1.6089363),(8.5000000,8.7291000,1.4679266),(8.5000000,8.7395494,1.6089363),(8.5000000,8.7339683,1.6161991),(8.5000000,8.7291000,1.4679266),(8.5000000,8.7339683,1.6161991),(8.5000000,8.7277936,1.6227972),(8.5000000,8.7291000,1.4679266),(8.5000000,8.7277936,1.6227972),(8.5000000,8.7211228,1.6285155),(8.5000000,8.7291000,1.4679266),(8.5000000,8.7211228,1.6285155),(8.5000000,8.7139559,1.6333541),(8.5000000,8.7291000,1.4679266),(8.5000000,8.7139559,1.6333541),(8.5000000,8.7062929,1.6373129),(8.5000000,8.7062929,1.6373129),(8.5000000,8.6981338,1.6403920),(8.5000000,8.6894786,1.6425913),(8.5000000,8.7062929,1.6373129),(8.5000000,8.6894786,1.6425913),(8.5000000,8.6803273,1.6439109),(8.5000000,8.7062929,1.6373129),(8.5000000,8.6803273,1.6439109),(8.5000000,8.6706800,1.6443508),(8.5000000,8.7062929,1.6373129),(8.5000000,8.6706800,1.6443508),(8.5000000,8.6611285,1.6439126),(8.5000000,8.7062929,1.6373129),(8.5000000,8.6611285,1.6439126),(8.5000000,8.6520004,1.6425979),(8.5000000,8.7062929,1.6373129),(8.5000000,8.6520004,1.6425979),(8.5000000,8.6432956,1.6404069),(8.5000000,8.7062929,1.6373129),(8.5000000,8.6432956,1.6404069),(8.5000000,8.6350141,1.6373393),(8.5000000,8.7062929,1.6373129),(8.5000000,8.6350141,1.6373393),(8.5000000,8.6271560,1.6333954),(8.5000000,8.7062929,1.6373129),(8.5000000,8.6271560,1.6333954),(8.5000000,8.6197212,1.6285750),(8.5000000,8.7062929,1.6373129),(8.5000000,8.6197212,1.6285750),(8.5000000,8.6127098,1.6228782),(8.5000000,8.7062929,1.6373129),(8.5000000,8.6127098,1.6228782),(8.5000000,8.6061216,1.6163050),(8.5000000,8.7062929,1.6373129),(8.5000000,8.6061216,1.6163050),(8.5000000,8.6001437,1.6090636),(8.5000000,8.7062929,1.6373129),(8.5000000,8.6001437,1.6090636),(8.5000000,8.5949628,1.6013626),(8.5000000,8.7062929,1.6373129),(8.5000000,8.5949628,1.6013626),(8.5000000,8.5905790,1.5932019),(8.5000000,8.7062929,1.6373129),(8.5000000,8.5905790,1.5932019),(8.5000000,8.5869923,1.5845814),(8.5000000,8.7062929,1.6373129),(8.5000000,8.5869923,1.5845814),(8.5000000,8.5842026,1.5755013),(8.5000000,8.7062929,1.6373129),(8.5000000,8.5842026,1.5755013),(8.5000000,8.5822099,1.5659614),(8.5000000,8.7062929,1.6373129),(8.5000000,8.5822099,1.5659614),(8.5000000,8.5810143,1.5559618),(8.5000000,8.5810143,1.5559618),(8.5000000,8.5806158,1.5455025),(8.5000000,8.5821504,1.5372739),(8.5000000,8.5810143,1.5559618),(8.5000000,8.5821504,1.5372739),(8.5000000,8.5867541,1.5303683),(8.5000000,8.5810143,1.5559618),(8.5000000,8.5867541,1.5303683),(8.5000000,8.5935804,1.5256852),(8.5000000,8.5810143,1.5559618),(8.5000000,8.5935804,1.5256852),(8.5000000,8.6017825,1.5241241),(8.5000000,8.5810143,1.5559618),(8.5000000,8.6017825,1.5241241),(8.5000000,8.6100639,1.5256852),(8.5000000,8.5810143,1.5559618),(8.5000000,8.6100639,1.5256852),(8.5000000,8.6169166,1.5303683),(8.5000000,8.5810143,1.5559618),(8.5000000,8.6169166,1.5303683),(8.5000000,8.6215204,1.5372739),(8.5000000,8.5810143,1.5559618),(8.5000000,8.6215204,1.5372739),(8.5000000,8.6230550,1.5455025),(8.5000000,8.5810143,1.5559618),(8.5000000,8.6230550,1.5455025),(8.5000000,8.6239215,1.5581297),(8.5000000,8.5810143,1.5559618),(8.5000000,8.6239215,1.5581297),(8.5000000,8.6265210,1.5692356),(8.5000000,8.5810143,1.5559618),(8.5000000,8.6265210,1.5692356),(8.5000000,8.6308536,1.5788201),(8.5000000,8.5810143,1.5559618),(8.5000000,8.6308536,1.5788201),(8.5000000,8.6369191,1.5868833),(8.5000000,8.5810143,1.5559618),(8.5000000,8.6369191,1.5868833),(8.5000000,8.6440695,1.5933656),(8.5000000,8.7062929,1.6373129),(8.5000000,8.5810143,1.5559618),(8.5000000,8.6440695,1.5933656),(8.5000000,8.7062929,1.6373129),(8.5000000,8.6440695,1.5933656),(8.5000000,8.6520798,1.5979958),(8.5000000,8.7062929,1.6373129),(8.5000000,8.6520798,1.5979958),(8.5000000,8.6609499,1.6007739),(8.5000000,8.7062929,1.6373129),(8.5000000,8.6609499,1.6007739),(8.5000000,8.6706800,1.6017000),(8.5000000,8.7062929,1.6373129),(8.5000000,8.6706800,1.6017000),(8.5000000,8.6800661,1.6007805),(8.5000000,8.7062929,1.6373129),(8.5000000,8.6800661,1.6007805),(8.5000000,8.6885393,1.5980223),(8.5000000,8.7062929,1.6373129),(8.5000000,8.6885393,1.5980223),(8.5000000,8.6960998,1.5934251),(8.5000000,8.7062929,1.6373129),(8.5000000,8.6960998,1.5934251),(8.5000000,8.7027475,1.5869891),(8.5000000,8.7062929,1.6373129),(8.5000000,8.7027475,1.5869891),(8.5000000,8.7081648,1.5788797),(8.5000000,8.7062929,1.6373129),(8.5000000,8.7081648,1.5788797),(8.5000000,8.7120343,1.5692620),(8.5000000,8.7062929,1.6373129),(8.5000000,8.7120343,1.5692620),(8.5000000,8.7143561,1.5581363),(8.5000000,8.7291000,1.4679266),(8.5000000,8.7062929,1.6373129),(8.5000000,8.7143561,1.5581363),(8.5000000,8.7291000,1.4679266),(8.5000000,8.7143561,1.5581363),(8.5000000,8.7151300,1.5455025),(8.5000000,8.7291000,1.4679266),(8.5000000,8.7151300,1.5455025),(8.5000000,8.7143627,1.5326966),(8.5000000,8.7291000,1.4679266),(8.5000000,8.7143627,1.5326966),(8.5000000,8.7120608,1.5211608),(8.5000000,8.7291000,1.4679266),(8.5000000,8.7120608,1.5211608),(8.5000000,8.7082243,1.5108950),(8.5000000,8.7291000,1.4679266),(8.5000000,8.7082243,1.5108950),(8.5000000,8.7028533,1.5018991),(8.5000000,8.7291000,1.4679266),(8.5000000,8.7028533,1.5018991),(8.5000000,8.6966290,1.4954168),(8.5000000,8.7375402,1.4603066),(8.5000000,8.7291000,1.4679266),(8.5000000,8.6966290,1.4954168),(8.5000000,8.7375402,1.4603066),(8.5000000,8.6966290,1.4954168),(8.5000000,8.6897035,1.4907866),(8.5000000,8.7375402,1.4603066),(8.5000000,8.6897035,1.4907866),(8.5000000,8.6820769,1.4880085),(8.5000000,8.7375402,1.4603066),(8.5000000,8.6820769,1.4880085),(8.5000000,8.6737491,1.4870825),(8.5000000,8.7375402,1.4603066),(8.5000000,8.6737491,1.4870825),(8.5000000,8.6695158,1.4870825),(8.5000000,8.7375402,1.4603066),(8.5000000,8.6695158,1.4870825),(8.5000000,8.6628483,1.4870825),(8.5000000,8.7375402,1.4603066),(8.5000000,8.6628483,1.4870825),(8.5000000,8.6546991,1.4855214),(8.5000000,8.7375402,1.4603066),(8.5000000,8.6546991,1.4855214),(8.5000000,8.6478200,1.4808383),(8.5000000,8.7375402,1.4603066),(8.5000000,8.6478200,1.4808383),(8.5000000,8.6431368,1.4739856),(8.5000000,8.7375402,1.4603066),(8.5000000,8.6431368,1.4739856),(8.5000000,8.6415758,1.4659158),(8.5000000,8.7375402,1.4603066),(8.5000000,8.6415758,1.4659158),(8.5000000,8.6431368,1.4578195),(8.5000000,8.7375402,1.4603066),(8.5000000,8.6431368,1.4578195),(8.5000000,8.6478200,1.4508875),(8.5000000,8.7375402,1.4603066),(8.5000000,8.6478200,1.4508875),(8.5000000,8.6546991,1.4461250),(8.5000000,8.7375402,1.4603066),(8.5000000,8.6546991,1.4461250),(8.5000000,8.6628483,1.4445375),(8.5000000,8.7375402,1.4603066),(8.5000000,8.6628483,1.4445375),(8.5000000,8.6695158,1.4445375),(8.5000000,8.7375402,1.4603066),(8.5000000,8.6695158,1.4445375),(8.5000000,8.6825531,1.4431418),(8.5000000,8.7375402,1.4603066),(8.5000000,8.6825531,1.4431418),(8.5000000,8.6943602,1.4389548),(8.5000000,8.7375402,1.4603066),(8.5000000,8.6943602,1.4389548),(8.5000000,8.7049369,1.4319764),(8.5000000,8.7375402,1.4603066),(8.5000000,8.7049369,1.4319764),(8.5000000,8.7142833,1.4222066),(8.5000000,8.7375402,1.4603066),(8.5000000,8.7142833,1.4222066),(8.5000000,8.7219694,1.4100887),(8.5000000,8.7375402,1.4603066),(8.5000000,8.7219694,1.4100887),(8.5000000,8.7274595,1.3960658),(8.5000000,8.7375402,1.4603066),(8.5000000,8.7274595,1.3960658),(8.5000000,8.7307536,1.3801379),(8.5000000,8.7375402,1.4603066),(8.5000000,8.7307536,1.3801379),(8.5000000,8.7315771,1.3714595),(8.5000000,8.7375402,1.4603066),(8.5000000,8.7315771,1.3714595),(8.5000000,8.7318516,1.3623050),(8.5000000,8.7375402,1.4603066),(8.5000000,8.7318516,1.3623050),(8.5000000,8.7315738,1.3532364),(8.5000000,8.6096737,1.3587546),(8.5000000,8.6094025,1.3687608),(8.5000000,8.6078150,1.3769629),(8.5000000,8.6104873,1.3493205),(8.5000000,8.6096737,1.3587546),(8.5000000,8.6078150,1.3769629),(8.5000000,8.6104873,1.3493205),(8.5000000,8.6078150,1.3769629),(8.5000000,8.6030525,1.3837891),(8.5000000,8.6118432,1.3404586),(8.5000000,8.6104873,1.3493205),(8.5000000,8.6030525,1.3837891),(8.5000000,8.6118432,1.3404586),(8.5000000,8.6030525,1.3837891),(8.5000000,8.5961204,1.3883929),(8.5000000,8.6137416,1.3321689),(8.5000000,8.6118432,1.3404586),(8.5000000,8.5961204,1.3883929),(8.5000000,8.6137416,1.3321689),(8.5000000,8.5961204,1.3883929),(8.5000000,8.5878125,1.3899275),(8.5000000,8.6191656,1.3173060),(8.5000000,8.6137416,1.3321689),(8.5000000,8.5878125,1.3899275),(8.5000000,8.6191656,1.3173060),(8.5000000,8.5878125,1.3899275),(8.5000000,8.5795310,1.3883929),(8.5000000,8.6191656,1.3173060),(8.5000000,8.5795310,1.3883929),(8.5000000,8.5726783,1.3837891),(8.5000000,8.6267591,1.3047316),(8.5000000,8.6191656,1.3173060),(8.5000000,8.5726783,1.3837891),(8.5000000,8.6267591,1.3047316),(8.5000000,8.5726783,1.3837891),(8.5000000,8.5680745,1.3769629),(8.5000000,8.6267591,1.3047316),(8.5000000,8.5680745,1.3769629),(8.5000000,8.5665400,1.3687608),(8.5000000,8.6358145,1.2947767),(8.5000000,8.6267591,1.3047316),(8.5000000,8.5665400,1.3687608),(8.5000000,8.6358145,1.2947767),(8.5000000,8.5665400,1.3687608),(8.5000000,8.5669815,1.3550636),(8.5000000,8.6358145,1.2947767),(8.5000000,8.5669815,1.3550636),(8.5000000,8.5683061,1.3419651),(8.5000000,8.6358145,1.2947767),(8.5000000,8.5683061,1.3419651),(8.5000000,8.5705137,1.3294652),(8.5000000,8.6461531,1.2876660),(8.5000000,8.6358145,1.2947767),(8.5000000,8.5705137,1.3294652),(8.5000000,8.6461531,1.2876660),(8.5000000,8.5705137,1.3294652),(8.5000000,8.5736043,1.3175639),(8.5000000,8.6461531,1.2876660),(8.5000000,8.5736043,1.3175639),(8.5000000,8.5775780,1.3062613),(8.5000000,8.6577749,1.2833996),(8.5000000,8.6461531,1.2876660),(8.5000000,8.5775780,1.3062613),(8.5000000,8.6577749,1.2833996),(8.5000000,8.5775780,1.3062613),(8.5000000,8.5824348,1.2955572),(8.5000000,8.6577749,1.2833996),(8.5000000,8.5824348,1.2955572),(8.5000000,8.5881746,1.2854518),(8.5000000,8.6706800,1.2819775),(8.5000000,8.6577749,1.2833996),(8.5000000,8.5881746,1.2854518),(8.5000000,8.6706800,1.2819775),(8.5000000,8.5881746,1.2854518),(8.5000000,8.5947975,1.2759450),(8.5000000,8.6706800,1.2819775),(8.5000000,8.5947975,1.2759450),(8.5000000,8.6020024,1.2673873),(8.5000000,8.6830360,1.2833202),(8.5000000,8.6706800,1.2819775),(8.5000000,8.6020024,1.2673873),(8.5000000,8.6830360,1.2833202),(8.5000000,8.6020024,1.2673873),(8.5000000,8.6098589,1.2599707),(8.5000000,8.6830360,1.2833202),(8.5000000,8.6098589,1.2599707),(8.5000000,8.6183669,1.2536952),(8.5000000,8.6943866,1.2873485),(8.5000000,8.6830360,1.2833202),(8.5000000,8.6183669,1.2536952),(8.5000000,8.6943866,1.2873485),(8.5000000,8.6183669,1.2536952),(8.5000000,8.6275264,1.2485606),(8.5000000,8.6943866,1.2873485),(8.5000000,8.6275264,1.2485606),(8.5000000,8.6373375,1.2445670),(8.5000000,8.7047318,1.2940623),(8.5000000,8.6943866,1.2873485),(8.5000000,8.6373375,1.2445670),(8.5000000,8.7047318,1.2940623),(8.5000000,8.6373375,1.2445670),(8.5000000,8.6478001,1.2417145),(8.5000000,8.7047318,1.2940623),(8.5000000,8.6478001,1.2417145),(8.5000000,8.6589143,1.2400030),(8.5000000,8.7140716,1.3034616),(8.5000000,8.7047318,1.2940623),(8.5000000,8.6589143,1.2400030),(8.5000000,8.7140716,1.3034616),(8.5000000,8.6589143,1.2400030),(8.5000000,8.6706800,1.2394325),(8.5000000,8.7140716,1.3034616),(8.5000000,8.6706800,1.2394325),(8.5000000,8.6819926,1.2399815),(8.5000000,8.7218504,1.3152356),(8.5000000,8.7140716,1.3034616),(8.5000000,8.6819926,1.2399815),(8.5000000,8.7218504,1.3152356),(8.5000000,8.6819926,1.2399815),(8.5000000,8.6927528,1.2416285),(8.5000000,8.7274066,1.3289675),(8.5000000,8.7218504,1.3152356),(8.5000000,8.6927528,1.2416285),(8.5000000,8.7274066,1.3289675),(8.5000000,8.6927528,1.2416285),(8.5000000,8.7029608,1.2443736),(8.5000000,8.7274066,1.3289675),(8.5000000,8.7029608,1.2443736),(8.5000000,8.7126164,1.2482166),(8.5000000,8.7293513,1.3365676),(8.5000000,8.7274066,1.3289675),(8.5000000,8.7126164,1.2482166),(8.5000000,8.7293513,1.3365676),(8.5000000,8.7126164,1.2482166),(8.5000000,8.7217197,1.2531577),(8.5000000,8.7307404,1.3446573),(8.5000000,8.7293513,1.3365676),(8.5000000,8.7217197,1.2531577),(8.5000000,8.7307404,1.3446573),(8.5000000,8.7217197,1.2531577),(8.5000000,8.7302707,1.2591968),(8.5000000,8.7315738,1.3532364),(8.5000000,8.7307404,1.3446573),(8.5000000,8.7302707,1.2591968),(8.5000000,8.7375402,1.4603066),(8.5000000,8.7315738,1.3532364),(8.5000000,8.7302707,1.2591968),(8.5000000,8.7375402,1.4603066),(8.5000000,8.7302707,1.2591968),(8.5000000,8.7382694,1.2663340),(8.5000000,8.7375402,1.4603066),(8.5000000,8.7382694,1.2663340),(8.5000000,8.7457158,1.2745691),(8.5000000,8.7375402,1.4603066),(8.5000000,8.7457158,1.2745691),(8.5000000,8.7524875,1.2836956),(8.5000000,8.7375402,1.4603066),(8.5000000,8.7524875,1.2836956),(8.5000000,8.7583563,1.2933479),(8.5000000,8.7375402,1.4603066),(8.5000000,8.7583563,1.2933479),(8.5000000,8.7633222,1.3035261),(8.5000000,8.7375402,1.4603066),(8.5000000,8.7633222,1.3035261),(8.5000000,8.7673852,1.3142302),(8.5000000,8.7375402,1.4603066),(8.5000000,8.7673852,1.3142302),(8.5000000,8.7705453,1.3254601),(8.5000000,8.7375402,1.4603066),(8.5000000,8.7705453,1.3254601),(8.5000000,8.7728025,1.3372158),(8.5000000,8.7375402,1.4603066),(8.5000000,8.7728025,1.3372158),(8.5000000,8.7741569,1.3494975),(8.5000000,8.7375402,1.4603066),(8.5000000,8.7741569,1.3494975),(8.5000000,8.7746083,1.3623050),(8.5000000,8.7375402,1.4603066),(8.5000000,8.7746083,1.3623050),(8.5000000,8.7741602,1.3752431),(8.5000000,8.7375402,1.4603066),(8.5000000,8.7741602,1.3752431),(8.5000000,8.7728157,1.3876520),(8.5000000,8.7375402,1.4603066),(8.5000000,8.7728157,1.3876520),(8.5000000,8.7705751,1.3995318),(8.5000000,8.7375402,1.4603066),(8.5000000,8.7705751,1.3995318),(8.5000000,8.7674381,1.4108825),(8.5000000,8.7375402,1.4603066),(8.5000000,8.7674381,1.4108825),(8.5000000,8.7634048,1.4217039),(8.5000000,8.7375402,1.4603066),(8.5000000,8.7634048,1.4217039),(8.5000000,8.7584753,1.4319962),(8.5000000,8.7375402,1.4603066),(8.5000000,8.7584753,1.4319962),(8.5000000,8.7526495,1.4417593),(8.5000000,8.7375402,1.4603066),(8.5000000,8.7526495,1.4417593),(8.5000000,8.7459275,1.4509933),(8.5000000,8.1905141,1.2421577),(8.5000000,8.1978166,1.2314950),(8.5000000,8.2084793,1.2241925),(8.5000000,8.1905141,1.2421577),(8.5000000,8.2084793,1.2241925),(8.5000000,8.2209941,1.2217583),(8.5000000,8.1905141,1.2421577),(8.5000000,8.2209941,1.2217583),(8.5000000,8.2334825,1.2241925),(8.5000000,8.1905141,1.2421577),(8.5000000,8.2334825,1.2241925),(8.5000000,8.2440658,1.2314950),(8.5000000,8.1905141,1.2421577),(8.5000000,8.2440658,1.2314950),(8.5000000,8.2513683,1.2421577),(8.5000000,8.1905141,1.2421577),(8.5000000,8.2513683,1.2421577),(8.5000000,8.2538025,1.2546725),(8.5000000,8.1905141,1.2421577),(8.5000000,8.2538025,1.2546725),(8.5000000,8.2513683,1.2671873),(8.5000000,8.1905141,1.2421577),(8.5000000,8.2513683,1.2671873),(8.5000000,8.2440658,1.2778500),(8.5000000,8.1905141,1.2421577),(8.5000000,8.2440658,1.2778500),(8.5000000,8.2334825,1.2851525),(8.5000000,8.1905141,1.2421577),(8.5000000,8.2334825,1.2851525),(8.5000000,8.2209941,1.2875866),(8.5000000,8.1905141,1.2421577),(8.5000000,8.2209941,1.2875866),(8.5000000,8.2084793,1.2851525),(8.5000000,8.1905141,1.2421577),(8.5000000,8.2084793,1.2851525),(8.5000000,8.1978166,1.2778500),(8.5000000,8.1905141,1.2421577),(8.5000000,8.1978166,1.2778500),(8.5000000,8.1905141,1.2671873),(8.5000000,8.1905141,1.2421577),(8.5000000,8.1905141,1.2671873),(8.5000000,8.1880800,1.2546725),(8.5000000,9.8133808,1.4173912),(8.5000000,9.9515991,1.2384270),(8.5000000,9.9588223,1.2322358),(8.5000000,9.8133808,1.4173912),(8.5000000,9.9588223,1.2322358),(8.5000000,9.9680033,1.2301720),(8.5000000,9.8133808,1.4173912),(8.5000000,9.9680033,1.2301720),(8.5000000,9.9812325,1.2347229),(8.5000000,9.8133808,1.4173912),(8.5000000,9.9812325,1.2347229),(8.5000000,9.9876618,1.2420783),(8.5000000,9.8133808,1.4173912),(8.5000000,9.9876618,1.2420783),(8.5000000,9.9898050,1.2516562),(8.5000000,9.8133808,1.4173912),(8.5000000,9.9898050,1.2516562),(8.5000000,9.9853600,1.2648854),(8.5000000,9.8133808,1.4173912),(8.5000000,9.9853600,1.2648854),(8.5000000,9.8677791,1.4173912),(8.5000000,9.8677791,1.4173912),(8.5000000,9.8763516,1.4173912),(8.5000000,9.8882761,1.4179022),(8.5000000,9.8133808,1.4173912),(8.5000000,9.8677791,1.4173912),(8.5000000,9.8882761,1.4179022),(8.5000000,9.7270208,1.4173912),(8.5000000,9.8133808,1.4173912),(8.5000000,9.8882761,1.4179022),(8.5000000,9.7270208,1.4173912),(8.5000000,9.8882761,1.4179022),(8.5000000,9.8996548,1.4194351),(8.5000000,9.7270208,1.4173912),(8.5000000,9.8996548,1.4194351),(8.5000000,9.9104878,1.4219900),(8.5000000,9.7270208,1.4173912),(8.5000000,9.9104878,1.4219900),(8.5000000,9.9207752,1.4255668),(8.5000000,9.7270208,1.4173912),(8.5000000,9.9207752,1.4255668),(8.5000000,9.9305168,1.4301656),(8.5000000,9.7270208,1.4173912),(8.5000000,9.9305168,1.4301656),(8.5000000,9.9397127,1.4357864),(8.5000000,9.7270208,1.4173912),(8.5000000,9.9397127,1.4357864),(8.5000000,9.9483629,1.4424291),(8.5000000,9.7270208,1.4173912),(8.5000000,9.9483629,1.4424291),(8.5000000,9.9564675,1.4500937),(8.5000000,9.7270208,1.4173912),(8.5000000,9.9564675,1.4500937),(8.5000000,9.9641073,1.4590664),(8.5000000,9.7270208,1.4173912),(8.5000000,9.9641073,1.4590664),(8.5000000,9.9707285,1.4683103),(8.5000000,9.7270208,1.4173912),(8.5000000,9.9707285,1.4683103),(8.5000000,9.9763311,1.4778254),(8.5000000,9.9763311,1.4778254),(8.5000000,9.9809150,1.4876116),(8.5000000,9.9413598,1.5025341),(8.5000000,9.9763311,1.4778254),(8.5000000,9.9413598,1.5025341),(8.5000000,9.9349105,1.4907734),(8.5000000,9.9763311,1.4778254),(8.5000000,9.9349105,1.4907734),(8.5000000,9.9258816,1.4801504),(8.5000000,9.9763311,1.4778254),(8.5000000,9.9258816,1.4801504),(8.5000000,9.9148882,1.4713530),(8.5000000,9.9763311,1.4778254),(8.5000000,9.9148882,1.4713530),(8.5000000,9.9029687,1.4650691),(8.5000000,9.9763311,1.4778254),(8.5000000,9.9029687,1.4650691),(8.5000000,9.8901232,1.4612988),(8.5000000,9.7270208,1.4173912),(8.5000000,9.9763311,1.4778254),(8.5000000,9.8901232,1.4612988),(8.5000000,9.7270208,1.4173912),(8.5000000,9.8901232,1.4612988),(8.5000000,9.8763516,1.4600420),(8.5000000,9.7270208,1.4173912),(8.5000000,9.8763516,1.4600420),(8.5000000,9.7270208,1.4600420),(8.5000000,9.9452293,1.5154326),(8.5000000,9.9413598,1.5025341),(8.5000000,9.9809150,1.4876116),(8.5000000,9.9465191,1.5294687),(8.5000000,9.9452293,1.5154326),(8.5000000,9.9809150,1.4876116),(8.5000000,9.9452293,1.5433726),(8.5000000,9.9465191,1.5294687),(8.5000000,9.9809150,1.4876116),(8.5000000,9.9413598,1.5561916),(8.5000000,9.9452293,1.5433726),(8.5000000,9.9809150,1.4876116),(8.5000000,9.9349105,1.5679259),(8.5000000,9.9413598,1.5561916),(8.5000000,9.9809150,1.4876116),(8.5000000,9.9349105,1.5679259),(8.5000000,9.9809150,1.4876116),(8.5000000,9.9844802,1.4976691),(8.5000000,9.9349105,1.5679259),(8.5000000,9.9844802,1.4976691),(8.5000000,9.9870268,1.5079978),(8.5000000,9.9258816,1.5785754),(8.5000000,9.9349105,1.5679259),(8.5000000,9.9870268,1.5079978),(8.5000000,9.9258816,1.5785754),(8.5000000,9.9870268,1.5079978),(8.5000000,9.9885548,1.5185976),(8.5000000,9.9258816,1.5785754),(8.5000000,9.9885548,1.5185976),(8.5000000,9.9890641,1.5294687),(8.5000000,9.9151660,1.5873728),(8.5000000,9.9258816,1.5785754),(8.5000000,9.9890641,1.5294687),(8.5000000,9.9151660,1.5873728),(8.5000000,9.9890641,1.5294687),(8.5000000,9.9885548,1.5407300),(8.5000000,9.9151660,1.5873728),(8.5000000,9.9885548,1.5407300),(8.5000000,9.9870268,1.5516011),(8.5000000,9.9034450,1.5936566),(8.5000000,9.9151660,1.5873728),(8.5000000,9.9870268,1.5516011),(8.5000000,9.9034450,1.5936566),(8.5000000,9.9870268,1.5516011),(8.5000000,9.9844802,1.5620819),(8.5000000,9.9034450,1.5936566),(8.5000000,9.9844802,1.5620819),(8.5000000,9.9809150,1.5721725),(8.5000000,9.8907185,1.5974269),(8.5000000,9.9034450,1.5936566),(8.5000000,9.9809150,1.5721725),(8.5000000,9.8907185,1.5974269),(8.5000000,9.9809150,1.5721725),(8.5000000,9.9763311,1.5818728),(8.5000000,9.8907185,1.5974269),(8.5000000,9.9763311,1.5818728),(8.5000000,9.9707285,1.5911828),(8.5000000,9.8769866,1.5986837),(8.5000000,9.8907185,1.5974269),(8.5000000,9.9707285,1.5911828),(8.5000000,9.8769866,1.5986837),(8.5000000,9.9707285,1.5911828),(8.5000000,9.9641073,1.6001025),(8.5000000,9.7270208,1.5986837),(8.5000000,9.8769866,1.5986837),(8.5000000,9.9641073,1.6001025),(8.5000000,9.7270208,1.5986837),(8.5000000,9.9641073,1.6001025),(8.5000000,9.9564675,1.6086320),(8.5000000,9.7270208,1.5986837),(8.5000000,9.9564675,1.6086320),(8.5000000,9.9477610,1.6164455),(8.5000000,9.7270208,1.5986837),(8.5000000,9.9477610,1.6164455),(8.5000000,9.9386808,1.6232172),(8.5000000,9.7270208,1.5986837),(8.5000000,9.9386808,1.6232172),(8.5000000,9.9292270,1.6289471),(8.5000000,9.7270208,1.5986837),(8.5000000,9.9292270,1.6289471),(8.5000000,9.9193993,1.6336352),(8.5000000,9.7270208,1.5986837),(8.5000000,9.9193993,1.6336352),(8.5000000,9.9091980,1.6372815),(8.5000000,9.7270208,1.5986837),(8.5000000,9.9091980,1.6372815),(8.5000000,9.8986229,1.6398860),(8.5000000,9.7270208,1.5986837),(8.5000000,9.8986229,1.6398860),(8.5000000,9.8876741,1.6414486),(8.5000000,9.7270208,1.5986837),(8.5000000,9.8876741,1.6414486),(8.5000000,9.8763516,1.6419695),(8.5000000,9.7270208,1.5986837),(8.5000000,9.8763516,1.6419695),(8.5000000,9.7057483,1.6419695),(8.5000000,9.7270208,1.4600420),(8.5000000,9.7270208,1.5986837),(8.5000000,9.7057483,1.6419695),(8.5000000,9.7270208,1.4173912),(8.5000000,9.7270208,1.4600420),(8.5000000,9.7057483,1.6419695),(8.5000000,9.7270208,1.4173912),(8.5000000,9.7057483,1.6419695),(8.5000000,9.6971493,1.6403027),(8.5000000,9.7270208,1.4173912),(8.5000000,9.6971493,1.6403027),(8.5000000,9.6899791,1.6353020),(8.5000000,9.7270208,1.4173912),(8.5000000,9.6899791,1.6353020),(8.5000000,9.6857723,1.6278673),(8.5000000,9.7270208,1.4173912),(8.5000000,9.6857723,1.6278673),(8.5000000,9.6843700,1.6199562),(8.5000000,9.7270208,1.4173912),(8.5000000,9.6843700,1.6199562),(8.5000000,9.6843700,1.2572654),(8.5000000,9.7270208,1.4173912),(8.5000000,9.6843700,1.2572654),(8.5000000,9.6866586,1.2489310),(8.5000000,9.7270208,1.4173912),(8.5000000,9.6866586,1.2489310),(8.5000000,9.6909845,1.2429779),(8.5000000,9.7270208,1.4173912),(8.5000000,9.6909845,1.2429779),(8.5000000,9.7057483,1.2382154),(8.5000000,9.7270208,1.4173912),(8.5000000,9.7057483,1.2382154),(8.5000000,9.7131500,1.2394060),(8.5000000,9.7270208,1.4173912),(8.5000000,9.7131500,1.2394060),(8.5000000,9.7191627,1.2429779),(8.5000000,9.7270208,1.4173912),(8.5000000,9.7191627,1.2429779),(8.5000000,9.7270208,1.2572654),(8.5000000,9.5881675,1.4179204),(8.5000000,9.5879558,1.2572654),(8.5000000,9.5895698,1.2490633),(8.5000000,9.5881675,1.4179204),(8.5000000,9.5895698,1.2490633),(8.5000000,9.5944116,1.2422370),(8.5000000,9.5881675,1.4179204),(8.5000000,9.5944116,1.2422370),(8.5000000,9.6012908,1.2376333),(8.5000000,9.5881675,1.4179204),(8.5000000,9.6012908,1.2376333),(8.5000000,9.6090166,1.2360987),(8.5000000,9.5881675,1.4179204),(8.5000000,9.6090166,1.2360987),(8.5000000,9.6172981,1.2376333),(8.5000000,9.5881675,1.4179204),(8.5000000,9.6172981,1.2376333),(8.5000000,9.6241508,1.2422370),(8.5000000,9.5881675,1.4179204),(8.5000000,9.6241508,1.2422370),(8.5000000,9.6287545,1.2490633),(8.5000000,9.5881675,1.4179204),(8.5000000,9.6287545,1.2490633),(8.5000000,9.6302891,1.2572654),(8.5000000,9.5881675,1.4179204),(8.5000000,9.6302891,1.2572654),(8.5000000,9.6302891,1.6199562),(8.5000000,9.5881675,1.4179204),(8.5000000,9.6302891,1.6199562),(8.5000000,9.6287545,1.6281054),(8.5000000,9.5881675,1.4179204),(8.5000000,9.6287545,1.6281054),(8.5000000,9.6241508,1.6349845),(8.5000000,9.5881675,1.4179204),(8.5000000,9.6241508,1.6349845),(8.5000000,9.6174039,1.6397470),(8.5000000,9.5881675,1.4179204),(8.5000000,9.6174039,1.6397470),(8.5000000,9.6094400,1.6413345),(8.5000000,9.5881675,1.4179204),(8.5000000,9.6094400,1.6413345),(8.5000000,9.6012379,1.6396941),(8.5000000,9.5881675,1.4179204),(8.5000000,9.6012379,1.6396941),(8.5000000,9.5942000,1.6347729),(8.5000000,9.5881675,1.4179204),(8.5000000,9.5942000,1.6347729),(8.5000000,9.5895168,1.6283170),(8.5000000,9.5881675,1.4179204),(8.5000000,9.5895168,1.6283170),(8.5000000,9.5879558,1.6199562),(8.5000000,9.5881675,1.4179204),(8.5000000,9.5879558,1.6199562),(8.5000000,9.5879558,1.4600420),(8.5000000,9.3680341,1.4179204),(8.5000000,9.5881675,1.4179204),(8.5000000,9.5879558,1.4600420),(8.5000000,9.3680341,1.4179204),(8.5000000,9.5879558,1.4600420),(8.5000000,9.3686691,1.4600420),(8.5000000,9.3680341,1.4179204),(8.5000000,9.3686691,1.4600420),(8.5000000,9.3686691,1.6199562),(8.5000000,9.3680341,1.4179204),(8.5000000,9.3686691,1.6199562),(8.5000000,9.3670287,1.6281054),(8.5000000,9.3680341,1.4179204),(8.5000000,9.3670287,1.6281054),(8.5000000,9.3621075,1.6349845),(8.5000000,9.3680341,1.4179204),(8.5000000,9.3621075,1.6349845),(8.5000000,9.3551489,1.6397470),(8.5000000,9.3680341,1.4179204),(8.5000000,9.3551489,1.6397470),(8.5000000,9.3473966,1.6413345),(8.5000000,9.3680341,1.4179204),(8.5000000,9.3473966,1.6413345),(8.5000000,9.3391681,1.6397470),(8.5000000,9.3680341,1.4179204),(8.5000000,9.3391681,1.6397470),(8.5000000,9.3320508,1.6349845),(8.5000000,9.3680341,1.4179204),(8.5000000,9.3320508,1.6349845),(8.5000000,9.3272089,1.6281054),(8.5000000,9.3680341,1.4179204),(8.5000000,9.3272089,1.6281054),(8.5000000,9.3255950,1.6199562),(8.5000000,9.3680341,1.4179204),(8.5000000,9.3255950,1.6199562),(8.5000000,9.3255950,1.2572654),(8.5000000,9.3680341,1.4179204),(8.5000000,9.3255950,1.2572654),(8.5000000,9.3271560,1.2490633),(8.5000000,9.3680341,1.4179204),(8.5000000,9.3271560,1.2490633),(8.5000000,9.3318391,1.2422370),(8.5000000,9.3680341,1.4179204),(8.5000000,9.3318391,1.2422370),(8.5000000,9.3387977,1.2376333),(8.5000000,9.3680341,1.4179204),(8.5000000,9.3387977,1.2376333),(8.5000000,9.3469733,1.2360987),(8.5000000,9.3680341,1.4179204),(8.5000000,9.3469733,1.2360987),(8.5000000,9.3547520,1.2376068),(8.5000000,9.3680341,1.4179204),(8.5000000,9.3547520,1.2376068),(8.5000000,9.3620016,1.2421312),(8.5000000,9.3680341,1.4179204),(8.5000000,9.3620016,1.2421312),(8.5000000,9.3665260,1.2486135),(8.5000000,9.3680341,1.4179204),(8.5000000,9.3665260,1.2486135),(8.5000000,9.3680341,1.2572654),(8.5000000,10.0862191,1.3891337),(8.5000000,10.0862191,1.6199562),(8.5000000,10.0846845,1.6281054),(8.5000000,10.0862191,1.3891337),(8.5000000,10.0846845,1.6281054),(8.5000000,10.0800808,1.6349845),(8.5000000,10.0862191,1.3891337),(8.5000000,10.0800808,1.6349845),(8.5000000,10.0733339,1.6397470),(8.5000000,10.0867169,1.3778873),(8.5000000,10.0862191,1.3891337),(8.5000000,10.0733339,1.6397470),(8.5000000,10.0867169,1.3778873),(8.5000000,10.0733339,1.6397470),(8.5000000,10.0653700,1.6413345),(8.5000000,10.0867169,1.3778873),(8.5000000,10.0653700,1.6413345),(8.5000000,10.0570356,1.6396941),(8.5000000,10.0867169,1.3778873),(8.5000000,10.0570356,1.6396941),(8.5000000,10.0496008,1.6347729),(8.5000000,10.0867169,1.3778873),(8.5000000,10.0496008,1.6347729),(8.5000000,10.0450764,1.6283170),(8.5000000,10.0867169,1.3778873),(8.5000000,10.0450764,1.6283170),(8.5000000,10.0435683,1.6199562),(8.5000000,10.0867169,1.3778873),(8.5000000,10.0435683,1.6199562),(8.5000000,10.0435683,1.3891337),(8.5000000,10.0867169,1.3778873),(8.5000000,10.0435683,1.3891337),(8.5000000,10.0442628,1.3736242),(8.5000000,10.0867169,1.3778873),(8.5000000,10.0442628,1.3736242),(8.5000000,10.0463464,1.3586868),(8.5000000,10.0867169,1.3778873),(8.5000000,10.0463464,1.3586868),(8.5000000,10.0498191,1.3443216),(8.5000000,10.0867169,1.3778873),(8.5000000,10.0498191,1.3443216),(8.5000000,10.0546808,1.3305285),(8.5000000,10.0867169,1.3778873),(8.5000000,10.0546808,1.3305285),(8.5000000,10.0609316,1.3173076),(8.5000000,10.0867169,1.3778873),(8.5000000,10.0609316,1.3173076),(8.5000000,10.0685714,1.3046589),(8.5000000,10.0867169,1.3778873),(8.5000000,10.0685714,1.3046589),(8.5000000,10.0776003,1.2925823),(8.5000000,10.0867169,1.3778873),(8.5000000,10.0776003,1.2925823),(8.5000000,10.0880183,1.2810779),(8.5000000,10.0867169,1.3778873),(8.5000000,10.0880183,1.2810779),(8.5000000,10.0992763,1.2705359),(8.5000000,10.0992763,1.2705359),(8.5000000,10.1111429,1.2613995),(8.5000000,10.1236180,1.2536687),(8.5000000,10.0992763,1.2705359),(8.5000000,10.1236180,1.2536687),(8.5000000,10.1367016,1.2473435),(8.5000000,10.0992763,1.2705359),(8.5000000,10.1367016,1.2473435),(8.5000000,10.1503938,1.2424239),(8.5000000,10.0992763,1.2705359),(8.5000000,10.1503938,1.2424239),(8.5000000,10.1646945,1.2389099),(8.5000000,10.0992763,1.2705359),(8.5000000,10.1646945,1.2389099),(8.5000000,10.1796038,1.2368015),(8.5000000,10.0992763,1.2705359),(8.5000000,10.1796038,1.2368015),(8.5000000,10.1951216,1.2360987),(8.5000000,10.0992763,1.2705359),(8.5000000,10.1951216,1.2360987),(8.5000000,10.2106609,1.2368015),(8.5000000,10.0992763,1.2705359),(8.5000000,10.2106609,1.2368015),(8.5000000,10.2256347,1.2389099),(8.5000000,10.0992763,1.2705359),(8.5000000,10.2256347,1.2389099),(8.5000000,10.2400429,1.2424239),(8.5000000,10.0992763,1.2705359),(8.5000000,10.2400429,1.2424239),(8.5000000,10.2538856,1.2473435),(8.5000000,10.0992763,1.2705359),(8.5000000,10.2538856,1.2473435),(8.5000000,10.2671627,1.2536687),(8.5000000,10.0992763,1.2705359),(8.5000000,10.2671627,1.2536687),(8.5000000,10.2798743,1.2613995),(8.5000000,10.0992763,1.2705359),(8.5000000,10.2798743,1.2613995),(8.5000000,10.2920203,1.2705359),(8.5000000,10.0992763,1.2705359),(8.5000000,10.2920203,1.2705359),(8.5000000,10.3036008,1.2810779),(8.5000000,10.3036008,1.2810779),(8.5000000,10.3140684,1.2924483),(8.5000000,10.3231403,1.3044406),(8.5000000,10.3036008,1.2810779),(8.5000000,10.3231403,1.3044406),(8.5000000,10.3308165,1.3170546),(8.5000000,10.3036008,1.2810779),(8.5000000,10.3308165,1.3170546),(8.5000000,10.3370970,1.3302904),(8.5000000,10.3036008,1.2810779),(8.5000000,10.3370970,1.3302904),(8.5000000,10.3419819,1.3441479),(8.5000000,10.3036008,1.2810779),(8.5000000,10.3419819,1.3441479),(8.5000000,10.3454711,1.3586273),(8.5000000,10.3036008,1.2810779),(8.5000000,10.3454711,1.3586273),(8.5000000,10.3475646,1.3737283),(8.5000000,10.3036008,1.2810779),(8.5000000,10.3475646,1.3737283),(8.5000000,10.3482625,1.3894512),(8.5000000,10.3036008,1.2810779),(8.5000000,10.3482625,1.3894512),(8.5000000,10.3482625,1.6199562),(8.5000000,10.3036008,1.2810779),(8.5000000,10.3482625,1.6199562),(8.5000000,10.3467279,1.6281054),(8.5000000,10.3036008,1.2810779),(8.5000000,10.3467279,1.6281054),(8.5000000,10.3421241,1.6349845),(8.5000000,10.3036008,1.2810779),(8.5000000,10.3421241,1.6349845),(8.5000000,10.3352979,1.6397470),(8.5000000,10.3036008,1.2810779),(8.5000000,10.3352979,1.6397470),(8.5000000,10.3270958,1.6413345),(8.5000000,10.3036008,1.2810779),(8.5000000,10.3270958,1.6413345),(8.5000000,10.3188937,1.6397470),(8.5000000,10.3036008,1.2810779),(8.5000000,10.3188937,1.6397470),(8.5000000,10.3120675,1.6349845),(8.5000000,10.3120675,1.6349845),(8.5000000,10.3074637,1.6281054),(8.5000000,10.3059291,1.6199562),(8.5000000,10.3120675,1.6349845),(8.5000000,10.3059291,1.6199562),(8.5000000,10.3059291,1.3894512),(8.5000000,10.3036008,1.2810779),(8.5000000,10.3120675,1.6349845),(8.5000000,10.3059291,1.3894512),(8.5000000,10.3036008,1.2810779),(8.5000000,10.3059291,1.3894512),(8.5000000,10.3054182,1.3782494),(8.5000000,10.3036008,1.2810779),(8.5000000,10.3054182,1.3782494),(8.5000000,10.3038852,1.3674511),(8.5000000,10.3036008,1.2810779),(8.5000000,10.3038852,1.3674511),(8.5000000,10.3013303,1.3570563),(8.5000000,10.3036008,1.2810779),(8.5000000,10.3013303,1.3570563),(8.5000000,10.2977535,1.3470650),(8.5000000,10.3036008,1.2810779),(8.5000000,10.2977535,1.3470650),(8.5000000,10.2931547,1.3374771),(8.5000000,10.3036008,1.2810779),(8.5000000,10.2931547,1.3374771),(8.5000000,10.2875340,1.3282928),(8.5000000,10.3036008,1.2810779),(8.5000000,10.2875340,1.3282928),(8.5000000,10.2808913,1.3195119),(8.5000000,10.3036008,1.2810779),(8.5000000,10.2808913,1.3195119),(8.5000000,10.2732266,1.3111345),(8.5000000,10.3036008,1.2810779),(8.5000000,10.2732266,1.3111345),(8.5000000,10.2650394,1.3034947),(8.5000000,10.3036008,1.2810779),(8.5000000,10.2650394,1.3034947),(8.5000000,10.2564057,1.2968735),(8.5000000,10.3036008,1.2810779),(8.5000000,10.2564057,1.2968735),(8.5000000,10.2473256,1.2912710),(8.5000000,10.3036008,1.2810779),(8.5000000,10.2473256,1.2912710),(8.5000000,10.2377989,1.2866870),(8.5000000,10.3036008,1.2810779),(8.5000000,10.2377989,1.2866870),(8.5000000,10.2278258,1.2831218),(8.5000000,10.3036008,1.2810779),(8.5000000,10.2278258,1.2831218),(8.5000000,10.2174062,1.2805752),(8.5000000,10.3036008,1.2810779),(8.5000000,10.2174062,1.2805752),(8.5000000,10.2065401,1.2790472),(8.5000000,10.0992763,1.2705359),(8.5000000,10.3036008,1.2810779),(8.5000000,10.2065401,1.2790472),(8.5000000,10.0992763,1.2705359),(8.5000000,10.2065401,1.2790472),(8.5000000,10.1952275,1.2785379),(8.5000000,10.0992763,1.2705359),(8.5000000,10.1952275,1.2785379),(8.5000000,10.1841133,1.2790439),(8.5000000,10.0992763,1.2705359),(8.5000000,10.1841133,1.2790439),(8.5000000,10.1734192,1.2805619),(8.5000000,10.0992763,1.2705359),(8.5000000,10.1734192,1.2805619),(8.5000000,10.1631451,1.2830920),(8.5000000,10.0992763,1.2705359),(8.5000000,10.1631451,1.2830920),(8.5000000,10.1532910,1.2866341),(8.5000000,10.0992763,1.2705359),(8.5000000,10.1532910,1.2866341),(8.5000000,10.1438570,1.2911883),(8.5000000,10.0992763,1.2705359),(8.5000000,10.1438570,1.2911883),(8.5000000,10.1348429,1.2967544),(8.5000000,10.0992763,1.2705359),(8.5000000,10.1348429,1.2967544),(8.5000000,10.1262489,1.3033326),(8.5000000,10.0992763,1.2705359),(8.5000000,10.1262489,1.3033326),(8.5000000,10.1180750,1.3109229),(8.5000000,10.0992763,1.2705359),(8.5000000,10.1180750,1.3109229),(8.5000000,10.1106088,1.3192291),(8.5000000,10.0992763,1.2705359),(8.5000000,10.1106088,1.3192291),(8.5000000,10.1041380,1.3279554),(8.5000000,10.0992763,1.2705359),(8.5000000,10.1041380,1.3279554),(8.5000000,10.0986628,1.3371017),(8.5000000,10.0992763,1.2705359),(8.5000000,10.0986628,1.3371017),(8.5000000,10.0941831,1.3466681),(8.5000000,10.0992763,1.2705359),(8.5000000,10.0941831,1.3466681),(8.5000000,10.0906989,1.3566545),(8.5000000,10.0992763,1.2705359),(8.5000000,10.0906989,1.3566545),(8.5000000,10.0882101,1.3670608),(8.5000000,10.0867169,1.3778873),(8.5000000,10.0992763,1.2705359),(8.5000000,10.0882101,1.3670608),(8.5000000,9.2659843,1.6040018),(8.5000000,9.2713025,1.6199562),(8.5000000,9.2697943,1.6279466),(8.5000000,9.2659843,1.6040018),(8.5000000,9.2697943,1.6279466),(8.5000000,9.2652700,1.6347729),(8.5000000,9.2659843,1.6040018),(8.5000000,9.2652700,1.6347729),(8.5000000,9.2584437,1.6396941),(8.5000000,9.2659843,1.6040018),(8.5000000,9.2584437,1.6396941),(8.5000000,9.2500300,1.6413345),(8.5000000,9.2659843,1.6040018),(8.5000000,9.2500300,1.6413345),(8.5000000,8.9879866,1.6413345),(8.5000000,9.2659843,1.6040018),(8.5000000,8.9879866,1.6413345),(8.5000000,8.9786733,1.6392973),(8.5000000,9.2659843,1.6040018),(8.5000000,8.9786733,1.6392973),(8.5000000,8.9712650,1.6331854),(8.5000000,9.2659843,1.6040018),(8.5000000,8.9712650,1.6331854),(8.5000000,8.9666083,1.6199562),(8.5000000,9.2659843,1.6040018),(8.5000000,8.9666083,1.6199562),(8.5000000,8.9666083,1.6183687),(8.5000000,9.2659843,1.6040018),(8.5000000,8.9666083,1.6183687),(8.5000000,8.9726408,1.6054570),(8.5000000,9.2659843,1.6040018),(8.5000000,8.9726408,1.6054570),(8.5000000,8.9797581,1.6003770),(8.5000000,9.2659843,1.6040018),(8.5000000,8.9797581,1.6003770),(8.5000000,8.9879866,1.5986837),(8.5000000,9.2659843,1.6040018),(8.5000000,8.9879866,1.5986837),(8.5000000,9.0979475,1.5986837),(8.5000000,9.0979475,1.5986837),(8.5000000,9.0979475,1.2572654),(8.5000000,9.0994820,1.2490633),(8.5000000,9.0979475,1.5986837),(8.5000000,9.0994820,1.2490633),(8.5000000,9.1040858,1.2422370),(8.5000000,9.0979475,1.5986837),(8.5000000,9.1040858,1.2422370),(8.5000000,9.1109120,1.2376333),(8.5000000,9.0979475,1.5986837),(8.5000000,9.1109120,1.2376333),(8.5000000,9.1191141,1.2360987),(8.5000000,9.0979475,1.5986837),(8.5000000,9.1191141,1.2360987),(8.5000000,9.1273162,1.2376333),(8.5000000,9.0979475,1.5986837),(8.5000000,9.1273162,1.2376333),(8.5000000,9.1341425,1.2422370),(8.5000000,9.0979475,1.5986837),(8.5000000,9.1341425,1.2422370),(8.5000000,9.1387462,1.2490633),(8.5000000,9.0979475,1.5986837),(8.5000000,9.1387462,1.2490633),(8.5000000,9.1402808,1.2572654),(8.5000000,9.0979475,1.5986837),(8.5000000,9.1402808,1.2572654),(8.5000000,9.1402808,1.5986837),(8.5000000,9.2659843,1.6040018),(8.5000000,9.0979475,1.5986837),(8.5000000,9.1402808,1.5986837),(8.5000000,9.2659843,1.6040018),(8.5000000,9.1402808,1.5986837),(8.5000000,9.2500300,1.5986837),(8.5000000,9.2659843,1.6040018),(8.5000000,9.2500300,1.5986837),(8.5000000,9.2593367,1.6000132)));
#462=COMPLEX_TRIANGULATED_SURFACE_SET('surface set',#461,2496,(),(),(),((1,2,3),(4,5,6),(7,8,9),(10,11,12),(13,14,15),(16,17,18),(19,20,21),(22,23,24),(25,26,27),(28,29,30),(31,32,33),(34,35,36),(37,38,39),(40,41,42),(43,44,45),(46,47,48),(49,50,51),(52,53,54),(55,56,57),(58,59,60),(61,62,63),(64,65,66),(67,68,69),(70,71,72),(73,74,75),(76,77,78),(79,80,81),(82,83,84),(85,86,87),(88,89,90),(91,92,93),(94,95,96),(97,98,99),(100,101,102),(103,104,105),(106,107,108),(109,110,111),(112,113,114),(115,116,117),(118,119,120),(121,122,123),(124,125,126),(127,128,129),(130,131,132),(133,134,135),(136,137,138),(139,140,141),(142,143,144),(145,146,147),(148,149,150),(151,152,153),(154,155,156),(157,158,159),(160,161,162),(163,164,165),(166,167,168),(169,170,171),(172,173,174),(175,176,177),(178,179,180),(181,182,183),(184,185,186),(187,188,189),(190,191,192),(193,194,195),(196,197,198),(199,200,201),(202,203,204),(205,206,207),(208,209,210),(211,212,213),(214,215,216),(217,218,219),(220,221,222),(223,224,225),(226,227,228),(229,230,231),(232,233,234),(235,236,237),(238,239,240),(241,242,243),(244,245,246),(247,248,249),(250,251,252),(253,254,255),(256,257,258),(259,260,261),(262,263,264),(265,266,267),(268,269,270),(271,272,273),(274,275,276),(277,278,279),(280,281,282),(283,284,285),(286,287,288),(289,290,291),(292,293,294),(295,296,297),(298,299,300),(301,302,303),(304,305,306),(307,308,309),(310,311,312),(313,314,315),(316,317,318),(319,320,321),(322,323,324),(325,326,327),(328,329,330),(331,332,333),(334,335,336),(337,338,339),(340,341,342),(343,344,345),(346,347,348),(349,350,351),(352,353,354),(355,356,357),(358,359,360),(361,362,363),(364,365,366),(367,368,369),(370,371,372),(373,374,375),(376,377,378),(379,380,381),(382,383,384),(385,386,387),(388,389,390),(391,392,393),(394,395,396),(397,398,399),(400,401,402),(403,404,405),(406,407,408),(409,410,411),(412,413,414),(415,416,417),(418,419,420),(421,422,423),(424,425,426),(427,428,429),(430,431,432),(433,434,435),(436,437,438),(439,440,441),(442,443,444),(445,446,447),(448,449,450),(451,452,453),(454,455,456),(457,458,459),(460,461,462),(463,464,465),(466,467,468),(469,470,471),(472,473,474),(475,476,477),(478,479,480),(481,482,483),(484,485,486),(487,488,489),(490,491,492),(493,494,495),(496,497,498),(499,500,501),(502,503,504),(505,506,507),(508,509,510),(511,512,513),(514,515,516),(517,518,519),(520,521,522),(523,524,525),(526,527,528),(529,530,531),(532,533,534),(535,536,537),(538,539,540),(541,542,543),(544,545,546),(547,548,549),(550,551,552),(553,554,555),(556,557,558),(559,560,561),(562,563,564),(565,566,567),(568,569,570),(571,572,573),(574,575,576),(577,578,579),(580,581,582),(583,584,585),(586,587,588),(589,590,591),(592,593,594),(595,596,597),(598,599,600),(601,602,603),(604,605,606),(607,608,609),(610,611,612),(613,614,615),(616,617,618),(619,620,621),(622,623,624),(625,626,627),(628,629,630),(631,632,633),(634,635,636),(637,638,639),(640,641,642),(643,644,645),(646,647,648),(649,650,651),(652,653,654),(655,656,657),(658,659,660),(661,662,663),(664,665,666),(667,668,669),(670,671,672),(673,674,675),(676,677,678),(679,680,681),(682,683,684),(685,686,687),(688,689,690),(691,692,693),(694,695,696),(697,698,699),(700,701,702),(703,704,705),(706,707,708),(709,710,711),(712,713,714),(715,716,717),(718,719,720),(721,722,723),(724,725,726),(727,728,729),(730,731,732),(733,734,735),(736,737,738),(739,740,741),(742,743,744),(745,746,747),(748,749,750),(751,752,753),(754,755,756),(757,758,759),(760,761,762),(763,764,765),(766,767,768),(769,770,771),(772,773,774),(775,776,777),(778,779,780),(781,782,783),(784,785,786),(787,788,789),(790,791,792),(793,794,795),(796,797,798),(799,800,801),(802,803,804),(805,806,807),(808,809,810),(811,812,813),(814,815,816),(817,818,819),(820,821,822),(823,824,825),(826,827,828),(829,830,831),(832,833,834),(835,836,837),(838,839,840),(841,842,843),(844,845,846),(847,848,849),(850,851,852),(853,854,855),(856,857,858),(859,860,861),(862,863,864),(865,866,867),(868,869,870),(871,872,873),(874,875,876),(877,878,879),(880,881,882),(883,884,885),(886,887,888),(889,890,891),(892,893,894),(895,896,897),(898,899,900),(901,902,903),(904,905,906),(907,908,909),(910,911,912),(913,914,915),(916,917,918),(919,920,921),(922,923,924),(925,926,927),(928,929,930),(931,932,933),(934,935,936),(937,938,939),(940,941,942),(943,944,945),(946,947,948),(949,950,951),(952,953,954),(955,956,957),(958,959,960),(961,962,963),(964,965,966),(967,968,969),(970,971,972),(973,974,975),(976,977,978),(979,980,981),(982,983,984),(985,986,987),(988,989,990),(991,992,993),(994,995,996),(997,998,999),(1000,1001,1002),(1003,1004,1005),(1006,1007,1008),(1009,1010,1011),(1012,1013,1014),(1015,1016,1017),(1018,1019,1020),(1021,1022,1023),(1024,1025,1026),(1027,1028,1029),(1030,1031,1032),(1033,1034,1035),(1036,1037,1038),(1039,1040,1041),(1042,1043,1044),(1045,1046,1047),(1048,1049,1050),(1051,1052,1053),(1054,1055,1056),(1057,1058,1059),(1060,1061,1062),(1063,1064,1065),(1066,1067,1068),(1069,1070,1071),(1072,1073,1074),(1075,1076,1077),(1078,1079,1080),(1081,1082,1083),(1084,1085,1086),(1087,1088,1089),(1090,1091,1092),(1093,1094,1095),(1096,1097,1098),(1099,1100,1101),(1102,1103,1104),(1105,1106,1107),(1108,1109,1110),(1111,1112,1113),(1114,1115,1116),(1117,1118,1119),(1120,1121,1122),(1123,1124,1125),(1126,1127,1128),(1129,1130,1131),(1132,1133,1134),(1135,1136,1137),(1138,1139,1140),(1141,1142,1143),(1144,1145,1146),(1147,1148,1149),(1150,1151,1152),(1153,1154,1155),(1156,1157,1158),(1159,1160,1161),(1162,1163,1164),(1165,1166,1167),(1168,1169,1170),(1171,1172,1173),(1174,1175,1176),(1177,1178,1179),(1180,1181,1182),(1183,1184,1185),(1186,1187,1188),(1189,1190,1191),(1192,1193,1194),(1195,1196,1197),(1198,1199,1200),(1201,1202,1203),(1204,1205,1206),(1207,1208,1209),(1210,1211,1212),(1213,1214,1215),(1216,1217,1218),(1219,1220,1221),(1222,1223,1224),(1225,1226,1227),(1228,1229,1230),(1231,1232,1233),(1234,1235,1236),(1237,1238,1239),(1240,1241,1242),(1243,1244,1245),(1246,1247,1248),(1249,1250,1251),(1252,1253,1254),(1255,1256,1257),(1258,1259,1260),(1261,1262,1263),(1264,1265,1266),(1267,1268,1269),(1270,1271,1272),(1273,1274,1275),(1276,1277,1278),(1279,1280,1281),(1282,1283,1284),(1285,1286,1287),(1288,1289,1290),(1291,1292,1293),(1294,1295,1296),(1297,1298,1299),(1300,1301,1302),(1303,1304,1305),(1306,1307,1308),(1309,1310,1311),(1312,1313,1314),(1315,1316,1317),(1318,1319,1320),(1321,1322,1323),(1324,1325,1326),(1327,1328,1329),(1330,1331,1332),(1333,1334,1335),(1336,1337,1338),(1339,1340,1341),(1342,1343,1344),(1345,1346,1347),(1348,1349,1350),(1351,1352,1353),(1354,1355,1356),(1357,1358,1359),(1360,1361,1362),(1363,1364,1365),(1366,1367,1368),(1369,1370,1371),(1372,1373,1374),(1375,1376,1377),(1378,1379,1380),(1381,1382,1383),(1384,1385,1386),(1387,1388,1389),(1390,1391,1392),(1393,1394,1395),(1396,1397,1398),(1399,1400,1401),(1402,1403,1404),(1405,1406,1407),(1408,1409,1410),(1411,1412,1413),(1414,1415,1416),(1417,1418,1419),(1420,1421,1422),(1423,1424,1425),(1426,1427,1428),(1429,1430,1431),(1432,1433,1434),(1435,1436,1437),(1438,1439,1440),(1441,1442,1443),(1444,1445,1446),(1447,1448,1449),(1450,1451,1452),(1453,1454,1455),(1456,1457,1458),(1459,1460,1461),(1462,1463,1464),(1465,1466,1467),(1468,1469,1470),(1471,1472,1473),(1474,1475,1476),(1477,1478,1479),(1480,1481,1482),(1483,1484,1485),(1486,1487,1488),(1489,1490,1491),(1492,1493,1494),(1495,1496,1497),(1498,1499,1500),(1501,1502,1503),(1504,1505,1506),(1507,1508,1509),(1510,1511,1512),(1513,1514,1515),(1516,1517,1518),(1519,1520,1521),(1522,1523,1524),(1525,1526,1527),(1528,1529,1530),(1531,1532,1533),(1534,1535,1536),(1537,1538,1539),(1540,1541,1542),(1543,1544,1545),(1546,1547,1548),(1549,1550,1551),(1552,1553,1554),(1555,1556,1557),(1558,1559,1560),(1561,1562,1563),(1564,1565,1566),(1567,1568,1569),(1570,1571,1572),(1573,1574,1575),(1576,1577,1578),(1579,1580,1581),(1582,1583,1584),(1585,1586,1587),(1588,1589,1590),(1591,1592,1593),(1594,1595,1596),(1597,1598,1599),(1600,1601,1602),(1603,1604,1605),(1606,1607,1608),(1609,1610,1611),(1612,1613,1614),(1615,1616,1617),(1618,1619,1620),(1621,1622,1623),(1624,1625,1626),(1627,1628,1629),(1630,1631,1632),(1633,1634,1635),(1636,1637,1638),(1639,1640,1641),(1642,1643,1644),(1645,1646,1647),(1648,1649,1650),(1651,1652,1653),(1654,1655,1656),(1657,1658,1659),(1660,1661,1662),(1663,1664,1665),(1666,1667,1668),(1669,1670,1671),(1672,1673,1674),(1675,1676,1677),(1678,1679,1680),(1681,1682,1683),(1684,1685,1686),(1687,1688,1689),(1690,1691,1692),(1693,1694,1695),(1696,1697,1698),(1699,1700,1701),(1702,1703,1704),(1705,1706,1707),(1708,1709,1710),(1711,1712,1713),(1714,1715,1716),(1717,1718,1719),(1720,1721,1722),(1723,1724,1725),(1726,1727,1728),(1729,1730,1731),(1732,1733,1734),(1735,1736,1737),(1738,1739,1740),(1741,1742,1743),(1744,1745,1746),(1747,1748,1749),(1750,1751,1752),(1753,1754,1755),(1756,1757,1758),(1759,1760,1761),(1762,1763,1764),(1765,1766,1767),(1768,1769,1770),(1771,1772,1773),(1774,1775,1776),(1777,1778,1779),(1780,1781,1782),(1783,1784,1785),(1786,1787,1788),(1789,1790,1791),(1792,1793,1794),(1795,1796,1797),(1798,1799,1800),(1801,1802,1803),(1804,1805,1806),(1807,1808,1809),(1810,1811,1812),(1813,1814,1815),(1816,1817,1818),(1819,1820,1821),(1822,1823,1824),(1825,1826,1827),(1828,1829,1830),(1831,1832,1833),(1834,1835,1836),(1837,1838,1839),(1840,1841,1842),(1843,1844,1845),(1846,1847,1848),(1849,1850,1851),(1852,1853,1854),(1855,1856,1857),(1858,1859,1860),(1861,1862,1863),(1864,1865,1866),(1867,1868,1869),(1870,1871,1872),(1873,1874,1875),(1876,1877,1878),(1879,1880,1881),(1882,1883,1884),(1885,1886,1887),(1888,1889,1890),(1891,1892,1893),(1894,1895,1896),(1897,1898,1899),(1900,1901,1902),(1903,1904,1905),(1906,1907,1908),(1909,1910,1911),(1912,1913,1914),(1915,1916,1917),(1918,1919,1920),(1921,1922,1923),(1924,1925,1926),(1927,1928,1929),(1930,1931,1932),(1933,1934,1935),(1936,1937,1938),(1939,1940,1941),(1942,1943,1944),(1945,1946,1947),(1948,1949,1950),(1951,1952,1953),(1954,1955,1956),(1957,1958,1959),(1960,1961,1962),(1963,1964,1965),(1966,1967,1968),(1969,1970,1971),(1972,1973,1974),(1975,1976,1977),(1978,1979,1980),(1981,1982,1983),(1984,1985,1986),(1987,1988,1989),(1990,1991,1992),(1993,1994,1995),(1996,1997,1998),(1999,2000,2001),(2002,2003,2004),(2005,2006,2007),(2008,2009,2010),(2011,2012,2013),(2014,2015,2016),(2017,2018,2019),(2020,2021,2022),(2023,2024,2025),(2026,2027,2028),(2029,2030,2031),(2032,2033,2034),(2035,2036,2037),(2038,2039,2040),(2041,2042,2043),(2044,2045,2046),(2047,2048,2049),(2050,2051,2052),(2053,2054,2055),(2056,2057,2058),(2059,2060,2061),(2062,2063,2064),(2065,2066,2067),(2068,2069,2070),(2071,2072,2073),(2074,2075,2076),(2077,2078,2079),(2080,2081,2082),(2083,2084,2085),(2086,2087,2088),(2089,2090,2091),(2092,2093,2094),(2095,2096,2097),(2098,2099,2100),(2101,2102,2103),(2104,2105,2106),(2107,2108,2109),(2110,2111,2112),(2113,2114,2115),(2116,2117,2118),(2119,2120,2121),(2122,2123,2124),(2125,2126,2127),(2128,2129,2130),(2131,2132,2133),(2134,2135,2136),(2137,2138,2139),(2140,2141,2142),(2143,2144,2145),(2146,2147,2148),(2149,2150,2151),(2152,2153,2154),(2155,2156,2157),(2158,2159,2160),(2161,2162,2163),(2164,2165,2166),(2167,2168,2169),(2170,2171,2172),(2173,2174,2175),(2176,2177,2178),(2179,2180,2181),(2182,2183,2184),(2185,2186,2187),(2188,2189,2190),(2191,2192,2193),(2194,2195,2196),(2197,2198,2199),(2200,2201,2202),(2203,2204,2205),(2206,2207,2208),(2209,2210,2211),(2212,2213,2214),(2215,2216,2217),(2218,2219,2220),(2221,2222,2223),(2224,2225,2226),(2227,2228,2229),(2230,2231,2232),(2233,2234,2235),(2236,2237,2238),(2239,2240,2241),(2242,2243,2244),(2245,2246,2247),(2248,2249,2250),(2251,2252,2253),(2254,2255,2256),(2257,2258,2259),(2260,2261,2262),(2263,2264,2265),(2266,2267,2268),(2269,2270,2271),(2272,2273,2274),(2275,2276,2277),(2278,2279,2280),(2281,2282,2283),(2284,2285,2286),(2287,2288,2289),(2290,2291,2292),(2293,2294,2295),(2296,2297,2298),(2299,2300,2301),(2302,2303,2304),(2305,2306,2307),(2308,2309,2310),(2311,2312,2313),(2314,2315,2316),(2317,2318,2319),(2320,2321,2322),(2323,2324,2325),(2326,2327,2328),(2329,2330,2331),(2332,2333,2334),(2335,2336,2337),(2338,2339,2340),(2341,2342,2343),(2344,2345,2346),(2347,2348,2349),(2350,2351,2352),(2353,2354,2355),(2356,2357,2358),(2359,2360,2361),(2362,2363,2364),(2365,2366,2367),(2368,2369,2370),(2371,2372,2373),(2374,2375,2376),(2377,2378,2379),(2380,2381,2382),(2383,2384,2385),(2386,2387,2388),(2389,2390,2391),(2392,2393,2394),(2395,2396,2397),(2398,2399,2400),(2401,2402,2403),(2404,2405,2406),(2407,2408,2409),(2410,2411,2412),(2413,2414,2415),(2416,2417,2418),(2419,2420,2421),(2422,2423,2424),(2425,2426,2427),(2428,2429,2430),(2431,2432,2433),(2434,2435,2436),(2437,2438,2439),(2440,2441,2442),(2443,2444,2445),(2446,2447,2448),(2449,2450,2451),(2452,2453,2454),(2455,2456,2457),(2458,2459,2460),(2461,2462,2463),(2464,2465,2466),(2467,2468,2469),(2470,2471,2472),(2473,2474,2475),(2476,2477,2478),(2479,2480,2481),(2482,2483,2484),(2485,2486,2487),(2488,2489,2490),(2491,2492,2493),(2494,2495,2496)));
#463=TESSELLATED_GEOMETRIC_SET('hole callout',(#462));
#464=COORDINATES_LIST('coordinates',5,((8.5000000,7.4823833,0.9823833),(8.5000000,10.3482625,0.9823833),(8.5000000,6.1873833,0.1873833),(8.5000000,6.9823833,0.9823833),(8.5000000,7.4823833,0.9823833)));
#465=TESSELLATED_CURVE_SET('curve set',#464,((1,2),(3,4,5)));
#466=TESSELLATED_GEOMETRIC_SET('hole callout',(#465));
#467=TESSELLATED_ANNOTATION_OCCURRENCE('hole callout',(#460),#463);
#468=TESSELLATED_ANNOTATION_OCCURRENCE('hole callout',(#460),#466);
#469=DRAUGHTING_CALLOUT('hole callout',(#467,#468));
#470=DRAUGHTING_MODEL_ITEM_ASSOCIATION('','',#428,#456,#469);
#471=DRAUGHTING_MODEL_ITEM_ASSOCIATION('','',#426,#456,#469);
#472=SHAPE_ASPECT('hole_callout.Fgj1qGYRMn0pRsM_118.JFP.0',$,#416,.T.);
#473=GEOMETRIC_ITEM_SPECIFIC_USAGE('','',#472,#11,#247);
#474=DIMENSIONAL_SIZE(#472,'diameter');
#475=(
LENGTH_UNIT()
NAMED_UNIT(*)
SI_UNIT(.CENTI.,.METRE.)
);
#477=PRECISION_QUALIFIER(3);
#476=(
LENGTH_MEASURE_WITH_UNIT()
MEASURE_REPRESENTATION_ITEM()
MEASURE_WITH_UNIT(POSITIVE_LENGTH_MEASURE(1.5),#475)
QUALIFIED_REPRESENTATION_ITEM((#477))
REPRESENTATION_ITEM('nominal value')
);
#478=COMPOUND_REPRESENTATION_ITEM('modifiers',SET_REPRESENTATION_ITEM((#479)));
#479=DESCRIPTIVE_REPRESENTATION_ITEM('dimensional note','diameter');
#480=SHAPE_DIMENSION_REPRESENTATION('',(#476,#478),#411);
#481=DIMENSIONAL_CHARACTERISTIC_REPRESENTATION(#474,#480);
#482=PRESENTATION_STYLE_ASSIGNMENT((NULL_STYLE(.NULL.)));
#483=CARTESIAN_POINT('',(-0.085,0.06,0.));
#484=DIRECTION('',(-1.,0.,0.));
#485=DIRECTION('',(0.,-1.,0.));
#486=AXIS2_PLACEMENT_3D('',#483,#484,#485);
#487=PLANE('',#486);
#488=ANNOTATION_PLANE('',(#482),#487,(#514));
#489=CARTESIAN_POINT('',(0.,0.,0.));
#490=DIRECTION('',(0.,0.,1.));
#491=DIRECTION('',(1.,0.,0.));
#492=AXIS2_PLACEMENT_3D('',#489,#490,#491);
#493=CARTESIAN_POINT('',(0.,0.,0.));
#494=DIRECTION('',(0.,0.,1.));
#495=DIRECTION('',(1.,0.,0.));
#496=AXIS2_PLACEMENT_3D('',#493,#494,#495);
#497=SHAPE_REPRESENTATION('',(#496,#257),#411);
#498=REPRESENTATION_MAP(#492,#497);
#499=MAPPED_ITEM('',#498,#492);
#500=PRESENTATION_STYLE_ASSIGNMENT((NULL_STYLE(.NULL.)));
#501=STYLED_ITEM('',(#500),#499);
#502=DRAUGHTING_PRE_DEFINED_CURVE_FONT('continuous');
#503=COLOUR_RGB('',0.,0.,0.);
#504=CURVE_STYLE('',#502,POSITIVE_LENGTH_MEASURE(0.02),#503);
#505=PRESENTATION_STYLE_ASSIGNMENT((#504));
#506=COORDINATES_LIST('coordinates',1758,((-8.5000000,5.4696699,0.5303301),(-8.5000000,5.3282486,0.8131728),(-8.5000000,5.1868272,0.6717514),(-8.5000000,2.5980674,3.0487034),(-8.5000000,2.5883622,3.0446355),(-8.5000000,2.5785610,3.0411099),(-8.5000000,2.5980674,3.0487034),(-8.5000000,2.5785610,3.0411099),(-8.5000000,2.5686639,3.0381267),(-8.5000000,2.5980674,3.0487034),(-8.5000000,2.5686639,3.0381267),(-8.5000000,2.5586710,3.0356859),(-8.5000000,2.5980674,3.0487034),(-8.5000000,2.5586710,3.0356859),(-8.5000000,2.5485821,3.0337875),(-8.5000000,2.5980674,3.0487034),(-8.5000000,2.5485821,3.0337875),(-8.5000000,2.5383973,3.0324315),(-8.5000000,2.5980674,3.0487034),(-8.5000000,2.5383973,3.0324315),(-8.5000000,2.5281165,3.0316180),(-8.5000000,2.5980674,3.0487034),(-8.5000000,2.5281165,3.0316180),(-8.5000000,2.5177399,3.0313468),(-8.5000000,2.5980674,3.0487034),(-8.5000000,2.5177399,3.0313468),(-8.5000000,2.5041618,3.0317784),(-8.5000000,2.5980674,3.0487034),(-8.5000000,2.5041618,3.0317784),(-8.5000000,2.4908384,3.0330732),(-8.5000000,2.5980674,3.0487034),(-8.5000000,2.4908384,3.0330732),(-8.5000000,2.4777696,3.0352312),(-8.5000000,2.5980674,3.0487034),(-8.5000000,2.4777696,3.0352312),(-8.5000000,2.4649555,3.0382524),(-8.5000000,2.5980674,3.0487034),(-8.5000000,2.4649555,3.0382524),(-8.5000000,2.4523961,3.0421368),(-8.5000000,2.5980674,3.0487034),(-8.5000000,2.4523961,3.0421368),(-8.5000000,2.4400913,3.0468844),(-8.5000000,2.5980674,3.0487034),(-8.5000000,2.4400913,3.0468844),(-8.5000000,2.4280412,3.0524952),(-8.5000000,2.5980674,3.0487034),(-8.5000000,2.4280412,3.0524952),(-8.5000000,2.4162457,3.0589693),(-8.5000000,2.5980674,3.0487034),(-8.5000000,2.4162457,3.0589693),(-8.5000000,2.4048885,3.0662089),(-8.5000000,2.5980674,3.0487034),(-8.5000000,2.4048885,3.0662089),(-8.5000000,2.3941530,3.0740637),(-8.5000000,2.5980674,3.0487034),(-8.5000000,2.3941530,3.0740637),(-8.5000000,2.3840393,3.0825337),(-8.5000000,2.5980674,3.0487034),(-8.5000000,2.3840393,3.0825337),(-8.5000000,2.3745474,3.0916188),(-8.5000000,2.5980674,3.0487034),(-8.5000000,2.3745474,3.0916188),(-8.5000000,2.3656773,3.1013191),(-8.5000000,2.3656773,3.1013191),(-8.5000000,2.3574289,3.1116346),(-8.5000000,2.3498023,3.1225652),(-8.5000000,2.3656773,3.1013191),(-8.5000000,2.3498023,3.1225652),(-8.5000000,2.3427974,3.1341109),(-8.5000000,2.3656773,3.1013191),(-8.5000000,2.3427974,3.1341109),(-8.5000000,2.3364970,3.1460883),(-8.5000000,2.3656773,3.1013191),(-8.5000000,2.3364970,3.1460883),(-8.5000000,2.3310367,3.1583137),(-8.5000000,2.3656773,3.1013191),(-8.5000000,2.3310367,3.1583137),(-8.5000000,2.3264164,3.1707871),(-8.5000000,2.3656773,3.1013191),(-8.5000000,2.3264164,3.1707871),(-8.5000000,2.3226362,3.1835086),(-8.5000000,2.3656773,3.1013191),(-8.5000000,2.3226362,3.1835086),(-8.5000000,2.3196960,3.1964782),(-8.5000000,2.3656773,3.1013191),(-8.5000000,2.3196960,3.1964782),(-8.5000000,2.3175959,3.2096958),(-8.5000000,2.3656773,3.1013191),(-8.5000000,2.3175959,3.2096958),(-8.5000000,2.3163358,3.2231614),(-8.5000000,2.3656773,3.1013191),(-8.5000000,2.3163358,3.2231614),(-8.5000000,2.3159157,3.2368751),(-8.5000000,2.3656773,3.1013191),(-8.5000000,2.3159157,3.2368751),(-8.5000000,2.3163358,3.2500381),(-8.5000000,2.3656773,3.1013191),(-8.5000000,2.3163358,3.2500381),(-8.5000000,2.3175959,3.2631218),(-8.5000000,2.3656773,3.1013191),(-8.5000000,2.3175959,3.2631218),(-8.5000000,2.3196960,3.2761260),(-8.5000000,2.3656773,3.1013191),(-8.5000000,2.3196960,3.2761260),(-8.5000000,2.3226362,3.2890509),(-8.5000000,2.3656773,3.1013191),(-8.5000000,2.3226362,3.2890509),(-8.5000000,2.3264164,3.3018964),(-8.5000000,2.3656773,3.1013191),(-8.5000000,2.3264164,3.3018964),(-8.5000000,2.3310367,3.3146626),(-8.5000000,2.3310367,3.3146626),(-8.5000000,2.3702149,3.3005140),(-8.5000000,2.3665587,3.2907261),(-8.5000000,2.3310367,3.3146626),(-8.5000000,2.3665587,3.2907261),(-8.5000000,2.3635672,3.2806107),(-8.5000000,2.3310367,3.3146626),(-8.5000000,2.3635672,3.2806107),(-8.5000000,2.3612405,3.2701679),(-8.5000000,2.3310367,3.3146626),(-8.5000000,2.3612405,3.2701679),(-8.5000000,2.3595786,3.2593977),(-8.5000000,2.3310367,3.3146626),(-8.5000000,2.3595786,3.2593977),(-8.5000000,2.3585815,3.2483001),(-8.5000000,2.3310367,3.3146626),(-8.5000000,2.3585815,3.2483001),(-8.5000000,2.3582491,3.2368751),(-8.5000000,2.3310367,3.3146626),(-8.5000000,2.3582491,3.2368751),(-8.5000000,2.3585848,3.2258717),(-8.5000000,2.3656773,3.1013191),(-8.5000000,2.3310367,3.3146626),(-8.5000000,2.3585848,3.2258717),(-8.5000000,2.3656773,3.1013191),(-8.5000000,2.3585848,3.2258717),(-8.5000000,2.3595918,3.2150866),(-8.5000000,2.3656773,3.1013191),(-8.5000000,2.3595918,3.2150866),(-8.5000000,2.3612703,3.2045199),(-8.5000000,2.3656773,3.1013191),(-8.5000000,2.3612703,3.2045199),(-8.5000000,2.3636201,3.1941713),(-8.5000000,2.3656773,3.1013191),(-8.5000000,2.3636201,3.1941713),(-8.5000000,2.3666413,3.1840411),(-8.5000000,2.3656773,3.1013191),(-8.5000000,2.3666413,3.1840411),(-8.5000000,2.3703339,3.1741291),(-8.5000000,2.3656773,3.1013191),(-8.5000000,2.3703339,3.1741291),(-8.5000000,2.3746979,3.1644355),(-8.5000000,2.3656773,3.1013191),(-8.5000000,2.3746979,3.1644355),(-8.5000000,2.3797332,3.1549601),(-8.5000000,2.3656773,3.1013191),(-8.5000000,2.3797332,3.1549601),(-8.5000000,2.3853176,3.1458386),(-8.5000000,2.3656773,3.1013191),(-8.5000000,2.3853176,3.1458386),(-8.5000000,2.3913815,3.1372065),(-8.5000000,2.3656773,3.1013191),(-8.5000000,2.3913815,3.1372065),(-8.5000000,2.3979250,3.1290640),(-8.5000000,2.3656773,3.1013191),(-8.5000000,2.3979250,3.1290640),(-8.5000000,2.4049480,3.1214109),(-8.5000000,2.3656773,3.1013191),(-8.5000000,2.4049480,3.1214109),(-8.5000000,2.4124506,3.1142473),(-8.5000000,2.3656773,3.1013191),(-8.5000000,2.4124506,3.1142473),(-8.5000000,2.4204328,3.1075732),(-8.5000000,2.3656773,3.1013191),(-8.5000000,2.4204328,3.1075732),(-8.5000000,2.4288945,3.1013886),(-8.5000000,2.3656773,3.1013191),(-8.5000000,2.4288945,3.1013886),(-8.5000000,2.4378357,3.0956934),(-8.5000000,2.3656773,3.1013191),(-8.5000000,2.4378357,3.0956934),(-8.5000000,2.4470945,3.0905837),(-8.5000000,2.3656773,3.1013191),(-8.5000000,2.4470945,3.0905837),(-8.5000000,2.4565616,3.0861552),(-8.5000000,2.3656773,3.1013191),(-8.5000000,2.4565616,3.0861552),(-8.5000000,2.4662371,3.0824080),(-8.5000000,2.3656773,3.1013191),(-8.5000000,2.4662371,3.0824080),(-8.5000000,2.4761210,3.0793422),(-8.5000000,2.5980674,3.0487034),(-8.5000000,2.3656773,3.1013191),(-8.5000000,2.4761210,3.0793422),(-8.5000000,2.5980674,3.0487034),(-8.5000000,2.4761210,3.0793422),(-8.5000000,2.4862132,3.0769576),(-8.5000000,2.5980674,3.0487034),(-8.5000000,2.4862132,3.0769576),(-8.5000000,2.4965137,3.0752544),(-8.5000000,2.5980674,3.0487034),(-8.5000000,2.4965137,3.0752544),(-8.5000000,2.5070226,3.0742324),(-8.5000000,2.5980674,3.0487034),(-8.5000000,2.5070226,3.0742324),(-8.5000000,2.5177399,3.0738918),(-8.5000000,2.5980674,3.0487034),(-8.5000000,2.5177399,3.0738918),(-8.5000000,2.5330990,3.0745995),(-8.5000000,2.5980674,3.0487034),(-8.5000000,2.5330990,3.0745995),(-8.5000000,2.5480612,3.0767228),(-8.5000000,2.5980674,3.0487034),(-8.5000000,2.5480612,3.0767228),(-8.5000000,2.5626265,3.0802616),(-8.5000000,2.5980674,3.0487034),(-8.5000000,2.5626265,3.0802616),(-8.5000000,2.5767949,3.0852159),(-8.5000000,2.5980674,3.0487034),(-8.5000000,2.5767949,3.0852159),(-8.5000000,2.4170924,3.3635576),(-8.5000000,2.6541591,2.9512309),(-8.5000000,2.5980674,3.0487034),(-8.5000000,2.4170924,3.3635576),(-8.5000000,2.3745358,3.3099745),(-8.5000000,2.3702149,3.3005140),(-8.5000000,2.3310367,3.3146626),(-8.5000000,2.3795216,3.3191076),(-8.5000000,2.3745358,3.3099745),(-8.5000000,2.3310367,3.3146626),(-8.5000000,2.3863148,3.3295057),(-8.5000000,2.3795216,3.3191076),(-8.5000000,2.3310367,3.3146626),(-8.5000000,2.3948410,3.3403801),(-8.5000000,2.3863148,3.3295057),(-8.5000000,2.3310367,3.3146626),(-8.5000000,2.3997539,3.3459959),(-8.5000000,2.3948410,3.3403801),(-8.5000000,2.3310367,3.3146626),(-8.5000000,2.4051002,3.3517307),(-8.5000000,2.3997539,3.3459959),(-8.5000000,2.3310367,3.3146626),(-8.5000000,2.4108797,3.3575846),(-8.5000000,2.4051002,3.3517307),(-8.5000000,2.3310367,3.3146626),(-8.5000000,2.4170924,3.3635576),(-8.5000000,2.4108797,3.3575846),(-8.5000000,2.3310367,3.3146626),(-8.5000000,2.4170924,3.3635576),(-8.5000000,2.3310367,3.3146626),(-8.5000000,2.3364970,3.3273494),(-8.5000000,2.4170924,3.3635576),(-8.5000000,2.3364970,3.3273494),(-8.5000000,2.3427974,3.3399568),(-8.5000000,2.4170924,3.3635576),(-8.5000000,2.3427974,3.3399568),(-8.5000000,2.3478162,3.3486285),(-8.5000000,2.4170924,3.3635576),(-8.5000000,2.3478162,3.3486285),(-8.5000000,2.3532948,3.3569695),(-8.5000000,2.4170924,3.3635576),(-8.5000000,2.3532948,3.3569695),(-8.5000000,2.3592330,3.3649797),(-8.5000000,2.4170924,3.3635576),(-8.5000000,2.3592330,3.3649797),(-8.5000000,2.3656310,3.3726593),(-8.5000000,2.4170924,3.3635576),(-8.5000000,2.3656310,3.3726593),(-8.5000000,2.3724886,3.3800081),(-8.5000000,2.4170924,3.3635576),(-8.5000000,2.3724886,3.3800081),(-8.5000000,2.3798060,3.3870261),(-8.5000000,2.4170924,3.3635576),(-8.5000000,2.3798060,3.3870261),(-8.5000000,2.3875831,3.3937135),(-8.5000000,2.4170924,3.3635576),(-8.5000000,2.3875831,3.3937135),(-8.5000000,2.3958199,3.4000701),(-8.5000000,2.4170924,3.3635576),(-8.5000000,2.3958199,3.4000701),(-8.5000000,2.3416332,3.4953201),(-8.5000000,2.6541591,2.9512309),(-8.5000000,2.4170924,3.3635576),(-8.5000000,2.3416332,3.4953201),(-8.5000000,2.6541591,2.9512309),(-8.5000000,2.3416332,3.4953201),(-8.5000000,2.3387757,3.5056918),(-8.5000000,2.6541591,2.9512309),(-8.5000000,2.3387757,3.5056918),(-8.5000000,2.3395166,3.5117243),(-8.5000000,2.6541591,2.9512309),(-8.5000000,2.3395166,3.5117243),(-8.5000000,2.3433795,3.5192384),(-8.5000000,2.6541591,2.9512309),(-8.5000000,2.3433795,3.5192384),(-8.5000000,2.3498882,3.5246359),(-8.5000000,2.6541591,2.9512309),(-8.5000000,2.3498882,3.5246359),(-8.5000000,2.3601541,3.5277051),(-8.5000000,2.6541591,2.9512309),(-8.5000000,2.3601541,3.5277051),(-8.5000000,2.3661866,3.5269643),(-8.5000000,2.6541591,2.9512309),(-8.5000000,2.3661866,3.5269643),(-8.5000000,2.3737537,3.5231013),(-8.5000000,2.6541591,2.9512309),(-8.5000000,2.3737537,3.5231013),(-8.5000000,2.3793099,3.5165926),(-8.5000000,2.6541591,2.9512309),(-8.5000000,2.3793099,3.5165926),(-8.5000000,2.4328616,3.4237768),(-8.5000000,2.4328616,3.4237768),(-8.5000000,2.4429224,3.4282168),(-8.5000000,2.4533139,3.4320648),(-8.5000000,2.4328616,3.4237768),(-8.5000000,2.4533139,3.4320648),(-8.5000000,2.4640361,3.4353209),(-8.5000000,2.4328616,3.4237768),(-8.5000000,2.4640361,3.4353209),(-8.5000000,2.4750891,3.4379849),(-8.5000000,2.4328616,3.4237768),(-8.5000000,2.4750891,3.4379849),(-8.5000000,2.4864728,3.4400569),(-8.5000000,2.4328616,3.4237768),(-8.5000000,2.4864728,3.4400569),(-8.5000000,2.4981872,3.4415369),(-8.5000000,2.4328616,3.4237768),(-8.5000000,2.4981872,3.4415369),(-8.5000000,2.5102324,3.4424249),(-8.5000000,2.4328616,3.4237768),(-8.5000000,2.5102324,3.4424249),(-8.5000000,2.5226082,3.4427209),(-8.5000000,2.4328616,3.4237768),(-8.5000000,2.5226082,3.4427209),(-8.5000000,2.5350685,3.4422877),(-8.5000000,2.4328616,3.4237768),(-8.5000000,2.5350685,3.4422877),(-8.5000000,2.5474195,3.4409879),(-8.5000000,2.4328616,3.4237768),(-8.5000000,2.5474195,3.4409879),(-8.5000000,2.5596615,3.4388216),(-8.5000000,2.4328616,3.4237768),(-8.5000000,2.5596615,3.4388216),(-8.5000000,2.5717943,3.4357888),(-8.5000000,2.4328616,3.4237768),(-8.5000000,2.5717943,3.4357888),(-8.5000000,2.5838179,3.4318895),(-8.5000000,2.4328616,3.4237768),(-8.5000000,2.5838179,3.4318895),(-8.5000000,2.5957325,3.4271237),(-8.5000000,2.4328616,3.4237768),(-8.5000000,2.5957325,3.4271237),(-8.5000000,2.6075378,3.4214914),(-8.5000000,2.4328616,3.4237768),(-8.5000000,2.6075378,3.4214914),(-8.5000000,2.6192341,3.4149926),(-8.5000000,2.4328616,3.4237768),(-8.5000000,2.6192341,3.4149926),(-8.5000000,2.6305450,3.4077761),(-8.5000000,2.4328616,3.4237768),(-8.5000000,2.6305450,3.4077761),(-8.5000000,2.6412474,3.3999378),(-8.5000000,2.4328616,3.4237768),(-8.5000000,2.6412474,3.3999378),(-8.5000000,2.6513413,3.3914777),(-8.5000000,2.4328616,3.4237768),(-8.5000000,2.6513413,3.3914777),(-8.5000000,2.6608266,3.3823959),(-8.5000000,2.4328616,3.4237768),(-8.5000000,2.6608266,3.3823959),(-8.5000000,2.6697034,3.3726923),(-8.5000000,2.6697034,3.3726923),(-8.5000000,2.6779716,3.3623670),(-8.5000000,2.6856313,3.3514198),(-8.5000000,2.6697034,3.3726923),(-8.5000000,2.6856313,3.3514198),(-8.5000000,2.6926824,3.3398509),(-8.5000000,2.6697034,3.3726923),(-8.5000000,2.6926824,3.3398509),(-8.5000000,2.6990076,3.3278703),(-8.5000000,2.6697034,3.3726923),(-8.5000000,2.6990076,3.3278703),(-8.5000000,2.7044894,3.3156349),(-8.5000000,2.6697034,3.3726923),(-8.5000000,2.7044894,3.3156349),(-8.5000000,2.7091279,3.3031449),(-8.5000000,2.6697034,3.3726923),(-8.5000000,2.7091279,3.3031449),(-8.5000000,2.7129230,3.2904003),(-8.5000000,2.6697034,3.3726923),(-8.5000000,2.7129230,3.2904003),(-8.5000000,2.7158748,3.2774010),(-8.5000000,2.6697034,3.3726923),(-8.5000000,2.7158748,3.2774010),(-8.5000000,2.7179832,3.2641470),(-8.5000000,2.6697034,3.3726923),(-8.5000000,2.7179832,3.2641470),(-8.5000000,2.7192482,3.2506384),(-8.5000000,2.6697034,3.3726923),(-8.5000000,2.7192482,3.2506384),(-8.5000000,2.7196699,3.2368751),(-8.5000000,2.6697034,3.3726923),(-8.5000000,2.7196699,3.2368751),(-8.5000000,2.7192499,3.2230688),(-8.5000000,2.6697034,3.3726923),(-8.5000000,2.7192499,3.2230688),(-8.5000000,2.7179898,3.2095370),(-8.5000000,2.6697034,3.3726923),(-8.5000000,2.7179898,3.2095370),(-8.5000000,2.7158897,3.1962797),(-8.5000000,2.6697034,3.3726923),(-8.5000000,2.7158897,3.1962797),(-8.5000000,2.7129495,3.1832970),(-8.5000000,2.6697034,3.3726923),(-8.5000000,2.7129495,3.1832970),(-8.5000000,2.7091693,3.1705887),(-8.5000000,2.6697034,3.3726923),(-8.5000000,2.7091693,3.1705887),(-8.5000000,2.7045490,3.1581549),(-8.5000000,2.6697034,3.3726923),(-8.5000000,2.7045490,3.1581549),(-8.5000000,2.6990886,3.1459957),(-8.5000000,2.6697034,3.3726923),(-8.5000000,2.6990886,3.1459957),(-8.5000000,2.6927882,3.1341109),(-8.5000000,2.6927882,3.1341109),(-8.5000000,2.6559582,3.1549601),(-8.5000000,2.6608944,3.1644338),(-8.5000000,2.6927882,3.1341109),(-8.5000000,2.6608944,3.1644338),(-8.5000000,2.6651724,3.1741225),(-8.5000000,2.6927882,3.1341109),(-8.5000000,2.6651724,3.1741225),(-8.5000000,2.6687922,3.1840262),(-8.5000000,2.6927882,3.1341109),(-8.5000000,2.6687922,3.1840262),(-8.5000000,2.6717539,3.1941449),(-8.5000000,2.6927882,3.1341109),(-8.5000000,2.6717539,3.1941449),(-8.5000000,2.6740574,3.2044785),(-8.5000000,2.6927882,3.1341109),(-8.5000000,2.6740574,3.2044785),(-8.5000000,2.6757028,3.2150271),(-8.5000000,2.6927882,3.1341109),(-8.5000000,2.6757028,3.2150271),(-8.5000000,2.6766900,3.2257907),(-8.5000000,2.6927882,3.1341109),(-8.5000000,2.6766900,3.2257907),(-8.5000000,2.6770191,3.2367693),(-8.5000000,2.6927882,3.1341109),(-8.5000000,2.6770191,3.2367693),(-8.5000000,2.6766850,3.2477511),(-8.5000000,2.6697034,3.3726923),(-8.5000000,2.6927882,3.1341109),(-8.5000000,2.6766850,3.2477511),(-8.5000000,2.6697034,3.3726923),(-8.5000000,2.6766850,3.2477511),(-8.5000000,2.6756829,3.2585246),(-8.5000000,2.6697034,3.3726923),(-8.5000000,2.6756829,3.2585246),(-8.5000000,2.6740128,3.2690898),(-8.5000000,2.6697034,3.3726923),(-8.5000000,2.6740128,3.2690898),(-8.5000000,2.6716745,3.2794465),(-8.5000000,2.6697034,3.3726923),(-8.5000000,2.6716745,3.2794465),(-8.5000000,2.6686682,3.2895950),(-8.5000000,2.6697034,3.3726923),(-8.5000000,2.6686682,3.2895950),(-8.5000000,2.6649938,3.2995350),(-8.5000000,2.6697034,3.3726923),(-8.5000000,2.6649938,3.2995350),(-8.5000000,2.6606513,3.3092667),(-8.5000000,2.6697034,3.3726923),(-8.5000000,2.6606513,3.3092667),(-8.5000000,2.6556407,3.3187901),(-8.5000000,2.6697034,3.3726923),(-8.5000000,2.6556407,3.3187901),(-8.5000000,2.6500564,3.3279844),(-8.5000000,2.6697034,3.3726923),(-8.5000000,2.6500564,3.3279844),(-8.5000000,2.6439925,3.3366759),(-8.5000000,2.6697034,3.3726923),(-8.5000000,2.6439925,3.3366759),(-8.5000000,2.6374490,3.3448648),(-8.5000000,2.6697034,3.3726923),(-8.5000000,2.6374490,3.3448648),(-8.5000000,2.6304260,3.3525509),(-8.5000000,2.6697034,3.3726923),(-8.5000000,2.6304260,3.3525509),(-8.5000000,2.6229234,3.3597344),(-8.5000000,2.6697034,3.3726923),(-8.5000000,2.6229234,3.3597344),(-8.5000000,2.6149412,3.3664151),(-8.5000000,2.6697034,3.3726923),(-8.5000000,2.6149412,3.3664151),(-8.5000000,2.6064795,3.3725931),(-8.5000000,2.6697034,3.3726923),(-8.5000000,2.6064795,3.3725931),(-8.5000000,2.5975382,3.3782684),(-8.5000000,2.6697034,3.3726923),(-8.5000000,2.5975382,3.3782684),(-8.5000000,2.5883307,3.3833782),(-8.5000000,2.6697034,3.3726923),(-8.5000000,2.5883307,3.3833782),(-8.5000000,2.5790703,3.3878066),(-8.5000000,2.6697034,3.3726923),(-8.5000000,2.5790703,3.3878066),(-8.5000000,2.5697570,3.3915538),(-8.5000000,2.6697034,3.3726923),(-8.5000000,2.5697570,3.3915538),(-8.5000000,2.5603907,3.3946197),(-8.5000000,2.6697034,3.3726923),(-8.5000000,2.5603907,3.3946197),(-8.5000000,2.5509716,3.3970042),(-8.5000000,2.4328616,3.4237768),(-8.5000000,2.6697034,3.3726923),(-8.5000000,2.5509716,3.3970042),(-8.5000000,2.4328616,3.4237768),(-8.5000000,2.5509716,3.3970042),(-8.5000000,2.5414995,3.3987075),(-8.5000000,2.4328616,3.4237768),(-8.5000000,2.5414995,3.3987075),(-8.5000000,2.5319745,3.3997294),(-8.5000000,2.4328616,3.4237768),(-8.5000000,2.5319745,3.3997294),(-8.5000000,2.5223966,3.4000701),(-8.5000000,2.4328616,3.4237768),(-8.5000000,2.5223966,3.4000701),(-8.5000000,2.5217616,3.4000701),(-8.5000000,2.4328616,3.4237768),(-8.5000000,2.5217616,3.4000701),(-8.5000000,2.5123904,3.3998617),(-8.5000000,2.4328616,3.4237768),(-8.5000000,2.5123904,3.3998617),(-8.5000000,2.5032738,3.3992366),(-8.5000000,2.4328616,3.4237768),(-8.5000000,2.5032738,3.3992366),(-8.5000000,2.4944119,3.3981949),(-8.5000000,2.4328616,3.4237768),(-8.5000000,2.4944119,3.3981949),(-8.5000000,2.4858047,3.3967363),(-8.5000000,2.4328616,3.4237768),(-8.5000000,2.4858047,3.3967363),(-8.5000000,2.4774521,3.3948611),(-8.5000000,2.4328616,3.4237768),(-8.5000000,2.4774521,3.3948611),(-8.5000000,2.4693542,3.3925691),(-8.5000000,2.4328616,3.4237768),(-8.5000000,2.4693542,3.3925691),(-8.5000000,2.4615110,3.3898605),(-8.5000000,2.4328616,3.4237768),(-8.5000000,2.4615110,3.3898605),(-8.5000000,2.4539224,3.3867351),(-8.5000000,2.6541591,2.9512309),(-8.5000000,2.4328616,3.4237768),(-8.5000000,2.4539224,3.3867351),(-8.5000000,2.6541591,2.9512309),(-8.5000000,2.4539224,3.3867351),(-8.5000000,2.6143657,3.1072293),(-8.5000000,2.6541591,2.9512309),(-8.5000000,2.6143657,3.1072293),(-8.5000000,2.6264109,3.1175149),(-8.5000000,2.6517200,3.1480330),(-8.5000000,2.6559582,3.1549601),(-8.5000000,2.6927882,3.1341109),(-8.5000000,2.6472072,3.1413803),(-8.5000000,2.6517200,3.1480330),(-8.5000000,2.6927882,3.1341109),(-8.5000000,2.6373580,3.1288986),(-8.5000000,2.6472072,3.1413803),(-8.5000000,2.6927882,3.1341109),(-8.5000000,2.6264109,3.1175149),(-8.5000000,2.6373580,3.1288986),(-8.5000000,2.6927882,3.1341109),(-8.5000000,2.6264109,3.1175149),(-8.5000000,2.6927882,3.1341109),(-8.5000000,2.6869939,3.1246058),(-8.5000000,2.6264109,3.1175149),(-8.5000000,2.6869939,3.1246058),(-8.5000000,2.6808291,3.1155107),(-8.5000000,2.6264109,3.1175149),(-8.5000000,2.6808291,3.1155107),(-8.5000000,2.6742939,3.1068258),(-8.5000000,2.6264109,3.1175149),(-8.5000000,2.6742939,3.1068258),(-8.5000000,2.6673882,3.0985509),(-8.5000000,2.6264109,3.1175149),(-8.5000000,2.6673882,3.0985509),(-8.5000000,2.6601122,3.0906862),(-8.5000000,2.6264109,3.1175149),(-8.5000000,2.6601122,3.0906862),(-8.5000000,2.6524657,3.0832315),(-8.5000000,2.6264109,3.1175149),(-8.5000000,2.6524657,3.0832315),(-8.5000000,2.6444489,3.0761870),(-8.5000000,2.6264109,3.1175149),(-8.5000000,2.6444489,3.0761870),(-8.5000000,2.6360616,3.0695526),(-8.5000000,2.6541591,2.9512309),(-8.5000000,2.6264109,3.1175149),(-8.5000000,2.6360616,3.0695526),(-8.5000000,2.6541591,2.9512309),(-8.5000000,2.6360616,3.0695526),(-8.5000000,2.6916241,2.9725034),(-8.5000000,2.6541591,2.9512309),(-8.5000000,2.6916241,2.9725034),(-8.5000000,2.6943757,2.9623434),(-8.5000000,2.6541591,2.9512309),(-8.5000000,2.6943757,2.9623434),(-8.5000000,2.6937407,2.9563109),(-8.5000000,2.6541591,2.9512309),(-8.5000000,2.6937407,2.9563109),(-8.5000000,2.6898249,2.9486115),(-8.5000000,2.6541591,2.9512309),(-8.5000000,2.6898249,2.9486115),(-8.5000000,2.6835807,2.9430818),(-8.5000000,2.6541591,2.9512309),(-8.5000000,2.6835807,2.9430818),(-8.5000000,2.6731032,2.9403301),(-8.5000000,2.6541591,2.9512309),(-8.5000000,2.6731032,2.9403301),(-8.5000000,2.6670707,2.9410709),(-8.5000000,2.6541591,2.9512309),(-8.5000000,2.6670707,2.9410709),(-8.5000000,2.6598212,2.9446163),(-8.5000000,1.9025307,3.1290309),(-8.5000000,1.9023191,3.1241626),(-8.5000000,1.8999263,3.1149534),(-8.5000000,1.9025307,3.1290309),(-8.5000000,1.8999263,3.1149534),(-8.5000000,1.8971399,3.1063231),(-8.5000000,1.9025307,3.1290309),(-8.5000000,1.8971399,3.1063231),(-8.5000000,1.8939599,3.0982715),(-8.5000000,1.9025307,3.1290309),(-8.5000000,1.8939599,3.0982715),(-8.5000000,1.8903864,3.0907986),(-8.5000000,1.9025307,3.1290309),(-8.5000000,1.8903864,3.0907986),(-8.5000000,1.8864193,3.0839046),(-8.5000000,1.9025307,3.1290309),(-8.5000000,1.8864193,3.0839046),(-8.5000000,1.8820586,3.0775893),(-8.5000000,1.9025307,3.1290309),(-8.5000000,1.8820586,3.0775893),(-8.5000000,1.8721566,3.0666951),(-8.5000000,1.9025307,3.1290309),(-8.5000000,1.8721566,3.0666951),(-8.5000000,1.8640587,3.0597498),(-8.5000000,1.9025307,3.1290309),(-8.5000000,1.8640587,3.0597498),(-8.5000000,1.8557458,3.0537305),(-8.5000000,1.9025307,3.1290309),(-8.5000000,1.8557458,3.0537305),(-8.5000000,1.8472179,3.0486373),(-8.5000000,1.9025307,3.1290309),(-8.5000000,1.8472179,3.0486373),(-8.5000000,1.8384751,3.0444701),(-8.5000000,1.9025307,3.1290309),(-8.5000000,1.8384751,3.0444701),(-8.5000000,1.8295173,3.0412289),(-8.5000000,1.9025307,3.1290309),(-8.5000000,1.8295173,3.0412289),(-8.5000000,1.8203445,3.0389138),(-8.5000000,1.9025307,3.1290309),(-8.5000000,1.8203445,3.0389138),(-8.5000000,1.8109568,3.0375248),(-8.5000000,1.9025307,3.1290309),(-8.5000000,1.8109568,3.0375248),(-8.5000000,1.8013541,3.0370618),(-8.5000000,1.9025307,3.1290309),(-8.5000000,1.8013541,3.0370618),(-8.5000000,1.7918291,3.0375330),(-8.5000000,1.9025307,3.1290309),(-8.5000000,1.7918291,3.0375330),(-8.5000000,1.7825687,3.0389469),(-8.5000000,1.9025307,3.1290309),(-8.5000000,1.7825687,3.0389469),(-8.5000000,1.7735728,3.0413034),(-8.5000000,1.9025307,3.1290309),(-8.5000000,1.7735728,3.0413034),(-8.5000000,1.7648416,3.0446024),(-8.5000000,1.7648416,3.0446024),(-8.5000000,1.7563749,3.0488440),(-8.5000000,1.7481728,3.0540282),(-8.5000000,1.7648416,3.0446024),(-8.5000000,1.7481728,3.0540282),(-8.5000000,1.7402353,3.0601549),(-8.5000000,1.7648416,3.0446024),(-8.5000000,1.7402353,3.0601549),(-8.5000000,1.7325624,3.0672243),(-8.5000000,1.7648416,3.0446024),(-8.5000000,1.7325624,3.0672243),(-8.5000000,1.7245505,3.0760481),(-8.5000000,1.7648416,3.0446024),(-8.5000000,1.7245505,3.0760481),(-8.5000000,1.7176068,3.0855334),(-8.5000000,1.7648416,3.0446024),(-8.5000000,1.7176068,3.0855334),(-8.5000000,1.7117314,3.0956802),(-8.5000000,1.7648416,3.0446024),(-8.5000000,1.7117314,3.0956802),(-8.5000000,1.7069243,3.1064884),(-8.5000000,1.7648416,3.0446024),(-8.5000000,1.7069243,3.1064884),(-8.5000000,1.7031854,3.1179581),(-8.5000000,1.7648416,3.0446024),(-8.5000000,1.7031854,3.1179581),(-8.5000000,1.7005148,3.1300893),(-8.5000000,1.7648416,3.0446024),(-8.5000000,1.7005148,3.1300893),(-8.5000000,1.6989124,3.1428819),(-8.5000000,1.7648416,3.0446024),(-8.5000000,1.6989124,3.1428819),(-8.5000000,1.6983782,3.1563359),(-8.5000000,1.7648416,3.0446024),(-8.5000000,1.6983782,3.1563359),(-8.5000000,1.6985072,3.1666642),(-8.5000000,1.7648416,3.0446024),(-8.5000000,1.6985072,3.1666642),(-8.5000000,1.6988942,3.1765881),(-8.5000000,1.7648416,3.0446024),(-8.5000000,1.6988942,3.1765881),(-8.5000000,1.6995391,3.1861077),(-8.5000000,1.7648416,3.0446024),(-8.5000000,1.6995391,3.1861077),(-8.5000000,1.7004420,3.1952231),(-8.5000000,1.7648416,3.0446024),(-8.5000000,1.7004420,3.1952231),(-8.5000000,1.7016029,3.2039340),(-8.5000000,1.7648416,3.0446024),(-8.5000000,1.7016029,3.2039340),(-8.5000000,1.7030217,3.2122407),(-8.5000000,1.7648416,3.0446024),(-8.5000000,1.7030217,3.2122407),(-8.5000000,1.7046985,3.2201431),(-8.5000000,1.7648416,3.0446024),(-8.5000000,1.7046985,3.2201431),(-8.5000000,1.7066332,3.2276411),(-8.5000000,1.7648416,3.0446024),(-8.5000000,1.7066332,3.2276411),(-8.5000000,1.7112767,3.2414243),(-8.5000000,1.7112767,3.2414243),(-8.5000000,1.7169520,3.2535901),(-8.5000000,1.7236592,3.2641387),(-8.5000000,1.7112767,3.2414243),(-8.5000000,1.7236592,3.2641387),(-8.5000000,1.7313982,3.2730701),(-8.5000000,1.7112767,3.2414243),(-8.5000000,1.7313982,3.2730701),(-8.5000000,1.7393473,3.2800154),(-8.5000000,1.7112767,3.2414243),(-8.5000000,1.7393473,3.2800154),(-8.5000000,1.7475312,3.2860347),(-8.5000000,1.7112767,3.2414243),(-8.5000000,1.7475312,3.2860347),(-8.5000000,1.7559499,3.2911279),(-8.5000000,1.7112767,3.2414243),(-8.5000000,1.7559499,3.2911279),(-8.5000000,1.7646035,3.2952951),(-8.5000000,1.7112767,3.2414243),(-8.5000000,1.7646035,3.2952951),(-8.5000000,1.7734918,3.2985362),(-8.5000000,1.7112767,3.2414243),(-8.5000000,1.7734918,3.2985362),(-8.5000000,1.7826150,3.3008513),(-8.5000000,1.7112767,3.2414243),(-8.5000000,1.7826150,3.3008513),(-8.5000000,1.7919729,3.3022404),(-8.5000000,1.7112767,3.2414243),(-8.5000000,1.7919729,3.3022404),(-8.5000000,1.8015657,3.3027034),(-8.5000000,1.7112767,3.2414243),(-8.5000000,1.8015657,3.3027034),(-8.5000000,1.8100969,3.3023777),(-8.5000000,1.7112767,3.2414243),(-8.5000000,1.8100969,3.3023777),(-8.5000000,1.8183337,3.3014003),(-8.5000000,1.7112767,3.2414243),(-8.5000000,1.8183337,3.3014003),(-8.5000000,1.8262762,3.2997715),(-8.5000000,1.7112767,3.2414243),(-8.5000000,1.8262762,3.2997715),(-8.5000000,1.8339243,3.2974911),(-8.5000000,1.7112767,3.2414243),(-8.5000000,1.8339243,3.2974911),(-8.5000000,1.8483375,3.2909758),(-8.5000000,1.7112767,3.2414243),(-8.5000000,1.8483375,3.2909758),(-8.5000000,1.8615732,3.2818543),(-8.5000000,1.8573399,3.3996468),(-8.5000000,1.7298107,3.3996468),(-8.5000000,1.7216616,3.4012343),(-8.5000000,1.8573399,3.3996468),(-8.5000000,1.7216616,3.4012343),(-8.5000000,1.7147824,3.4059968),(-8.5000000,1.8573399,3.3996468),(-8.5000000,1.7147824,3.4059968),(-8.5000000,1.7100993,3.4129288),(-8.5000000,1.8573399,3.3996468),(-8.5000000,1.7100993,3.4129288),(-8.5000000,1.7085382,3.4210251),(-8.5000000,1.8573399,3.3996468),(-8.5000000,1.7085382,3.4210251),(-8.5000000,1.7100993,3.4290949),(-8.5000000,1.8573399,3.3996468),(-8.5000000,1.7100993,3.4290949),(-8.5000000,1.7147824,3.4359476),(-8.5000000,1.8573399,3.3996468),(-8.5000000,1.7147824,3.4359476),(-8.5000000,1.7216616,3.4407101),(-8.5000000,1.8573399,3.3996468),(-8.5000000,1.7216616,3.4407101),(-8.5000000,1.7298107,3.4422976),(-8.5000000,1.8573399,3.3996468),(-8.5000000,1.7298107,3.4422976),(-8.5000000,1.8770249,3.4422976),(-8.5000000,1.8615732,3.2818543),(-8.5000000,1.8573399,3.3996468),(-8.5000000,1.8770249,3.4422976),(-8.5000000,1.8615732,3.2818543),(-8.5000000,1.8770249,3.4422976),(-8.5000000,1.8850682,3.4408953),(-8.5000000,1.8615732,3.2818543),(-8.5000000,1.8850682,3.4408953),(-8.5000000,1.8920532,3.4366884),(-8.5000000,1.8615732,3.2818543),(-8.5000000,1.8920532,3.4366884),(-8.5000000,1.8968157,3.4301797),(-8.5000000,1.8615732,3.2818543),(-8.5000000,1.8968157,3.4301797),(-8.5000000,1.8984032,3.4222951),(-8.5000000,1.8615732,3.2818543),(-8.5000000,1.8984032,3.4222951),(-8.5000000,1.9064466,3.2158143),(-8.5000000,1.8615732,3.2818543),(-8.5000000,1.9064466,3.2158143),(-8.5000000,1.9051237,3.2078768),(-8.5000000,1.8615732,3.2818543),(-8.5000000,1.9051237,3.2078768),(-8.5000000,1.9011549,3.2007859),(-8.5000000,1.8615732,3.2818543),(-8.5000000,1.9011549,3.2007859),(-8.5000000,1.8946462,3.1953884),(-8.5000000,1.8615732,3.2818543),(-8.5000000,1.8946462,3.1953884),(-8.5000000,1.8863382,3.1935893),(-8.5000000,1.8615732,3.2818543),(-8.5000000,1.8863382,3.1935893),(-8.5000000,1.8782155,3.1949386),(-8.5000000,1.8615732,3.2818543),(-8.5000000,1.8782155,3.1949386),(-8.5000000,1.8709924,3.1989868),(-8.5000000,1.8615732,3.2818543),(-8.5000000,1.8709924,3.1989868),(-8.5000000,1.8647482,3.2091468),(-8.5000000,1.8615732,3.2818543),(-8.5000000,1.8647482,3.2091468),(-8.5000000,1.8613484,3.2176597),(-8.5000000,1.8615732,3.2818543),(-8.5000000,1.8613484,3.2176597),(-8.5000000,1.8564403,3.2260536),(-8.5000000,1.8615732,3.2818543),(-8.5000000,1.8564403,3.2260536),(-8.5000000,1.8500242,3.2343285),(-8.5000000,1.8615732,3.2818543),(-8.5000000,1.8500242,3.2343285),(-8.5000000,1.8420999,3.2424843),(-8.5000000,1.8615732,3.2818543),(-8.5000000,1.8420999,3.2424843),(-8.5000000,1.8325418,3.2502630),(-8.5000000,1.8615732,3.2818543),(-8.5000000,1.8325418,3.2502630),(-8.5000000,1.8226001,3.2558193),(-8.5000000,1.8615732,3.2818543),(-8.5000000,1.8226001,3.2558193),(-8.5000000,1.8122748,3.2591530),(-8.5000000,1.8615732,3.2818543),(-8.5000000,1.8122748,3.2591530),(-8.5000000,1.8015657,3.2602643),(-8.5000000,1.8615732,3.2818543),(-8.5000000,1.8015657,3.2602643),(-8.5000000,1.7909163,3.2591530),(-8.5000000,1.7112767,3.2414243),(-8.5000000,1.8615732,3.2818543),(-8.5000000,1.7909163,3.2591530),(-8.5000000,1.7112767,3.2414243),(-8.5000000,1.7909163,3.2591530),(-8.5000000,1.7806637,3.2558193),(-8.5000000,1.7112767,3.2414243),(-8.5000000,1.7806637,3.2558193),(-8.5000000,1.7708079,3.2502630),(-8.5000000,1.7112767,3.2414243),(-8.5000000,1.7708079,3.2502630),(-8.5000000,1.7613491,3.2424843),(-8.5000000,1.7112767,3.2414243),(-8.5000000,1.7613491,3.2424843),(-8.5000000,1.7523202,3.2296255),(-8.5000000,1.7112767,3.2414243),(-8.5000000,1.7523202,3.2296255),(-8.5000000,1.7487731,3.2210133),(-8.5000000,1.7112767,3.2414243),(-8.5000000,1.7487731,3.2210133),(-8.5000000,1.7458710,3.2109459),(-8.5000000,1.7112767,3.2414243),(-8.5000000,1.7458710,3.2109459),(-8.5000000,1.7436137,3.1994233),(-8.5000000,1.7112767,3.2414243),(-8.5000000,1.7436137,3.1994233),(-8.5000000,1.7420014,3.1864455),(-8.5000000,1.7112767,3.2414243),(-8.5000000,1.7420014,3.1864455),(-8.5000000,1.7410340,3.1720125),(-8.5000000,1.7112767,3.2414243),(-8.5000000,1.7410340,3.1720125),(-8.5000000,1.7407116,3.1561243),(-8.5000000,1.7112767,3.2414243),(-8.5000000,1.7407116,3.1561243),(-8.5000000,1.7410555,3.1469796),(-8.5000000,1.7112767,3.2414243),(-8.5000000,1.7410555,3.1469796),(-8.5000000,1.7420874,3.1383310),(-8.5000000,1.7112767,3.2414243),(-8.5000000,1.7420874,3.1383310),(-8.5000000,1.7438072,3.1301785),(-8.5000000,1.7648416,3.0446024),(-8.5000000,1.7112767,3.2414243),(-8.5000000,1.7438072,3.1301785),(-8.5000000,1.7648416,3.0446024),(-8.5000000,1.7438072,3.1301785),(-8.5000000,1.7462149,3.1225222),(-8.5000000,1.7648416,3.0446024),(-8.5000000,1.7462149,3.1225222),(-8.5000000,1.7530941,3.1086977),(-8.5000000,1.7648416,3.0446024),(-8.5000000,1.7530941,3.1086977),(-8.5000000,1.7627249,3.0968576),(-8.5000000,1.7648416,3.0446024),(-8.5000000,1.7627249,3.0968576),(-8.5000000,1.7718530,3.0892640),(-8.5000000,1.7648416,3.0446024),(-8.5000000,1.7718530,3.0892640),(-8.5000000,1.7814574,3.0838401),(-8.5000000,1.7648416,3.0446024),(-8.5000000,1.7814574,3.0838401),(-8.5000000,1.7915380,3.0805857),(-8.5000000,1.7648416,3.0446024),(-8.5000000,1.7915380,3.0805857),(-8.5000000,1.8020949,3.0795009),(-8.5000000,1.7648416,3.0446024),(-8.5000000,1.8020949,3.0795009),(-8.5000000,1.8123541,3.0806254),(-8.5000000,1.7648416,3.0446024),(-8.5000000,1.8123541,3.0806254),(-8.5000000,1.8226001,3.0839988),(-8.5000000,1.7648416,3.0446024),(-8.5000000,1.8226001,3.0839988),(-8.5000000,1.8328329,3.0896212),(-8.5000000,1.9025307,3.1290309),(-8.5000000,1.7648416,3.0446024),(-8.5000000,1.8328329,3.0896212),(-8.5000000,1.9025307,3.1290309),(-8.5000000,1.8328329,3.0896212),(-8.5000000,1.8430524,3.0974926),(-8.5000000,1.9025307,3.1290309),(-8.5000000,1.8430524,3.0974926),(-8.5000000,1.8532653,3.1117801),(-8.5000000,1.9025307,3.1290309),(-8.5000000,1.8532653,3.1117801),(-8.5000000,1.8572209,3.1217813),(-8.5000000,1.9025307,3.1290309),(-8.5000000,1.8572209,3.1217813),(-8.5000000,1.8604091,3.1336876),(-8.5000000,1.9025307,3.1290309),(-8.5000000,1.8604091,3.1336876),(-8.5000000,1.8648144,3.1409570),(-8.5000000,1.9025307,3.1290309),(-8.5000000,1.8648144,3.1409570),(-8.5000000,1.8696695,3.1461495),(-8.5000000,1.9025307,3.1290309),(-8.5000000,1.8696695,3.1461495),(-8.5000000,1.8807291,3.1503034),(-8.5000000,1.9025307,3.1290309),(-8.5000000,1.8807291,3.1503034),(-8.5000000,1.8814699,3.1503034),(-8.5000000,1.9025307,3.1290309),(-8.5000000,1.8814699,3.1503034),(-8.5000000,1.8888584,3.1487358),(-8.5000000,1.9025307,3.1290309),(-8.5000000,1.8888584,3.1487358),(-8.5000000,1.8948314,3.1446678),(-8.5000000,2.1318716,3.4429326),(-8.5000000,2.1436191,3.4382759),(-8.5000000,2.2043674,3.3881109),(-8.5000000,2.1318716,3.4429326),(-8.5000000,2.2043674,3.3881109),(-8.5000000,2.2101353,3.3813376),(-8.5000000,2.1318716,3.4429326),(-8.5000000,2.2101353,3.3813376),(-8.5000000,2.2126224,3.3741409),(-8.5000000,2.1318716,3.4429326),(-8.5000000,2.2126224,3.3741409),(-8.5000000,2.2126224,3.3707543),(-8.5000000,2.1318716,3.4429326),(-8.5000000,2.2126224,3.3707543),(-8.5000000,2.2092357,3.3579484),(-8.5000000,2.1318716,3.4429326),(-8.5000000,2.2092357,3.3579484),(-8.5000000,2.2033091,3.3522599),(-8.5000000,2.1318716,3.4429326),(-8.5000000,2.2033091,3.3522599),(-8.5000000,2.1952657,3.3493759),(-8.5000000,2.1318716,3.4429326),(-8.5000000,2.1952657,3.3493759),(-8.5000000,2.1911382,3.3491643),(-8.5000000,2.1318716,3.4429326),(-8.5000000,2.1911382,3.3491643),(-8.5000000,2.1796024,3.3528684),(-8.5000000,2.1318716,3.4429326),(-8.5000000,2.1796024,3.3528684),(-8.5000000,2.1525091,3.3767868),(-8.5000000,2.1318716,3.4429326),(-8.5000000,2.1525091,3.3767868),(-8.5000000,2.1525091,3.0582284),(-8.5000000,2.1318716,3.4429326),(-8.5000000,2.1525091,3.0582284),(-8.5000000,2.1509745,3.0500263),(-8.5000000,2.1318716,3.4429326),(-8.5000000,2.1509745,3.0500263),(-8.5000000,2.1463707,3.0432001),(-8.5000000,2.1318716,3.4429326),(-8.5000000,2.1463707,3.0432001),(-8.5000000,2.1395445,3.0385963),(-8.5000000,2.1318716,3.4429326),(-8.5000000,2.1395445,3.0385963),(-8.5000000,2.1313424,3.0370618),(-8.5000000,2.1318716,3.4429326),(-8.5000000,2.1313424,3.0370618),(-8.5000000,2.1230610,3.0385963),(-8.5000000,2.1318716,3.4429326),(-8.5000000,2.1230610,3.0385963),(-8.5000000,2.1162082,3.0432001),(-8.5000000,2.1318716,3.4429326),(-8.5000000,2.1162082,3.0432001),(-8.5000000,2.1116045,3.0500263),(-8.5000000,2.1318716,3.4429326),(-8.5000000,2.1116045,3.0500263),(-8.5000000,2.1100699,3.0582284),(-8.5000000,2.1318716,3.4429326),(-8.5000000,2.1100699,3.0582284),(-8.5000000,2.1100699,3.4209193),(-8.5000000,2.1318716,3.4429326),(-8.5000000,2.1100699,3.4209193),(-8.5000000,2.1129010,3.4322434),(-8.5000000,2.1318716,3.4429326),(-8.5000000,2.1129010,3.4322434),(-8.5000000,2.1213941,3.4397576),(-8.5000000,2.0115391,3.0401045),(-8.5000000,2.0042366,3.0294418),(-8.5000000,1.9935739,3.0221393),(-8.5000000,2.0115391,3.0401045),(-8.5000000,1.9935739,3.0221393),(-8.5000000,1.9810591,3.0197051),(-8.5000000,2.0115391,3.0401045),(-8.5000000,1.9810591,3.0197051),(-8.5000000,1.9685707,3.0221393),(-8.5000000,2.0115391,3.0401045),(-8.5000000,1.9685707,3.0221393),(-8.5000000,1.9579874,3.0294418),(-8.5000000,2.0115391,3.0401045),(-8.5000000,1.9579874,3.0294418),(-8.5000000,1.9506849,3.0401045),(-8.5000000,2.0115391,3.0401045),(-8.5000000,1.9506849,3.0401045),(-8.5000000,1.9482507,3.0526193),(-8.5000000,2.0115391,3.0401045),(-8.5000000,1.9482507,3.0526193),(-8.5000000,1.9506849,3.0651340),(-8.5000000,2.0115391,3.0401045),(-8.5000000,1.9506849,3.0651340),(-8.5000000,1.9579874,3.0757968),(-8.5000000,2.0115391,3.0401045),(-8.5000000,1.9579874,3.0757968),(-8.5000000,1.9685707,3.0830993),(-8.5000000,2.0115391,3.0401045),(-8.5000000,1.9685707,3.0830993),(-8.5000000,1.9810591,3.0855334),(-8.5000000,2.0115391,3.0401045),(-8.5000000,1.9810591,3.0855334),(-8.5000000,1.9935739,3.0830993),(-8.5000000,2.0115391,3.0401045),(-8.5000000,1.9935739,3.0830993),(-8.5000000,2.0042366,3.0757968),(-8.5000000,2.0115391,3.0401045),(-8.5000000,2.0042366,3.0757968),(-8.5000000,2.0115391,3.0651340),(-8.5000000,2.0115391,3.0401045),(-8.5000000,2.0115391,3.0651340),(-8.5000000,2.0139732,3.0526193),(-8.5000000,0.6596057,3.2153380),(-8.5000000,0.5213874,3.0363738),(-8.5000000,0.5141643,3.0301826),(-8.5000000,0.6596057,3.2153380),(-8.5000000,0.5141643,3.0301826),(-8.5000000,0.5049832,3.0281188),(-8.5000000,0.6596057,3.2153380),(-8.5000000,0.5049832,3.0281188),(-8.5000000,0.4917541,3.0326697),(-8.5000000,0.6596057,3.2153380),(-8.5000000,0.4917541,3.0326697),(-8.5000000,0.4853247,3.0400251),(-8.5000000,0.6596057,3.2153380),(-8.5000000,0.4853247,3.0400251),(-8.5000000,0.4831816,3.0496030),(-8.5000000,0.6596057,3.2153380),(-8.5000000,0.4831816,3.0496030),(-8.5000000,0.4876266,3.0628322),(-8.5000000,0.6596057,3.2153380),(-8.5000000,0.4876266,3.0628322),(-8.5000000,0.6052074,3.2153380),(-8.5000000,0.6052074,3.2153380),(-8.5000000,0.5966349,3.2153380),(-8.5000000,0.5847105,3.2158490),(-8.5000000,0.6596057,3.2153380),(-8.5000000,0.6052074,3.2153380),(-8.5000000,0.5847105,3.2158490),(-8.5000000,0.7459657,3.2153380),(-8.5000000,0.6596057,3.2153380),(-8.5000000,0.5847105,3.2158490),(-8.5000000,0.7459657,3.2153380),(-8.5000000,0.5847105,3.2158490),(-8.5000000,0.5733317,3.2173819),(-8.5000000,0.7459657,3.2153380),(-8.5000000,0.5733317,3.2173819),(-8.5000000,0.5624987,3.2199368),(-8.5000000,0.7459657,3.2153380),(-8.5000000,0.5624987,3.2199368),(-8.5000000,0.5522114,3.2235136),(-8.5000000,0.7459657,3.2153380),(-8.5000000,0.5522114,3.2235136),(-8.5000000,0.5424697,3.2281124),(-8.5000000,0.7459657,3.2153380),(-8.5000000,0.5424697,3.2281124),(-8.5000000,0.5332738,3.2337332),(-8.5000000,0.7459657,3.2153380),(-8.5000000,0.5332738,3.2337332),(-8.5000000,0.5246236,3.2403759),(-8.5000000,0.7459657,3.2153380),(-8.5000000,0.5246236,3.2403759),(-8.5000000,0.5165191,3.2480405),(-8.5000000,0.7459657,3.2153380),(-8.5000000,0.5165191,3.2480405),(-8.5000000,0.5088792,3.2570132),(-8.5000000,0.7459657,3.2153380),(-8.5000000,0.5088792,3.2570132),(-8.5000000,0.5022580,3.2662571),(-8.5000000,0.7459657,3.2153380),(-8.5000000,0.5022580,3.2662571),(-8.5000000,0.4966555,3.2757721),(-8.5000000,0.4966555,3.2757721),(-8.5000000,0.4920716,3.2855584),(-8.5000000,0.5316268,3.3004809),(-8.5000000,0.4966555,3.2757721),(-8.5000000,0.5316268,3.3004809),(-8.5000000,0.5380760,3.2887202),(-8.5000000,0.4966555,3.2757721),(-8.5000000,0.5380760,3.2887202),(-8.5000000,0.5471049,3.2780972),(-8.5000000,0.4966555,3.2757721),(-8.5000000,0.5471049,3.2780972),(-8.5000000,0.5580984,3.2692998),(-8.5000000,0.4966555,3.2757721),(-8.5000000,0.5580984,3.2692998),(-8.5000000,0.5700178,3.2630159),(-8.5000000,0.4966555,3.2757721),(-8.5000000,0.5700178,3.2630159),(-8.5000000,0.5828634,3.2592456),(-8.5000000,0.7459657,3.2153380),(-8.5000000,0.4966555,3.2757721),(-8.5000000,0.5828634,3.2592456),(-8.5000000,0.7459657,3.2153380),(-8.5000000,0.5828634,3.2592456),(-8.5000000,0.5966349,3.2579888),(-8.5000000,0.7459657,3.2153380),(-8.5000000,0.5966349,3.2579888),(-8.5000000,0.7459657,3.2579888),(-8.5000000,0.5277573,3.3133794),(-8.5000000,0.5316268,3.3004809),(-8.5000000,0.4920716,3.2855584),(-8.5000000,0.5264674,3.3274155),(-8.5000000,0.5277573,3.3133794),(-8.5000000,0.4920716,3.2855584),(-8.5000000,0.5277573,3.3413194),(-8.5000000,0.5264674,3.3274155),(-8.5000000,0.4920716,3.2855584),(-8.5000000,0.5316268,3.3541384),(-8.5000000,0.5277573,3.3413194),(-8.5000000,0.4920716,3.2855584),(-8.5000000,0.5380760,3.3658727),(-8.5000000,0.5316268,3.3541384),(-8.5000000,0.4920716,3.2855584),(-8.5000000,0.5380760,3.3658727),(-8.5000000,0.4920716,3.2855584),(-8.5000000,0.4885063,3.2956159),(-8.5000000,0.5380760,3.3658727),(-8.5000000,0.4885063,3.2956159),(-8.5000000,0.4859597,3.3059446),(-8.5000000,0.5471049,3.3765222),(-8.5000000,0.5380760,3.3658727),(-8.5000000,0.4859597,3.3059446),(-8.5000000,0.5471049,3.3765222),(-8.5000000,0.4859597,3.3059446),(-8.5000000,0.4844317,3.3165444),(-8.5000000,0.5471049,3.3765222),(-8.5000000,0.4844317,3.3165444),(-8.5000000,0.4839224,3.3274155),(-8.5000000,0.5578205,3.3853196),(-8.5000000,0.5471049,3.3765222),(-8.5000000,0.4839224,3.3274155),(-8.5000000,0.5578205,3.3853196),(-8.5000000,0.4839224,3.3274155),(-8.5000000,0.4844317,3.3386768),(-8.5000000,0.5578205,3.3853196),(-8.5000000,0.4844317,3.3386768),(-8.5000000,0.4859597,3.3495479),(-8.5000000,0.5695416,3.3916034),(-8.5000000,0.5578205,3.3853196),(-8.5000000,0.4859597,3.3495479),(-8.5000000,0.5695416,3.3916034),(-8.5000000,0.4859597,3.3495479),(-8.5000000,0.4885063,3.3600287),(-8.5000000,0.5695416,3.3916034),(-8.5000000,0.4885063,3.3600287),(-8.5000000,0.4920716,3.3701193),(-8.5000000,0.5822680,3.3953737),(-8.5000000,0.5695416,3.3916034),(-8.5000000,0.4920716,3.3701193),(-8.5000000,0.5822680,3.3953737),(-8.5000000,0.4920716,3.3701193),(-8.5000000,0.4966555,3.3798195),(-8.5000000,0.5822680,3.3953737),(-8.5000000,0.4966555,3.3798195),(-8.5000000,0.5022580,3.3891296),(-8.5000000,0.5959999,3.3966305),(-8.5000000,0.5822680,3.3953737),(-8.5000000,0.5022580,3.3891296),(-8.5000000,0.5959999,3.3966305),(-8.5000000,0.5022580,3.3891296),(-8.5000000,0.5088792,3.3980493),(-8.5000000,0.7459657,3.3966305),(-8.5000000,0.5959999,3.3966305),(-8.5000000,0.5088792,3.3980493),(-8.5000000,0.7459657,3.3966305),(-8.5000000,0.5088792,3.3980493),(-8.5000000,0.5165191,3.4065788),(-8.5000000,0.7459657,3.3966305),(-8.5000000,0.5165191,3.4065788),(-8.5000000,0.5252255,3.4143923),(-8.5000000,0.7459657,3.3966305),(-8.5000000,0.5252255,3.4143923),(-8.5000000,0.5343057,3.4211640),(-8.5000000,0.7459657,3.3966305),(-8.5000000,0.5343057,3.4211640),(-8.5000000,0.5437596,3.4268939),(-8.5000000,0.7459657,3.3966305),(-8.5000000,0.5437596,3.4268939),(-8.5000000,0.5535872,3.4315820),(-8.5000000,0.7459657,3.3966305),(-8.5000000,0.5535872,3.4315820),(-8.5000000,0.5637885,3.4352282),(-8.5000000,0.7459657,3.3966305),(-8.5000000,0.5637885,3.4352282),(-8.5000000,0.5743636,3.4378327),(-8.5000000,0.7459657,3.3966305),(-8.5000000,0.5743636,3.4378327),(-8.5000000,0.5853124,3.4393954),(-8.5000000,0.7459657,3.3966305),(-8.5000000,0.5853124,3.4393954),(-8.5000000,0.5966349,3.4399163),(-8.5000000,0.7459657,3.3966305),(-8.5000000,0.5966349,3.4399163),(-8.5000000,0.7672382,3.4399163),(-8.5000000,0.7459657,3.2579888),(-8.5000000,0.7459657,3.3966305),(-8.5000000,0.7672382,3.4399163),(-8.5000000,0.7459657,3.2153380),(-8.5000000,0.7459657,3.2579888),(-8.5000000,0.7672382,3.4399163),(-8.5000000,0.7459657,3.2153380),(-8.5000000,0.7672382,3.4399163),(-8.5000000,0.7758372,3.4382495),(-8.5000000,0.7459657,3.2153380),(-8.5000000,0.7758372,3.4382495),(-8.5000000,0.7830074,3.4332488),(-8.5000000,0.7459657,3.2153380),(-8.5000000,0.7830074,3.4332488),(-8.5000000,0.7872143,3.4258140),(-8.5000000,0.7459657,3.2153380),(-8.5000000,0.7872143,3.4258140),(-8.5000000,0.7886166,3.4179030),(-8.5000000,0.7459657,3.2153380),(-8.5000000,0.7886166,3.4179030),(-8.5000000,0.7886166,3.0552122),(-8.5000000,0.7459657,3.2153380),(-8.5000000,0.7886166,3.0552122),(-8.5000000,0.7863279,3.0468778),(-8.5000000,0.7459657,3.2153380),(-8.5000000,0.7863279,3.0468778),(-8.5000000,0.7820020,3.0409247),(-8.5000000,0.7459657,3.2153380),(-8.5000000,0.7820020,3.0409247),(-8.5000000,0.7672382,3.0361622),(-8.5000000,0.7459657,3.2153380),(-8.5000000,0.7672382,3.0361622),(-8.5000000,0.7598365,3.0373528),(-8.5000000,0.7459657,3.2153380),(-8.5000000,0.7598365,3.0373528),(-8.5000000,0.7538239,3.0409247),(-8.5000000,0.7459657,3.2153380),(-8.5000000,0.7538239,3.0409247),(-8.5000000,0.7459657,3.0552122),(-8.5000000,0.8848191,3.2158672),(-8.5000000,0.8850307,3.0552122),(-8.5000000,0.8834168,3.0470101),(-8.5000000,0.8848191,3.2158672),(-8.5000000,0.8834168,3.0470101),(-8.5000000,0.8785749,3.0401838),(-8.5000000,0.8848191,3.2158672),(-8.5000000,0.8785749,3.0401838),(-8.5000000,0.8716957,3.0355801),(-8.5000000,0.8848191,3.2158672),(-8.5000000,0.8716957,3.0355801),(-8.5000000,0.8639699,3.0340455),(-8.5000000,0.8848191,3.2158672),(-8.5000000,0.8639699,3.0340455),(-8.5000000,0.8556885,3.0355801),(-8.5000000,0.8848191,3.2158672),(-8.5000000,0.8556885,3.0355801),(-8.5000000,0.8488357,3.0401838),(-8.5000000,0.8848191,3.2158672),(-8.5000000,0.8488357,3.0401838),(-8.5000000,0.8442320,3.0470101),(-8.5000000,0.8848191,3.2158672),(-8.5000000,0.8442320,3.0470101),(-8.5000000,0.8426974,3.0552122),(-8.5000000,0.8848191,3.2158672),(-8.5000000,0.8426974,3.0552122),(-8.5000000,0.8426974,3.4179030),(-8.5000000,0.8848191,3.2158672),(-8.5000000,0.8426974,3.4179030),(-8.5000000,0.8442320,3.4260522),(-8.5000000,0.8848191,3.2158672),(-8.5000000,0.8442320,3.4260522),(-8.5000000,0.8488357,3.4329313),(-8.5000000,0.8848191,3.2158672),(-8.5000000,0.8488357,3.4329313),(-8.5000000,0.8555826,3.4376938),(-8.5000000,0.8848191,3.2158672),(-8.5000000,0.8555826,3.4376938),(-8.5000000,0.8635466,3.4392813),(-8.5000000,0.8848191,3.2158672),(-8.5000000,0.8635466,3.4392813),(-8.5000000,0.8717487,3.4376409),(-8.5000000,0.8848191,3.2158672),(-8.5000000,0.8717487,3.4376409),(-8.5000000,0.8787866,3.4327197),(-8.5000000,0.8848191,3.2158672),(-8.5000000,0.8787866,3.4327197),(-8.5000000,0.8834697,3.4262638),(-8.5000000,0.8848191,3.2158672),(-8.5000000,0.8834697,3.4262638),(-8.5000000,0.8850307,3.4179030),(-8.5000000,0.8848191,3.2158672),(-8.5000000,0.8850307,3.4179030),(-8.5000000,0.8850307,3.2579888),(-8.5000000,1.1049524,3.2158672),(-8.5000000,0.8848191,3.2158672),(-8.5000000,0.8850307,3.2579888),(-8.5000000,1.1049524,3.2158672),(-8.5000000,0.8850307,3.2579888),(-8.5000000,1.1043174,3.2579888),(-8.5000000,1.1049524,3.2158672),(-8.5000000,1.1043174,3.2579888),(-8.5000000,1.1043174,3.4179030),(-8.5000000,1.1049524,3.2158672),(-8.5000000,1.1043174,3.4179030),(-8.5000000,1.1059578,3.4260522),(-8.5000000,1.1049524,3.2158672),(-8.5000000,1.1059578,3.4260522),(-8.5000000,1.1108791,3.4329313),(-8.5000000,1.1049524,3.2158672),(-8.5000000,1.1108791,3.4329313),(-8.5000000,1.1178376,3.4376938),(-8.5000000,1.1049524,3.2158672),(-8.5000000,1.1178376,3.4376938),(-8.5000000,1.1255899,3.4392813),(-8.5000000,1.1049524,3.2158672),(-8.5000000,1.1255899,3.4392813),(-8.5000000,1.1338185,3.4376938),(-8.5000000,1.1049524,3.2158672),(-8.5000000,1.1338185,3.4376938),(-8.5000000,1.1409357,3.4329313),(-8.5000000,1.1049524,3.2158672),(-8.5000000,1.1409357,3.4329313),(-8.5000000,1.1457776,3.4260522),(-8.5000000,1.1049524,3.2158672),(-8.5000000,1.1457776,3.4260522),(-8.5000000,1.1473916,3.4179030),(-8.5000000,1.1049524,3.2158672),(-8.5000000,1.1473916,3.4179030),(-8.5000000,1.1473916,3.0552122),(-8.5000000,1.1049524,3.2158672),(-8.5000000,1.1473916,3.0552122),(-8.5000000,1.1458305,3.0470101),(-8.5000000,1.1049524,3.2158672),(-8.5000000,1.1458305,3.0470101),(-8.5000000,1.1411474,3.0401838),(-8.5000000,1.1049524,3.2158672),(-8.5000000,1.1411474,3.0401838),(-8.5000000,1.1341889,3.0355801),(-8.5000000,1.1049524,3.2158672),(-8.5000000,1.1341889,3.0355801),(-8.5000000,1.1260132,3.0340455),(-8.5000000,1.1049524,3.2158672),(-8.5000000,1.1260132,3.0340455),(-8.5000000,1.1182345,3.0355536),(-8.5000000,1.1049524,3.2158672),(-8.5000000,1.1182345,3.0355536),(-8.5000000,1.1109849,3.0400780),(-8.5000000,1.1049524,3.2158672),(-8.5000000,1.1109849,3.0400780),(-8.5000000,1.1064605,3.0465603),(-8.5000000,1.1049524,3.2158672),(-8.5000000,1.1064605,3.0465603),(-8.5000000,1.1049524,3.0552122),(-8.5000000,0.3867674,3.1870805),(-8.5000000,0.3867674,3.4179030),(-8.5000000,0.3883020,3.4260522),(-8.5000000,0.3867674,3.1870805),(-8.5000000,0.3883020,3.4260522),(-8.5000000,0.3929057,3.4329313),(-8.5000000,0.3867674,3.1870805),(-8.5000000,0.3929057,3.4329313),(-8.5000000,0.3996526,3.4376938),(-8.5000000,0.3862697,3.1758341),(-8.5000000,0.3867674,3.1870805),(-8.5000000,0.3996526,3.4376938),(-8.5000000,0.3862697,3.1758341),(-8.5000000,0.3996526,3.4376938),(-8.5000000,0.4076166,3.4392813),(-8.5000000,0.3862697,3.1758341),(-8.5000000,0.4076166,3.4392813),(-8.5000000,0.4159510,3.4376409),(-8.5000000,0.3862697,3.1758341),(-8.5000000,0.4159510,3.4376409),(-8.5000000,0.4233857,3.4327197),(-8.5000000,0.3862697,3.1758341),(-8.5000000,0.4233857,3.4327197),(-8.5000000,0.4279101,3.4262638),(-8.5000000,0.3862697,3.1758341),(-8.5000000,0.4279101,3.4262638),(-8.5000000,0.4294182,3.4179030),(-8.5000000,0.3862697,3.1758341),(-8.5000000,0.4294182,3.4179030),(-8.5000000,0.4294182,3.1870805),(-8.5000000,0.3862697,3.1758341),(-8.5000000,0.4294182,3.1870805),(-8.5000000,0.4287237,3.1715710),(-8.5000000,0.3862697,3.1758341),(-8.5000000,0.4287237,3.1715710),(-8.5000000,0.4266401,3.1566336),(-8.5000000,0.3862697,3.1758341),(-8.5000000,0.4266401,3.1566336),(-8.5000000,0.4231675,3.1422684),(-8.5000000,0.3862697,3.1758341),(-8.5000000,0.4231675,3.1422684),(-8.5000000,0.4183057,3.1284753),(-8.5000000,0.3862697,3.1758341),(-8.5000000,0.4183057,3.1284753),(-8.5000000,0.4120550,3.1152544),(-8.5000000,0.3862697,3.1758341),(-8.5000000,0.4120550,3.1152544),(-8.5000000,0.4044151,3.1026057),(-8.5000000,0.3862697,3.1758341),(-8.5000000,0.4044151,3.1026057),(-8.5000000,0.3953862,3.0905291),(-8.5000000,0.3862697,3.1758341),(-8.5000000,0.3953862,3.0905291),(-8.5000000,0.3849682,3.0790247),(-8.5000000,0.3862697,3.1758341),(-8.5000000,0.3849682,3.0790247),(-8.5000000,0.3737102,3.0684827),(-8.5000000,0.3737102,3.0684827),(-8.5000000,0.3618437,3.0593463),(-8.5000000,0.3493686,3.0516155),(-8.5000000,0.3737102,3.0684827),(-8.5000000,0.3493686,3.0516155),(-8.5000000,0.3362849,3.0452903),(-8.5000000,0.3737102,3.0684827),(-8.5000000,0.3362849,3.0452903),(-8.5000000,0.3225927,3.0403707),(-8.5000000,0.3737102,3.0684827),(-8.5000000,0.3225927,3.0403707),(-8.5000000,0.3082920,3.0368567),(-8.5000000,0.3737102,3.0684827),(-8.5000000,0.3082920,3.0368567),(-8.5000000,0.2933827,3.0347483),(-8.5000000,0.3737102,3.0684827),(-8.5000000,0.2933827,3.0347483),(-8.5000000,0.2778649,3.0340455),(-8.5000000,0.3737102,3.0684827),(-8.5000000,0.2778649,3.0340455),(-8.5000000,0.2623256,3.0347483),(-8.5000000,0.3737102,3.0684827),(-8.5000000,0.2623256,3.0347483),(-8.5000000,0.2473518,3.0368567),(-8.5000000,0.3737102,3.0684827),(-8.5000000,0.2473518,3.0368567),(-8.5000000,0.2329436,3.0403707),(-8.5000000,0.3737102,3.0684827),(-8.5000000,0.2329436,3.0403707),(-8.5000000,0.2191010,3.0452903),(-8.5000000,0.3737102,3.0684827),(-8.5000000,0.2191010,3.0452903),(-8.5000000,0.2058238,3.0516155),(-8.5000000,0.3737102,3.0684827),(-8.5000000,0.2058238,3.0516155),(-8.5000000,0.1931123,3.0593463),(-8.5000000,0.3737102,3.0684827),(-8.5000000,0.1931123,3.0593463),(-8.5000000,0.1809662,3.0684827),(-8.5000000,0.3737102,3.0684827),(-8.5000000,0.1809662,3.0684827),(-8.5000000,0.1693857,3.0790247),(-8.5000000,0.1693857,3.0790247),(-8.5000000,0.1589182,3.0903951),(-8.5000000,0.1498463,3.1023874),(-8.5000000,0.1693857,3.0790247),(-8.5000000,0.1498463,3.1023874),(-8.5000000,0.1421700,3.1150014),(-8.5000000,0.1693857,3.0790247),(-8.5000000,0.1421700,3.1150014),(-8.5000000,0.1358895,3.1282372),(-8.5000000,0.1693857,3.0790247),(-8.5000000,0.1358895,3.1282372),(-8.5000000,0.1310046,3.1420947),(-8.5000000,0.1693857,3.0790247),(-8.5000000,0.1310046,3.1420947),(-8.5000000,0.1275154,3.1565740),(-8.5000000,0.1693857,3.0790247),(-8.5000000,0.1275154,3.1565740),(-8.5000000,0.1254219,3.1716751),(-8.5000000,0.1693857,3.0790247),(-8.5000000,0.1254219,3.1716751),(-8.5000000,0.1247241,3.1873980),(-8.5000000,0.1693857,3.0790247),(-8.5000000,0.1247241,3.1873980),(-8.5000000,0.1247241,3.4179030),(-8.5000000,0.1693857,3.0790247),(-8.5000000,0.1247241,3.4179030),(-8.5000000,0.1262587,3.4260522),(-8.5000000,0.1693857,3.0790247),(-8.5000000,0.1262587,3.4260522),(-8.5000000,0.1308624,3.4329313),(-8.5000000,0.1693857,3.0790247),(-8.5000000,0.1308624,3.4329313),(-8.5000000,0.1376887,3.4376938),(-8.5000000,0.1693857,3.0790247),(-8.5000000,0.1376887,3.4376938),(-8.5000000,0.1458907,3.4392813),(-8.5000000,0.1693857,3.0790247),(-8.5000000,0.1458907,3.4392813),(-8.5000000,0.1540928,3.4376938),(-8.5000000,0.1693857,3.0790247),(-8.5000000,0.1540928,3.4376938),(-8.5000000,0.1609191,3.4329313),(-8.5000000,0.1609191,3.4329313),(-8.5000000,0.1655228,3.4260522),(-8.5000000,0.1670574,3.4179030),(-8.5000000,0.1609191,3.4329313),(-8.5000000,0.1670574,3.4179030),(-8.5000000,0.1670574,3.1873980),(-8.5000000,0.1693857,3.0790247),(-8.5000000,0.1609191,3.4329313),(-8.5000000,0.1670574,3.1873980),(-8.5000000,0.1693857,3.0790247),(-8.5000000,0.1670574,3.1873980),(-8.5000000,0.1675684,3.1761962),(-8.5000000,0.1693857,3.0790247),(-8.5000000,0.1675684,3.1761962),(-8.5000000,0.1691013,3.1653979),(-8.5000000,0.1693857,3.0790247),(-8.5000000,0.1691013,3.1653979),(-8.5000000,0.1716562,3.1550031),(-8.5000000,0.1693857,3.0790247),(-8.5000000,0.1716562,3.1550031),(-8.5000000,0.1752330,3.1450118),(-8.5000000,0.1693857,3.0790247),(-8.5000000,0.1752330,3.1450118),(-8.5000000,0.1798318,3.1354239),(-8.5000000,0.1693857,3.0790247),(-8.5000000,0.1798318,3.1354239),(-8.5000000,0.1854526,3.1262396),(-8.5000000,0.1693857,3.0790247),(-8.5000000,0.1854526,3.1262396),(-8.5000000,0.1920953,3.1174587),(-8.5000000,0.1693857,3.0790247),(-8.5000000,0.1920953,3.1174587),(-8.5000000,0.1997599,3.1090813),(-8.5000000,0.1693857,3.0790247),(-8.5000000,0.1997599,3.1090813),(-8.5000000,0.2079471,3.1014415),(-8.5000000,0.1693857,3.0790247),(-8.5000000,0.2079471,3.1014415),(-8.5000000,0.2165808,3.0948203),(-8.5000000,0.1693857,3.0790247),(-8.5000000,0.2165808,3.0948203),(-8.5000000,0.2256610,3.0892177),(-8.5000000,0.1693857,3.0790247),(-8.5000000,0.2256610,3.0892177),(-8.5000000,0.2351876,3.0846338),(-8.5000000,0.1693857,3.0790247),(-8.5000000,0.2351876,3.0846338),(-8.5000000,0.2451608,3.0810686),(-8.5000000,0.1693857,3.0790247),(-8.5000000,0.2451608,3.0810686),(-8.5000000,0.2555804,3.0785220),(-8.5000000,0.1693857,3.0790247),(-8.5000000,0.2555804,3.0785220),(-8.5000000,0.2664465,3.0769940),(-8.5000000,0.3737102,3.0684827),(-8.5000000,0.1693857,3.0790247),(-8.5000000,0.2664465,3.0769940),(-8.5000000,0.3737102,3.0684827),(-8.5000000,0.2664465,3.0769940),(-8.5000000,0.2777591,3.0764847),(-8.5000000,0.3737102,3.0684827),(-8.5000000,0.2777591,3.0764847),(-8.5000000,0.2888732,3.0769907),(-8.5000000,0.3737102,3.0684827),(-8.5000000,0.2888732,3.0769907),(-8.5000000,0.2995674,3.0785087),(-8.5000000,0.3737102,3.0684827),(-8.5000000,0.2995674,3.0785087),(-8.5000000,0.3098415,3.0810388),(-8.5000000,0.3737102,3.0684827),(-8.5000000,0.3098415,3.0810388),(-8.5000000,0.3196955,3.0845809),(-8.5000000,0.3737102,3.0684827),(-8.5000000,0.3196955,3.0845809),(-8.5000000,0.3291296,3.0891351),(-8.5000000,0.3737102,3.0684827),(-8.5000000,0.3291296,3.0891351),(-8.5000000,0.3381436,3.0947012),(-8.5000000,0.3737102,3.0684827),(-8.5000000,0.3381436,3.0947012),(-8.5000000,0.3467376,3.1012794),(-8.5000000,0.3737102,3.0684827),(-8.5000000,0.3467376,3.1012794),(-8.5000000,0.3549116,3.1088697),(-8.5000000,0.3737102,3.0684827),(-8.5000000,0.3549116,3.1088697),(-8.5000000,0.3623778,3.1171759),(-8.5000000,0.3737102,3.0684827),(-8.5000000,0.3623778,3.1171759),(-8.5000000,0.3688485,3.1259022),(-8.5000000,0.3737102,3.0684827),(-8.5000000,0.3688485,3.1259022),(-8.5000000,0.3743237,3.1350485),(-8.5000000,0.3737102,3.0684827),(-8.5000000,0.3743237,3.1350485),(-8.5000000,0.3788035,3.1446149),(-8.5000000,0.3737102,3.0684827),(-8.5000000,0.3788035,3.1446149),(-8.5000000,0.3822877,3.1546012),(-8.5000000,0.3737102,3.0684827),(-8.5000000,0.3822877,3.1546012),(-8.5000000,0.3847764,3.1650076),(-8.5000000,0.3862697,3.1758341),(-8.5000000,0.3737102,3.0684827),(-8.5000000,0.3847764,3.1650076),(-8.5000000,1.2070022,3.4019486),(-8.5000000,1.2016841,3.4179030),(-8.5000000,1.2031922,3.4258934),(-8.5000000,1.2070022,3.4019486),(-8.5000000,1.2031922,3.4258934),(-8.5000000,1.2077166,3.4327197),(-8.5000000,1.2070022,3.4019486),(-8.5000000,1.2077166,3.4327197),(-8.5000000,1.2145428,3.4376409),(-8.5000000,1.2070022,3.4019486),(-8.5000000,1.2145428,3.4376409),(-8.5000000,1.2229566,3.4392813),(-8.5000000,1.2070022,3.4019486),(-8.5000000,1.2229566,3.4392813),(-8.5000000,1.4849999,3.4392813),(-8.5000000,1.2070022,3.4019486),(-8.5000000,1.4849999,3.4392813),(-8.5000000,1.4943132,3.4372440),(-8.5000000,1.2070022,3.4019486),(-8.5000000,1.4943132,3.4372440),(-8.5000000,1.5017216,3.4311322),(-8.5000000,1.2070022,3.4019486),(-8.5000000,1.5017216,3.4311322),(-8.5000000,1.5063782,3.4179030),(-8.5000000,1.2070022,3.4019486),(-8.5000000,1.5063782,3.4179030),(-8.5000000,1.5063782,3.4163155),(-8.5000000,1.2070022,3.4019486),(-8.5000000,1.5063782,3.4163155),(-8.5000000,1.5003457,3.4034038),(-8.5000000,1.2070022,3.4019486),(-8.5000000,1.5003457,3.4034038),(-8.5000000,1.4932285,3.3983238),(-8.5000000,1.2070022,3.4019486),(-8.5000000,1.4932285,3.3983238),(-8.5000000,1.4849999,3.3966305),(-8.5000000,1.2070022,3.4019486),(-8.5000000,1.4849999,3.3966305),(-8.5000000,1.3750391,3.3966305),(-8.5000000,1.3750391,3.3966305),(-8.5000000,1.3750391,3.0552122),(-8.5000000,1.3735045,3.0470101),(-8.5000000,1.3750391,3.3966305),(-8.5000000,1.3735045,3.0470101),(-8.5000000,1.3689007,3.0401838),(-8.5000000,1.3750391,3.3966305),(-8.5000000,1.3689007,3.0401838),(-8.5000000,1.3620745,3.0355801),(-8.5000000,1.3750391,3.3966305),(-8.5000000,1.3620745,3.0355801),(-8.5000000,1.3538724,3.0340455),(-8.5000000,1.3750391,3.3966305),(-8.5000000,1.3538724,3.0340455),(-8.5000000,1.3456703,3.0355801),(-8.5000000,1.3750391,3.3966305),(-8.5000000,1.3456703,3.0355801),(-8.5000000,1.3388441,3.0401838),(-8.5000000,1.3750391,3.3966305),(-8.5000000,1.3388441,3.0401838),(-8.5000000,1.3342403,3.0470101),(-8.5000000,1.3750391,3.3966305),(-8.5000000,1.3342403,3.0470101),(-8.5000000,1.3327057,3.0552122),(-8.5000000,1.3750391,3.3966305),(-8.5000000,1.3327057,3.0552122),(-8.5000000,1.3327057,3.3966305),(-8.5000000,1.2070022,3.4019486),(-8.5000000,1.3750391,3.3966305),(-8.5000000,1.3327057,3.3966305),(-8.5000000,1.2070022,3.4019486),(-8.5000000,1.3327057,3.3966305),(-8.5000000,1.2229566,3.3966305),(-8.5000000,1.2070022,3.4019486),(-8.5000000,1.2229566,3.3966305),(-8.5000000,1.2136499,3.3979600)));
#507=COMPLEX_TRIANGULATED_SURFACE_SET('surface set',#506,1758,(),(),(),((1,2,3),(4,5,6),(7,8,9),(10,11,12),(13,14,15),(16,17,18),(19,20,21),(22,23,24),(25,26,27),(28,29,30),(31,32,33),(34,35,36),(37,38,39),(40,41,42),(43,44,45),(46,47,48),(49,50,51),(52,53,54),(55,56,57),(58,59,60),(61,62,63),(64,65,66),(67,68,69),(70,71,72),(73,74,75),(76,77,78),(79,80,81),(82,83,84),(85,86,87),(88,89,90),(91,92,93),(94,95,96),(97,98,99),(100,101,102),(103,104,105),(106,107,108),(109,110,111),(112,113,114),(115,116,117),(118,119,120),(121,122,123),(124,125,126),(127,128,129),(130,131,132),(133,134,135),(136,137,138),(139,140,141),(142,143,144),(145,146,147),(148,149,150),(151,152,153),(154,155,156),(157,158,159),(160,161,162),(163,164,165),(166,167,168),(169,170,171),(172,173,174),(175,176,177),(178,179,180),(181,182,183),(184,185,186),(187,188,189),(190,191,192),(193,194,195),(196,197,198),(199,200,201),(202,203,204),(205,206,207),(208,209,210),(211,212,213),(214,215,216),(217,218,219),(220,221,222),(223,224,225),(226,227,228),(229,230,231),(232,233,234),(235,236,237),(238,239,240),(241,242,243),(244,245,246),(247,248,249),(250,251,252),(253,254,255),(256,257,258),(259,260,261),(262,263,264),(265,266,267),(268,269,270),(271,272,273),(274,275,276),(277,278,279),(280,281,282),(283,284,285),(286,287,288),(289,290,291),(292,293,294),(295,296,297),(298,299,300),(301,302,303),(304,305,306),(307,308,309),(310,311,312),(313,314,315),(316,317,318),(319,320,321),(322,323,324),(325,326,327),(328,329,330),(331,332,333),(334,335,336),(337,338,339),(340,341,342),(343,344,345),(346,347,348),(349,350,351),(352,353,354),(355,356,357),(358,359,360),(361,362,363),(364,365,366),(367,368,369),(370,371,372),(373,374,375),(376,377,378),(379,380,381),(382,383,384),(385,386,387),(388,389,390),(391,392,393),(394,395,396),(397,398,399),(400,401,402),(403,404,405),(406,407,408),(409,410,411),(412,413,414),(415,416,417),(418,419,420),(421,422,423),(424,425,426),(427,428,429),(430,431,432),(433,434,435),(436,437,438),(439,440,441),(442,443,444),(445,446,447),(448,449,450),(451,452,453),(454,455,456),(457,458,459),(460,461,462),(463,464,465),(466,467,468),(469,470,471),(472,473,474),(475,476,477),(478,479,480),(481,482,483),(484,485,486),(487,488,489),(490,491,492),(493,494,495),(496,497,498),(499,500,501),(502,503,504),(505,506,507),(508,509,510),(511,512,513),(514,515,516),(517,518,519),(520,521,522),(523,524,525),(526,527,528),(529,530,531),(532,533,534),(535,536,537),(538,539,540),(541,542,543),(544,545,546),(547,548,549),(550,551,552),(553,554,555),(556,557,558),(559,560,561),(562,563,564),(565,566,567),(568,569,570),(571,572,573),(574,575,576),(577,578,579),(580,581,582),(583,584,585),(586,587,588),(589,590,591),(592,593,594),(595,596,597),(598,599,600),(601,602,603),(604,605,606),(607,608,609),(610,611,612),(613,614,615),(616,617,618),(619,620,621),(622,623,624),(625,626,627),(628,629,630),(631,632,633),(634,635,636),(637,638,639),(640,641,642),(643,644,645),(646,647,648),(649,650,651),(652,653,654),(655,656,657),(658,659,660),(661,662,663),(664,665,666),(667,668,669),(670,671,672),(673,674,675),(676,677,678),(679,680,681),(682,683,684),(685,686,687),(688,689,690),(691,692,693),(694,695,696),(697,698,699),(700,701,702),(703,704,705),(706,707,708),(709,710,711),(712,713,714),(715,716,717),(718,719,720),(721,722,723),(724,725,726),(727,728,729),(730,731,732),(733,734,735),(736,737,738),(739,740,741),(742,743,744),(745,746,747),(748,749,750),(751,752,753),(754,755,756),(757,758,759),(760,761,762),(763,764,765),(766,767,768),(769,770,771),(772,773,774),(775,776,777),(778,779,780),(781,782,783),(784,785,786),(787,788,789),(790,791,792),(793,794,795),(796,797,798),(799,800,801),(802,803,804),(805,806,807),(808,809,810),(811,812,813),(814,815,816),(817,818,819),(820,821,822),(823,824,825),(826,827,828),(829,830,831),(832,833,834),(835,836,837),(838,839,840),(841,842,843),(844,845,846),(847,848,849),(850,851,852),(853,854,855),(856,857,858),(859,860,861),(862,863,864),(865,866,867),(868,869,870),(871,872,873),(874,875,876),(877,878,879),(880,881,882),(883,884,885),(886,887,888),(889,890,891),(892,893,894),(895,896,897),(898,899,900),(901,902,903),(904,905,906),(907,908,909),(910,911,912),(913,914,915),(916,917,918),(919,920,921),(922,923,924),(925,926,927),(928,929,930),(931,932,933),(934,935,936),(937,938,939),(940,941,942),(943,944,945),(946,947,948),(949,950,951),(952,953,954),(955,956,957),(958,959,960),(961,962,963),(964,965,966),(967,968,969),(970,971,972),(973,974,975),(976,977,978),(979,980,981),(982,983,984),(985,986,987),(988,989,990),(991,992,993),(994,995,996),(997,998,999),(1000,1001,1002),(1003,1004,1005),(1006,1007,1008),(1009,1010,1011),(1012,1013,1014),(1015,1016,1017),(1018,1019,1020),(1021,1022,1023),(1024,1025,1026),(1027,1028,1029),(1030,1031,1032),(1033,1034,1035),(1036,1037,1038),(1039,1040,1041),(1042,1043,1044),(1045,1046,1047),(1048,1049,1050),(1051,1052,1053),(1054,1055,1056),(1057,1058,1059),(1060,1061,1062),(1063,1064,1065),(1066,1067,1068),(1069,1070,1071),(1072,1073,1074),(1075,1076,1077),(1078,1079,1080),(1081,1082,1083),(1084,1085,1086),(1087,1088,1089),(1090,1091,1092),(1093,1094,1095),(1096,1097,1098),(1099,1100,1101),(1102,1103,1104),(1105,1106,1107),(1108,1109,1110),(1111,1112,1113),(1114,1115,1116),(1117,1118,1119),(1120,1121,1122),(1123,1124,1125),(1126,1127,1128),(1129,1130,1131),(1132,1133,1134),(1135,1136,1137),(1138,1139,1140),(1141,1142,1143),(1144,1145,1146),(1147,1148,1149),(1150,1151,1152),(1153,1154,1155),(1156,1157,1158),(1159,1160,1161),(1162,1163,1164),(1165,1166,1167),(1168,1169,1170),(1171,1172,1173),(1174,1175,1176),(1177,1178,1179),(1180,1181,1182),(1183,1184,1185),(1186,1187,1188),(1189,1190,1191),(1192,1193,1194),(1195,1196,1197),(1198,1199,1200),(1201,1202,1203),(1204,1205,1206),(1207,1208,1209),(1210,1211,1212),(1213,1214,1215),(1216,1217,1218),(1219,1220,1221),(1222,1223,1224),(1225,1226,1227),(1228,1229,1230),(1231,1232,1233),(1234,1235,1236),(1237,1238,1239),(1240,1241,1242),(1243,1244,1245),(1246,1247,1248),(1249,1250,1251),(1252,1253,1254),(1255,1256,1257),(1258,1259,1260),(1261,1262,1263),(1264,1265,1266),(1267,1268,1269),(1270,1271,1272),(1273,1274,1275),(1276,1277,1278),(1279,1280,1281),(1282,1283,1284),(1285,1286,1287),(1288,1289,1290),(1291,1292,1293),(1294,1295,1296),(1297,1298,1299),(1300,1301,1302),(1303,1304,1305),(1306,1307,1308),(1309,1310,1311),(1312,1313,1314),(1315,1316,1317),(1318,1319,1320),(1321,1322,1323),(1324,1325,1326),(1327,1328,1329),(1330,1331,1332),(1333,1334,1335),(1336,1337,1338),(1339,1340,1341),(1342,1343,1344),(1345,1346,1347),(1348,1349,1350),(1351,1352,1353),(1354,1355,1356),(1357,1358,1359),(1360,1361,1362),(1363,1364,1365),(1366,1367,1368),(1369,1370,1371),(1372,1373,1374),(1375,1376,1377),(1378,1379,1380),(1381,1382,1383),(1384,1385,1386),(1387,1388,1389),(1390,1391,1392),(1393,1394,1395),(1396,1397,1398),(1399,1400,1401),(1402,1403,1404),(1405,1406,1407),(1408,1409,1410),(1411,1412,1413),(1414,1415,1416),(1417,1418,1419),(1420,1421,1422),(1423,1424,1425),(1426,1427,1428),(1429,1430,1431),(1432,1433,1434),(1435,1436,1437),(1438,1439,1440),(1441,1442,1443),(1444,1445,1446),(1447,1448,1449),(1450,1451,1452),(1453,1454,1455),(1456,1457,1458),(1459,1460,1461),(1462,1463,1464),(1465,1466,1467),(1468,1469,1470),(1471,1472,1473),(1474,1475,1476),(1477,1478,1479),(1480,1481,1482),(1483,1484,1485),(1486,1487,1488),(1489,1490,1491),(1492,1493,1494),(1495,1496,1497),(1498,1499,1500),(1501,1502,1503),(1504,1505,1506),(1507,1508,1509),(1510,1511,1512),(1513,1514,1515),(1516,1517,1518),(1519,1520,1521),(1522,1523,1524),(1525,1526,1527),(1528,1529,1530),(1531,1532,1533),(1534,1535,1536),(1537,1538,1539),(1540,1541,1542),(1543,1544,1545),(1546,1547,1548),(1549,1550,1551),(1552,1553,1554),(1555,1556,1557),(1558,1559,1560),(1561,1562,1563),(1564,1565,1566),(1567,1568,1569),(1570,1571,1572),(1573,1574,1575),(1576,1577,1578),(1579,1580,1581),(1582,1583,1584),(1585,1586,1587),(1588,1589,1590),(1591,1592,1593),(1594,1595,1596),(1597,1598,1599),(1600,1601,1602),(1603,1604,1605),(1606,1607,1608),(1609,1610,1611),(1612,1613,1614),(1615,1616,1617),(1618,1619,1620),(1621,1622,1623),(1624,1625,1626),(1627,1628,1629),(1630,1631,1632),(1633,1634,1635),(1636,1637,1638),(1639,1640,1641),(1642,1643,1644),(1645,1646,1647),(1648,1649,1650),(1651,1652,1653),(1654,1655,1656),(1657,1658,1659),(1660,1661,1662),(1663,1664,1665),(1666,1667,1668),(1669,1670,1671),(1672,1673,1674),(1675,1676,1677),(1678,1679,1680),(1681,1682,1683),(1684,1685,1686),(1687,1688,1689),(1690,1691,1692),(1693,1694,1695),(1696,1697,1698),(1699,1700,1701),(1702,1703,1704),(1705,1706,1707),(1708,1709,1710),(1711,1712,1713),(1714,1715,1716),(1717,1718,1719),(1720,1721,1722),(1723,1724,1725),(1726,1727,1728),(1729,1730,1731),(1732,1733,1734),(1735,1736,1737),(1738,1739,1740),(1741,1742,1743),(1744,1745,1746),(1747,1748,1749),(1750,1751,1752),(1753,1754,1755),(1756,1757,1758)));
#508=TESSELLATED_GEOMETRIC_SET('hole callout',(#507));
#509=COORDINATES_LIST('coordinates',5,((-8.5000000,2.7196699,2.7803301),(-8.5000000,0.1247241,2.7803301),(-8.5000000,5.4696699,0.5303301),(-8.5000000,3.2196699,2.7803301),(-8.5000000,2.7196699,2.7803301)));
#510=TESSELLATED_CURVE_SET('curve set',#509,((1,2),(3,4,5)));
#511=TESSELLATED_GEOMETRIC_SET('hole callout',(#510));
#512=TESSELLATED_ANNOTATION_OCCURRENCE('hole callout',(#505),#508);
#513=TESSELLATED_ANNOTATION_OCCURRENCE('hole callout',(#505),#511);
#514=DRAUGHTING_CALLOUT('hole callout',(#512,#513));
#515=DRAUGHTING_MODEL_ITEM_ASSOCIATION('','',#474,#456,#514);
#516=DRAUGHTING_MODEL_ITEM_ASSOCIATION('','',#472,#456,#514);
ENDSEC;
END-ISO-10303-21;
