ISO-10303-21;
HEADER;
/* Generated by software containing ST-Developer
 * from STEP Tools, Inc. (www.steptools.com) 
 */
/* OPTION: using custom renumber hook */

FILE_DESCRIPTION(
/* description */ ('STEP AP242 Edition 2',
'CAx-IF Rec.Pracs.---Representation and Presentation of Product Manufa
cturing Information (PMI)---4.0---2014-10-13',
'CAx-IF Rec.Pracs.---3D Tessellated Geometry---0.4---2014-09-14','2;1',
'CAx-IF Rec.Pracs.---User Defined Attributes---1.5---2016-08-15'),
/* implementation_level */ '2;1');

FILE_NAME(
/* name */ '69c697b9c97b32609a42366a',
/* time_stamp */ '2026-03-27T14:44:09Z',
/* author */ (''),
/* organization */ (''),
/* preprocessor_version */ 'ST-DEVELOPER v20',
/* originating_system */ 'ONSHAPE BY PTC INC, 1.212',
/* authorisation */ '  ');

FILE_SCHEMA (('AP242_MANAGED_MODEL_BASED_3D_ENGINEERING_MIM_LF { 1 0 10303 442 3 1 4 }'));
ENDSEC;

DATA;
#10=CONTEXT_DEPENDENT_SHAPE_REPRESENTATION(#16,#8410);
#11=CONTEXT_DEPENDENT_SHAPE_REPRESENTATION(#17,#8412);
#12=CONTEXT_DEPENDENT_SHAPE_REPRESENTATION(#18,#8413);
#13=NEXT_ASSEMBLY_USAGE_OCCURRENCE('NAUO1','#servo_MG996R',
'#servo_MG996R',#8415,#8416,'');
#14=NEXT_ASSEMBLY_USAGE_OCCURRENCE('NAUO2','azimut_base','azimut_base',
#8415,#8417,'');
#15=NEXT_ASSEMBLY_USAGE_OCCURRENCE('NAUO3','Azimut <1>','Azimut <1>',#8414,
#8415,'');
#16=(
REPRESENTATION_RELATIONSHIP(' ',' ',#4070,#4069)
REPRESENTATION_RELATIONSHIP_WITH_TRANSFORMATION(#19)
SHAPE_REPRESENTATION_RELATIONSHIP()
);
#17=(
REPRESENTATION_RELATIONSHIP(' ',' ',#4071,#4069)
REPRESENTATION_RELATIONSHIP_WITH_TRANSFORMATION(#20)
SHAPE_REPRESENTATION_RELATIONSHIP()
);
#18=(
REPRESENTATION_RELATIONSHIP(' ',' ',#4069,#4068)
REPRESENTATION_RELATIONSHIP_WITH_TRANSFORMATION(#21)
SHAPE_REPRESENTATION_RELATIONSHIP()
);
#19=ITEM_DEFINED_TRANSFORMATION(' ',' ',#4072,#4328);
#20=ITEM_DEFINED_TRANSFORMATION(' ',' ',#4072,#4355);
#21=ITEM_DEFINED_TRANSFORMATION(' ',' ',#4072,#4356);
#22=SHAPE_REPRESENTATION_RELATIONSHIP('','',#4070,#24);
#23=SHAPE_REPRESENTATION_RELATIONSHIP('','',#4071,#25);
#24=ADVANCED_BREP_SHAPE_REPRESENTATION('',(#4062),#8398);
#25=ADVANCED_BREP_SHAPE_REPRESENTATION('',(#4063),#8399);
#26=ELLIPSE('',#4238,0.4,0.28284271247462);
#27=ELLIPSE('',#4239,0.4,0.28284271247462);
#28=ELLIPSE('',#4243,0.4,0.28284271247462);
#29=ELLIPSE('',#4244,0.4,0.28284271247462);
#30=ELLIPSE('',#4248,0.4,0.28284271247462);
#31=ELLIPSE('',#4249,0.4,0.28284271247462);
#32=ELLIPSE('',#4253,0.4,0.28284271247462);
#33=ELLIPSE('',#4254,0.4,0.28284271247462);
#34=B_SPLINE_SURFACE_WITH_KNOTS('',3,1,((#5400,#5401),(#5402,#5403),(#5404,
#5405),(#5406,#5407),(#5408,#5409)),.SURF_OF_LINEAR_EXTRUSION.,.F.,.F.,
 .F.,(4,1,4),(2,2),(3.63525088299545E-10,0.499998767056884,0.999997533750242),
(0.,1.),.UNSPECIFIED.);
#35=B_SPLINE_SURFACE_WITH_KNOTS('',3,1,((#5433,#5434),(#5435,#5436),(#5437,
#5438),(#5439,#5440),(#5441,#5442)),.SURF_OF_LINEAR_EXTRUSION.,.F.,.F.,
 .F.,(4,1,4),(2,2),(-2.37596658982776E-6,0.499998811509334,0.999999998985257),
(0.,1.),.UNSPECIFIED.);
#36=B_SPLINE_SURFACE_WITH_KNOTS('',3,1,((#5483,#5484),(#5485,#5486),(#5487,
#5488),(#5489,#5490),(#5491,#5492),(#5493,#5494),(#5495,#5496),(#5497,#5498),
(#5499,#5500),(#5501,#5502),(#5503,#5504)),.SURF_OF_LINEAR_EXTRUSION.,.F.,
 .F.,.F.,(4,1,1,1,1,1,1,1,4),(2,2),(-2.12431756446636E-8,0.1762577548178,
0.338434413880475,0.484822050787836,0.617157578266331,0.734698360612476,
0.837385183832359,0.926372420929583,1.00000009454049),(0.,1.),
 .UNSPECIFIED.);
#37=B_SPLINE_SURFACE_WITH_KNOTS('',3,1,((#5530,#5531),(#5532,#5533),(#5534,
#5535),(#5536,#5537),(#5538,#5539),(#5540,#5541),(#5542,#5543),(#5544,#5545),
(#5546,#5547),(#5548,#5549),(#5550,#5551),(#5552,#5553),(#5554,#5555),(#5556,
#5557),(#5558,#5559),(#5560,#5561),(#5562,#5563),(#5564,#5565),(#5566,#5567)),
 .SURF_OF_LINEAR_EXTRUSION.,.F.,.F.,.F.,(4,1,1,1,1,1,1,1,1,1,1,1,1,1,1,
1,4),(2,2),(4.23316520068648E-9,0.0642108050223224,0.127051819273505,0.188726792758088,
0.24910867966144,0.30989711114641,0.370265578361429,0.430668930564747,0.492744590667093,
0.554114031997297,0.61572591624179,0.676828089692438,0.738463639969609,
0.80133559006821,0.86519718694107,0.931647751439548,0.999999996886877),
(0.,1.),.UNSPECIFIED.);
#38=B_SPLINE_SURFACE_WITH_KNOTS('',3,1,((#5609,#5610),(#5611,#5612),(#5613,
#5614),(#5615,#5616),(#5617,#5618),(#5619,#5620),(#5621,#5622),(#5623,#5624),
(#5625,#5626),(#5627,#5628),(#5629,#5630),(#5631,#5632),(#5633,#5634),(#5635,
#5636),(#5637,#5638),(#5639,#5640),(#5641,#5642),(#5643,#5644),(#5645,#5646)),
 .SURF_OF_LINEAR_EXTRUSION.,.F.,.F.,.F.,(4,1,1,1,1,1,1,1,1,1,1,1,1,1,1,
1,4),(2,2),(6.59720206941253E-9,0.0787751416419552,0.153710704611921,0.226698870982696,
0.299171820326584,0.371165995644641,0.442977769501571,0.516334013008727,
0.592857108024116,0.633510180405672,0.676623616987174,0.722915422371309,
0.771971354383628,0.823829257316891,0.879386450019196,0.937952131613018,
0.999999999559762),(0.,1.),.UNSPECIFIED.);
#39=B_SPLINE_SURFACE_WITH_KNOTS('',3,1,((#5809,#5810),(#5811,#5812),(#5813,
#5814),(#5815,#5816),(#5817,#5818)),.SURF_OF_LINEAR_EXTRUSION.,.F.,.F.,
 .F.,(4,1,4),(2,2),(7.59987888048008E-9,0.499998144897275,0.999996282194671),
(0.,1.),.UNSPECIFIED.);
#40=B_SPLINE_SURFACE_WITH_KNOTS('',3,1,((#5842,#5843),(#5844,#5845),(#5846,
#5847),(#5848,#5849),(#5850,#5851)),.SURF_OF_LINEAR_EXTRUSION.,.F.,.F.,
 .F.,(4,1,4),(2,2),(-3.70368068660511E-6,0.499996256569366,0.999996216819418),
(0.,1.),.UNSPECIFIED.);
#41=B_SPLINE_SURFACE_WITH_KNOTS('',3,1,((#5873,#5874),(#5875,#5876),(#5877,
#5878),(#5879,#5880),(#5881,#5882)),.SURF_OF_LINEAR_EXTRUSION.,.F.,.F.,
 .F.,(4,1,4),(2,2),(-3.80767819920945E-6,0.499996193666256,0.999996195010711),
(0.,1.),.UNSPECIFIED.);
#42=B_SPLINE_SURFACE_WITH_KNOTS('',3,1,((#5904,#5905),(#5906,#5907),(#5908,
#5909),(#5910,#5911),(#5912,#5913)),.SURF_OF_LINEAR_EXTRUSION.,.F.,.F.,
 .F.,(4,1,4),(2,2),(-3.67040196949658E-6,0.499998159372114,0.999999989146198),
(0.,1.),.UNSPECIFIED.);
#43=B_SPLINE_SURFACE_WITH_KNOTS('',3,1,((#5957,#5958),(#5959,#5960),(#5961,
#5962),(#5963,#5964),(#5965,#5966)),.SURF_OF_LINEAR_EXTRUSION.,.F.,.F.,
 .F.,(4,1,4),(2,2),(6.20216203049164E-6,0.500004285787778,1.00000236941353),
(0.,1.),.UNSPECIFIED.);
#44=B_SPLINE_SURFACE_WITH_KNOTS('',3,1,((#6008,#6009),(#6010,#6011),(#6012,
#6013),(#6014,#6015),(#6016,#6017)),.SURF_OF_LINEAR_EXTRUSION.,.F.,.F.,
 .F.,(4,1,4),(2,2),(2.28349992093436E-6,0.500002190070399,1.00000209664088),
(0.,1.),.UNSPECIFIED.);
#45=B_SPLINE_SURFACE_WITH_KNOTS('',3,1,((#6051,#6052),(#6053,#6054),(#6055,
#6056),(#6057,#6058),(#6059,#6060)),.SURF_OF_LINEAR_EXTRUSION.,.F.,.F.,
 .F.,(4,1,4),(2,2),(2.15847329761614E-6,0.500002102708948,1.0000020469446),
(0.,1.),.UNSPECIFIED.);
#46=B_SPLINE_SURFACE_WITH_KNOTS('',3,1,((#6094,#6095),(#6096,#6097),(#6098,
#6099),(#6100,#6101)),.SURF_OF_LINEAR_EXTRUSION.,.F.,.F.,.F.,(4,4),(2,2),
(3.13090800728293E-6,0.999999998928256),(0.,1.),
 .PIECEWISE_BEZIER_KNOTS.);
#47=B_SPLINE_SURFACE_WITH_KNOTS('',3,1,((#6220,#6221),(#6222,#6223),(#6224,
#6225),(#6226,#6227),(#6228,#6229)),.SURF_OF_LINEAR_EXTRUSION.,.F.,.F.,
 .F.,(4,1,4),(2,2),(-6.10993589944704E-6,0.499995072928847,0.999996255793593),
(0.,1.),.UNSPECIFIED.);
#48=B_SPLINE_SURFACE_WITH_KNOTS('',3,1,((#6253,#6254),(#6255,#6256),(#6257,
#6258),(#6259,#6260),(#6261,#6262)),.SURF_OF_LINEAR_EXTRUSION.,.F.,.F.,
 .F.,(4,1,4),(2,2),(-3.72188076883487E-6,0.499996361178755,0.99999644423828),
(0.,1.),.UNSPECIFIED.);
#49=B_SPLINE_SURFACE_WITH_KNOTS('',3,1,((#6284,#6285),(#6286,#6287),(#6288,
#6289),(#6290,#6291),(#6292,#6293)),.SURF_OF_LINEAR_EXTRUSION.,.F.,.F.,
 .F.,(4,1,4),(2,2),(-3.59614291685028E-6,0.499995224587183,0.999994045317284),
(0.,1.),.UNSPECIFIED.);
#50=B_SPLINE_SURFACE_WITH_KNOTS('',3,1,((#6315,#6316),(#6317,#6318),(#6319,
#6320),(#6321,#6322),(#6323,#6324)),.SURF_OF_LINEAR_EXTRUSION.,.F.,.F.,
 .F.,(4,1,4),(2,2),(-5.72597707386596E-6,0.499994138233977,0.999994002445027),
(0.,1.),.UNSPECIFIED.);
#51=B_SPLINE_SURFACE_WITH_KNOTS('',3,1,((#6368,#6369),(#6370,#6371),(#6372,
#6373),(#6374,#6375),(#6376,#6377)),.SURF_OF_LINEAR_EXTRUSION.,.F.,.F.,
 .F.,(4,1,4),(2,2),(4.87779883854845E-6,0.500003682864366,1.00000248792989),
(0.,1.),.UNSPECIFIED.);
#52=B_SPLINE_SURFACE_WITH_KNOTS('',3,1,((#6419,#6420),(#6421,#6422),(#6423,
#6424),(#6425,#6426),(#6427,#6428)),.SURF_OF_LINEAR_EXTRUSION.,.F.,.F.,
 .F.,(4,1,4),(2,2),(2.41657161026351E-6,0.500002172258223,1.00000192794484),
(0.,1.),.UNSPECIFIED.);
#53=B_SPLINE_SURFACE_WITH_KNOTS('',3,1,((#6462,#6463),(#6464,#6465),(#6466,
#6467),(#6468,#6469),(#6470,#6471),(#6472,#6473),(#6474,#6475),(#6476,#6477),
(#6478,#6479),(#6480,#6481),(#6482,#6483),(#6484,#6485),(#6486,#6487),(#6488,
#6489),(#6490,#6491)),.SURF_OF_LINEAR_EXTRUSION.,.F.,.F.,.F.,(4,1,1,1,1,
1,1,1,1,1,1,1,4),(2,2),(0.,0.0855281101613693,0.168995484175148,0.252323187628946,
0.33605803543852,0.419435720932291,0.501288207874551,0.583722398088555,
0.668015875718371,0.751930254444816,0.834605441668685,0.916529570121707,
1.),(0.,1.),.UNSPECIFIED.);
#54=B_SPLINE_SURFACE_WITH_KNOTS('',3,1,((#6525,#6526),(#6527,#6528),(#6529,
#6530),(#6531,#6532)),.SURF_OF_LINEAR_EXTRUSION.,.F.,.F.,.F.,(4,4),(2,2),
(2.95982091437758E-6,0.99999999969805),(0.,1.),.PIECEWISE_BEZIER_KNOTS.);
#55=B_SPLINE_SURFACE_WITH_KNOTS('',3,1,((#6651,#6652),(#6653,#6654),(#6655,
#6656),(#6657,#6658),(#6659,#6660)),.SURF_OF_LINEAR_EXTRUSION.,.F.,.F.,
 .F.,(4,1,4),(2,2),(-6.10993594254524E-6,0.499995072928761,0.999996255793465),
(0.,1.),.UNSPECIFIED.);
#56=B_SPLINE_SURFACE_WITH_KNOTS('',3,1,((#6684,#6685),(#6686,#6687),(#6688,
#6689),(#6690,#6691),(#6692,#6693)),.SURF_OF_LINEAR_EXTRUSION.,.F.,.F.,
 .F.,(4,1,4),(2,2),(-3.72188089691952E-6,0.499996361178706,0.999996444238308),
(0.,1.),.UNSPECIFIED.);
#57=B_SPLINE_SURFACE_WITH_KNOTS('',3,1,((#6715,#6716),(#6717,#6718),(#6719,
#6720),(#6721,#6722),(#6723,#6724)),.SURF_OF_LINEAR_EXTRUSION.,.F.,.F.,
 .F.,(4,1,4),(2,2),(-3.5961428881687E-6,0.499995224587197,0.999994045317282),
(0.,1.),.UNSPECIFIED.);
#58=B_SPLINE_SURFACE_WITH_KNOTS('',3,1,((#6746,#6747),(#6748,#6749),(#6750,
#6751),(#6752,#6753),(#6754,#6755)),.SURF_OF_LINEAR_EXTRUSION.,.F.,.F.,
 .F.,(4,1,4),(2,2),(-5.72597707529334E-6,0.499994138233955,0.999994002444985),
(0.,1.),.UNSPECIFIED.);
#59=B_SPLINE_SURFACE_WITH_KNOTS('',3,1,((#6799,#6800),(#6801,#6802),(#6803,
#6804),(#6805,#6806),(#6807,#6808)),.SURF_OF_LINEAR_EXTRUSION.,.F.,.F.,
 .F.,(4,1,4),(2,2),(4.8777988368388E-6,0.500003682864365,1.00000248792989),
(0.,1.),.UNSPECIFIED.);
#60=B_SPLINE_SURFACE_WITH_KNOTS('',3,1,((#6850,#6851),(#6852,#6853),(#6854,
#6855),(#6856,#6857),(#6858,#6859)),.SURF_OF_LINEAR_EXTRUSION.,.F.,.F.,
 .F.,(4,1,4),(2,2),(2.41657161032865E-6,0.500002172258223,1.00000192794484),
(0.,1.),.UNSPECIFIED.);
#61=B_SPLINE_SURFACE_WITH_KNOTS('',3,1,((#6893,#6894),(#6895,#6896),(#6897,
#6898),(#6899,#6900),(#6901,#6902),(#6903,#6904),(#6905,#6906),(#6907,#6908),
(#6909,#6910),(#6911,#6912),(#6913,#6914),(#6915,#6916),(#6917,#6918),(#6919,
#6920),(#6921,#6922)),.SURF_OF_LINEAR_EXTRUSION.,.F.,.F.,.F.,(4,1,1,1,1,
1,1,1,1,1,1,1,4),(2,2),(0.,0.0855281101613692,0.168995484175148,0.252323187628946,
0.33605803543852,0.419435720932291,0.501288207874551,0.583722398088555,
0.668015875718371,0.751930254444816,0.834605441668685,0.916529570121707,
1.),(0.,1.),.UNSPECIFIED.);
#62=B_SPLINE_SURFACE_WITH_KNOTS('',3,1,((#6956,#6957),(#6958,#6959),(#6960,
#6961),(#6962,#6963)),.SURF_OF_LINEAR_EXTRUSION.,.F.,.F.,.F.,(4,4),(2,2),
(2.95982093029928E-6,0.99999999969805),(0.,1.),.PIECEWISE_BEZIER_KNOTS.);
#63=B_SPLINE_SURFACE_WITH_KNOTS('',3,1,((#7197,#7198),(#7199,#7200),(#7201,
#7202),(#7203,#7204),(#7205,#7206),(#7207,#7208),(#7209,#7210),(#7211,#7212),
(#7213,#7214),(#7215,#7216),(#7217,#7218)),.SURF_OF_LINEAR_EXTRUSION.,.F.,
 .F.,.F.,(4,1,1,1,1,1,1,1,4),(2,2),(6.35790353562883E-9,0.112511670579949,
0.227863475152539,0.347727656909098,0.472918009400144,0.601080438554044,
0.730968361661094,0.863494314956352,0.999999997395915),(0.,1.),
 .UNSPECIFIED.);
#64=B_SPLINE_SURFACE_WITH_KNOTS('',3,1,((#7232,#7233),(#7234,#7235),(#7236,
#7237),(#7238,#7239),(#7240,#7241),(#7242,#7243),(#7244,#7245),(#7246,#7247),
(#7248,#7249),(#7250,#7251),(#7252,#7253),(#7254,#7255),(#7256,#7257),(#7258,
#7259),(#7260,#7261),(#7262,#7263),(#7264,#7265),(#7266,#7267),(#7268,#7269),
(#7270,#7271),(#7272,#7273),(#7274,#7275),(#7276,#7277),(#7278,#7279),(#7280,
#7281),(#7282,#7283),(#7284,#7285)),.SURF_OF_LINEAR_EXTRUSION.,.F.,.F.,
 .F.,(4,1,1,1,1,1,1,1,1,1,1,1,1,1,1,1,1,1,1,1,1,1,1,1,4),(2,2),(7.1042029186463E-10,
0.039904869824219,0.079378845878583,0.118957678402017,0.158217767864805,
0.197919864944577,0.238236960257586,0.278800025361009,0.320315594482637,
0.362024075010334,0.403615237765369,0.444882056950139,0.486448037102679,
0.528297490326077,0.570423331451858,0.613434662150063,0.657364294939493,
0.701354466284008,0.744485320963257,0.787464181085391,0.829905746028289,
0.872261906065075,0.91441570029511,0.957152286425663,0.999999998295818),
(0.,1.),.UNSPECIFIED.);
#65=B_SPLINE_SURFACE_WITH_KNOTS('',3,1,((#7315,#7316),(#7317,#7318),(#7319,
#7320),(#7321,#7322),(#7323,#7324),(#7325,#7326),(#7327,#7328),(#7329,#7330),
(#7331,#7332),(#7333,#7334),(#7335,#7336),(#7337,#7338),(#7339,#7340),(#7341,
#7342),(#7343,#7344),(#7345,#7346),(#7347,#7348),(#7349,#7350),(#7351,#7352),
(#7353,#7354),(#7355,#7356),(#7357,#7358),(#7359,#7360),(#7361,#7362),(#7363,
#7364),(#7365,#7366),(#7367,#7368)),.SURF_OF_LINEAR_EXTRUSION.,.F.,.F.,
 .F.,(4,1,1,1,1,1,1,1,1,1,1,1,1,1,1,1,1,1,1,1,1,1,1,1,4),(2,2),(1.50655095294144E-9,
0.045476552477668,0.090266750374484,0.134473690852064,0.17833568019126,
0.221626773315702,0.264845974179426,0.308266724319247,0.351584516190458,
0.394700277498729,0.437150686846094,0.478716576119411,0.52015662575624,
0.560891248920916,0.601905804907391,0.642967963577991,0.68431940837777,
0.725438811440413,0.765723673342679,0.805366075015241,0.84465592217638,
0.883350697584091,0.922119585206688,0.961006553539096,0.999999999457679),
(0.,1.),.UNSPECIFIED.);
#66=B_SPLINE_SURFACE_WITH_KNOTS('',3,1,((#7398,#7399),(#7400,#7401),(#7402,
#7403),(#7404,#7405),(#7406,#7407),(#7408,#7409),(#7410,#7411),(#7412,#7413),
(#7414,#7415),(#7416,#7417),(#7418,#7419),(#7420,#7421),(#7422,#7423),(#7424,
#7425),(#7426,#7427),(#7428,#7429),(#7430,#7431),(#7432,#7433),(#7434,#7435)),
 .SURF_OF_LINEAR_EXTRUSION.,.F.,.F.,.F.,(4,1,1,1,1,1,1,1,1,1,1,1,1,1,1,
1,4),(2,2),(2.80537317314974E-9,0.061510585208335,0.121734675916057,0.18051595069958,
0.23926794015842,0.297398114041318,0.356664974936594,0.417130384182719,
0.47932693252996,0.542221959896988,0.604686122002084,0.667353413248803,
0.730550812202898,0.795075969445893,0.861302112761354,0.929367755612273,
0.999999998152294),(0.,1.),.UNSPECIFIED.);
#67=B_SPLINE_SURFACE_WITH_KNOTS('',3,1,((#7469,#7470),(#7471,#7472),(#7473,
#7474),(#7475,#7476),(#7477,#7478),(#7479,#7480),(#7481,#7482),(#7483,#7484),
(#7485,#7486),(#7487,#7488),(#7489,#7490),(#7491,#7492),(#7493,#7494),(#7495,
#7496),(#7497,#7498),(#7499,#7500),(#7501,#7502),(#7503,#7504),(#7505,#7506)),
 .SURF_OF_LINEAR_EXTRUSION.,.F.,.F.,.F.,(4,1,1,1,1,1,1,1,1,1,1,1,1,1,1,
1,4),(2,2),(1.32235261352086E-9,0.071272277891841,0.139492722424175,0.204635418715339,
0.267405740386264,0.328445597526984,0.388397163141541,0.447733931258266,
0.507391621231218,0.566767555363435,0.625478337516418,0.684066505918797,
0.743248445815341,0.804033357398258,0.866498750699673,0.931723237984159,
0.999999998588593),(0.,1.),.UNSPECIFIED.);
#68=B_SPLINE_SURFACE_WITH_KNOTS('',3,1,((#7528,#7529),(#7530,#7531),(#7532,
#7533),(#7534,#7535),(#7536,#7537)),.SURF_OF_LINEAR_EXTRUSION.,.F.,.F.,
 .F.,(4,1,4),(2,2),(8.12170112385975E-10,0.499998149552713,0.999996298293255),
(0.,1.),.UNSPECIFIED.);
#69=B_SPLINE_SURFACE_WITH_KNOTS('',3,1,((#7569,#7570),(#7571,#7572),(#7573,
#7574),(#7575,#7576),(#7577,#7578)),.SURF_OF_LINEAR_EXTRUSION.,.F.,.F.,
 .F.,(4,1,4),(2,2),(-5.38803636290232E-7,0.499999730003793,0.999999998811223),
(0.,1.),.UNSPECIFIED.);
#70=B_SPLINE_SURFACE_WITH_KNOTS('',3,1,((#7611,#7612),(#7613,#7614),(#7615,
#7616),(#7617,#7618),(#7619,#7620),(#7621,#7622),(#7623,#7624),(#7625,#7626),
(#7627,#7628),(#7629,#7630),(#7631,#7632),(#7633,#7634),(#7635,#7636),(#7637,
#7638),(#7639,#7640),(#7641,#7642),(#7643,#7644),(#7645,#7646),(#7647,#7648)),
 .SURF_OF_LINEAR_EXTRUSION.,.F.,.F.,.F.,(4,1,1,1,1,1,1,1,1,1,1,1,1,1,1,
1,4),(2,2),(8.31683575821367E-10,0.0616172070006677,0.122179680691624,0.182217045778756,
0.241473347782719,0.300957081186861,0.359966344541048,0.419030446122275,
0.478066466194693,0.537990615231128,0.598958523904521,0.661319637803069,
0.725246399814785,0.791219265793767,0.858745370808764,0.928317276403441,
0.999999999080391),(0.,1.),.UNSPECIFIED.);
#71=B_SPLINE_CURVE_WITH_KNOTS('',3,(#5361,#5362,#5363,#5364,#5365,#5366,
#5367,#5368,#5369,#5370,#5371,#5372,#5373,#5374,#5375,#5376,#5377,#5378,
#5379),.UNSPECIFIED.,.F.,.F.,(4,1,1,1,1,1,1,1,1,1,1,1,1,1,1,1,4),(0.,0.0716629706079346,
0.138903247758228,0.201170031499865,0.259105702761956,0.312232476434027,
0.360655445110533,0.405056869932044,0.445069493488068,0.518740291208595,
0.589418981815623,0.658414658461388,0.727587276472125,0.796337205583,0.86318478082236,
0.930954370904666,1.),.UNSPECIFIED.);
#72=B_SPLINE_CURVE_WITH_KNOTS('',3,(#5381,#5382,#5383,#5384,#5385,#5386,
#5387,#5388,#5389,#5390,#5391,#5392,#5393,#5394,#5395,#5396,#5397,#5398,
#5399),.UNSPECIFIED.,.F.,.F.,(4,1,1,1,1,1,1,1,1,1,1,1,1,1,1,1,4),(0.,0.0688000963413577,
0.136336686358279,0.203757017634545,0.272787155787193,0.342622323615256,
0.411089038045841,0.479278287008668,0.549403054126503,0.587738712032065,
0.6307249325567,0.678947097036436,0.732558639950927,0.791154526052615,0.855313051097196,
0.92510139681619,1.),.UNSPECIFIED.);
#73=B_SPLINE_CURVE_WITH_KNOTS('',3,(#5412,#5413,#5414,#5415,#5416,#5417,
#5418,#5419,#5420,#5421,#5422,#5423,#5424,#5425,#5426,#5427,#5428,#5429,
#5430),.UNSPECIFIED.,.F.,.F.,(4,1,1,1,1,1,1,1,1,1,1,1,1,1,1,1,4),(0.,0.0688000963413577,
0.136336686358279,0.203757017634545,0.272787155787193,0.342622323615256,
0.411089038045841,0.479278287008668,0.549403054126503,0.587738712032065,
0.6307249325567,0.678947097036436,0.732558639950927,0.791154526052615,0.855313051097196,
0.92510139681619,1.),.UNSPECIFIED.);
#74=B_SPLINE_CURVE_WITH_KNOTS('',3,(#5445,#5446,#5447,#5448,#5449,#5450,
#5451,#5452,#5453,#5454,#5455,#5456,#5457,#5458,#5459,#5460,#5461,#5462,
#5463),.UNSPECIFIED.,.F.,.F.,(4,1,1,1,1,1,1,1,1,1,1,1,1,1,1,1,4),(0.,0.0716629706079346,
0.138903247758228,0.201170031499865,0.259105702761956,0.312232476434027,
0.360655445110533,0.405056869932044,0.445069493488068,0.518740291208595,
0.589418981815623,0.658414658461388,0.727587276472125,0.796337205583,0.86318478082236,
0.930954370904666,1.),.UNSPECIFIED.);
#75=B_SPLINE_CURVE_WITH_KNOTS('',3,(#5505,#5506,#5507,#5508,#5509,#5510,
#5511,#5512,#5513,#5514,#5515),.UNSPECIFIED.,.F.,.F.,(4,1,1,1,1,1,1,1,4),
(0.,0.1762577548178,0.338434413880475,0.484822050787836,0.617157578266331,
0.734698360612476,0.837385183832359,0.926372420929583,1.),.UNSPECIFIED.);
#76=B_SPLINE_CURVE_WITH_KNOTS('',3,(#5517,#5518,#5519,#5520,#5521,#5522,
#5523,#5524,#5525,#5526,#5527),.UNSPECIFIED.,.F.,.F.,(4,1,1,1,1,1,1,1,4),
(0.,0.1762577548178,0.338434413880475,0.484822050787836,0.617157578266331,
0.734698360612476,0.837385183832359,0.926372420929583,1.),.UNSPECIFIED.);
#77=B_SPLINE_CURVE_WITH_KNOTS('',3,(#5568,#5569,#5570,#5571,#5572,#5573,
#5574,#5575,#5576,#5577,#5578,#5579,#5580,#5581,#5582,#5583,#5584,#5585,
#5586),.UNSPECIFIED.,.F.,.F.,(4,1,1,1,1,1,1,1,1,1,1,1,1,1,1,1,4),(0.,0.0642108050223224,
0.127051819273505,0.188726792758088,0.24910867966144,0.30989711114641,0.370265578361429,
0.430668930564747,0.492744590667093,0.554114031997297,0.61572591624179,
0.676828089692438,0.738463639969609,0.80133559006821,0.86519718694107,0.931647751439548,
1.),.UNSPECIFIED.);
#78=B_SPLINE_CURVE_WITH_KNOTS('',3,(#5588,#5589,#5590,#5591,#5592,#5593,
#5594,#5595,#5596,#5597,#5598,#5599,#5600,#5601,#5602,#5603,#5604,#5605,
#5606),.UNSPECIFIED.,.F.,.F.,(4,1,1,1,1,1,1,1,1,1,1,1,1,1,1,1,4),(0.,0.0642108050223224,
0.127051819273505,0.188726792758088,0.24910867966144,0.30989711114641,0.370265578361429,
0.430668930564747,0.492744590667093,0.554114031997297,0.61572591624179,
0.676828089692438,0.738463639969609,0.80133559006821,0.86519718694107,0.931647751439548,
1.),.UNSPECIFIED.);
#79=B_SPLINE_CURVE_WITH_KNOTS('',3,(#5647,#5648,#5649,#5650,#5651,#5652,
#5653,#5654,#5655,#5656,#5657,#5658,#5659,#5660,#5661,#5662,#5663,#5664,
#5665),.UNSPECIFIED.,.F.,.F.,(4,1,1,1,1,1,1,1,1,1,1,1,1,1,1,1,4),(0.,0.0787751416419552,
0.153710704611921,0.226698870982696,0.299171820326584,0.371165995644641,
0.442977769501571,0.516334013008727,0.592857108024116,0.633510180405672,
0.676623616987174,0.722915422371309,0.771971354383628,0.823829257316891,
0.879386450019196,0.937952131613018,1.),.UNSPECIFIED.);
#80=B_SPLINE_CURVE_WITH_KNOTS('',3,(#5667,#5668,#5669,#5670,#5671,#5672,
#5673,#5674,#5675,#5676,#5677,#5678,#5679,#5680,#5681,#5682,#5683,#5684,
#5685),.UNSPECIFIED.,.F.,.F.,(4,1,1,1,1,1,1,1,1,1,1,1,1,1,1,1,4),(0.,0.0787751416419552,
0.153710704611921,0.226698870982696,0.299171820326584,0.371165995644641,
0.442977769501571,0.516334013008727,0.592857108024116,0.633510180405672,
0.676623616987174,0.722915422371309,0.771971354383628,0.823829257316891,
0.879386450019196,0.937952131613018,1.),.UNSPECIFIED.);
#81=B_SPLINE_CURVE_WITH_KNOTS('',3,(#5729,#5730,#5731,#5732,#5733,#5734,
#5735,#5736,#5737,#5738,#5739,#5740,#5741,#5742,#5743,#5744,#5745,#5746,
#5747),.UNSPECIFIED.,.F.,.F.,(4,1,1,1,1,1,1,1,1,1,1,1,1,1,1,1,4),(0.,0.0611415679303345,
0.120001013531073,0.178235970541409,0.236495543407017,0.294887248704973,
0.354677192819297,0.416694813289778,0.48063337796284,0.545804633478641,
0.609734788317876,0.672951688375155,0.736001096070683,0.799827438516525,
0.864767276939387,0.931083505730672,1.),.UNSPECIFIED.);
#82=B_SPLINE_CURVE_WITH_KNOTS('',3,(#5750,#5751,#5752,#5753,#5754,#5755,
#5756,#5757,#5758,#5759,#5760,#5761,#5762,#5763,#5764,#5765,#5766,#5767,
#5768),.UNSPECIFIED.,.F.,.F.,(4,1,1,1,1,1,1,1,1,1,1,1,1,1,1,1,4),(0.,0.0705921865358074,
0.13850128860493,0.203789996142701,0.266787572669602,0.329097965646719,
0.391174524603966,0.453167798617657,0.515796760226584,0.57796880505304,
0.63896633837529,0.698381066162843,0.757320455557426,0.816412239721668,
0.876279358230831,0.936823465650193,1.),.UNSPECIFIED.);
#83=B_SPLINE_CURVE_WITH_KNOTS('',3,(#5770,#5771,#5772,#5773,#5774,#5775,
#5776,#5777,#5778,#5779,#5780,#5781,#5782,#5783,#5784,#5785,#5786,#5787,
#5788),.UNSPECIFIED.,.F.,.F.,(4,1,1,1,1,1,1,1,1,1,1,1,1,1,1,1,4),(0.,0.0618526459466901,
0.12128383061537,0.180777932075612,0.239273234014281,0.298641435213942,
0.358185822241712,0.42076008675897,0.485204673021643,0.550362268948287,
0.613649924530912,0.676623495516824,0.739108013469012,0.802164702242944,
0.866716597132477,0.932037628505544,1.),.UNSPECIFIED.);
#84=B_SPLINE_CURVE_WITH_KNOTS('',3,(#5790,#5791,#5792,#5793,#5794,#5795,
#5796,#5797,#5798,#5799,#5800,#5801,#5802,#5803,#5804,#5805,#5806,#5807,
#5808),.UNSPECIFIED.,.F.,.F.,(4,1,1,1,1,1,1,1,1,1,1,1,1,1,1,1,4),(0.,0.0679503475997538,
0.1332598223837,0.197800296759647,0.260845829551682,0.323319292750367,0.386281722459572,
0.450061516233313,0.515207584485816,0.579640769219932,0.641817202384152,
0.701692441211535,0.760769098177894,0.819254051134684,0.878737626905554,
0.938158297016093,1.),.UNSPECIFIED.);
#85=B_SPLINE_CURVE_WITH_KNOTS('',3,(#5821,#5822,#5823,#5824,#5825,#5826,
#5827,#5828,#5829,#5830,#5831,#5832,#5833,#5834,#5835,#5836,#5837,#5838,
#5839),.UNSPECIFIED.,.F.,.F.,(4,1,1,1,1,1,1,1,1,1,1,1,1,1,1,1,4),(0.,0.0679503475997538,
0.1332598223837,0.197800296759647,0.260845829551682,0.323319292750367,0.386281722459572,
0.450061516233313,0.515207584485816,0.579640769219932,0.641817202384152,
0.701692441211535,0.760769098177894,0.819254051134684,0.878737626905554,
0.938158297016093,1.),.UNSPECIFIED.);
#86=B_SPLINE_CURVE_WITH_KNOTS('',3,(#5854,#5855,#5856,#5857,#5858,#5859,
#5860,#5861,#5862,#5863,#5864,#5865,#5866,#5867,#5868,#5869,#5870,#5871,
#5872),.UNSPECIFIED.,.F.,.F.,(4,1,1,1,1,1,1,1,1,1,1,1,1,1,1,1,4),(0.,0.0618526459466901,
0.12128383061537,0.180777932075612,0.239273234014281,0.298641435213942,
0.358185822241712,0.42076008675897,0.485204673021643,0.550362268948287,
0.613649924530912,0.676623495516824,0.739108013469012,0.802164702242944,
0.866716597132477,0.932037628505544,1.),.UNSPECIFIED.);
#87=B_SPLINE_CURVE_WITH_KNOTS('',3,(#5885,#5886,#5887,#5888,#5889,#5890,
#5891,#5892,#5893,#5894,#5895,#5896,#5897,#5898,#5899,#5900,#5901,#5902,
#5903),.UNSPECIFIED.,.F.,.F.,(4,1,1,1,1,1,1,1,1,1,1,1,1,1,1,1,4),(0.,0.0705921865358074,
0.13850128860493,0.203789996142701,0.266787572669602,0.329097965646719,
0.391174524603966,0.453167798617657,0.515796760226584,0.57796880505304,
0.63896633837529,0.698381066162843,0.757320455557426,0.816412239721668,
0.876279358230831,0.936823465650193,1.),.UNSPECIFIED.);
#88=B_SPLINE_CURVE_WITH_KNOTS('',3,(#5914,#5915,#5916,#5917,#5918,#5919,
#5920,#5921,#5922,#5923,#5924,#5925,#5926,#5927,#5928,#5929,#5930,#5931,
#5932),.UNSPECIFIED.,.F.,.F.,(4,1,1,1,1,1,1,1,1,1,1,1,1,1,1,1,4),(0.,0.0611415679303345,
0.120001013531073,0.178235970541409,0.236495543407017,0.294887248704973,
0.354677192819297,0.416694813289778,0.48063337796284,0.545804633478641,
0.609734788317876,0.672951688375155,0.736001096070683,0.799827438516525,
0.864767276939387,0.931083505730672,1.),.UNSPECIFIED.);
#89=B_SPLINE_CURVE_WITH_KNOTS('',3,(#5953,#5954,#5955,#5956),
 .UNSPECIFIED.,.F.,.F.,(4,4),(0.,1.),.UNSPECIFIED.);
#90=B_SPLINE_CURVE_WITH_KNOTS('',3,(#5967,#5968,#5969,#5970,#5971,#5972,
#5973,#5974,#5975,#5976,#5977,#5978,#5979,#5980,#5981,#5982,#5983,#5984,
#5985),.UNSPECIFIED.,.F.,.F.,(4,1,1,1,1,1,1,1,1,1,1,1,1,1,1,1,4),(0.,0.0652308037420296,
0.128404896003223,0.190067071596478,0.25094336576828,0.311545832852143,
0.372862802156829,0.435023673856238,0.499071724707043,0.563091075049662,
0.625510106330375,0.686680035929649,0.747282503013513,0.808563495215959,
0.870742103515987,0.934340951505913,1.),.UNSPECIFIED.);
#91=B_SPLINE_CURVE_WITH_KNOTS('',3,(#5987,#5988,#5989,#5990,#5991,#5992,
#5993,#5994,#5995,#5996,#5997,#5998,#5999,#6000,#6001,#6002,#6003,#6004,
#6005),.UNSPECIFIED.,.F.,.F.,(4,1,1,1,1,1,1,1,1,1,1,1,1,1,1,1,4),(0.,0.0652308037420296,
0.128404896003223,0.190067071596478,0.25094336576828,0.311545832852143,
0.372862802156829,0.435023673856238,0.499071724707043,0.563091075049662,
0.625510106330375,0.686680035929649,0.747282503013513,0.808563495215959,
0.870742103515987,0.934340951505913,1.),.UNSPECIFIED.);
#92=B_SPLINE_CURVE_WITH_KNOTS('',3,(#6018,#6019,#6020,#6021,#6022,#6023,
#6024,#6025,#6026,#6027,#6028,#6029,#6030,#6031,#6032),.UNSPECIFIED.,.F.,
 .F.,(4,1,1,1,1,1,1,1,1,1,1,1,4),(0.,0.0859901205637195,0.169108437572642,
0.250528578958188,0.332255696176845,0.413576365235641,0.494126145620122,
0.576305934120417,0.660712671904547,0.746127272223911,0.830014985960974,
0.914419725928851,1.),.UNSPECIFIED.);
#93=B_SPLINE_CURVE_WITH_KNOTS('',3,(#6034,#6035,#6036,#6037,#6038,#6039,
#6040,#6041,#6042,#6043,#6044,#6045,#6046,#6047,#6048),.UNSPECIFIED.,.F.,
 .F.,(4,1,1,1,1,1,1,1,1,1,1,1,4),(0.,0.0859901205637195,0.169108437572642,
0.250528578958188,0.332255696176845,0.413576365235641,0.494126145620122,
0.576305934120417,0.660712671904547,0.746127272223911,0.830014985960974,
0.914419725928851,1.),.UNSPECIFIED.);
#94=B_SPLINE_CURVE_WITH_KNOTS('',3,(#6061,#6062,#6063,#6064,#6065,#6066,
#6067,#6068,#6069,#6070,#6071,#6072,#6073,#6074,#6075),.UNSPECIFIED.,.F.,
 .F.,(4,1,1,1,1,1,1,1,1,1,1,1,4),(0.,0.0843261511037433,0.167035340985841,
0.249540713985279,0.332706665579664,0.415872617174049,0.497777415568117,
0.580313605678477,0.664532578131656,0.749571176406321,0.832474162854407,
0.915673848896257,1.),.UNSPECIFIED.);
#95=B_SPLINE_CURVE_WITH_KNOTS('',3,(#6077,#6078,#6079,#6080,#6081,#6082,
#6083,#6084,#6085,#6086,#6087,#6088,#6089,#6090,#6091),.UNSPECIFIED.,.F.,
 .F.,(4,1,1,1,1,1,1,1,1,1,1,1,4),(0.,0.0843261511037433,0.167035340985841,
0.249540713985279,0.332706665579664,0.415872617174049,0.497777415568117,
0.580313605678477,0.664532578131656,0.749571176406321,0.832474162854407,
0.915673848896257,1.),.UNSPECIFIED.);
#96=B_SPLINE_CURVE_WITH_KNOTS('',3,(#6102,#6103,#6104,#6105,#6106,#6107,
#6108,#6109,#6110,#6111,#6112,#6113,#6114,#6115,#6116),.UNSPECIFIED.,.F.,
 .F.,(4,1,1,1,1,1,1,1,1,1,1,1,4),(0.,0.0978059775289507,0.199612252291895,
0.305296025833003,0.415817359164185,0.474240566618493,0.537286912829653,
0.603385835293485,0.674311158069606,0.749530467357482,0.828608314269511,
0.912042738771445,1.),.UNSPECIFIED.);
#97=B_SPLINE_CURVE_WITH_KNOTS('',3,(#6118,#6119,#6120,#6121,#6122,#6123,
#6124,#6125,#6126,#6127,#6128,#6129,#6130,#6131,#6132),.UNSPECIFIED.,.F.,
 .F.,(4,1,1,1,1,1,1,1,1,1,1,1,4),(0.,0.0978059775289507,0.199612252291895,
0.305296025833003,0.415817359164185,0.474240566618493,0.537286912829653,
0.603385835293485,0.674311158069606,0.749530467357482,0.828608314269511,
0.912042738771445,1.),.UNSPECIFIED.);
#98=B_SPLINE_CURVE_WITH_KNOTS('',3,(#6140,#6141,#6142,#6143,#6144,#6145,
#6146,#6147,#6148,#6149,#6150,#6151,#6152,#6153,#6154,#6155,#6156,#6157,
#6158),.UNSPECIFIED.,.F.,.F.,(4,1,1,1,1,1,1,1,1,1,1,1,1,1,1,1,4),(0.,0.059539585497088,
0.117422960002117,0.17444044104692,0.231733890556421,0.289721977285958,
0.349200396448603,0.410515531734449,0.475080278974362,0.540094475476167,
0.604444095929784,0.668696674340236,0.732110201101079,0.796739346741746,
0.862905729709647,0.930461639076418,1.),.UNSPECIFIED.);
#99=B_SPLINE_CURVE_WITH_KNOTS('',3,(#6161,#6162,#6163,#6164,#6165,#6166,
#6167,#6168,#6169,#6170,#6171,#6172,#6173,#6174,#6175,#6176,#6177,#6178,
#6179),.UNSPECIFIED.,.F.,.F.,(4,1,1,1,1,1,1,1,1,1,1,1,1,1,1,1,4),(0.,0.0727129966169397,
0.141547484979501,0.208362522955953,0.272461583955704,0.335389961487685,
0.397711298679618,0.459383374947441,0.522098173887342,0.584314766747193,
0.644391935230053,0.703345013294785,0.761508874970188,0.820030474917231,
0.8785170367553,0.938264501487674,1.),.UNSPECIFIED.);
#100=B_SPLINE_CURVE_WITH_KNOTS('',3,(#6181,#6182,#6183,#6184,#6185,#6186,
#6187,#6188,#6189,#6190,#6191,#6192,#6193,#6194,#6195,#6196,#6197,#6198,
#6199),.UNSPECIFIED.,.F.,.F.,(4,1,1,1,1,1,1,1,1,1,1,1,1,1,1,1,4),(0.,0.0607532319996326,
0.119721695745485,0.17773677807359,0.235972303295115,0.294037135944146,
0.353693248585664,0.415538727910145,0.479698695729202,0.544627576105173,
0.608779104969266,0.672214909229734,0.735482641144588,0.799134291351257,
0.864299000078931,0.930844865268219,1.),.UNSPECIFIED.);
#101=B_SPLINE_CURVE_WITH_KNOTS('',3,(#6201,#6202,#6203,#6204,#6205,#6206,
#6207,#6208,#6209,#6210,#6211,#6212,#6213,#6214,#6215,#6216,#6217,#6218,
#6219),.UNSPECIFIED.,.F.,.F.,(4,1,1,1,1,1,1,1,1,1,1,1,1,1,1,1,4),(0.,0.0687215951756572,
0.134831203762005,0.199565919309686,0.263372318590736,0.32679386620275,
0.389854099892245,0.453660499173295,0.518747233809229,0.583063186517915,
0.645446856931546,0.705248004747838,0.763454003872166,0.821831110554577,
0.879987238405638,0.939099065523102,1.),.UNSPECIFIED.);
#102=B_SPLINE_CURVE_WITH_KNOTS('',3,(#6232,#6233,#6234,#6235,#6236,#6237,
#6238,#6239,#6240,#6241,#6242,#6243,#6244,#6245,#6246,#6247,#6248,#6249,
#6250),.UNSPECIFIED.,.F.,.F.,(4,1,1,1,1,1,1,1,1,1,1,1,1,1,1,1,4),(0.,0.0687215951756572,
0.134831203762005,0.199565919309686,0.263372318590736,0.32679386620275,
0.389854099892245,0.453660499173295,0.518747233809229,0.583063186517915,
0.645446856931546,0.705248004747838,0.763454003872166,0.821831110554577,
0.879987238405638,0.939099065523102,1.),.UNSPECIFIED.);
#103=B_SPLINE_CURVE_WITH_KNOTS('',3,(#6265,#6266,#6267,#6268,#6269,#6270,
#6271,#6272,#6273,#6274,#6275,#6276,#6277,#6278,#6279,#6280,#6281,#6282,
#6283),.UNSPECIFIED.,.F.,.F.,(4,1,1,1,1,1,1,1,1,1,1,1,1,1,1,1,4),(0.,0.0607532319996326,
0.119721695745485,0.17773677807359,0.235972303295115,0.294037135944146,
0.353693248585664,0.415538727910145,0.479698695729202,0.544627576105173,
0.608779104969266,0.672214909229734,0.735482641144588,0.799134291351257,
0.864299000078931,0.930844865268219,1.),.UNSPECIFIED.);
#104=B_SPLINE_CURVE_WITH_KNOTS('',3,(#6296,#6297,#6298,#6299,#6300,#6301,
#6302,#6303,#6304,#6305,#6306,#6307,#6308,#6309,#6310,#6311,#6312,#6313,
#6314),.UNSPECIFIED.,.F.,.F.,(4,1,1,1,1,1,1,1,1,1,1,1,1,1,1,1,4),(0.,0.0727129966169397,
0.141547484979501,0.208362522955953,0.272461583955704,0.335389961487685,
0.397711298679618,0.459383374947441,0.522098173887342,0.584314766747193,
0.644391935230053,0.703345013294785,0.761508874970188,0.820030474917231,
0.8785170367553,0.938264501487674,1.),.UNSPECIFIED.);
#105=B_SPLINE_CURVE_WITH_KNOTS('',3,(#6325,#6326,#6327,#6328,#6329,#6330,
#6331,#6332,#6333,#6334,#6335,#6336,#6337,#6338,#6339,#6340,#6341,#6342,
#6343),.UNSPECIFIED.,.F.,.F.,(4,1,1,1,1,1,1,1,1,1,1,1,1,1,1,1,4),(0.,0.059539585497088,
0.117422960002117,0.17444044104692,0.231733890556421,0.289721977285958,
0.349200396448603,0.410515531734449,0.475080278974362,0.540094475476167,
0.604444095929784,0.668696674340236,0.732110201101079,0.796739346741746,
0.862905729709647,0.930461639076418,1.),.UNSPECIFIED.);
#106=B_SPLINE_CURVE_WITH_KNOTS('',3,(#6364,#6365,#6366,#6367),
 .UNSPECIFIED.,.F.,.F.,(4,4),(0.,1.),.UNSPECIFIED.);
#107=B_SPLINE_CURVE_WITH_KNOTS('',3,(#6378,#6379,#6380,#6381,#6382,#6383,
#6384,#6385,#6386,#6387,#6388,#6389,#6390,#6391,#6392,#6393,#6394,#6395,
#6396),.UNSPECIFIED.,.F.,.F.,(4,1,1,1,1,1,1,1,1,1,1,1,1,1,1,1,4),(0.,0.066293905867356,
0.13012913995654,0.192859295842959,0.254755601580504,0.315920236532692,
0.37734759678079,0.440213765451453,0.504182662714221,0.568040193427937,
0.63023333813315,0.690866172824427,0.75142559323198,0.811468600334325,0.872752399553205,
0.935391716176275,1.),.UNSPECIFIED.);
#108=B_SPLINE_CURVE_WITH_KNOTS('',3,(#6398,#6399,#6400,#6401,#6402,#6403,
#6404,#6405,#6406,#6407,#6408,#6409,#6410,#6411,#6412,#6413,#6414,#6415,
#6416),.UNSPECIFIED.,.F.,.F.,(4,1,1,1,1,1,1,1,1,1,1,1,1,1,1,1,4),(0.,0.066293905867356,
0.13012913995654,0.192859295842959,0.254755601580504,0.315920236532692,
0.37734759678079,0.440213765451453,0.504182662714221,0.568040193427937,
0.63023333813315,0.690866172824427,0.75142559323198,0.811468600334325,0.872752399553205,
0.935391716176275,1.),.UNSPECIFIED.);
#109=B_SPLINE_CURVE_WITH_KNOTS('',3,(#6429,#6430,#6431,#6432,#6433,#6434,
#6435,#6436,#6437,#6438,#6439,#6440,#6441,#6442,#6443),.UNSPECIFIED.,.F.,
 .F.,(4,1,1,1,1,1,1,1,1,1,1,1,4),(0.,0.0852490510097903,0.167326593617822,
0.248175324580851,0.328829078311602,0.40990809697677,0.490584451140796,
0.572993487189391,0.658264892488035,0.74422157730799,0.82906040699134,0.913938297810617,
1.),.UNSPECIFIED.);
#110=B_SPLINE_CURVE_WITH_KNOTS('',3,(#6445,#6446,#6447,#6448,#6449,#6450,
#6451,#6452,#6453,#6454,#6455,#6456,#6457,#6458,#6459),.UNSPECIFIED.,.F.,
 .F.,(4,1,1,1,1,1,1,1,1,1,1,1,4),(0.,0.0852490510097903,0.167326593617822,
0.248175324580851,0.328829078311602,0.40990809697677,0.490584451140796,
0.572993487189391,0.658264892488035,0.74422157730799,0.82906040699134,0.913938297810617,
1.),.UNSPECIFIED.);
#111=B_SPLINE_CURVE_WITH_KNOTS('',3,(#6492,#6493,#6494,#6495,#6496,#6497,
#6498,#6499,#6500,#6501,#6502,#6503,#6504,#6505,#6506),.UNSPECIFIED.,.F.,
 .F.,(4,1,1,1,1,1,1,1,1,1,1,1,4),(0.,0.0855281101613693,0.168995484175148,
0.252323187628946,0.33605803543852,0.419435720932291,0.501288207874551,
0.583722398088555,0.668015875718371,0.751930254444816,0.834605441668685,
0.916529570121707,1.),.UNSPECIFIED.);
#112=B_SPLINE_CURVE_WITH_KNOTS('',3,(#6508,#6509,#6510,#6511,#6512,#6513,
#6514,#6515,#6516,#6517,#6518,#6519,#6520,#6521,#6522),.UNSPECIFIED.,.F.,
 .F.,(4,1,1,1,1,1,1,1,1,1,1,1,4),(0.,0.0855281101613693,0.168995484175148,
0.252323187628946,0.33605803543852,0.419435720932291,0.501288207874551,
0.583722398088555,0.668015875718371,0.751930254444816,0.834605441668685,
0.916529570121707,1.),.UNSPECIFIED.);
#113=B_SPLINE_CURVE_WITH_KNOTS('',3,(#6533,#6534,#6535,#6536,#6537,#6538,
#6539,#6540,#6541,#6542,#6543,#6544,#6545,#6546,#6547),.UNSPECIFIED.,.F.,
 .F.,(4,1,1,1,1,1,1,1,1,1,1,1,4),(0.,0.0983073925996195,0.199391955463916,
0.305417900841907,0.415963511966395,0.474606578690745,0.536768423183134,
0.603610748117726,0.674131312371896,0.749449052278217,0.828275458200504,
0.912065413425894,1.),.UNSPECIFIED.);
#114=B_SPLINE_CURVE_WITH_KNOTS('',3,(#6549,#6550,#6551,#6552,#6553,#6554,
#6555,#6556,#6557,#6558,#6559,#6560,#6561,#6562,#6563),.UNSPECIFIED.,.F.,
 .F.,(4,1,1,1,1,1,1,1,1,1,1,1,4),(0.,0.0983073925996195,0.199391955463916,
0.305417900841907,0.415963511966395,0.474606578690745,0.536768423183134,
0.603610748117726,0.674131312371896,0.749449052278217,0.828275458200504,
0.912065413425894,1.),.UNSPECIFIED.);
#115=B_SPLINE_CURVE_WITH_KNOTS('',3,(#6571,#6572,#6573,#6574,#6575,#6576,
#6577,#6578,#6579,#6580,#6581,#6582,#6583,#6584,#6585,#6586,#6587,#6588,
#6589),.UNSPECIFIED.,.F.,.F.,(4,1,1,1,1,1,1,1,1,1,1,1,1,1,1,1,4),(0.,0.0595395854970879,
0.117422960002117,0.17444044104692,0.231733890556421,0.289721977285958,
0.349200396448603,0.410515531734449,0.475080278974362,0.540094475476167,
0.604444095929783,0.668696674340236,0.732110201101078,0.796739346741746,
0.862905729709647,0.930461639076418,1.),.UNSPECIFIED.);
#116=B_SPLINE_CURVE_WITH_KNOTS('',3,(#6592,#6593,#6594,#6595,#6596,#6597,
#6598,#6599,#6600,#6601,#6602,#6603,#6604,#6605,#6606,#6607,#6608,#6609,
#6610),.UNSPECIFIED.,.F.,.F.,(4,1,1,1,1,1,1,1,1,1,1,1,1,1,1,1,4),(0.,0.0727129966169394,
0.141547484979501,0.208362522955952,0.272461583955704,0.335389961487685,
0.397711298679618,0.459383374947441,0.522098173887341,0.584314766747193,
0.644391935230053,0.703345013294785,0.761508874970188,0.820030474917231,
0.8785170367553,0.938264501487674,1.),.UNSPECIFIED.);
#117=B_SPLINE_CURVE_WITH_KNOTS('',3,(#6612,#6613,#6614,#6615,#6616,#6617,
#6618,#6619,#6620,#6621,#6622,#6623,#6624,#6625,#6626,#6627,#6628,#6629,
#6630),.UNSPECIFIED.,.F.,.F.,(4,1,1,1,1,1,1,1,1,1,1,1,1,1,1,1,4),(0.,0.0607532319996326,
0.119721695745485,0.17773677807359,0.235972303295115,0.294037135944146,
0.353693248585663,0.415538727910145,0.479698695729201,0.544627576105173,
0.608779104969266,0.672214909229734,0.735482641144587,0.799134291351257,
0.864299000078931,0.930844865268219,1.),.UNSPECIFIED.);
#118=B_SPLINE_CURVE_WITH_KNOTS('',3,(#6632,#6633,#6634,#6635,#6636,#6637,
#6638,#6639,#6640,#6641,#6642,#6643,#6644,#6645,#6646,#6647,#6648,#6649,
#6650),.UNSPECIFIED.,.F.,.F.,(4,1,1,1,1,1,1,1,1,1,1,1,1,1,1,1,4),(0.,0.0687215951756571,
0.134831203762004,0.199565919309686,0.263372318590736,0.32679386620275,
0.389854099892245,0.453660499173295,0.518747233809229,0.583063186517915,
0.645446856931546,0.705248004747838,0.763454003872166,0.821831110554577,
0.879987238405637,0.939099065523102,1.),.UNSPECIFIED.);
#119=B_SPLINE_CURVE_WITH_KNOTS('',3,(#6663,#6664,#6665,#6666,#6667,#6668,
#6669,#6670,#6671,#6672,#6673,#6674,#6675,#6676,#6677,#6678,#6679,#6680,
#6681),.UNSPECIFIED.,.F.,.F.,(4,1,1,1,1,1,1,1,1,1,1,1,1,1,1,1,4),(0.,0.0687215951756571,
0.134831203762004,0.199565919309686,0.263372318590736,0.32679386620275,
0.389854099892245,0.453660499173295,0.518747233809229,0.583063186517915,
0.645446856931546,0.705248004747838,0.763454003872166,0.821831110554577,
0.879987238405637,0.939099065523102,1.),.UNSPECIFIED.);
#120=B_SPLINE_CURVE_WITH_KNOTS('',3,(#6696,#6697,#6698,#6699,#6700,#6701,
#6702,#6703,#6704,#6705,#6706,#6707,#6708,#6709,#6710,#6711,#6712,#6713,
#6714),.UNSPECIFIED.,.F.,.F.,(4,1,1,1,1,1,1,1,1,1,1,1,1,1,1,1,4),(0.,0.0607532319996326,
0.119721695745485,0.17773677807359,0.235972303295115,0.294037135944146,
0.353693248585663,0.415538727910145,0.479698695729201,0.544627576105173,
0.608779104969266,0.672214909229734,0.735482641144587,0.799134291351257,
0.864299000078931,0.930844865268219,1.),.UNSPECIFIED.);
#121=B_SPLINE_CURVE_WITH_KNOTS('',3,(#6727,#6728,#6729,#6730,#6731,#6732,
#6733,#6734,#6735,#6736,#6737,#6738,#6739,#6740,#6741,#6742,#6743,#6744,
#6745),.UNSPECIFIED.,.F.,.F.,(4,1,1,1,1,1,1,1,1,1,1,1,1,1,1,1,4),(0.,0.0727129966169394,
0.141547484979501,0.208362522955952,0.272461583955704,0.335389961487685,
0.397711298679618,0.459383374947441,0.522098173887341,0.584314766747193,
0.644391935230053,0.703345013294785,0.761508874970188,0.820030474917231,
0.8785170367553,0.938264501487674,1.),.UNSPECIFIED.);
#122=B_SPLINE_CURVE_WITH_KNOTS('',3,(#6756,#6757,#6758,#6759,#6760,#6761,
#6762,#6763,#6764,#6765,#6766,#6767,#6768,#6769,#6770,#6771,#6772,#6773,
#6774),.UNSPECIFIED.,.F.,.F.,(4,1,1,1,1,1,1,1,1,1,1,1,1,1,1,1,4),(0.,0.0595395854970879,
0.117422960002117,0.17444044104692,0.231733890556421,0.289721977285958,
0.349200396448603,0.410515531734449,0.475080278974362,0.540094475476167,
0.604444095929783,0.668696674340236,0.732110201101078,0.796739346741746,
0.862905729709647,0.930461639076418,1.),.UNSPECIFIED.);
#123=B_SPLINE_CURVE_WITH_KNOTS('',3,(#6795,#6796,#6797,#6798),
 .UNSPECIFIED.,.F.,.F.,(4,4),(0.,1.),.UNSPECIFIED.);
#124=B_SPLINE_CURVE_WITH_KNOTS('',3,(#6809,#6810,#6811,#6812,#6813,#6814,
#6815,#6816,#6817,#6818,#6819,#6820,#6821,#6822,#6823,#6824,#6825,#6826,
#6827),.UNSPECIFIED.,.F.,.F.,(4,1,1,1,1,1,1,1,1,1,1,1,1,1,1,1,4),(0.,0.0662939058673563,
0.13012913995654,0.192859295842959,0.254755601580504,0.315920236532692,
0.377347596780791,0.440213765451453,0.504182662714221,0.568040193427937,
0.63023333813315,0.690866172824426,0.75142559323198,0.811468600334325,0.872752399553205,
0.935391716176275,1.),.UNSPECIFIED.);
#125=B_SPLINE_CURVE_WITH_KNOTS('',3,(#6829,#6830,#6831,#6832,#6833,#6834,
#6835,#6836,#6837,#6838,#6839,#6840,#6841,#6842,#6843,#6844,#6845,#6846,
#6847),.UNSPECIFIED.,.F.,.F.,(4,1,1,1,1,1,1,1,1,1,1,1,1,1,1,1,4),(0.,0.0662939058673563,
0.13012913995654,0.192859295842959,0.254755601580504,0.315920236532692,
0.377347596780791,0.440213765451453,0.504182662714221,0.568040193427937,
0.63023333813315,0.690866172824426,0.75142559323198,0.811468600334325,0.872752399553205,
0.935391716176275,1.),.UNSPECIFIED.);
#126=B_SPLINE_CURVE_WITH_KNOTS('',3,(#6860,#6861,#6862,#6863,#6864,#6865,
#6866,#6867,#6868,#6869,#6870,#6871,#6872,#6873,#6874),.UNSPECIFIED.,.F.,
 .F.,(4,1,1,1,1,1,1,1,1,1,1,1,4),(0.,0.0852490510097903,0.167326593617822,
0.248175324580851,0.328829078311602,0.40990809697677,0.490584451140796,
0.572993487189391,0.658264892488035,0.74422157730799,0.82906040699134,0.913938297810617,
1.),.UNSPECIFIED.);
#127=B_SPLINE_CURVE_WITH_KNOTS('',3,(#6876,#6877,#6878,#6879,#6880,#6881,
#6882,#6883,#6884,#6885,#6886,#6887,#6888,#6889,#6890),.UNSPECIFIED.,.F.,
 .F.,(4,1,1,1,1,1,1,1,1,1,1,1,4),(0.,0.0852490510097903,0.167326593617822,
0.248175324580851,0.328829078311602,0.40990809697677,0.490584451140796,
0.572993487189391,0.658264892488035,0.74422157730799,0.82906040699134,0.913938297810617,
1.),.UNSPECIFIED.);
#128=B_SPLINE_CURVE_WITH_KNOTS('',3,(#6923,#6924,#6925,#6926,#6927,#6928,
#6929,#6930,#6931,#6932,#6933,#6934,#6935,#6936,#6937),.UNSPECIFIED.,.F.,
 .F.,(4,1,1,1,1,1,1,1,1,1,1,1,4),(0.,0.0855281101613692,0.168995484175148,
0.252323187628946,0.33605803543852,0.419435720932291,0.501288207874551,
0.583722398088555,0.668015875718371,0.751930254444816,0.834605441668685,
0.916529570121707,1.),.UNSPECIFIED.);
#129=B_SPLINE_CURVE_WITH_KNOTS('',3,(#6939,#6940,#6941,#6942,#6943,#6944,
#6945,#6946,#6947,#6948,#6949,#6950,#6951,#6952,#6953),.UNSPECIFIED.,.F.,
 .F.,(4,1,1,1,1,1,1,1,1,1,1,1,4),(0.,0.0855281101613692,0.168995484175148,
0.252323187628946,0.33605803543852,0.419435720932291,0.501288207874551,
0.583722398088555,0.668015875718371,0.751930254444816,0.834605441668685,
0.916529570121707,1.),.UNSPECIFIED.);
#130=B_SPLINE_CURVE_WITH_KNOTS('',3,(#6964,#6965,#6966,#6967,#6968,#6969,
#6970,#6971,#6972,#6973,#6974,#6975,#6976,#6977,#6978),.UNSPECIFIED.,.F.,
 .F.,(4,1,1,1,1,1,1,1,1,1,1,1,4),(0.,0.0983073925996194,0.199391955463916,
0.305417900841907,0.415963511966395,0.474606578690745,0.536768423183134,
0.603610748117726,0.674131312371896,0.749449052278217,0.828275458200504,
0.912065413425894,1.),.UNSPECIFIED.);
#131=B_SPLINE_CURVE_WITH_KNOTS('',3,(#6980,#6981,#6982,#6983,#6984,#6985,
#6986,#6987,#6988,#6989,#6990,#6991,#6992,#6993,#6994),.UNSPECIFIED.,.F.,
 .F.,(4,1,1,1,1,1,1,1,1,1,1,1,4),(0.,0.0983073925996194,0.199391955463916,
0.305417900841907,0.415963511966395,0.474606578690745,0.536768423183134,
0.603610748117726,0.674131312371896,0.749449052278217,0.828275458200504,
0.912065413425894,1.),.UNSPECIFIED.);
#132=B_SPLINE_CURVE_WITH_KNOTS('',3,(#7002,#7003,#7004,#7005,#7006,#7007,
#7008,#7009,#7010,#7011,#7012,#7013,#7014,#7015,#7016,#7017,#7018,#7019,
#7020),.UNSPECIFIED.,.F.,.F.,(4,1,1,1,1,1,1,1,1,1,1,1,1,1,1,1,4),(0.,0.0616172070006677,
0.122179680691624,0.182217045778756,0.241473347782719,0.300957081186861,
0.359966344541048,0.419030446122275,0.478066466194693,0.537990615231128,
0.598958523904521,0.661319637803069,0.725246399814785,0.791219265793767,
0.858745370808764,0.928317276403441,1.),.UNSPECIFIED.);
#133=B_SPLINE_CURVE_WITH_KNOTS('',3,(#7023,#7024,#7025,#7026,#7027,#7028,
#7029,#7030,#7031,#7032,#7033,#7034,#7035,#7036,#7037,#7038,#7039,#7040,
#7041,#7042,#7043,#7044,#7045,#7046,#7047,#7048,#7049,#7050,#7051,#7052),
 .UNSPECIFIED.,.F.,.F.,(4,3,1,1,1,1,1,1,1,1,1,1,1,1,1,1,1,1,1,1,1,1,1,1,
1,4),(-0.01,0.,0.0420422557645226,0.0835501801389653,0.124651583947738,
0.16531437242175,0.206253848238817,0.247056612302255,0.288417987882286,
0.330078104605234,0.37176695197481,0.412848236432399,0.453421889726574,
0.493966725253991,0.534348812928568,0.574922466222743,0.615865423613418,
0.65722610994632,0.698986014797094,0.740468519494359,0.78231026379818,0.824555453499151,
0.867032147550055,0.91049340843723,0.954616071510459,1.),.UNSPECIFIED.);
#134=B_SPLINE_CURVE_WITH_KNOTS('',3,(#7056,#7057,#7058,#7059,#7060,#7061,
#7062,#7063,#7064,#7065,#7066,#7067,#7068,#7069,#7070,#7071,#7072,#7073,
#7074),.UNSPECIFIED.,.F.,.F.,(4,1,1,1,1,1,1,1,1,1,1,1,1,1,1,1,4),(0.,0.0692365237083656,
0.136556739323003,0.202094157267331,0.266464260366058,0.329768822872774,
0.391878965921428,0.453270593103038,0.514114664070462,0.574389510365487,
0.634141663851327,0.693923287499325,0.754152196307389,0.814470164130034,
0.875660630131173,0.937348010628003,1.),.UNSPECIFIED.);
#135=B_SPLINE_CURVE_WITH_KNOTS('',3,(#7076,#7077,#7078,#7079,#7080,#7081,
#7082,#7083,#7084,#7085,#7086,#7087,#7088,#7089,#7090,#7091,#7092,#7093,
#7094),.UNSPECIFIED.,.F.,.F.,(4,1,1,1,1,1,1,1,1,1,1,1,1,1,1,1,4),(0.,0.071272277891841,
0.139492722424175,0.204635418715339,0.267405740386264,0.328445597526984,
0.388397163141541,0.447733931258266,0.507391621231218,0.566767555363435,
0.625478337516418,0.684066505918797,0.743248445815341,0.804033357398258,
0.866498750699673,0.931723237984159,1.),.UNSPECIFIED.);
#136=B_SPLINE_CURVE_WITH_KNOTS('',3,(#7102,#7103,#7104,#7105,#7106,#7107,
#7108,#7109,#7110,#7111,#7112,#7113,#7114,#7115,#7116,#7117,#7118,#7119,
#7120),.UNSPECIFIED.,.F.,.F.,(4,1,1,1,1,1,1,1,1,1,1,1,1,1,1,1,4),(0.,0.0706322443877266,
0.138697887238646,0.204924030554107,0.269449187797102,0.332646586751197,
0.395313877997916,0.457778040103012,0.52067306747004,0.582869615817281,
0.643335025063406,0.702601885958682,0.76073205984158,0.81948404930042,0.878265324083943,
0.938489414791665,1.),.UNSPECIFIED.);
#137=B_SPLINE_CURVE_WITH_KNOTS('',3,(#7122,#7123,#7124,#7125,#7126,#7127,
#7128,#7129,#7130,#7131,#7132,#7133,#7134,#7135,#7136,#7137,#7138,#7139,
#7140,#7141,#7142,#7143,#7144,#7145,#7146,#7147,#7148),.UNSPECIFIED.,.F.,
 .F.,(4,1,1,1,1,1,1,1,1,1,1,1,1,1,1,1,1,1,1,1,1,1,1,1,4),(0.,0.0389934464609042,
0.0778804147933123,0.116649302415909,0.15534407782362,0.194633924984759,
0.234276326657321,0.274561188559587,0.31568059162223,0.357032036422009,
0.398094195092609,0.439108751079084,0.47984337424376,0.521283423880589,
0.562849313153906,0.605299722501271,0.648415483809542,0.691733275680753,
0.735154025820574,0.778373226684298,0.82166431980874,0.865526309147936,
0.909733249625516,0.954523447522332,1.),.UNSPECIFIED.);
#138=B_SPLINE_CURVE_WITH_KNOTS('',3,(#7150,#7151,#7152,#7153,#7154,#7155,
#7156,#7157,#7158,#7159,#7160,#7161,#7162,#7163,#7164,#7165,#7166,#7167,
#7168,#7169,#7170,#7171,#7172,#7173,#7174,#7175,#7176),.UNSPECIFIED.,.F.,
 .F.,(4,1,1,1,1,1,1,1,1,1,1,1,1,1,1,1,1,1,1,1,1,1,1,1,4),(0.,0.042847713574337,
0.0855842997048899,0.127738093934925,0.170094253971711,0.212535818914609,
0.255514679036743,0.298645533715992,0.342635705060507,0.386565337849937,
0.429576668548142,0.471702509673923,0.513551962897321,0.555117943049861,
0.596384762234631,0.637975924989666,0.679684405517363,0.721199974638991,
0.761763039742414,0.802080135055423,0.841782232135195,0.881042321597983,
0.920621154121417,0.960095130175781,1.),.UNSPECIFIED.);
#139=B_SPLINE_CURVE_WITH_KNOTS('',3,(#7178,#7179,#7180,#7181,#7182,#7183,
#7184,#7185,#7186,#7187,#7188),.UNSPECIFIED.,.F.,.F.,(4,1,1,1,1,1,1,1,4),
(0.,0.136505685043648,0.269031638338906,0.398919561445956,0.527081990599856,
0.652272343090902,0.772136524847461,0.887488329420051,1.),.UNSPECIFIED.);
#140=B_SPLINE_CURVE_WITH_KNOTS('',3,(#7219,#7220,#7221,#7222,#7223,#7224,
#7225,#7226,#7227,#7228,#7229),.UNSPECIFIED.,.F.,.F.,(4,1,1,1,1,1,1,1,4),
(0.,0.136505685043648,0.269031638338906,0.398919561445956,0.527081990599856,
0.652272343090902,0.772136524847461,0.887488329420051,1.),.UNSPECIFIED.);
#141=B_SPLINE_CURVE_WITH_KNOTS('',3,(#7286,#7287,#7288,#7289,#7290,#7291,
#7292,#7293,#7294,#7295,#7296,#7297,#7298,#7299,#7300,#7301,#7302,#7303,
#7304,#7305,#7306,#7307,#7308,#7309,#7310,#7311,#7312),.UNSPECIFIED.,.F.,
 .F.,(4,1,1,1,1,1,1,1,1,1,1,1,1,1,1,1,1,1,1,1,1,1,1,1,4),(0.,0.042847713574337,
0.0855842997048899,0.127738093934925,0.170094253971711,0.212535818914609,
0.255514679036743,0.298645533715992,0.342635705060507,0.386565337849937,
0.429576668548142,0.471702509673923,0.513551962897321,0.555117943049861,
0.596384762234631,0.637975924989666,0.679684405517363,0.721199974638991,
0.761763039742414,0.802080135055423,0.841782232135195,0.881042321597983,
0.920621154121417,0.960095130175781,1.),.UNSPECIFIED.);
#142=B_SPLINE_CURVE_WITH_KNOTS('',3,(#7369,#7370,#7371,#7372,#7373,#7374,
#7375,#7376,#7377,#7378,#7379,#7380,#7381,#7382,#7383,#7384,#7385,#7386,
#7387,#7388,#7389,#7390,#7391,#7392,#7393,#7394,#7395),.UNSPECIFIED.,.F.,
 .F.,(4,1,1,1,1,1,1,1,1,1,1,1,1,1,1,1,1,1,1,1,1,1,1,1,4),(0.,0.0389934464609042,
0.0778804147933123,0.116649302415909,0.15534407782362,0.194633924984759,
0.234276326657321,0.274561188559587,0.31568059162223,0.357032036422009,
0.398094195092609,0.439108751079084,0.47984337424376,0.521283423880589,
0.562849313153906,0.605299722501271,0.648415483809542,0.691733275680753,
0.735154025820574,0.778373226684298,0.82166431980874,0.865526309147936,
0.909733249625516,0.954523447522332,1.),.UNSPECIFIED.);
#143=B_SPLINE_CURVE_WITH_KNOTS('',3,(#7436,#7437,#7438,#7439,#7440,#7441,
#7442,#7443,#7444,#7445,#7446,#7447,#7448,#7449,#7450,#7451,#7452,#7453,
#7454),.UNSPECIFIED.,.F.,.F.,(4,1,1,1,1,1,1,1,1,1,1,1,1,1,1,1,4),(0.,0.0706322443877266,
0.138697887238646,0.204924030554107,0.269449187797102,0.332646586751197,
0.395313877997916,0.457778040103012,0.52067306747004,0.582869615817281,
0.643335025063406,0.702601885958682,0.76073205984158,0.81948404930042,0.878265324083943,
0.938489414791665,1.),.UNSPECIFIED.);
#144=B_SPLINE_CURVE_WITH_KNOTS('',3,(#7507,#7508,#7509,#7510,#7511,#7512,
#7513,#7514,#7515,#7516,#7517,#7518,#7519,#7520,#7521,#7522,#7523,#7524,
#7525),.UNSPECIFIED.,.F.,.F.,(4,1,1,1,1,1,1,1,1,1,1,1,1,1,1,1,4),(0.,0.071272277891841,
0.139492722424175,0.204635418715339,0.267405740386264,0.328445597526984,
0.388397163141541,0.447733931258266,0.507391621231218,0.566767555363435,
0.625478337516418,0.684066505918797,0.743248445815341,0.804033357398258,
0.866498750699673,0.931723237984159,1.),.UNSPECIFIED.);
#145=B_SPLINE_CURVE_WITH_KNOTS('',3,(#7538,#7539,#7540,#7541,#7542,#7543,
#7544,#7545,#7546,#7547,#7548,#7549,#7550,#7551,#7552,#7553,#7554,#7555,
#7556),.UNSPECIFIED.,.F.,.F.,(4,1,1,1,1,1,1,1,1,1,1,1,1,1,1,1,4),(0.,0.0692365237083656,
0.136556739323003,0.202094157267331,0.266464260366058,0.329768822872774,
0.391878965921428,0.453270593103038,0.514114664070462,0.574389510365487,
0.634141663851327,0.693923287499325,0.754152196307389,0.814470164130034,
0.875660630131173,0.937348010628003,1.),.UNSPECIFIED.);
#146=B_SPLINE_CURVE_WITH_KNOTS('',3,(#7558,#7559,#7560,#7561),
 .UNSPECIFIED.,.F.,.F.,(4,4),(0.,1.),.UNSPECIFIED.);
#147=B_SPLINE_CURVE_WITH_KNOTS('',3,(#7565,#7566,#7567,#7568),
 .UNSPECIFIED.,.F.,.F.,(4,4),(0.,1.),.UNSPECIFIED.);
#148=B_SPLINE_CURVE_WITH_KNOTS('',3,(#7579,#7580,#7581,#7582,#7583,#7584,
#7585,#7586,#7587,#7588,#7589,#7590,#7591,#7592,#7593,#7594,#7595,#7596,
#7597,#7598,#7599,#7600,#7601,#7602,#7603,#7604,#7605,#7606,#7607,#7608),
 .UNSPECIFIED.,.F.,.F.,(4,3,1,1,1,1,1,1,1,1,1,1,1,1,1,1,1,1,1,1,1,1,1,1,
1,4),(-0.01,0.,0.0420422557645226,0.0835501801389653,0.124651583947738,
0.16531437242175,0.206253848238817,0.247056612302255,0.288417987882286,
0.330078104605234,0.37176695197481,0.412848236432399,0.453421889726574,
0.493966725253991,0.534348812928568,0.574922466222743,0.615865423613418,
0.65722610994632,0.698986014797094,0.740468519494359,0.78231026379818,0.824555453499151,
0.867032147550055,0.91049340843723,0.954616071510459,1.),.UNSPECIFIED.);
#149=B_SPLINE_CURVE_WITH_KNOTS('',3,(#7649,#7650,#7651,#7652,#7653,#7654,
#7655,#7656,#7657,#7658,#7659,#7660,#7661,#7662,#7663,#7664,#7665,#7666,
#7667),.UNSPECIFIED.,.F.,.F.,(4,1,1,1,1,1,1,1,1,1,1,1,1,1,1,1,4),(0.,0.0616172070006677,
0.122179680691624,0.182217045778756,0.241473347782719,0.300957081186861,
0.359966344541048,0.419030446122275,0.478066466194693,0.537990615231128,
0.598958523904521,0.661319637803069,0.725246399814785,0.791219265793767,
0.858745370808764,0.928317276403441,1.),.UNSPECIFIED.);
#150=PLANE('',#4085);
#151=PLANE('',#4086);
#152=PLANE('',#4087);
#153=PLANE('',#4088);
#154=PLANE('',#4089);
#155=PLANE('',#4090);
#156=PLANE('',#4091);
#157=PLANE('',#4092);
#158=PLANE('',#4093);
#159=PLANE('',#4094);
#160=PLANE('',#4095);
#161=PLANE('',#4096);
#162=PLANE('',#4097);
#163=PLANE('',#4098);
#164=PLANE('',#4099);
#165=PLANE('',#4100);
#166=PLANE('',#4104);
#167=PLANE('',#4105);
#168=PLANE('',#4106);
#169=PLANE('',#4107);
#170=PLANE('',#4108);
#171=PLANE('',#4112);
#172=PLANE('',#4113);
#173=PLANE('',#4114);
#174=PLANE('',#4115);
#175=PLANE('',#4116);
#176=PLANE('',#4120);
#177=PLANE('',#4121);
#178=PLANE('',#4122);
#179=PLANE('',#4124);
#180=PLANE('',#4125);
#181=PLANE('',#4126);
#182=PLANE('',#4127);
#183=PLANE('',#4130);
#184=PLANE('',#4131);
#185=PLANE('',#4132);
#186=PLANE('',#4133);
#187=PLANE('',#4134);
#188=PLANE('',#4135);
#189=PLANE('',#4136);
#190=PLANE('',#4137);
#191=PLANE('',#4138);
#192=PLANE('',#4139);
#193=PLANE('',#4140);
#194=PLANE('',#4141);
#195=PLANE('',#4142);
#196=PLANE('',#4143);
#197=PLANE('',#4144);
#198=PLANE('',#4145);
#199=PLANE('',#4146);
#200=PLANE('',#4147);
#201=PLANE('',#4148);
#202=PLANE('',#4149);
#203=PLANE('',#4150);
#204=PLANE('',#4152);
#205=PLANE('',#4155);
#206=PLANE('',#4156);
#207=PLANE('',#4157);
#208=PLANE('',#4160);
#209=PLANE('',#4161);
#210=PLANE('',#4162);
#211=PLANE('',#4163);
#212=PLANE('',#4164);
#213=PLANE('',#4165);
#214=PLANE('',#4167);
#215=PLANE('',#4169);
#216=PLANE('',#4173);
#217=PLANE('',#4174);
#218=PLANE('',#4175);
#219=PLANE('',#4178);
#220=PLANE('',#4179);
#221=PLANE('',#4180);
#222=PLANE('',#4181);
#223=PLANE('',#4182);
#224=PLANE('',#4183);
#225=PLANE('',#4235);
#226=PLANE('',#4240);
#227=PLANE('',#4245);
#228=PLANE('',#4250);
#229=PLANE('',#4255);
#230=PLANE('',#4256);
#231=PLANE('',#4257);
#232=PLANE('',#4258);
#233=PLANE('',#4259);
#234=PLANE('',#4263);
#235=PLANE('',#4267);
#236=PLANE('',#4271);
#237=PLANE('',#4278);
#238=PLANE('',#4279);
#239=PLANE('',#4280);
#240=PLANE('',#4281);
#241=PLANE('',#4282);
#242=PLANE('',#4283);
#243=PLANE('',#4285);
#244=PLANE('',#4286);
#245=PLANE('',#4287);
#246=PLANE('',#4288);
#247=PLANE('',#4289);
#248=PLANE('',#4291);
#249=PLANE('',#4292);
#250=PLANE('',#4293);
#251=PLANE('',#4294);
#252=PLANE('',#4298);
#253=PLANE('',#4300);
#254=PLANE('',#4303);
#255=PLANE('',#4304);
#256=PLANE('',#4305);
#257=PLANE('',#4306);
#258=PLANE('',#4307);
#259=PLANE('',#4308);
#260=PLANE('',#4316);
#261=PLANE('',#4317);
#262=PLANE('',#4318);
#263=PLANE('',#4319);
#264=PLANE('',#4320);
#265=PLANE('',#4321);
#266=PLANE('',#4322);
#267=PLANE('',#4323);
#268=PLANE('',#4324);
#269=PLANE('',#4325);
#270=PLANE('',#4326);
#271=PLANE('',#4327);
#272=PLANE('',#4332);
#273=PLANE('',#4333);
#274=PLANE('',#4334);
#275=PLANE('',#4335);
#276=PLANE('',#4336);
#277=PLANE('',#4337);
#278=PLANE('',#4341);
#279=PLANE('',#4342);
#280=PLANE('',#4343);
#281=PLANE('',#4344);
#282=PLANE('',#4348);
#283=PLANE('',#4349);
#284=PLANE('',#4350);
#285=PLANE('',#4351);
#286=PLANE('',#4352);
#287=PLANE('',#4353);
#288=PLANE('',#4354);
#289=OVER_RIDING_STYLED_ITEM('',(#3999),#3779,#3996);
#290=OVER_RIDING_STYLED_ITEM('',(#4000),#3797,#3996);
#291=OVER_RIDING_STYLED_ITEM('',(#4001),#3811,#3996);
#292=OVER_RIDING_STYLED_ITEM('',(#4002),#3825,#3996);
#293=OVER_RIDING_STYLED_ITEM('',(#4003),#3929,#3996);
#294=OVER_RIDING_STYLED_ITEM('',(#4004),#3930,#3996);
#295=OVER_RIDING_STYLED_ITEM('',(#4005),#3931,#3996);
#296=OVER_RIDING_STYLED_ITEM('',(#4006),#3973,#3996);
#297=LINE('',#5321,#686);
#298=LINE('',#5325,#687);
#299=LINE('',#5330,#688);
#300=LINE('',#5334,#689);
#301=LINE('',#5339,#690);
#302=LINE('',#5343,#691);
#303=LINE('',#5348,#692);
#304=LINE('',#5352,#693);
#305=LINE('',#5354,#694);
#306=LINE('',#5357,#695);
#307=LINE('',#5359,#696);
#308=LINE('',#5410,#697);
#309=LINE('',#5432,#698);
#310=LINE('',#5443,#699);
#311=LINE('',#5465,#700);
#312=LINE('',#5467,#701);
#313=LINE('',#5469,#702);
#314=LINE('',#5471,#703);
#315=LINE('',#5473,#704);
#316=LINE('',#5475,#705);
#317=LINE('',#5478,#706);
#318=LINE('',#5480,#707);
#319=LINE('',#5482,#708);
#320=LINE('',#5529,#709);
#321=LINE('',#5608,#710);
#322=LINE('',#5687,#711);
#323=LINE('',#5689,#712);
#324=LINE('',#5691,#713);
#325=LINE('',#5693,#714);
#326=LINE('',#5695,#715);
#327=LINE('',#5697,#716);
#328=LINE('',#5699,#717);
#329=LINE('',#5701,#718);
#330=LINE('',#5703,#719);
#331=LINE('',#5705,#720);
#332=LINE('',#5707,#721);
#333=LINE('',#5709,#722);
#334=LINE('',#5711,#723);
#335=LINE('',#5713,#724);
#336=LINE('',#5715,#725);
#337=LINE('',#5717,#726);
#338=LINE('',#5719,#727);
#339=LINE('',#5721,#728);
#340=LINE('',#5723,#729);
#341=LINE('',#5725,#730);
#342=LINE('',#5726,#731);
#343=LINE('',#5819,#732);
#344=LINE('',#5841,#733);
#345=LINE('',#5852,#734);
#346=LINE('',#5883,#735);
#347=LINE('',#5934,#736);
#348=LINE('',#5937,#737);
#349=LINE('',#5939,#738);
#350=LINE('',#5941,#739);
#351=LINE('',#5943,#740);
#352=LINE('',#5945,#741);
#353=LINE('',#5947,#742);
#354=LINE('',#6007,#743);
#355=LINE('',#6050,#744);
#356=LINE('',#6093,#745);
#357=LINE('',#6134,#746);
#358=LINE('',#6136,#747);
#359=LINE('',#6137,#748);
#360=LINE('',#6230,#749);
#361=LINE('',#6252,#750);
#362=LINE('',#6263,#751);
#363=LINE('',#6294,#752);
#364=LINE('',#6345,#753);
#365=LINE('',#6348,#754);
#366=LINE('',#6350,#755);
#367=LINE('',#6352,#756);
#368=LINE('',#6354,#757);
#369=LINE('',#6356,#758);
#370=LINE('',#6358,#759);
#371=LINE('',#6418,#760);
#372=LINE('',#6461,#761);
#373=LINE('',#6524,#762);
#374=LINE('',#6565,#763);
#375=LINE('',#6567,#764);
#376=LINE('',#6568,#765);
#377=LINE('',#6661,#766);
#378=LINE('',#6683,#767);
#379=LINE('',#6694,#768);
#380=LINE('',#6725,#769);
#381=LINE('',#6776,#770);
#382=LINE('',#6779,#771);
#383=LINE('',#6781,#772);
#384=LINE('',#6783,#773);
#385=LINE('',#6785,#774);
#386=LINE('',#6787,#775);
#387=LINE('',#6789,#776);
#388=LINE('',#6849,#777);
#389=LINE('',#6892,#778);
#390=LINE('',#6955,#779);
#391=LINE('',#6996,#780);
#392=LINE('',#6998,#781);
#393=LINE('',#6999,#782);
#394=LINE('',#7096,#783);
#395=LINE('',#7098,#784);
#396=LINE('',#7100,#785);
#397=LINE('',#7190,#786);
#398=LINE('',#7192,#787);
#399=LINE('',#7195,#788);
#400=LINE('',#7196,#789);
#401=LINE('',#7231,#790);
#402=LINE('',#7314,#791);
#403=LINE('',#7397,#792);
#404=LINE('',#7456,#793);
#405=LINE('',#7458,#794);
#406=LINE('',#7460,#795);
#407=LINE('',#7462,#796);
#408=LINE('',#7464,#797);
#409=LINE('',#7466,#798);
#410=LINE('',#7468,#799);
#411=LINE('',#7527,#800);
#412=LINE('',#7610,#801);
#413=LINE('',#7669,#802);
#414=LINE('',#7672,#803);
#415=LINE('',#7674,#804);
#416=LINE('',#7676,#805);
#417=LINE('',#7678,#806);
#418=LINE('',#7680,#807);
#419=LINE('',#7682,#808);
#420=LINE('',#7684,#809);
#421=LINE('',#7686,#810);
#422=LINE('',#7688,#811);
#423=LINE('',#7690,#812);
#424=LINE('',#7692,#813);
#425=LINE('',#7694,#814);
#426=LINE('',#7696,#815);
#427=LINE('',#7699,#816);
#428=LINE('',#7700,#817);
#429=LINE('',#7702,#818);
#430=LINE('',#7704,#819);
#431=LINE('',#7706,#820);
#432=LINE('',#7708,#821);
#433=LINE('',#7710,#822);
#434=LINE('',#7712,#823);
#435=LINE('',#7714,#824);
#436=LINE('',#7716,#825);
#437=LINE('',#7718,#826);
#438=LINE('',#7720,#827);
#439=LINE('',#7722,#828);
#440=LINE('',#7724,#829);
#441=LINE('',#7726,#830);
#442=LINE('',#7728,#831);
#443=LINE('',#7730,#832);
#444=LINE('',#7732,#833);
#445=LINE('',#7734,#834);
#446=LINE('',#7736,#835);
#447=LINE('',#7738,#836);
#448=LINE('',#7740,#837);
#449=LINE('',#7742,#838);
#450=LINE('',#7744,#839);
#451=LINE('',#7746,#840);
#452=LINE('',#7748,#841);
#453=LINE('',#7751,#842);
#454=LINE('',#7753,#843);
#455=LINE('',#7755,#844);
#456=LINE('',#7758,#845);
#457=LINE('',#7760,#846);
#458=LINE('',#7762,#847);
#459=LINE('',#7763,#848);
#460=LINE('',#7765,#849);
#461=LINE('',#7768,#850);
#462=LINE('',#7770,#851);
#463=LINE('',#7772,#852);
#464=LINE('',#7775,#853);
#465=LINE('',#7777,#854);
#466=LINE('',#7779,#855);
#467=LINE('',#7780,#856);
#468=LINE('',#7782,#857);
#469=LINE('',#7784,#858);
#470=LINE('',#7786,#859);
#471=LINE('',#7790,#860);
#472=LINE('',#7792,#861);
#473=LINE('',#7793,#862);
#474=LINE('',#7795,#863);
#475=LINE('',#7797,#864);
#476=LINE('',#7799,#865);
#477=LINE('',#7803,#866);
#478=LINE('',#7805,#867);
#479=LINE('',#7807,#868);
#480=LINE('',#7811,#869);
#481=LINE('',#7813,#870);
#482=LINE('',#7814,#871);
#483=LINE('',#7816,#872);
#484=LINE('',#7818,#873);
#485=LINE('',#7819,#874);
#486=LINE('',#7821,#875);
#487=LINE('',#7823,#876);
#488=LINE('',#7825,#877);
#489=LINE('',#7827,#878);
#490=LINE('',#7831,#879);
#491=LINE('',#7833,#880);
#492=LINE('',#7835,#881);
#493=LINE('',#7837,#882);
#494=LINE('',#7839,#883);
#495=LINE('',#7841,#884);
#496=LINE('',#7843,#885);
#497=LINE('',#7845,#886);
#498=LINE('',#7847,#887);
#499=LINE('',#7850,#888);
#500=LINE('',#7852,#889);
#501=LINE('',#7854,#890);
#502=LINE('',#7858,#891);
#503=LINE('',#7860,#892);
#504=LINE('',#7861,#893);
#505=LINE('',#7863,#894);
#506=LINE('',#7865,#895);
#507=LINE('',#7867,#896);
#508=LINE('',#7869,#897);
#509=LINE('',#7870,#898);
#510=LINE('',#7872,#899);
#511=LINE('',#7876,#900);
#512=LINE('',#7878,#901);
#513=LINE('',#7880,#902);
#514=LINE('',#7884,#903);
#515=LINE('',#7886,#904);
#516=LINE('',#7887,#905);
#517=LINE('',#7889,#906);
#518=LINE('',#7891,#907);
#519=LINE('',#7893,#908);
#520=LINE('',#7895,#909);
#521=LINE('',#7897,#910);
#522=LINE('',#7901,#911);
#523=LINE('',#7903,#912);
#524=LINE('',#7905,#913);
#525=LINE('',#7907,#914);
#526=LINE('',#7909,#915);
#527=LINE('',#7911,#916);
#528=LINE('',#7913,#917);
#529=LINE('',#7915,#918);
#530=LINE('',#7921,#919);
#531=LINE('',#7925,#920);
#532=LINE('',#7930,#921);
#533=LINE('',#7934,#922);
#534=LINE('',#7939,#923);
#535=LINE('',#7943,#924);
#536=LINE('',#7948,#925);
#537=LINE('',#7952,#926);
#538=LINE('',#7957,#927);
#539=LINE('',#7961,#928);
#540=LINE('',#7966,#929);
#541=LINE('',#7970,#930);
#542=LINE('',#7975,#931);
#543=LINE('',#7979,#932);
#544=LINE('',#7984,#933);
#545=LINE('',#7988,#934);
#546=LINE('',#7993,#935);
#547=LINE('',#7997,#936);
#548=LINE('',#8002,#937);
#549=LINE('',#8006,#938);
#550=LINE('',#8011,#939);
#551=LINE('',#8015,#940);
#552=LINE('',#8020,#941);
#553=LINE('',#8024,#942);
#554=LINE('',#8029,#943);
#555=LINE('',#8033,#944);
#556=LINE('',#8038,#945);
#557=LINE('',#8042,#946);
#558=LINE('',#8043,#947);
#559=LINE('',#8048,#948);
#560=LINE('',#8049,#949);
#561=LINE('',#8053,#950);
#562=LINE('',#8058,#951);
#563=LINE('',#8059,#952);
#564=LINE('',#8063,#953);
#565=LINE('',#8068,#954);
#566=LINE('',#8072,#955);
#567=LINE('',#8073,#956);
#568=LINE('',#8075,#957);
#569=LINE('',#8077,#958);
#570=LINE('',#8085,#959);
#571=LINE('',#8087,#960);
#572=LINE('',#8095,#961);
#573=LINE('',#8097,#962);
#574=LINE('',#8105,#963);
#575=LINE('',#8107,#964);
#576=LINE('',#8115,#965);
#577=LINE('',#8116,#966);
#578=LINE('',#8118,#967);
#579=LINE('',#8119,#968);
#580=LINE('',#8121,#969);
#581=LINE('',#8122,#970);
#582=LINE('',#8124,#971);
#583=LINE('',#8125,#972);
#584=LINE('',#8154,#973);
#585=LINE('',#8158,#974);
#586=LINE('',#8160,#975);
#587=LINE('',#8163,#976);
#588=LINE('',#8165,#977);
#589=LINE('',#8167,#978);
#590=LINE('',#8169,#979);
#591=LINE('',#8171,#980);
#592=LINE('',#8173,#981);
#593=LINE('',#8175,#982);
#594=LINE('',#8177,#983);
#595=LINE('',#8179,#984);
#596=LINE('',#8181,#985);
#597=LINE('',#8182,#986);
#598=LINE('',#8184,#987);
#599=LINE('',#8186,#988);
#600=LINE('',#8187,#989);
#601=LINE('',#8189,#990);
#602=LINE('',#8190,#991);
#603=LINE('',#8192,#992);
#604=LINE('',#8193,#993);
#605=LINE('',#8196,#994);
#606=LINE('',#8198,#995);
#607=LINE('',#8200,#996);
#608=LINE('',#8203,#997);
#609=LINE('',#8205,#998);
#610=LINE('',#8207,#999);
#611=LINE('',#8209,#1000);
#612=LINE('',#8211,#1001);
#613=LINE('',#8213,#1002);
#614=LINE('',#8217,#1003);
#615=LINE('',#8218,#1004);
#616=LINE('',#8220,#1005);
#617=LINE('',#8221,#1006);
#618=LINE('',#8223,#1007);
#619=LINE('',#8224,#1008);
#620=LINE('',#8226,#1009);
#621=LINE('',#8229,#1010);
#622=LINE('',#8230,#1011);
#623=LINE('',#8232,#1012);
#624=LINE('',#8234,#1013);
#625=LINE('',#8236,#1014);
#626=LINE('',#8238,#1015);
#627=LINE('',#8240,#1016);
#628=LINE('',#8242,#1017);
#629=LINE('',#8246,#1018);
#630=LINE('',#8248,#1019);
#631=LINE('',#8251,#1020);
#632=LINE('',#8253,#1021);
#633=LINE('',#8255,#1022);
#634=LINE('',#8256,#1023);
#635=LINE('',#8258,#1024);
#636=LINE('',#8260,#1025);
#637=LINE('',#8270,#1026);
#638=LINE('',#8272,#1027);
#639=LINE('',#8280,#1028);
#640=LINE('',#8291,#1029);
#641=LINE('',#8294,#1030);
#642=LINE('',#8296,#1031);
#643=LINE('',#8298,#1032);
#644=LINE('',#8300,#1033);
#645=LINE('',#8302,#1034);
#646=LINE('',#8304,#1035);
#647=LINE('',#8306,#1036);
#648=LINE('',#8308,#1037);
#649=LINE('',#8310,#1038);
#650=LINE('',#8312,#1039);
#651=LINE('',#8313,#1040);
#652=LINE('',#8315,#1041);
#653=LINE('',#8318,#1042);
#654=LINE('',#8320,#1043);
#655=LINE('',#8322,#1044);
#656=LINE('',#8324,#1045);
#657=LINE('',#8327,#1046);
#658=LINE('',#8329,#1047);
#659=LINE('',#8331,#1048);
#660=LINE('',#8336,#1049);
#661=LINE('',#8338,#1050);
#662=LINE('',#8340,#1051);
#663=LINE('',#8342,#1052);
#664=LINE('',#8344,#1053);
#665=LINE('',#8346,#1054);
#666=LINE('',#8348,#1055);
#667=LINE('',#8350,#1056);
#668=LINE('',#8353,#1057);
#669=LINE('',#8355,#1058);
#670=LINE('',#8357,#1059);
#671=LINE('',#8359,#1060);
#672=LINE('',#8362,#1061);
#673=LINE('',#8363,#1062);
#674=LINE('',#8370,#1063);
#675=LINE('',#8373,#1064);
#676=LINE('',#8374,#1065);
#677=LINE('',#8375,#1066);
#678=LINE('',#8377,#1067);
#679=LINE('',#8379,#1068);
#680=LINE('',#8380,#1069);
#681=LINE('',#8382,#1070);
#682=LINE('',#8384,#1071);
#683=LINE('',#8386,#1072);
#684=LINE('',#8387,#1073);
#685=LINE('',#8389,#1074);
#686=VECTOR('',#4363,100.);
#687=VECTOR('',#4366,100.);
#688=VECTOR('',#4371,100.);
#689=VECTOR('',#4374,100.);
#690=VECTOR('',#4379,100.);
#691=VECTOR('',#4382,100.);
#692=VECTOR('',#4387,100.);
#693=VECTOR('',#4390,100.);
#694=VECTOR('',#4393,100.);
#695=VECTOR('',#4394,100.);
#696=VECTOR('',#4395,100.);
#697=VECTOR('',#4396,100.);
#698=VECTOR('',#4397,100.);
#699=VECTOR('',#4398,100.);
#700=VECTOR('',#4401,100.);
#701=VECTOR('',#4402,100.);
#702=VECTOR('',#4405,100.);
#703=VECTOR('',#4406,100.);
#704=VECTOR('',#4409,100.);
#705=VECTOR('',#4412,100.);
#706=VECTOR('',#4413,100.);
#707=VECTOR('',#4414,100.);
#708=VECTOR('',#4415,100.);
#709=VECTOR('',#4416,100.);
#710=VECTOR('',#4417,100.);
#711=VECTOR('',#4418,100.);
#712=VECTOR('',#4421,100.);
#713=VECTOR('',#4422,100.);
#714=VECTOR('',#4423,100.);
#715=VECTOR('',#4426,100.);
#716=VECTOR('',#4427,100.);
#717=VECTOR('',#4428,100.);
#718=VECTOR('',#4431,100.);
#719=VECTOR('',#4432,100.);
#720=VECTOR('',#4433,100.);
#721=VECTOR('',#4436,100.);
#722=VECTOR('',#4437,100.);
#723=VECTOR('',#4438,100.);
#724=VECTOR('',#4441,100.);
#725=VECTOR('',#4442,100.);
#726=VECTOR('',#4443,100.);
#727=VECTOR('',#4446,100.);
#728=VECTOR('',#4447,100.);
#729=VECTOR('',#4448,100.);
#730=VECTOR('',#4451,100.);
#731=VECTOR('',#4452,100.);
#732=VECTOR('',#4457,100.);
#733=VECTOR('',#4458,100.);
#734=VECTOR('',#4459,100.);
#735=VECTOR('',#4460,100.);
#736=VECTOR('',#4463,100.);
#737=VECTOR('',#4464,100.);
#738=VECTOR('',#4465,100.);
#739=VECTOR('',#4466,100.);
#740=VECTOR('',#4469,100.);
#741=VECTOR('',#4470,100.);
#742=VECTOR('',#4471,100.);
#743=VECTOR('',#4478,100.);
#744=VECTOR('',#4479,100.);
#745=VECTOR('',#4480,100.);
#746=VECTOR('',#4481,100.);
#747=VECTOR('',#4484,100.);
#748=VECTOR('',#4485,100.);
#749=VECTOR('',#4490,100.);
#750=VECTOR('',#4491,100.);
#751=VECTOR('',#4492,100.);
#752=VECTOR('',#4493,100.);
#753=VECTOR('',#4496,100.);
#754=VECTOR('',#4497,100.);
#755=VECTOR('',#4498,100.);
#756=VECTOR('',#4499,100.);
#757=VECTOR('',#4502,100.);
#758=VECTOR('',#4503,100.);
#759=VECTOR('',#4504,100.);
#760=VECTOR('',#4511,100.);
#761=VECTOR('',#4512,100.);
#762=VECTOR('',#4513,100.);
#763=VECTOR('',#4514,100.);
#764=VECTOR('',#4517,100.);
#765=VECTOR('',#4518,100.);
#766=VECTOR('',#4523,100.);
#767=VECTOR('',#4524,100.);
#768=VECTOR('',#4525,100.);
#769=VECTOR('',#4526,100.);
#770=VECTOR('',#4529,100.);
#771=VECTOR('',#4530,100.);
#772=VECTOR('',#4531,100.);
#773=VECTOR('',#4532,100.);
#774=VECTOR('',#4535,100.);
#775=VECTOR('',#4536,100.);
#776=VECTOR('',#4537,100.);
#777=VECTOR('',#4544,100.);
#778=VECTOR('',#4545,100.);
#779=VECTOR('',#4546,100.);
#780=VECTOR('',#4547,100.);
#781=VECTOR('',#4550,100.);
#782=VECTOR('',#4551,100.);
#783=VECTOR('',#4558,100.);
#784=VECTOR('',#4559,100.);
#785=VECTOR('',#4560,100.);
#786=VECTOR('',#4561,100.);
#787=VECTOR('',#4564,100.);
#788=VECTOR('',#4565,100.);
#789=VECTOR('',#4566,100.);
#790=VECTOR('',#4567,100.);
#791=VECTOR('',#4568,100.);
#792=VECTOR('',#4569,100.);
#793=VECTOR('',#4570,100.);
#794=VECTOR('',#4573,100.);
#795=VECTOR('',#4574,100.);
#796=VECTOR('',#4577,100.);
#797=VECTOR('',#4578,100.);
#798=VECTOR('',#4581,100.);
#799=VECTOR('',#4582,100.);
#800=VECTOR('',#4583,100.);
#801=VECTOR('',#4588,100.);
#802=VECTOR('',#4591,100.);
#803=VECTOR('',#4592,100.);
#804=VECTOR('',#4593,100.);
#805=VECTOR('',#4594,100.);
#806=VECTOR('',#4595,100.);
#807=VECTOR('',#4596,100.);
#808=VECTOR('',#4597,100.);
#809=VECTOR('',#4598,100.);
#810=VECTOR('',#4599,100.);
#811=VECTOR('',#4600,100.);
#812=VECTOR('',#4601,100.);
#813=VECTOR('',#4602,100.);
#814=VECTOR('',#4603,100.);
#815=VECTOR('',#4606,100.);
#816=VECTOR('',#4607,100.);
#817=VECTOR('',#4608,100.);
#818=VECTOR('',#4611,100.);
#819=VECTOR('',#4612,100.);
#820=VECTOR('',#4615,100.);
#821=VECTOR('',#4616,100.);
#822=VECTOR('',#4619,100.);
#823=VECTOR('',#4620,100.);
#824=VECTOR('',#4623,100.);
#825=VECTOR('',#4624,100.);
#826=VECTOR('',#4627,100.);
#827=VECTOR('',#4628,100.);
#828=VECTOR('',#4631,100.);
#829=VECTOR('',#4632,100.);
#830=VECTOR('',#4635,100.);
#831=VECTOR('',#4636,100.);
#832=VECTOR('',#4639,100.);
#833=VECTOR('',#4640,100.);
#834=VECTOR('',#4643,100.);
#835=VECTOR('',#4644,100.);
#836=VECTOR('',#4647,100.);
#837=VECTOR('',#4648,100.);
#838=VECTOR('',#4651,100.);
#839=VECTOR('',#4652,100.);
#840=VECTOR('',#4655,100.);
#841=VECTOR('',#4658,100.);
#842=VECTOR('',#4659,100.);
#843=VECTOR('',#4660,100.);
#844=VECTOR('',#4663,100.);
#845=VECTOR('',#4664,100.);
#846=VECTOR('',#4665,100.);
#847=VECTOR('',#4668,100.);
#848=VECTOR('',#4669,100.);
#849=VECTOR('',#4672,100.);
#850=VECTOR('',#4673,100.);
#851=VECTOR('',#4674,100.);
#852=VECTOR('',#4677,100.);
#853=VECTOR('',#4678,100.);
#854=VECTOR('',#4679,100.);
#855=VECTOR('',#4682,100.);
#856=VECTOR('',#4683,100.);
#857=VECTOR('',#4686,100.);
#858=VECTOR('',#4687,100.);
#859=VECTOR('',#4688,100.);
#860=VECTOR('',#4691,100.);
#861=VECTOR('',#4692,100.);
#862=VECTOR('',#4693,100.);
#863=VECTOR('',#4696,100.);
#864=VECTOR('',#4697,100.);
#865=VECTOR('',#4698,100.);
#866=VECTOR('',#4701,100.);
#867=VECTOR('',#4702,100.);
#868=VECTOR('',#4703,100.);
#869=VECTOR('',#4706,100.);
#870=VECTOR('',#4707,100.);
#871=VECTOR('',#4708,100.);
#872=VECTOR('',#4709,100.);
#873=VECTOR('',#4712,100.);
#874=VECTOR('',#4713,100.);
#875=VECTOR('',#4716,100.);
#876=VECTOR('',#4717,100.);
#877=VECTOR('',#4720,100.);
#878=VECTOR('',#4721,100.);
#879=VECTOR('',#4726,100.);
#880=VECTOR('',#4729,100.);
#881=VECTOR('',#4730,100.);
#882=VECTOR('',#4733,100.);
#883=VECTOR('',#4736,100.);
#884=VECTOR('',#4737,100.);
#885=VECTOR('',#4740,100.);
#886=VECTOR('',#4743,100.);
#887=VECTOR('',#4746,100.);
#888=VECTOR('',#4751,100.);
#889=VECTOR('',#4752,100.);
#890=VECTOR('',#4753,100.);
#891=VECTOR('',#4756,100.);
#892=VECTOR('',#4757,100.);
#893=VECTOR('',#4758,100.);
#894=VECTOR('',#4761,100.);
#895=VECTOR('',#4762,100.);
#896=VECTOR('',#4763,100.);
#897=VECTOR('',#4764,100.);
#898=VECTOR('',#4765,100.);
#899=VECTOR('',#4766,100.);
#900=VECTOR('',#4769,100.);
#901=VECTOR('',#4770,100.);
#902=VECTOR('',#4771,100.);
#903=VECTOR('',#4774,100.);
#904=VECTOR('',#4777,100.);
#905=VECTOR('',#4778,100.);
#906=VECTOR('',#4781,100.);
#907=VECTOR('',#4784,100.);
#908=VECTOR('',#4785,100.);
#909=VECTOR('',#4788,100.);
#910=VECTOR('',#4789,100.);
#911=VECTOR('',#4794,100.);
#912=VECTOR('',#4797,100.);
#913=VECTOR('',#4798,100.);
#914=VECTOR('',#4801,100.);
#915=VECTOR('',#4804,100.);
#916=VECTOR('',#4805,100.);
#917=VECTOR('',#4808,100.);
#918=VECTOR('',#4811,100.);
#919=VECTOR('',#4818,100.);
#920=VECTOR('',#4821,100.);
#921=VECTOR('',#4826,100.);
#922=VECTOR('',#4829,100.);
#923=VECTOR('',#4834,100.);
#924=VECTOR('',#4837,100.);
#925=VECTOR('',#4842,100.);
#926=VECTOR('',#4845,100.);
#927=VECTOR('',#4850,100.);
#928=VECTOR('',#4853,100.);
#929=VECTOR('',#4858,100.);
#930=VECTOR('',#4861,100.);
#931=VECTOR('',#4866,100.);
#932=VECTOR('',#4869,100.);
#933=VECTOR('',#4874,100.);
#934=VECTOR('',#4877,100.);
#935=VECTOR('',#4882,100.);
#936=VECTOR('',#4885,100.);
#937=VECTOR('',#4890,100.);
#938=VECTOR('',#4893,100.);
#939=VECTOR('',#4898,100.);
#940=VECTOR('',#4901,100.);
#941=VECTOR('',#4906,100.);
#942=VECTOR('',#4909,100.);
#943=VECTOR('',#4914,100.);
#944=VECTOR('',#4917,100.);
#945=VECTOR('',#4922,100.);
#946=VECTOR('',#4925,100.);
#947=VECTOR('',#4926,100.);
#948=VECTOR('',#4931,100.);
#949=VECTOR('',#4932,100.);
#950=VECTOR('',#4935,100.);
#951=VECTOR('',#4940,100.);
#952=VECTOR('',#4941,100.);
#953=VECTOR('',#4944,100.);
#954=VECTOR('',#4949,100.);
#955=VECTOR('',#4952,100.);
#956=VECTOR('',#4953,100.);
#957=VECTOR('',#4956,100.);
#958=VECTOR('',#4957,100.);
#959=VECTOR('',#4968,100.);
#960=VECTOR('',#4969,100.);
#961=VECTOR('',#4980,100.);
#962=VECTOR('',#4981,100.);
#963=VECTOR('',#4992,100.);
#964=VECTOR('',#4993,100.);
#965=VECTOR('',#5004,100.);
#966=VECTOR('',#5005,100.);
#967=VECTOR('',#5008,100.);
#968=VECTOR('',#5009,100.);
#969=VECTOR('',#5012,100.);
#970=VECTOR('',#5013,100.);
#971=VECTOR('',#5016,100.);
#972=VECTOR('',#5017,100.);
#973=VECTOR('',#5054,100.);
#974=VECTOR('',#5057,100.);
#975=VECTOR('',#5060,100.);
#976=VECTOR('',#5061,100.);
#977=VECTOR('',#5062,100.);
#978=VECTOR('',#5063,100.);
#979=VECTOR('',#5066,100.);
#980=VECTOR('',#5067,100.);
#981=VECTOR('',#5068,100.);
#982=VECTOR('',#5071,100.);
#983=VECTOR('',#5072,100.);
#984=VECTOR('',#5073,100.);
#985=VECTOR('',#5076,100.);
#986=VECTOR('',#5077,100.);
#987=VECTOR('',#5080,100.);
#988=VECTOR('',#5081,100.);
#989=VECTOR('',#5082,100.);
#990=VECTOR('',#5083,100.);
#991=VECTOR('',#5084,100.);
#992=VECTOR('',#5087,100.);
#993=VECTOR('',#5088,100.);
#994=VECTOR('',#5093,100.);
#995=VECTOR('',#5096,100.);
#996=VECTOR('',#5099,100.);
#997=VECTOR('',#5100,100.);
#998=VECTOR('',#5101,100.);
#999=VECTOR('',#5102,100.);
#1000=VECTOR('',#5105,100.);
#1001=VECTOR('',#5106,100.);
#1002=VECTOR('',#5107,100.);
#1003=VECTOR('',#5114,100.);
#1004=VECTOR('',#5115,100.);
#1005=VECTOR('',#5118,100.);
#1006=VECTOR('',#5119,100.);
#1007=VECTOR('',#5122,100.);
#1008=VECTOR('',#5123,100.);
#1009=VECTOR('',#5126,100.);
#1010=VECTOR('',#5131,100.);
#1011=VECTOR('',#5132,100.);
#1012=VECTOR('',#5135,100.);
#1013=VECTOR('',#5138,100.);
#1014=VECTOR('',#5139,100.);
#1015=VECTOR('',#5140,100.);
#1016=VECTOR('',#5143,100.);
#1017=VECTOR('',#5146,100.);
#1018=VECTOR('',#5153,100.);
#1019=VECTOR('',#5156,100.);
#1020=VECTOR('',#5161,100.);
#1021=VECTOR('',#5162,100.);
#1022=VECTOR('',#5165,100.);
#1023=VECTOR('',#5166,100.);
#1024=VECTOR('',#5169,100.);
#1025=VECTOR('',#5170,100.);
#1026=VECTOR('',#5187,100.);
#1027=VECTOR('',#5190,100.);
#1028=VECTOR('',#5205,100.);
#1029=VECTOR('',#5222,100.);
#1030=VECTOR('',#5223,100.);
#1031=VECTOR('',#5224,100.);
#1032=VECTOR('',#5225,100.);
#1033=VECTOR('',#5228,100.);
#1034=VECTOR('',#5229,100.);
#1035=VECTOR('',#5230,100.);
#1036=VECTOR('',#5233,100.);
#1037=VECTOR('',#5234,100.);
#1038=VECTOR('',#5235,100.);
#1039=VECTOR('',#5238,100.);
#1040=VECTOR('',#5239,100.);
#1041=VECTOR('',#5242,100.);
#1042=VECTOR('',#5243,100.);
#1043=VECTOR('',#5244,100.);
#1044=VECTOR('',#5245,100.);
#1045=VECTOR('',#5248,100.);
#1046=VECTOR('',#5249,100.);
#1047=VECTOR('',#5250,100.);
#1048=VECTOR('',#5251,100.);
#1049=VECTOR('',#5260,100.);
#1050=VECTOR('',#5261,100.);
#1051=VECTOR('',#5262,100.);
#1052=VECTOR('',#5265,100.);
#1053=VECTOR('',#5266,100.);
#1054=VECTOR('',#5267,100.);
#1055=VECTOR('',#5268,100.);
#1056=VECTOR('',#5271,100.);
#1057=VECTOR('',#5272,100.);
#1058=VECTOR('',#5273,100.);
#1059=VECTOR('',#5274,100.);
#1060=VECTOR('',#5277,100.);
#1061=VECTOR('',#5278,100.);
#1062=VECTOR('',#5279,100.);
#1063=VECTOR('',#5288,100.);
#1064=VECTOR('',#5289,100.);
#1065=VECTOR('',#5290,100.);
#1066=VECTOR('',#5291,100.);
#1067=VECTOR('',#5292,100.);
#1068=VECTOR('',#5295,100.);
#1069=VECTOR('',#5296,100.);
#1070=VECTOR('',#5297,100.);
#1071=VECTOR('',#5300,100.);
#1072=VECTOR('',#5301,100.);
#1073=VECTOR('',#5302,100.);
#1074=VECTOR('',#5305,100.);
#1075=ORIENTED_EDGE('',*,*,#2209,.T.);
#1076=ORIENTED_EDGE('',*,*,#2210,.T.);
#1077=ORIENTED_EDGE('',*,*,#2211,.F.);
#1078=ORIENTED_EDGE('',*,*,#2212,.F.);
#1079=ORIENTED_EDGE('',*,*,#2213,.T.);
#1080=ORIENTED_EDGE('',*,*,#2214,.T.);
#1081=ORIENTED_EDGE('',*,*,#2215,.F.);
#1082=ORIENTED_EDGE('',*,*,#2216,.F.);
#1083=ORIENTED_EDGE('',*,*,#2217,.T.);
#1084=ORIENTED_EDGE('',*,*,#2218,.T.);
#1085=ORIENTED_EDGE('',*,*,#2219,.F.);
#1086=ORIENTED_EDGE('',*,*,#2220,.F.);
#1087=ORIENTED_EDGE('',*,*,#2221,.T.);
#1088=ORIENTED_EDGE('',*,*,#2222,.T.);
#1089=ORIENTED_EDGE('',*,*,#2223,.F.);
#1090=ORIENTED_EDGE('',*,*,#2224,.F.);
#1091=ORIENTED_EDGE('',*,*,#2225,.T.);
#1092=ORIENTED_EDGE('',*,*,#2226,.T.);
#1093=ORIENTED_EDGE('',*,*,#2227,.T.);
#1094=ORIENTED_EDGE('',*,*,#2228,.T.);
#1095=ORIENTED_EDGE('',*,*,#2229,.T.);
#1096=ORIENTED_EDGE('',*,*,#2229,.F.);
#1097=ORIENTED_EDGE('',*,*,#2230,.F.);
#1098=ORIENTED_EDGE('',*,*,#2231,.T.);
#1099=ORIENTED_EDGE('',*,*,#2232,.T.);
#1100=ORIENTED_EDGE('',*,*,#2228,.F.);
#1101=ORIENTED_EDGE('',*,*,#2233,.F.);
#1102=ORIENTED_EDGE('',*,*,#2234,.T.);
#1103=ORIENTED_EDGE('',*,*,#2230,.T.);
#1104=ORIENTED_EDGE('',*,*,#2227,.F.);
#1105=ORIENTED_EDGE('',*,*,#2235,.F.);
#1106=ORIENTED_EDGE('',*,*,#2236,.T.);
#1107=ORIENTED_EDGE('',*,*,#2233,.T.);
#1108=ORIENTED_EDGE('',*,*,#2226,.F.);
#1109=ORIENTED_EDGE('',*,*,#2237,.F.);
#1110=ORIENTED_EDGE('',*,*,#2238,.T.);
#1111=ORIENTED_EDGE('',*,*,#2235,.T.);
#1112=ORIENTED_EDGE('',*,*,#2225,.F.);
#1113=ORIENTED_EDGE('',*,*,#2232,.F.);
#1114=ORIENTED_EDGE('',*,*,#2239,.T.);
#1115=ORIENTED_EDGE('',*,*,#2237,.T.);
#1116=ORIENTED_EDGE('',*,*,#2240,.F.);
#1117=ORIENTED_EDGE('',*,*,#2241,.F.);
#1118=ORIENTED_EDGE('',*,*,#2242,.T.);
#1119=ORIENTED_EDGE('',*,*,#2243,.T.);
#1120=ORIENTED_EDGE('',*,*,#2244,.F.);
#1121=ORIENTED_EDGE('',*,*,#2243,.F.);
#1122=ORIENTED_EDGE('',*,*,#2245,.T.);
#1123=ORIENTED_EDGE('',*,*,#2246,.T.);
#1124=ORIENTED_EDGE('',*,*,#2247,.F.);
#1125=ORIENTED_EDGE('',*,*,#2246,.F.);
#1126=ORIENTED_EDGE('',*,*,#2248,.T.);
#1127=ORIENTED_EDGE('',*,*,#2249,.T.);
#1128=ORIENTED_EDGE('',*,*,#2250,.F.);
#1129=ORIENTED_EDGE('',*,*,#2249,.F.);
#1130=ORIENTED_EDGE('',*,*,#2251,.T.);
#1131=ORIENTED_EDGE('',*,*,#2252,.T.);
#1132=ORIENTED_EDGE('',*,*,#2253,.F.);
#1133=ORIENTED_EDGE('',*,*,#2252,.F.);
#1134=ORIENTED_EDGE('',*,*,#2254,.T.);
#1135=ORIENTED_EDGE('',*,*,#2255,.T.);
#1136=ORIENTED_EDGE('',*,*,#2256,.F.);
#1137=ORIENTED_EDGE('',*,*,#2255,.F.);
#1138=ORIENTED_EDGE('',*,*,#2257,.T.);
#1139=ORIENTED_EDGE('',*,*,#2258,.T.);
#1140=ORIENTED_EDGE('',*,*,#2259,.F.);
#1141=ORIENTED_EDGE('',*,*,#2258,.F.);
#1142=ORIENTED_EDGE('',*,*,#2260,.T.);
#1143=ORIENTED_EDGE('',*,*,#2261,.T.);
#1144=ORIENTED_EDGE('',*,*,#2262,.F.);
#1145=ORIENTED_EDGE('',*,*,#2261,.F.);
#1146=ORIENTED_EDGE('',*,*,#2263,.T.);
#1147=ORIENTED_EDGE('',*,*,#2264,.T.);
#1148=ORIENTED_EDGE('',*,*,#2265,.F.);
#1149=ORIENTED_EDGE('',*,*,#2264,.F.);
#1150=ORIENTED_EDGE('',*,*,#2266,.T.);
#1151=ORIENTED_EDGE('',*,*,#2267,.T.);
#1152=ORIENTED_EDGE('',*,*,#2268,.F.);
#1153=ORIENTED_EDGE('',*,*,#2267,.F.);
#1154=ORIENTED_EDGE('',*,*,#2269,.T.);
#1155=ORIENTED_EDGE('',*,*,#2270,.T.);
#1156=ORIENTED_EDGE('',*,*,#2271,.F.);
#1157=ORIENTED_EDGE('',*,*,#2270,.F.);
#1158=ORIENTED_EDGE('',*,*,#2272,.T.);
#1159=ORIENTED_EDGE('',*,*,#2241,.T.);
#1160=ORIENTED_EDGE('',*,*,#2238,.F.);
#1161=ORIENTED_EDGE('',*,*,#2239,.F.);
#1162=ORIENTED_EDGE('',*,*,#2231,.F.);
#1163=ORIENTED_EDGE('',*,*,#2234,.F.);
#1164=ORIENTED_EDGE('',*,*,#2236,.F.);
#1165=ORIENTED_EDGE('',*,*,#2272,.F.);
#1166=ORIENTED_EDGE('',*,*,#2269,.F.);
#1167=ORIENTED_EDGE('',*,*,#2266,.F.);
#1168=ORIENTED_EDGE('',*,*,#2263,.F.);
#1169=ORIENTED_EDGE('',*,*,#2260,.F.);
#1170=ORIENTED_EDGE('',*,*,#2257,.F.);
#1171=ORIENTED_EDGE('',*,*,#2254,.F.);
#1172=ORIENTED_EDGE('',*,*,#2251,.F.);
#1173=ORIENTED_EDGE('',*,*,#2248,.F.);
#1174=ORIENTED_EDGE('',*,*,#2245,.F.);
#1175=ORIENTED_EDGE('',*,*,#2242,.F.);
#1176=ORIENTED_EDGE('',*,*,#2273,.T.);
#1177=ORIENTED_EDGE('',*,*,#2274,.T.);
#1178=ORIENTED_EDGE('',*,*,#2275,.T.);
#1179=ORIENTED_EDGE('',*,*,#2276,.T.);
#1180=ORIENTED_EDGE('',*,*,#2276,.F.);
#1181=ORIENTED_EDGE('',*,*,#2277,.F.);
#1182=ORIENTED_EDGE('',*,*,#2278,.T.);
#1183=ORIENTED_EDGE('',*,*,#2279,.T.);
#1184=ORIENTED_EDGE('',*,*,#2275,.F.);
#1185=ORIENTED_EDGE('',*,*,#2280,.F.);
#1186=ORIENTED_EDGE('',*,*,#2281,.T.);
#1187=ORIENTED_EDGE('',*,*,#2277,.T.);
#1188=ORIENTED_EDGE('',*,*,#2274,.F.);
#1189=ORIENTED_EDGE('',*,*,#2282,.F.);
#1190=ORIENTED_EDGE('',*,*,#2283,.T.);
#1191=ORIENTED_EDGE('',*,*,#2280,.T.);
#1192=ORIENTED_EDGE('',*,*,#2273,.F.);
#1193=ORIENTED_EDGE('',*,*,#2279,.F.);
#1194=ORIENTED_EDGE('',*,*,#2284,.T.);
#1195=ORIENTED_EDGE('',*,*,#2282,.T.);
#1196=ORIENTED_EDGE('',*,*,#2285,.F.);
#1197=ORIENTED_EDGE('',*,*,#2286,.F.);
#1198=ORIENTED_EDGE('',*,*,#2287,.T.);
#1199=ORIENTED_EDGE('',*,*,#2288,.T.);
#1200=ORIENTED_EDGE('',*,*,#2289,.F.);
#1201=ORIENTED_EDGE('',*,*,#2288,.F.);
#1202=ORIENTED_EDGE('',*,*,#2290,.T.);
#1203=ORIENTED_EDGE('',*,*,#2291,.T.);
#1204=ORIENTED_EDGE('',*,*,#2292,.F.);
#1205=ORIENTED_EDGE('',*,*,#2291,.F.);
#1206=ORIENTED_EDGE('',*,*,#2293,.T.);
#1207=ORIENTED_EDGE('',*,*,#2294,.T.);
#1208=ORIENTED_EDGE('',*,*,#2295,.F.);
#1209=ORIENTED_EDGE('',*,*,#2294,.F.);
#1210=ORIENTED_EDGE('',*,*,#2296,.T.);
#1211=ORIENTED_EDGE('',*,*,#2297,.T.);
#1212=ORIENTED_EDGE('',*,*,#2298,.F.);
#1213=ORIENTED_EDGE('',*,*,#2297,.F.);
#1214=ORIENTED_EDGE('',*,*,#2299,.T.);
#1215=ORIENTED_EDGE('',*,*,#2300,.T.);
#1216=ORIENTED_EDGE('',*,*,#2301,.F.);
#1217=ORIENTED_EDGE('',*,*,#2300,.F.);
#1218=ORIENTED_EDGE('',*,*,#2302,.T.);
#1219=ORIENTED_EDGE('',*,*,#2303,.T.);
#1220=ORIENTED_EDGE('',*,*,#2304,.F.);
#1221=ORIENTED_EDGE('',*,*,#2303,.F.);
#1222=ORIENTED_EDGE('',*,*,#2305,.T.);
#1223=ORIENTED_EDGE('',*,*,#2306,.T.);
#1224=ORIENTED_EDGE('',*,*,#2307,.F.);
#1225=ORIENTED_EDGE('',*,*,#2306,.F.);
#1226=ORIENTED_EDGE('',*,*,#2308,.T.);
#1227=ORIENTED_EDGE('',*,*,#2286,.T.);
#1228=ORIENTED_EDGE('',*,*,#2283,.F.);
#1229=ORIENTED_EDGE('',*,*,#2284,.F.);
#1230=ORIENTED_EDGE('',*,*,#2278,.F.);
#1231=ORIENTED_EDGE('',*,*,#2281,.F.);
#1232=ORIENTED_EDGE('',*,*,#2308,.F.);
#1233=ORIENTED_EDGE('',*,*,#2305,.F.);
#1234=ORIENTED_EDGE('',*,*,#2302,.F.);
#1235=ORIENTED_EDGE('',*,*,#2299,.F.);
#1236=ORIENTED_EDGE('',*,*,#2296,.F.);
#1237=ORIENTED_EDGE('',*,*,#2293,.F.);
#1238=ORIENTED_EDGE('',*,*,#2290,.F.);
#1239=ORIENTED_EDGE('',*,*,#2287,.F.);
#1240=ORIENTED_EDGE('',*,*,#2309,.T.);
#1241=ORIENTED_EDGE('',*,*,#2310,.T.);
#1242=ORIENTED_EDGE('',*,*,#2311,.T.);
#1243=ORIENTED_EDGE('',*,*,#2312,.T.);
#1244=ORIENTED_EDGE('',*,*,#2312,.F.);
#1245=ORIENTED_EDGE('',*,*,#2313,.F.);
#1246=ORIENTED_EDGE('',*,*,#2314,.T.);
#1247=ORIENTED_EDGE('',*,*,#2315,.T.);
#1248=ORIENTED_EDGE('',*,*,#2311,.F.);
#1249=ORIENTED_EDGE('',*,*,#2316,.F.);
#1250=ORIENTED_EDGE('',*,*,#2317,.T.);
#1251=ORIENTED_EDGE('',*,*,#2313,.T.);
#1252=ORIENTED_EDGE('',*,*,#2310,.F.);
#1253=ORIENTED_EDGE('',*,*,#2318,.F.);
#1254=ORIENTED_EDGE('',*,*,#2319,.T.);
#1255=ORIENTED_EDGE('',*,*,#2316,.T.);
#1256=ORIENTED_EDGE('',*,*,#2309,.F.);
#1257=ORIENTED_EDGE('',*,*,#2315,.F.);
#1258=ORIENTED_EDGE('',*,*,#2320,.T.);
#1259=ORIENTED_EDGE('',*,*,#2318,.T.);
#1260=ORIENTED_EDGE('',*,*,#2321,.F.);
#1261=ORIENTED_EDGE('',*,*,#2322,.F.);
#1262=ORIENTED_EDGE('',*,*,#2323,.T.);
#1263=ORIENTED_EDGE('',*,*,#2324,.T.);
#1264=ORIENTED_EDGE('',*,*,#2325,.F.);
#1265=ORIENTED_EDGE('',*,*,#2324,.F.);
#1266=ORIENTED_EDGE('',*,*,#2326,.T.);
#1267=ORIENTED_EDGE('',*,*,#2327,.T.);
#1268=ORIENTED_EDGE('',*,*,#2328,.F.);
#1269=ORIENTED_EDGE('',*,*,#2327,.F.);
#1270=ORIENTED_EDGE('',*,*,#2329,.T.);
#1271=ORIENTED_EDGE('',*,*,#2330,.T.);
#1272=ORIENTED_EDGE('',*,*,#2331,.F.);
#1273=ORIENTED_EDGE('',*,*,#2330,.F.);
#1274=ORIENTED_EDGE('',*,*,#2332,.T.);
#1275=ORIENTED_EDGE('',*,*,#2333,.T.);
#1276=ORIENTED_EDGE('',*,*,#2334,.F.);
#1277=ORIENTED_EDGE('',*,*,#2333,.F.);
#1278=ORIENTED_EDGE('',*,*,#2335,.T.);
#1279=ORIENTED_EDGE('',*,*,#2336,.T.);
#1280=ORIENTED_EDGE('',*,*,#2337,.F.);
#1281=ORIENTED_EDGE('',*,*,#2336,.F.);
#1282=ORIENTED_EDGE('',*,*,#2338,.T.);
#1283=ORIENTED_EDGE('',*,*,#2339,.T.);
#1284=ORIENTED_EDGE('',*,*,#2340,.F.);
#1285=ORIENTED_EDGE('',*,*,#2339,.F.);
#1286=ORIENTED_EDGE('',*,*,#2341,.T.);
#1287=ORIENTED_EDGE('',*,*,#2342,.T.);
#1288=ORIENTED_EDGE('',*,*,#2343,.F.);
#1289=ORIENTED_EDGE('',*,*,#2342,.F.);
#1290=ORIENTED_EDGE('',*,*,#2344,.T.);
#1291=ORIENTED_EDGE('',*,*,#2322,.T.);
#1292=ORIENTED_EDGE('',*,*,#2319,.F.);
#1293=ORIENTED_EDGE('',*,*,#2320,.F.);
#1294=ORIENTED_EDGE('',*,*,#2314,.F.);
#1295=ORIENTED_EDGE('',*,*,#2317,.F.);
#1296=ORIENTED_EDGE('',*,*,#2344,.F.);
#1297=ORIENTED_EDGE('',*,*,#2341,.F.);
#1298=ORIENTED_EDGE('',*,*,#2338,.F.);
#1299=ORIENTED_EDGE('',*,*,#2335,.F.);
#1300=ORIENTED_EDGE('',*,*,#2332,.F.);
#1301=ORIENTED_EDGE('',*,*,#2329,.F.);
#1302=ORIENTED_EDGE('',*,*,#2326,.F.);
#1303=ORIENTED_EDGE('',*,*,#2323,.F.);
#1304=ORIENTED_EDGE('',*,*,#2345,.T.);
#1305=ORIENTED_EDGE('',*,*,#2346,.T.);
#1306=ORIENTED_EDGE('',*,*,#2347,.T.);
#1307=ORIENTED_EDGE('',*,*,#2348,.T.);
#1308=ORIENTED_EDGE('',*,*,#2348,.F.);
#1309=ORIENTED_EDGE('',*,*,#2349,.F.);
#1310=ORIENTED_EDGE('',*,*,#2350,.T.);
#1311=ORIENTED_EDGE('',*,*,#2351,.T.);
#1312=ORIENTED_EDGE('',*,*,#2347,.F.);
#1313=ORIENTED_EDGE('',*,*,#2352,.F.);
#1314=ORIENTED_EDGE('',*,*,#2353,.T.);
#1315=ORIENTED_EDGE('',*,*,#2349,.T.);
#1316=ORIENTED_EDGE('',*,*,#2346,.F.);
#1317=ORIENTED_EDGE('',*,*,#2354,.F.);
#1318=ORIENTED_EDGE('',*,*,#2355,.T.);
#1319=ORIENTED_EDGE('',*,*,#2352,.T.);
#1320=ORIENTED_EDGE('',*,*,#2345,.F.);
#1321=ORIENTED_EDGE('',*,*,#2351,.F.);
#1322=ORIENTED_EDGE('',*,*,#2356,.T.);
#1323=ORIENTED_EDGE('',*,*,#2354,.T.);
#1324=ORIENTED_EDGE('',*,*,#2357,.F.);
#1325=ORIENTED_EDGE('',*,*,#2358,.F.);
#1326=ORIENTED_EDGE('',*,*,#2359,.T.);
#1327=ORIENTED_EDGE('',*,*,#2360,.T.);
#1328=ORIENTED_EDGE('',*,*,#2361,.F.);
#1329=ORIENTED_EDGE('',*,*,#2360,.F.);
#1330=ORIENTED_EDGE('',*,*,#2362,.T.);
#1331=ORIENTED_EDGE('',*,*,#2363,.T.);
#1332=ORIENTED_EDGE('',*,*,#2364,.F.);
#1333=ORIENTED_EDGE('',*,*,#2363,.F.);
#1334=ORIENTED_EDGE('',*,*,#2365,.T.);
#1335=ORIENTED_EDGE('',*,*,#2366,.T.);
#1336=ORIENTED_EDGE('',*,*,#2367,.F.);
#1337=ORIENTED_EDGE('',*,*,#2366,.F.);
#1338=ORIENTED_EDGE('',*,*,#2368,.T.);
#1339=ORIENTED_EDGE('',*,*,#2369,.T.);
#1340=ORIENTED_EDGE('',*,*,#2370,.F.);
#1341=ORIENTED_EDGE('',*,*,#2369,.F.);
#1342=ORIENTED_EDGE('',*,*,#2371,.T.);
#1343=ORIENTED_EDGE('',*,*,#2372,.T.);
#1344=ORIENTED_EDGE('',*,*,#2373,.F.);
#1345=ORIENTED_EDGE('',*,*,#2372,.F.);
#1346=ORIENTED_EDGE('',*,*,#2374,.T.);
#1347=ORIENTED_EDGE('',*,*,#2375,.T.);
#1348=ORIENTED_EDGE('',*,*,#2376,.F.);
#1349=ORIENTED_EDGE('',*,*,#2375,.F.);
#1350=ORIENTED_EDGE('',*,*,#2377,.T.);
#1351=ORIENTED_EDGE('',*,*,#2378,.T.);
#1352=ORIENTED_EDGE('',*,*,#2379,.F.);
#1353=ORIENTED_EDGE('',*,*,#2378,.F.);
#1354=ORIENTED_EDGE('',*,*,#2380,.T.);
#1355=ORIENTED_EDGE('',*,*,#2358,.T.);
#1356=ORIENTED_EDGE('',*,*,#2355,.F.);
#1357=ORIENTED_EDGE('',*,*,#2356,.F.);
#1358=ORIENTED_EDGE('',*,*,#2350,.F.);
#1359=ORIENTED_EDGE('',*,*,#2353,.F.);
#1360=ORIENTED_EDGE('',*,*,#2380,.F.);
#1361=ORIENTED_EDGE('',*,*,#2377,.F.);
#1362=ORIENTED_EDGE('',*,*,#2374,.F.);
#1363=ORIENTED_EDGE('',*,*,#2371,.F.);
#1364=ORIENTED_EDGE('',*,*,#2368,.F.);
#1365=ORIENTED_EDGE('',*,*,#2365,.F.);
#1366=ORIENTED_EDGE('',*,*,#2362,.F.);
#1367=ORIENTED_EDGE('',*,*,#2359,.F.);
#1368=ORIENTED_EDGE('',*,*,#2381,.F.);
#1369=ORIENTED_EDGE('',*,*,#2382,.F.);
#1370=ORIENTED_EDGE('',*,*,#2383,.F.);
#1371=ORIENTED_EDGE('',*,*,#2384,.F.);
#1372=ORIENTED_EDGE('',*,*,#2385,.F.);
#1373=ORIENTED_EDGE('',*,*,#2386,.F.);
#1374=ORIENTED_EDGE('',*,*,#2387,.F.);
#1375=ORIENTED_EDGE('',*,*,#2388,.F.);
#1376=ORIENTED_EDGE('',*,*,#2389,.F.);
#1377=ORIENTED_EDGE('',*,*,#2390,.F.);
#1378=ORIENTED_EDGE('',*,*,#2391,.F.);
#1379=ORIENTED_EDGE('',*,*,#2392,.F.);
#1380=ORIENTED_EDGE('',*,*,#2393,.F.);
#1381=ORIENTED_EDGE('',*,*,#2394,.F.);
#1382=ORIENTED_EDGE('',*,*,#2395,.F.);
#1383=ORIENTED_EDGE('',*,*,#2393,.T.);
#1384=ORIENTED_EDGE('',*,*,#2396,.T.);
#1385=ORIENTED_EDGE('',*,*,#2397,.F.);
#1386=ORIENTED_EDGE('',*,*,#2396,.F.);
#1387=ORIENTED_EDGE('',*,*,#2392,.T.);
#1388=ORIENTED_EDGE('',*,*,#2398,.T.);
#1389=ORIENTED_EDGE('',*,*,#2399,.F.);
#1390=ORIENTED_EDGE('',*,*,#2398,.F.);
#1391=ORIENTED_EDGE('',*,*,#2391,.T.);
#1392=ORIENTED_EDGE('',*,*,#2400,.T.);
#1393=ORIENTED_EDGE('',*,*,#2401,.F.);
#1394=ORIENTED_EDGE('',*,*,#2400,.F.);
#1395=ORIENTED_EDGE('',*,*,#2390,.T.);
#1396=ORIENTED_EDGE('',*,*,#2402,.T.);
#1397=ORIENTED_EDGE('',*,*,#2403,.F.);
#1398=ORIENTED_EDGE('',*,*,#2402,.F.);
#1399=ORIENTED_EDGE('',*,*,#2389,.T.);
#1400=ORIENTED_EDGE('',*,*,#2404,.T.);
#1401=ORIENTED_EDGE('',*,*,#2405,.F.);
#1402=ORIENTED_EDGE('',*,*,#2404,.F.);
#1403=ORIENTED_EDGE('',*,*,#2388,.T.);
#1404=ORIENTED_EDGE('',*,*,#2406,.T.);
#1405=ORIENTED_EDGE('',*,*,#2407,.F.);
#1406=ORIENTED_EDGE('',*,*,#2406,.F.);
#1407=ORIENTED_EDGE('',*,*,#2387,.T.);
#1408=ORIENTED_EDGE('',*,*,#2408,.T.);
#1409=ORIENTED_EDGE('',*,*,#2409,.F.);
#1410=ORIENTED_EDGE('',*,*,#2408,.F.);
#1411=ORIENTED_EDGE('',*,*,#2386,.T.);
#1412=ORIENTED_EDGE('',*,*,#2410,.T.);
#1413=ORIENTED_EDGE('',*,*,#2411,.F.);
#1414=ORIENTED_EDGE('',*,*,#2410,.F.);
#1415=ORIENTED_EDGE('',*,*,#2385,.T.);
#1416=ORIENTED_EDGE('',*,*,#2412,.T.);
#1417=ORIENTED_EDGE('',*,*,#2413,.F.);
#1418=ORIENTED_EDGE('',*,*,#2412,.F.);
#1419=ORIENTED_EDGE('',*,*,#2384,.T.);
#1420=ORIENTED_EDGE('',*,*,#2414,.F.);
#1421=ORIENTED_EDGE('',*,*,#2415,.F.);
#1422=ORIENTED_EDGE('',*,*,#2414,.T.);
#1423=ORIENTED_EDGE('',*,*,#2383,.T.);
#1424=ORIENTED_EDGE('',*,*,#2416,.T.);
#1425=ORIENTED_EDGE('',*,*,#2417,.F.);
#1426=ORIENTED_EDGE('',*,*,#2416,.F.);
#1427=ORIENTED_EDGE('',*,*,#2382,.T.);
#1428=ORIENTED_EDGE('',*,*,#2418,.T.);
#1429=ORIENTED_EDGE('',*,*,#2419,.F.);
#1430=ORIENTED_EDGE('',*,*,#2418,.F.);
#1431=ORIENTED_EDGE('',*,*,#2381,.T.);
#1432=ORIENTED_EDGE('',*,*,#2395,.T.);
#1433=ORIENTED_EDGE('',*,*,#2420,.F.);
#1434=ORIENTED_EDGE('',*,*,#2421,.F.);
#1435=ORIENTED_EDGE('',*,*,#2422,.F.);
#1436=ORIENTED_EDGE('',*,*,#2423,.F.);
#1437=ORIENTED_EDGE('',*,*,#2424,.F.);
#1438=ORIENTED_EDGE('',*,*,#2425,.F.);
#1439=ORIENTED_EDGE('',*,*,#2426,.F.);
#1440=ORIENTED_EDGE('',*,*,#2427,.F.);
#1441=ORIENTED_EDGE('',*,*,#2428,.F.);
#1442=ORIENTED_EDGE('',*,*,#2429,.F.);
#1443=ORIENTED_EDGE('',*,*,#2430,.F.);
#1444=ORIENTED_EDGE('',*,*,#2431,.F.);
#1445=ORIENTED_EDGE('',*,*,#2432,.F.);
#1446=ORIENTED_EDGE('',*,*,#2433,.F.);
#1447=ORIENTED_EDGE('',*,*,#2434,.F.);
#1448=ORIENTED_EDGE('',*,*,#2432,.T.);
#1449=ORIENTED_EDGE('',*,*,#2435,.T.);
#1450=ORIENTED_EDGE('',*,*,#2436,.F.);
#1451=ORIENTED_EDGE('',*,*,#2435,.F.);
#1452=ORIENTED_EDGE('',*,*,#2431,.T.);
#1453=ORIENTED_EDGE('',*,*,#2437,.T.);
#1454=ORIENTED_EDGE('',*,*,#2438,.F.);
#1455=ORIENTED_EDGE('',*,*,#2437,.F.);
#1456=ORIENTED_EDGE('',*,*,#2430,.T.);
#1457=ORIENTED_EDGE('',*,*,#2439,.T.);
#1458=ORIENTED_EDGE('',*,*,#2440,.F.);
#1459=ORIENTED_EDGE('',*,*,#2439,.F.);
#1460=ORIENTED_EDGE('',*,*,#2429,.T.);
#1461=ORIENTED_EDGE('',*,*,#2441,.T.);
#1462=ORIENTED_EDGE('',*,*,#2442,.F.);
#1463=ORIENTED_EDGE('',*,*,#2441,.F.);
#1464=ORIENTED_EDGE('',*,*,#2428,.T.);
#1465=ORIENTED_EDGE('',*,*,#2443,.T.);
#1466=ORIENTED_EDGE('',*,*,#2444,.F.);
#1467=ORIENTED_EDGE('',*,*,#2443,.F.);
#1468=ORIENTED_EDGE('',*,*,#2427,.T.);
#1469=ORIENTED_EDGE('',*,*,#2445,.T.);
#1470=ORIENTED_EDGE('',*,*,#2446,.F.);
#1471=ORIENTED_EDGE('',*,*,#2445,.F.);
#1472=ORIENTED_EDGE('',*,*,#2426,.T.);
#1473=ORIENTED_EDGE('',*,*,#2447,.T.);
#1474=ORIENTED_EDGE('',*,*,#2448,.F.);
#1475=ORIENTED_EDGE('',*,*,#2447,.F.);
#1476=ORIENTED_EDGE('',*,*,#2425,.T.);
#1477=ORIENTED_EDGE('',*,*,#2449,.T.);
#1478=ORIENTED_EDGE('',*,*,#2450,.F.);
#1479=ORIENTED_EDGE('',*,*,#2449,.F.);
#1480=ORIENTED_EDGE('',*,*,#2424,.T.);
#1481=ORIENTED_EDGE('',*,*,#2451,.T.);
#1482=ORIENTED_EDGE('',*,*,#2452,.F.);
#1483=ORIENTED_EDGE('',*,*,#2451,.F.);
#1484=ORIENTED_EDGE('',*,*,#2423,.T.);
#1485=ORIENTED_EDGE('',*,*,#2453,.T.);
#1486=ORIENTED_EDGE('',*,*,#2454,.F.);
#1487=ORIENTED_EDGE('',*,*,#2453,.F.);
#1488=ORIENTED_EDGE('',*,*,#2422,.T.);
#1489=ORIENTED_EDGE('',*,*,#2455,.T.);
#1490=ORIENTED_EDGE('',*,*,#2456,.F.);
#1491=ORIENTED_EDGE('',*,*,#2455,.F.);
#1492=ORIENTED_EDGE('',*,*,#2421,.T.);
#1493=ORIENTED_EDGE('',*,*,#2457,.T.);
#1494=ORIENTED_EDGE('',*,*,#2458,.F.);
#1495=ORIENTED_EDGE('',*,*,#2457,.F.);
#1496=ORIENTED_EDGE('',*,*,#2420,.T.);
#1497=ORIENTED_EDGE('',*,*,#2434,.T.);
#1498=ORIENTED_EDGE('',*,*,#2459,.T.);
#1499=ORIENTED_EDGE('',*,*,#2460,.T.);
#1500=ORIENTED_EDGE('',*,*,#2461,.T.);
#1501=ORIENTED_EDGE('',*,*,#2462,.F.);
#1502=ORIENTED_EDGE('',*,*,#2463,.F.);
#1503=ORIENTED_EDGE('',*,*,#2464,.F.);
#1504=ORIENTED_EDGE('',*,*,#2465,.T.);
#1505=ORIENTED_EDGE('',*,*,#2460,.F.);
#1506=ORIENTED_EDGE('',*,*,#2466,.F.);
#1507=ORIENTED_EDGE('',*,*,#2464,.T.);
#1508=ORIENTED_EDGE('',*,*,#2467,.T.);
#1509=ORIENTED_EDGE('',*,*,#2468,.T.);
#1510=ORIENTED_EDGE('',*,*,#2469,.T.);
#1511=ORIENTED_EDGE('',*,*,#2470,.F.);
#1512=ORIENTED_EDGE('',*,*,#2471,.F.);
#1513=ORIENTED_EDGE('',*,*,#2472,.F.);
#1514=ORIENTED_EDGE('',*,*,#2473,.T.);
#1515=ORIENTED_EDGE('',*,*,#2469,.F.);
#1516=ORIENTED_EDGE('',*,*,#2474,.F.);
#1517=ORIENTED_EDGE('',*,*,#2471,.T.);
#1518=ORIENTED_EDGE('',*,*,#2475,.T.);
#1519=ORIENTED_EDGE('',*,*,#2211,.T.);
#1520=ORIENTED_EDGE('',*,*,#2476,.F.);
#1521=ORIENTED_EDGE('',*,*,#2477,.T.);
#1522=ORIENTED_EDGE('',*,*,#2478,.F.);
#1523=ORIENTED_EDGE('',*,*,#2479,.F.);
#1524=ORIENTED_EDGE('',*,*,#2480,.F.);
#1525=ORIENTED_EDGE('',*,*,#2468,.F.);
#1526=ORIENTED_EDGE('',*,*,#2481,.T.);
#1527=ORIENTED_EDGE('',*,*,#2482,.T.);
#1528=ORIENTED_EDGE('',*,*,#2213,.F.);
#1529=ORIENTED_EDGE('',*,*,#2483,.T.);
#1530=ORIENTED_EDGE('',*,*,#2484,.T.);
#1531=ORIENTED_EDGE('',*,*,#2485,.T.);
#1532=ORIENTED_EDGE('',*,*,#2486,.F.);
#1533=ORIENTED_EDGE('',*,*,#2487,.T.);
#1534=ORIENTED_EDGE('',*,*,#2488,.T.);
#1535=ORIENTED_EDGE('',*,*,#2489,.T.);
#1536=ORIENTED_EDGE('',*,*,#2490,.F.);
#1537=ORIENTED_EDGE('',*,*,#2491,.T.);
#1538=ORIENTED_EDGE('',*,*,#2209,.F.);
#1539=ORIENTED_EDGE('',*,*,#2492,.F.);
#1540=ORIENTED_EDGE('',*,*,#2493,.F.);
#1541=ORIENTED_EDGE('',*,*,#2479,.T.);
#1542=ORIENTED_EDGE('',*,*,#2494,.F.);
#1543=ORIENTED_EDGE('',*,*,#2488,.F.);
#1544=ORIENTED_EDGE('',*,*,#2495,.T.);
#1545=ORIENTED_EDGE('',*,*,#2496,.T.);
#1546=ORIENTED_EDGE('',*,*,#2474,.T.);
#1547=ORIENTED_EDGE('',*,*,#2480,.T.);
#1548=ORIENTED_EDGE('',*,*,#2495,.F.);
#1549=ORIENTED_EDGE('',*,*,#2487,.F.);
#1550=ORIENTED_EDGE('',*,*,#2497,.T.);
#1551=ORIENTED_EDGE('',*,*,#2498,.F.);
#1552=ORIENTED_EDGE('',*,*,#2497,.F.);
#1553=ORIENTED_EDGE('',*,*,#2486,.T.);
#1554=ORIENTED_EDGE('',*,*,#2499,.T.);
#1555=ORIENTED_EDGE('',*,*,#2500,.T.);
#1556=ORIENTED_EDGE('',*,*,#2499,.F.);
#1557=ORIENTED_EDGE('',*,*,#2485,.F.);
#1558=ORIENTED_EDGE('',*,*,#2501,.T.);
#1559=ORIENTED_EDGE('',*,*,#2502,.T.);
#1560=ORIENTED_EDGE('',*,*,#2501,.F.);
#1561=ORIENTED_EDGE('',*,*,#2484,.F.);
#1562=ORIENTED_EDGE('',*,*,#2503,.T.);
#1563=ORIENTED_EDGE('',*,*,#2483,.F.);
#1564=ORIENTED_EDGE('',*,*,#2216,.T.);
#1565=ORIENTED_EDGE('',*,*,#2504,.T.);
#1566=ORIENTED_EDGE('',*,*,#2503,.F.);
#1567=ORIENTED_EDGE('',*,*,#2505,.T.);
#1568=ORIENTED_EDGE('',*,*,#2214,.F.);
#1569=ORIENTED_EDGE('',*,*,#2482,.F.);
#1570=ORIENTED_EDGE('',*,*,#2506,.T.);
#1571=ORIENTED_EDGE('',*,*,#2492,.T.);
#1572=ORIENTED_EDGE('',*,*,#2212,.T.);
#1573=ORIENTED_EDGE('',*,*,#2475,.F.);
#1574=ORIENTED_EDGE('',*,*,#2507,.F.);
#1575=ORIENTED_EDGE('',*,*,#2476,.T.);
#1576=ORIENTED_EDGE('',*,*,#2210,.F.);
#1577=ORIENTED_EDGE('',*,*,#2491,.F.);
#1578=ORIENTED_EDGE('',*,*,#2508,.T.);
#1579=ORIENTED_EDGE('',*,*,#2477,.F.);
#1580=ORIENTED_EDGE('',*,*,#2508,.F.);
#1581=ORIENTED_EDGE('',*,*,#2490,.T.);
#1582=ORIENTED_EDGE('',*,*,#2509,.T.);
#1583=ORIENTED_EDGE('',*,*,#2478,.T.);
#1584=ORIENTED_EDGE('',*,*,#2509,.F.);
#1585=ORIENTED_EDGE('',*,*,#2489,.F.);
#1586=ORIENTED_EDGE('',*,*,#2494,.T.);
#1587=ORIENTED_EDGE('',*,*,#2510,.T.);
#1588=ORIENTED_EDGE('',*,*,#2223,.T.);
#1589=ORIENTED_EDGE('',*,*,#2511,.T.);
#1590=ORIENTED_EDGE('',*,*,#2512,.T.);
#1591=ORIENTED_EDGE('',*,*,#2513,.F.);
#1592=ORIENTED_EDGE('',*,*,#2514,.F.);
#1593=ORIENTED_EDGE('',*,*,#2515,.T.);
#1594=ORIENTED_EDGE('',*,*,#2463,.T.);
#1595=ORIENTED_EDGE('',*,*,#2516,.F.);
#1596=ORIENTED_EDGE('',*,*,#2517,.F.);
#1597=ORIENTED_EDGE('',*,*,#2221,.F.);
#1598=ORIENTED_EDGE('',*,*,#2518,.F.);
#1599=ORIENTED_EDGE('',*,*,#2519,.T.);
#1600=ORIENTED_EDGE('',*,*,#2520,.T.);
#1601=ORIENTED_EDGE('',*,*,#2217,.F.);
#1602=ORIENTED_EDGE('',*,*,#2521,.F.);
#1603=ORIENTED_EDGE('',*,*,#2522,.T.);
#1604=ORIENTED_EDGE('',*,*,#2523,.T.);
#1605=ORIENTED_EDGE('',*,*,#2524,.F.);
#1606=ORIENTED_EDGE('',*,*,#2525,.F.);
#1607=ORIENTED_EDGE('',*,*,#2526,.T.);
#1608=ORIENTED_EDGE('',*,*,#2527,.T.);
#1609=ORIENTED_EDGE('',*,*,#2528,.F.);
#1610=ORIENTED_EDGE('',*,*,#2513,.T.);
#1611=ORIENTED_EDGE('',*,*,#2529,.F.);
#1612=ORIENTED_EDGE('',*,*,#2527,.F.);
#1613=ORIENTED_EDGE('',*,*,#2530,.T.);
#1614=ORIENTED_EDGE('',*,*,#2514,.T.);
#1615=ORIENTED_EDGE('',*,*,#2530,.F.);
#1616=ORIENTED_EDGE('',*,*,#2526,.F.);
#1617=ORIENTED_EDGE('',*,*,#2531,.T.);
#1618=ORIENTED_EDGE('',*,*,#2515,.F.);
#1619=ORIENTED_EDGE('',*,*,#2531,.F.);
#1620=ORIENTED_EDGE('',*,*,#2525,.T.);
#1621=ORIENTED_EDGE('',*,*,#2532,.T.);
#1622=ORIENTED_EDGE('',*,*,#2533,.F.);
#1623=ORIENTED_EDGE('',*,*,#2465,.F.);
#1624=ORIENTED_EDGE('',*,*,#2534,.F.);
#1625=ORIENTED_EDGE('',*,*,#2532,.F.);
#1626=ORIENTED_EDGE('',*,*,#2524,.T.);
#1627=ORIENTED_EDGE('',*,*,#2535,.T.);
#1628=ORIENTED_EDGE('',*,*,#2536,.T.);
#1629=ORIENTED_EDGE('',*,*,#2535,.F.);
#1630=ORIENTED_EDGE('',*,*,#2523,.F.);
#1631=ORIENTED_EDGE('',*,*,#2537,.T.);
#1632=ORIENTED_EDGE('',*,*,#2538,.T.);
#1633=ORIENTED_EDGE('',*,*,#2537,.F.);
#1634=ORIENTED_EDGE('',*,*,#2522,.F.);
#1635=ORIENTED_EDGE('',*,*,#2539,.T.);
#1636=ORIENTED_EDGE('',*,*,#2521,.T.);
#1637=ORIENTED_EDGE('',*,*,#2220,.T.);
#1638=ORIENTED_EDGE('',*,*,#2540,.F.);
#1639=ORIENTED_EDGE('',*,*,#2539,.F.);
#1640=ORIENTED_EDGE('',*,*,#2541,.T.);
#1641=ORIENTED_EDGE('',*,*,#2218,.F.);
#1642=ORIENTED_EDGE('',*,*,#2520,.F.);
#1643=ORIENTED_EDGE('',*,*,#2542,.T.);
#1644=ORIENTED_EDGE('',*,*,#2518,.T.);
#1645=ORIENTED_EDGE('',*,*,#2224,.T.);
#1646=ORIENTED_EDGE('',*,*,#2510,.F.);
#1647=ORIENTED_EDGE('',*,*,#2543,.F.);
#1648=ORIENTED_EDGE('',*,*,#2511,.F.);
#1649=ORIENTED_EDGE('',*,*,#2222,.F.);
#1650=ORIENTED_EDGE('',*,*,#2517,.T.);
#1651=ORIENTED_EDGE('',*,*,#2544,.T.);
#1652=ORIENTED_EDGE('',*,*,#2512,.F.);
#1653=ORIENTED_EDGE('',*,*,#2544,.F.);
#1654=ORIENTED_EDGE('',*,*,#2528,.T.);
#1655=ORIENTED_EDGE('',*,*,#2529,.T.);
#1656=ORIENTED_EDGE('',*,*,#2545,.F.);
#1657=ORIENTED_EDGE('',*,*,#2546,.T.);
#1658=ORIENTED_EDGE('',*,*,#2547,.T.);
#1659=ORIENTED_EDGE('',*,*,#2548,.F.);
#1660=ORIENTED_EDGE('',*,*,#2549,.T.);
#1661=ORIENTED_EDGE('',*,*,#2550,.T.);
#1662=ORIENTED_EDGE('',*,*,#2551,.F.);
#1663=ORIENTED_EDGE('',*,*,#2552,.T.);
#1664=ORIENTED_EDGE('',*,*,#2553,.F.);
#1665=ORIENTED_EDGE('',*,*,#2554,.F.);
#1666=ORIENTED_EDGE('',*,*,#2555,.T.);
#1667=ORIENTED_EDGE('',*,*,#2556,.F.);
#1668=ORIENTED_EDGE('',*,*,#2557,.F.);
#1669=ORIENTED_EDGE('',*,*,#2558,.F.);
#1670=ORIENTED_EDGE('',*,*,#2559,.T.);
#1671=ORIENTED_EDGE('',*,*,#2560,.F.);
#1672=ORIENTED_EDGE('',*,*,#2561,.T.);
#1673=ORIENTED_EDGE('',*,*,#2562,.F.);
#1674=ORIENTED_EDGE('',*,*,#2563,.F.);
#1675=ORIENTED_EDGE('',*,*,#2564,.F.);
#1676=ORIENTED_EDGE('',*,*,#2565,.T.);
#1677=ORIENTED_EDGE('',*,*,#2566,.T.);
#1678=ORIENTED_EDGE('',*,*,#2567,.F.);
#1679=ORIENTED_EDGE('',*,*,#2568,.T.);
#1680=ORIENTED_EDGE('',*,*,#2569,.F.);
#1681=ORIENTED_EDGE('',*,*,#2570,.T.);
#1682=ORIENTED_EDGE('',*,*,#2571,.T.);
#1683=ORIENTED_EDGE('',*,*,#2572,.F.);
#1684=ORIENTED_EDGE('',*,*,#2573,.F.);
#1685=ORIENTED_EDGE('',*,*,#2574,.T.);
#1686=ORIENTED_EDGE('',*,*,#2575,.T.);
#1687=ORIENTED_EDGE('',*,*,#2576,.F.);
#1688=ORIENTED_EDGE('',*,*,#2577,.F.);
#1689=ORIENTED_EDGE('',*,*,#2578,.T.);
#1690=ORIENTED_EDGE('',*,*,#2579,.T.);
#1691=ORIENTED_EDGE('',*,*,#2580,.F.);
#1692=ORIENTED_EDGE('',*,*,#2581,.T.);
#1693=ORIENTED_EDGE('',*,*,#2582,.T.);
#1694=ORIENTED_EDGE('',*,*,#2583,.F.);
#1695=ORIENTED_EDGE('',*,*,#2584,.F.);
#1696=ORIENTED_EDGE('',*,*,#2585,.T.);
#1697=ORIENTED_EDGE('',*,*,#2586,.T.);
#1698=ORIENTED_EDGE('',*,*,#2587,.F.);
#1699=ORIENTED_EDGE('',*,*,#2588,.F.);
#1700=ORIENTED_EDGE('',*,*,#2589,.F.);
#1701=ORIENTED_EDGE('',*,*,#2590,.T.);
#1702=ORIENTED_EDGE('',*,*,#2591,.T.);
#1703=ORIENTED_EDGE('',*,*,#2592,.F.);
#1704=ORIENTED_EDGE('',*,*,#2593,.T.);
#1705=ORIENTED_EDGE('',*,*,#2594,.T.);
#1706=ORIENTED_EDGE('',*,*,#2595,.F.);
#1707=ORIENTED_EDGE('',*,*,#2596,.F.);
#1708=ORIENTED_EDGE('',*,*,#2597,.F.);
#1709=ORIENTED_EDGE('',*,*,#2598,.T.);
#1710=ORIENTED_EDGE('',*,*,#2599,.T.);
#1711=ORIENTED_EDGE('',*,*,#2600,.F.);
#1712=ORIENTED_EDGE('',*,*,#2507,.T.);
#1713=ORIENTED_EDGE('',*,*,#2601,.F.);
#1714=ORIENTED_EDGE('',*,*,#2602,.F.);
#1715=ORIENTED_EDGE('',*,*,#2603,.T.);
#1716=ORIENTED_EDGE('',*,*,#2506,.F.);
#1717=ORIENTED_EDGE('',*,*,#2604,.T.);
#1718=ORIENTED_EDGE('',*,*,#2605,.F.);
#1719=ORIENTED_EDGE('',*,*,#2606,.F.);
#1720=ORIENTED_EDGE('',*,*,#2607,.F.);
#1721=ORIENTED_EDGE('',*,*,#2608,.T.);
#1722=ORIENTED_EDGE('',*,*,#2542,.F.);
#1723=ORIENTED_EDGE('',*,*,#2609,.T.);
#1724=ORIENTED_EDGE('',*,*,#2610,.F.);
#1725=ORIENTED_EDGE('',*,*,#2611,.F.);
#1726=ORIENTED_EDGE('',*,*,#2612,.F.);
#1727=ORIENTED_EDGE('',*,*,#2613,.T.);
#1728=ORIENTED_EDGE('',*,*,#2614,.T.);
#1729=ORIENTED_EDGE('',*,*,#2615,.F.);
#1730=ORIENTED_EDGE('',*,*,#2543,.T.);
#1731=ORIENTED_EDGE('',*,*,#2616,.F.);
#1732=ORIENTED_EDGE('',*,*,#2617,.F.);
#1733=ORIENTED_EDGE('',*,*,#2610,.T.);
#1734=ORIENTED_EDGE('',*,*,#2618,.T.);
#1735=ORIENTED_EDGE('',*,*,#2619,.T.);
#1736=ORIENTED_EDGE('',*,*,#2620,.F.);
#1737=ORIENTED_EDGE('',*,*,#2621,.F.);
#1738=ORIENTED_EDGE('',*,*,#2619,.F.);
#1739=ORIENTED_EDGE('',*,*,#2622,.F.);
#1740=ORIENTED_EDGE('',*,*,#2614,.F.);
#1741=ORIENTED_EDGE('',*,*,#2623,.F.);
#1742=ORIENTED_EDGE('',*,*,#2624,.T.);
#1743=ORIENTED_EDGE('',*,*,#2625,.F.);
#1744=ORIENTED_EDGE('',*,*,#2624,.F.);
#1745=ORIENTED_EDGE('',*,*,#2626,.F.);
#1746=ORIENTED_EDGE('',*,*,#2627,.F.);
#1747=ORIENTED_EDGE('',*,*,#2605,.T.);
#1748=ORIENTED_EDGE('',*,*,#2628,.F.);
#1749=ORIENTED_EDGE('',*,*,#2629,.T.);
#1750=ORIENTED_EDGE('',*,*,#2630,.F.);
#1751=ORIENTED_EDGE('',*,*,#2629,.F.);
#1752=ORIENTED_EDGE('',*,*,#2631,.F.);
#1753=ORIENTED_EDGE('',*,*,#2632,.F.);
#1754=ORIENTED_EDGE('',*,*,#2599,.F.);
#1755=ORIENTED_EDGE('',*,*,#2633,.F.);
#1756=ORIENTED_EDGE('',*,*,#2634,.T.);
#1757=ORIENTED_EDGE('',*,*,#2635,.F.);
#1758=ORIENTED_EDGE('',*,*,#2636,.F.);
#1759=ORIENTED_EDGE('',*,*,#2634,.F.);
#1760=ORIENTED_EDGE('',*,*,#2631,.T.);
#1761=ORIENTED_EDGE('',*,*,#2637,.F.);
#1762=ORIENTED_EDGE('',*,*,#2636,.T.);
#1763=ORIENTED_EDGE('',*,*,#2638,.F.);
#1764=ORIENTED_EDGE('',*,*,#2626,.T.);
#1765=ORIENTED_EDGE('',*,*,#2639,.F.);
#1766=ORIENTED_EDGE('',*,*,#2630,.T.);
#1767=ORIENTED_EDGE('',*,*,#2640,.F.);
#1768=ORIENTED_EDGE('',*,*,#2635,.T.);
#1769=ORIENTED_EDGE('',*,*,#2641,.F.);
#1770=ORIENTED_EDGE('',*,*,#2621,.T.);
#1771=ORIENTED_EDGE('',*,*,#2642,.F.);
#1772=ORIENTED_EDGE('',*,*,#2625,.T.);
#1773=ORIENTED_EDGE('',*,*,#2643,.F.);
#1774=ORIENTED_EDGE('',*,*,#2620,.T.);
#1775=ORIENTED_EDGE('',*,*,#2644,.F.);
#1776=ORIENTED_EDGE('',*,*,#2645,.T.);
#1777=ORIENTED_EDGE('',*,*,#2646,.T.);
#1778=ORIENTED_EDGE('',*,*,#2645,.F.);
#1779=ORIENTED_EDGE('',*,*,#2647,.T.);
#1780=ORIENTED_EDGE('',*,*,#2646,.F.);
#1781=ORIENTED_EDGE('',*,*,#2648,.T.);
#1782=ORIENTED_EDGE('',*,*,#2647,.F.);
#1783=ORIENTED_EDGE('',*,*,#2649,.T.);
#1784=ORIENTED_EDGE('',*,*,#2648,.F.);
#1785=ORIENTED_EDGE('',*,*,#2650,.T.);
#1786=ORIENTED_EDGE('',*,*,#2649,.F.);
#1787=ORIENTED_EDGE('',*,*,#2651,.T.);
#1788=ORIENTED_EDGE('',*,*,#2650,.F.);
#1789=ORIENTED_EDGE('',*,*,#2652,.T.);
#1790=ORIENTED_EDGE('',*,*,#2651,.F.);
#1791=ORIENTED_EDGE('',*,*,#2653,.T.);
#1792=ORIENTED_EDGE('',*,*,#2654,.F.);
#1793=ORIENTED_EDGE('',*,*,#2655,.F.);
#1794=ORIENTED_EDGE('',*,*,#2656,.T.);
#1795=ORIENTED_EDGE('',*,*,#2657,.F.);
#1796=ORIENTED_EDGE('',*,*,#2658,.F.);
#1797=ORIENTED_EDGE('',*,*,#2659,.T.);
#1798=ORIENTED_EDGE('',*,*,#2660,.T.);
#1799=ORIENTED_EDGE('',*,*,#2661,.F.);
#1800=ORIENTED_EDGE('',*,*,#2662,.F.);
#1801=ORIENTED_EDGE('',*,*,#2663,.T.);
#1802=ORIENTED_EDGE('',*,*,#2658,.T.);
#1803=ORIENTED_EDGE('',*,*,#2664,.F.);
#1804=ORIENTED_EDGE('',*,*,#2665,.F.);
#1805=ORIENTED_EDGE('',*,*,#2666,.T.);
#1806=ORIENTED_EDGE('',*,*,#2662,.T.);
#1807=ORIENTED_EDGE('',*,*,#2667,.F.);
#1808=ORIENTED_EDGE('',*,*,#2660,.F.);
#1809=ORIENTED_EDGE('',*,*,#2668,.T.);
#1810=ORIENTED_EDGE('',*,*,#2665,.T.);
#1811=ORIENTED_EDGE('',*,*,#2666,.F.);
#1812=ORIENTED_EDGE('',*,*,#2668,.F.);
#1813=ORIENTED_EDGE('',*,*,#2659,.F.);
#1814=ORIENTED_EDGE('',*,*,#2663,.F.);
#1815=ORIENTED_EDGE('',*,*,#2669,.T.);
#1816=ORIENTED_EDGE('',*,*,#2589,.T.);
#1817=ORIENTED_EDGE('',*,*,#2670,.T.);
#1818=ORIENTED_EDGE('',*,*,#2577,.T.);
#1819=ORIENTED_EDGE('',*,*,#2671,.T.);
#1820=ORIENTED_EDGE('',*,*,#2672,.T.);
#1821=ORIENTED_EDGE('',*,*,#2655,.T.);
#1822=ORIENTED_EDGE('',*,*,#2673,.T.);
#1823=ORIENTED_EDGE('',*,*,#2674,.T.);
#1824=ORIENTED_EDGE('',*,*,#2545,.T.);
#1825=ORIENTED_EDGE('',*,*,#2675,.T.);
#1826=ORIENTED_EDGE('',*,*,#2555,.F.);
#1827=ORIENTED_EDGE('',*,*,#2676,.F.);
#1828=ORIENTED_EDGE('',*,*,#2549,.F.);
#1829=ORIENTED_EDGE('',*,*,#2677,.T.);
#1830=ORIENTED_EDGE('',*,*,#2556,.T.);
#1831=ORIENTED_EDGE('',*,*,#2675,.F.);
#1832=ORIENTED_EDGE('',*,*,#2548,.T.);
#1833=ORIENTED_EDGE('',*,*,#2674,.F.);
#1834=ORIENTED_EDGE('',*,*,#2552,.F.);
#1835=ORIENTED_EDGE('',*,*,#2678,.T.);
#1836=ORIENTED_EDGE('',*,*,#2546,.F.);
#1837=ORIENTED_EDGE('',*,*,#2679,.F.);
#1838=ORIENTED_EDGE('',*,*,#2680,.T.);
#1839=ORIENTED_EDGE('',*,*,#2681,.T.);
#1840=ORIENTED_EDGE('',*,*,#2682,.F.);
#1841=ORIENTED_EDGE('',*,*,#2683,.T.);
#1842=ORIENTED_EDGE('',*,*,#2684,.F.);
#1843=ORIENTED_EDGE('',*,*,#2685,.F.);
#1844=ORIENTED_EDGE('',*,*,#2682,.T.);
#1845=ORIENTED_EDGE('',*,*,#2686,.F.);
#1846=ORIENTED_EDGE('',*,*,#2679,.T.);
#1847=ORIENTED_EDGE('',*,*,#2685,.T.);
#1848=ORIENTED_EDGE('',*,*,#2687,.T.);
#1849=ORIENTED_EDGE('',*,*,#2574,.F.);
#1850=ORIENTED_EDGE('',*,*,#2688,.F.);
#1851=ORIENTED_EDGE('',*,*,#2572,.T.);
#1852=ORIENTED_EDGE('',*,*,#2689,.F.);
#1853=ORIENTED_EDGE('',*,*,#2576,.T.);
#1854=ORIENTED_EDGE('',*,*,#2690,.T.);
#1855=ORIENTED_EDGE('',*,*,#2560,.T.);
#1856=ORIENTED_EDGE('',*,*,#2691,.T.);
#1857=ORIENTED_EDGE('',*,*,#2570,.F.);
#1858=ORIENTED_EDGE('',*,*,#2692,.F.);
#1859=ORIENTED_EDGE('',*,*,#2568,.F.);
#1860=ORIENTED_EDGE('',*,*,#2693,.T.);
#1861=ORIENTED_EDGE('',*,*,#2595,.T.);
#1862=ORIENTED_EDGE('',*,*,#2694,.F.);
#1863=ORIENTED_EDGE('',*,*,#2565,.F.);
#1864=ORIENTED_EDGE('',*,*,#2692,.T.);
#1865=ORIENTED_EDGE('',*,*,#2569,.T.);
#1866=ORIENTED_EDGE('',*,*,#2688,.T.);
#1867=ORIENTED_EDGE('',*,*,#2573,.T.);
#1868=ORIENTED_EDGE('',*,*,#2689,.T.);
#1869=ORIENTED_EDGE('',*,*,#2559,.F.);
#1870=ORIENTED_EDGE('',*,*,#2695,.F.);
#1871=ORIENTED_EDGE('',*,*,#2563,.T.);
#1872=ORIENTED_EDGE('',*,*,#2696,.F.);
#1873=ORIENTED_EDGE('',*,*,#2579,.F.);
#1874=ORIENTED_EDGE('',*,*,#2697,.T.);
#1875=ORIENTED_EDGE('',*,*,#2583,.T.);
#1876=ORIENTED_EDGE('',*,*,#2698,.F.);
#1877=ORIENTED_EDGE('',*,*,#2587,.T.);
#1878=ORIENTED_EDGE('',*,*,#2699,.T.);
#1879=ORIENTED_EDGE('',*,*,#2591,.F.);
#1880=ORIENTED_EDGE('',*,*,#2700,.F.);
#1881=ORIENTED_EDGE('',*,*,#2653,.F.);
#1882=ORIENTED_EDGE('',*,*,#2701,.F.);
#1883=ORIENTED_EDGE('',*,*,#2702,.T.);
#1884=ORIENTED_EDGE('',*,*,#2561,.F.);
#1885=ORIENTED_EDGE('',*,*,#2703,.T.);
#1886=ORIENTED_EDGE('',*,*,#2593,.F.);
#1887=ORIENTED_EDGE('',*,*,#2704,.F.);
#1888=ORIENTED_EDGE('',*,*,#2652,.F.);
#1889=ORIENTED_EDGE('',*,*,#2671,.F.);
#1890=ORIENTED_EDGE('',*,*,#2580,.T.);
#1891=ORIENTED_EDGE('',*,*,#2696,.T.);
#1892=ORIENTED_EDGE('',*,*,#2562,.T.);
#1893=ORIENTED_EDGE('',*,*,#2702,.F.);
#1894=ORIENTED_EDGE('',*,*,#2705,.F.);
#1895=ORIENTED_EDGE('',*,*,#2706,.F.);
#1896=ORIENTED_EDGE('',*,*,#2588,.T.);
#1897=ORIENTED_EDGE('',*,*,#2698,.T.);
#1898=ORIENTED_EDGE('',*,*,#2582,.F.);
#1899=ORIENTED_EDGE('',*,*,#2670,.F.);
#1900=ORIENTED_EDGE('',*,*,#2592,.T.);
#1901=ORIENTED_EDGE('',*,*,#2699,.F.);
#1902=ORIENTED_EDGE('',*,*,#2586,.F.);
#1903=ORIENTED_EDGE('',*,*,#2707,.T.);
#1904=ORIENTED_EDGE('',*,*,#2584,.T.);
#1905=ORIENTED_EDGE('',*,*,#2697,.F.);
#1906=ORIENTED_EDGE('',*,*,#2578,.F.);
#1907=ORIENTED_EDGE('',*,*,#2704,.T.);
#1908=ORIENTED_EDGE('',*,*,#2596,.T.);
#1909=ORIENTED_EDGE('',*,*,#2693,.F.);
#1910=ORIENTED_EDGE('',*,*,#2590,.F.);
#1911=ORIENTED_EDGE('',*,*,#2669,.F.);
#1912=ORIENTED_EDGE('',*,*,#2708,.T.);
#1913=ORIENTED_EDGE('',*,*,#2640,.T.);
#1914=ORIENTED_EDGE('',*,*,#2638,.T.);
#1915=ORIENTED_EDGE('',*,*,#2642,.T.);
#1916=ORIENTED_EDGE('',*,*,#2643,.T.);
#1917=ORIENTED_EDGE('',*,*,#2709,.F.);
#1918=ORIENTED_EDGE('',*,*,#2611,.T.);
#1919=ORIENTED_EDGE('',*,*,#2617,.T.);
#1920=ORIENTED_EDGE('',*,*,#2641,.T.);
#1921=ORIENTED_EDGE('',*,*,#2633,.T.);
#1922=ORIENTED_EDGE('',*,*,#2598,.F.);
#1923=ORIENTED_EDGE('',*,*,#2710,.F.);
#1924=ORIENTED_EDGE('',*,*,#2516,.T.);
#1925=ORIENTED_EDGE('',*,*,#2462,.T.);
#1926=ORIENTED_EDGE('',*,*,#2466,.T.);
#1927=ORIENTED_EDGE('',*,*,#2459,.F.);
#1928=ORIENTED_EDGE('',*,*,#2711,.T.);
#1929=ORIENTED_EDGE('',*,*,#2608,.F.);
#1930=ORIENTED_EDGE('',*,*,#2712,.F.);
#1931=ORIENTED_EDGE('',*,*,#2616,.T.);
#1932=ORIENTED_EDGE('',*,*,#2623,.T.);
#1933=ORIENTED_EDGE('',*,*,#2613,.F.);
#1934=ORIENTED_EDGE('',*,*,#2713,.F.);
#1935=ORIENTED_EDGE('',*,*,#2714,.F.);
#1936=ORIENTED_EDGE('',*,*,#2606,.T.);
#1937=ORIENTED_EDGE('',*,*,#2627,.T.);
#1938=ORIENTED_EDGE('',*,*,#2639,.T.);
#1939=ORIENTED_EDGE('',*,*,#2694,.T.);
#1940=ORIENTED_EDGE('',*,*,#2594,.F.);
#1941=ORIENTED_EDGE('',*,*,#2703,.F.);
#1942=ORIENTED_EDGE('',*,*,#2564,.T.);
#1943=ORIENTED_EDGE('',*,*,#2695,.T.);
#1944=ORIENTED_EDGE('',*,*,#2558,.T.);
#1945=ORIENTED_EDGE('',*,*,#2715,.T.);
#1946=ORIENTED_EDGE('',*,*,#2716,.T.);
#1947=ORIENTED_EDGE('',*,*,#2550,.F.);
#1948=ORIENTED_EDGE('',*,*,#2676,.T.);
#1949=ORIENTED_EDGE('',*,*,#2554,.T.);
#1950=ORIENTED_EDGE('',*,*,#2717,.T.);
#1951=ORIENTED_EDGE('',*,*,#2718,.T.);
#1952=ORIENTED_EDGE('',*,*,#2680,.F.);
#1953=ORIENTED_EDGE('',*,*,#2686,.T.);
#1954=ORIENTED_EDGE('',*,*,#2684,.T.);
#1955=ORIENTED_EDGE('',*,*,#2719,.T.);
#1956=ORIENTED_EDGE('',*,*,#2720,.T.);
#1957=ORIENTED_EDGE('',*,*,#2566,.F.);
#1958=ORIENTED_EDGE('',*,*,#2721,.T.);
#1959=ORIENTED_EDGE('',*,*,#2602,.T.);
#1960=ORIENTED_EDGE('',*,*,#2714,.T.);
#1961=ORIENTED_EDGE('',*,*,#2719,.F.);
#1962=ORIENTED_EDGE('',*,*,#2683,.F.);
#1963=ORIENTED_EDGE('',*,*,#2681,.F.);
#1964=ORIENTED_EDGE('',*,*,#2718,.F.);
#1965=ORIENTED_EDGE('',*,*,#2717,.F.);
#1966=ORIENTED_EDGE('',*,*,#2553,.T.);
#1967=ORIENTED_EDGE('',*,*,#2677,.F.);
#1968=ORIENTED_EDGE('',*,*,#2547,.F.);
#1969=ORIENTED_EDGE('',*,*,#2678,.F.);
#1970=ORIENTED_EDGE('',*,*,#2551,.T.);
#1971=ORIENTED_EDGE('',*,*,#2716,.F.);
#1972=ORIENTED_EDGE('',*,*,#2710,.T.);
#1973=ORIENTED_EDGE('',*,*,#2597,.T.);
#1974=ORIENTED_EDGE('',*,*,#2722,.T.);
#1975=ORIENTED_EDGE('',*,*,#2691,.F.);
#1976=ORIENTED_EDGE('',*,*,#2567,.T.);
#1977=ORIENTED_EDGE('',*,*,#2720,.F.);
#1978=ORIENTED_EDGE('',*,*,#2713,.T.);
#1979=ORIENTED_EDGE('',*,*,#2612,.T.);
#1980=ORIENTED_EDGE('',*,*,#2712,.T.);
#1981=ORIENTED_EDGE('',*,*,#2607,.T.);
#1982=ORIENTED_EDGE('',*,*,#2709,.T.);
#1983=ORIENTED_EDGE('',*,*,#2715,.F.);
#1984=ORIENTED_EDGE('',*,*,#2557,.T.);
#1985=ORIENTED_EDGE('',*,*,#2690,.F.);
#1986=ORIENTED_EDGE('',*,*,#2575,.F.);
#1987=ORIENTED_EDGE('',*,*,#2687,.F.);
#1988=ORIENTED_EDGE('',*,*,#2571,.F.);
#1989=ORIENTED_EDGE('',*,*,#2707,.F.);
#1990=ORIENTED_EDGE('',*,*,#2585,.F.);
#1991=ORIENTED_EDGE('',*,*,#2706,.T.);
#1992=ORIENTED_EDGE('',*,*,#2581,.F.);
#1993=ORIENTED_EDGE('',*,*,#2656,.F.);
#1994=ORIENTED_EDGE('',*,*,#2672,.F.);
#1995=ORIENTED_EDGE('',*,*,#2705,.T.);
#1996=ORIENTED_EDGE('',*,*,#2701,.T.);
#1997=ORIENTED_EDGE('',*,*,#2654,.T.);
#1998=ORIENTED_EDGE('',*,*,#2700,.T.);
#1999=ORIENTED_EDGE('',*,*,#2708,.F.);
#2000=ORIENTED_EDGE('',*,*,#2673,.F.);
#2001=ORIENTED_EDGE('',*,*,#2519,.F.);
#2002=ORIENTED_EDGE('',*,*,#2615,.T.);
#2003=ORIENTED_EDGE('',*,*,#2622,.T.);
#2004=ORIENTED_EDGE('',*,*,#2644,.T.);
#2005=ORIENTED_EDGE('',*,*,#2618,.F.);
#2006=ORIENTED_EDGE('',*,*,#2609,.F.);
#2007=ORIENTED_EDGE('',*,*,#2493,.T.);
#2008=ORIENTED_EDGE('',*,*,#2600,.T.);
#2009=ORIENTED_EDGE('',*,*,#2632,.T.);
#2010=ORIENTED_EDGE('',*,*,#2637,.T.);
#2011=ORIENTED_EDGE('',*,*,#2628,.T.);
#2012=ORIENTED_EDGE('',*,*,#2604,.F.);
#2013=ORIENTED_EDGE('',*,*,#2504,.F.);
#2014=ORIENTED_EDGE('',*,*,#2215,.T.);
#2015=ORIENTED_EDGE('',*,*,#2505,.F.);
#2016=ORIENTED_EDGE('',*,*,#2723,.T.);
#2017=ORIENTED_EDGE('',*,*,#2472,.T.);
#2018=ORIENTED_EDGE('',*,*,#2496,.F.);
#2019=ORIENTED_EDGE('',*,*,#2498,.T.);
#2020=ORIENTED_EDGE('',*,*,#2500,.F.);
#2021=ORIENTED_EDGE('',*,*,#2502,.F.);
#2022=ORIENTED_EDGE('',*,*,#2470,.T.);
#2023=ORIENTED_EDGE('',*,*,#2723,.F.);
#2024=ORIENTED_EDGE('',*,*,#2603,.F.);
#2025=ORIENTED_EDGE('',*,*,#2721,.F.);
#2026=ORIENTED_EDGE('',*,*,#2722,.F.);
#2027=ORIENTED_EDGE('',*,*,#2601,.T.);
#2028=ORIENTED_EDGE('',*,*,#2481,.F.);
#2029=ORIENTED_EDGE('',*,*,#2467,.F.);
#2030=ORIENTED_EDGE('',*,*,#2473,.F.);
#2031=ORIENTED_EDGE('',*,*,#2540,.T.);
#2032=ORIENTED_EDGE('',*,*,#2219,.T.);
#2033=ORIENTED_EDGE('',*,*,#2541,.F.);
#2034=ORIENTED_EDGE('',*,*,#2711,.F.);
#2035=ORIENTED_EDGE('',*,*,#2461,.F.);
#2036=ORIENTED_EDGE('',*,*,#2533,.T.);
#2037=ORIENTED_EDGE('',*,*,#2534,.T.);
#2038=ORIENTED_EDGE('',*,*,#2536,.F.);
#2039=ORIENTED_EDGE('',*,*,#2538,.F.);
#2040=ORIENTED_EDGE('',*,*,#2657,.T.);
#2041=ORIENTED_EDGE('',*,*,#2667,.T.);
#2042=ORIENTED_EDGE('',*,*,#2664,.T.);
#2043=ORIENTED_EDGE('',*,*,#2661,.T.);
#2044=ORIENTED_EDGE('',*,*,#2458,.T.);
#2045=ORIENTED_EDGE('',*,*,#2433,.T.);
#2046=ORIENTED_EDGE('',*,*,#2436,.T.);
#2047=ORIENTED_EDGE('',*,*,#2438,.T.);
#2048=ORIENTED_EDGE('',*,*,#2440,.T.);
#2049=ORIENTED_EDGE('',*,*,#2442,.T.);
#2050=ORIENTED_EDGE('',*,*,#2444,.T.);
#2051=ORIENTED_EDGE('',*,*,#2446,.T.);
#2052=ORIENTED_EDGE('',*,*,#2448,.T.);
#2053=ORIENTED_EDGE('',*,*,#2450,.T.);
#2054=ORIENTED_EDGE('',*,*,#2452,.T.);
#2055=ORIENTED_EDGE('',*,*,#2454,.T.);
#2056=ORIENTED_EDGE('',*,*,#2456,.T.);
#2057=ORIENTED_EDGE('',*,*,#2419,.T.);
#2058=ORIENTED_EDGE('',*,*,#2394,.T.);
#2059=ORIENTED_EDGE('',*,*,#2397,.T.);
#2060=ORIENTED_EDGE('',*,*,#2399,.T.);
#2061=ORIENTED_EDGE('',*,*,#2401,.T.);
#2062=ORIENTED_EDGE('',*,*,#2403,.T.);
#2063=ORIENTED_EDGE('',*,*,#2405,.T.);
#2064=ORIENTED_EDGE('',*,*,#2407,.T.);
#2065=ORIENTED_EDGE('',*,*,#2409,.T.);
#2066=ORIENTED_EDGE('',*,*,#2411,.T.);
#2067=ORIENTED_EDGE('',*,*,#2413,.T.);
#2068=ORIENTED_EDGE('',*,*,#2415,.T.);
#2069=ORIENTED_EDGE('',*,*,#2417,.T.);
#2070=ORIENTED_EDGE('',*,*,#2379,.T.);
#2071=ORIENTED_EDGE('',*,*,#2357,.T.);
#2072=ORIENTED_EDGE('',*,*,#2361,.T.);
#2073=ORIENTED_EDGE('',*,*,#2364,.T.);
#2074=ORIENTED_EDGE('',*,*,#2367,.T.);
#2075=ORIENTED_EDGE('',*,*,#2370,.T.);
#2076=ORIENTED_EDGE('',*,*,#2373,.T.);
#2077=ORIENTED_EDGE('',*,*,#2376,.T.);
#2078=ORIENTED_EDGE('',*,*,#2343,.T.);
#2079=ORIENTED_EDGE('',*,*,#2321,.T.);
#2080=ORIENTED_EDGE('',*,*,#2325,.T.);
#2081=ORIENTED_EDGE('',*,*,#2328,.T.);
#2082=ORIENTED_EDGE('',*,*,#2331,.T.);
#2083=ORIENTED_EDGE('',*,*,#2334,.T.);
#2084=ORIENTED_EDGE('',*,*,#2337,.T.);
#2085=ORIENTED_EDGE('',*,*,#2340,.T.);
#2086=ORIENTED_EDGE('',*,*,#2307,.T.);
#2087=ORIENTED_EDGE('',*,*,#2285,.T.);
#2088=ORIENTED_EDGE('',*,*,#2289,.T.);
#2089=ORIENTED_EDGE('',*,*,#2292,.T.);
#2090=ORIENTED_EDGE('',*,*,#2295,.T.);
#2091=ORIENTED_EDGE('',*,*,#2298,.T.);
#2092=ORIENTED_EDGE('',*,*,#2301,.T.);
#2093=ORIENTED_EDGE('',*,*,#2304,.T.);
#2094=ORIENTED_EDGE('',*,*,#2271,.T.);
#2095=ORIENTED_EDGE('',*,*,#2240,.T.);
#2096=ORIENTED_EDGE('',*,*,#2244,.T.);
#2097=ORIENTED_EDGE('',*,*,#2247,.T.);
#2098=ORIENTED_EDGE('',*,*,#2250,.T.);
#2099=ORIENTED_EDGE('',*,*,#2253,.T.);
#2100=ORIENTED_EDGE('',*,*,#2256,.T.);
#2101=ORIENTED_EDGE('',*,*,#2259,.T.);
#2102=ORIENTED_EDGE('',*,*,#2262,.T.);
#2103=ORIENTED_EDGE('',*,*,#2265,.T.);
#2104=ORIENTED_EDGE('',*,*,#2268,.T.);
#2105=ORIENTED_EDGE('',*,*,#2724,.F.);
#2106=ORIENTED_EDGE('',*,*,#2725,.T.);
#2107=ORIENTED_EDGE('',*,*,#2726,.T.);
#2108=ORIENTED_EDGE('',*,*,#2727,.T.);
#2109=ORIENTED_EDGE('',*,*,#2728,.F.);
#2110=ORIENTED_EDGE('',*,*,#2729,.F.);
#2111=ORIENTED_EDGE('',*,*,#2728,.T.);
#2112=ORIENTED_EDGE('',*,*,#2730,.T.);
#2113=ORIENTED_EDGE('',*,*,#2731,.F.);
#2114=ORIENTED_EDGE('',*,*,#2732,.F.);
#2115=ORIENTED_EDGE('',*,*,#2731,.T.);
#2116=ORIENTED_EDGE('',*,*,#2733,.T.);
#2117=ORIENTED_EDGE('',*,*,#2734,.F.);
#2118=ORIENTED_EDGE('',*,*,#2735,.F.);
#2119=ORIENTED_EDGE('',*,*,#2734,.T.);
#2120=ORIENTED_EDGE('',*,*,#2736,.T.);
#2121=ORIENTED_EDGE('',*,*,#2726,.F.);
#2122=ORIENTED_EDGE('',*,*,#2737,.F.);
#2123=ORIENTED_EDGE('',*,*,#2738,.T.);
#2124=ORIENTED_EDGE('',*,*,#2739,.T.);
#2125=ORIENTED_EDGE('',*,*,#2740,.F.);
#2126=ORIENTED_EDGE('',*,*,#2741,.F.);
#2127=ORIENTED_EDGE('',*,*,#2742,.T.);
#2128=ORIENTED_EDGE('',*,*,#2743,.T.);
#2129=ORIENTED_EDGE('',*,*,#2744,.T.);
#2130=ORIENTED_EDGE('',*,*,#2745,.F.);
#2131=ORIENTED_EDGE('',*,*,#2740,.T.);
#2132=ORIENTED_EDGE('',*,*,#2746,.T.);
#2133=ORIENTED_EDGE('',*,*,#2742,.F.);
#2134=ORIENTED_EDGE('',*,*,#2747,.F.);
#2135=ORIENTED_EDGE('',*,*,#2738,.F.);
#2136=ORIENTED_EDGE('',*,*,#2748,.T.);
#2137=ORIENTED_EDGE('',*,*,#2749,.T.);
#2138=ORIENTED_EDGE('',*,*,#2750,.T.);
#2139=ORIENTED_EDGE('',*,*,#2747,.T.);
#2140=ORIENTED_EDGE('',*,*,#2745,.T.);
#2141=ORIENTED_EDGE('',*,*,#2751,.F.);
#2142=ORIENTED_EDGE('',*,*,#2752,.T.);
#2143=ORIENTED_EDGE('',*,*,#2753,.T.);
#2144=ORIENTED_EDGE('',*,*,#2754,.F.);
#2145=ORIENTED_EDGE('',*,*,#2748,.F.);
#2146=ORIENTED_EDGE('',*,*,#2741,.T.);
#2147=ORIENTED_EDGE('',*,*,#2735,.T.);
#2148=ORIENTED_EDGE('',*,*,#2737,.T.);
#2149=ORIENTED_EDGE('',*,*,#2729,.T.);
#2150=ORIENTED_EDGE('',*,*,#2732,.T.);
#2151=ORIENTED_EDGE('',*,*,#2755,.T.);
#2152=ORIENTED_EDGE('',*,*,#2756,.T.);
#2153=ORIENTED_EDGE('',*,*,#2757,.T.);
#2154=ORIENTED_EDGE('',*,*,#2758,.T.);
#2155=ORIENTED_EDGE('',*,*,#2759,.T.);
#2156=ORIENTED_EDGE('',*,*,#2760,.F.);
#2157=ORIENTED_EDGE('',*,*,#2757,.F.);
#2158=ORIENTED_EDGE('',*,*,#2761,.T.);
#2159=ORIENTED_EDGE('',*,*,#2724,.T.);
#2160=ORIENTED_EDGE('',*,*,#2762,.F.);
#2161=ORIENTED_EDGE('',*,*,#2763,.T.);
#2162=ORIENTED_EDGE('',*,*,#2764,.T.);
#2163=ORIENTED_EDGE('',*,*,#2765,.F.);
#2164=ORIENTED_EDGE('',*,*,#2758,.F.);
#2165=ORIENTED_EDGE('',*,*,#2760,.T.);
#2166=ORIENTED_EDGE('',*,*,#2766,.F.);
#2167=ORIENTED_EDGE('',*,*,#2752,.F.);
#2168=ORIENTED_EDGE('',*,*,#2767,.F.);
#2169=ORIENTED_EDGE('',*,*,#2768,.T.);
#2170=ORIENTED_EDGE('',*,*,#2769,.F.);
#2171=ORIENTED_EDGE('',*,*,#2743,.F.);
#2172=ORIENTED_EDGE('',*,*,#2746,.F.);
#2173=ORIENTED_EDGE('',*,*,#2739,.F.);
#2174=ORIENTED_EDGE('',*,*,#2750,.F.);
#2175=ORIENTED_EDGE('',*,*,#2770,.T.);
#2176=ORIENTED_EDGE('',*,*,#2771,.T.);
#2177=ORIENTED_EDGE('',*,*,#2768,.F.);
#2178=ORIENTED_EDGE('',*,*,#2727,.F.);
#2179=ORIENTED_EDGE('',*,*,#2736,.F.);
#2180=ORIENTED_EDGE('',*,*,#2733,.F.);
#2181=ORIENTED_EDGE('',*,*,#2730,.F.);
#2182=ORIENTED_EDGE('',*,*,#2772,.T.);
#2183=ORIENTED_EDGE('',*,*,#2770,.F.);
#2184=ORIENTED_EDGE('',*,*,#2749,.F.);
#2185=ORIENTED_EDGE('',*,*,#2754,.T.);
#2186=ORIENTED_EDGE('',*,*,#2773,.F.);
#2187=ORIENTED_EDGE('',*,*,#2761,.F.);
#2188=ORIENTED_EDGE('',*,*,#2756,.F.);
#2189=ORIENTED_EDGE('',*,*,#2774,.T.);
#2190=ORIENTED_EDGE('',*,*,#2775,.T.);
#2191=ORIENTED_EDGE('',*,*,#2774,.F.);
#2192=ORIENTED_EDGE('',*,*,#2755,.F.);
#2193=ORIENTED_EDGE('',*,*,#2765,.T.);
#2194=ORIENTED_EDGE('',*,*,#2725,.F.);
#2195=ORIENTED_EDGE('',*,*,#2762,.T.);
#2196=ORIENTED_EDGE('',*,*,#2775,.F.);
#2197=ORIENTED_EDGE('',*,*,#2764,.F.);
#2198=ORIENTED_EDGE('',*,*,#2771,.F.);
#2199=ORIENTED_EDGE('',*,*,#2772,.F.);
#2200=ORIENTED_EDGE('',*,*,#2753,.F.);
#2201=ORIENTED_EDGE('',*,*,#2766,.T.);
#2202=ORIENTED_EDGE('',*,*,#2759,.F.);
#2203=ORIENTED_EDGE('',*,*,#2773,.T.);
#2204=ORIENTED_EDGE('',*,*,#2763,.F.);
#2205=ORIENTED_EDGE('',*,*,#2744,.F.);
#2206=ORIENTED_EDGE('',*,*,#2769,.T.);
#2207=ORIENTED_EDGE('',*,*,#2767,.T.);
#2208=ORIENTED_EDGE('',*,*,#2751,.T.);
#2209=EDGE_CURVE('',#2776,#2777,#3149,.T.);
#2210=EDGE_CURVE('',#2777,#2778,#297,.T.);
#2211=EDGE_CURVE('',#2779,#2778,#3150,.T.);
#2212=EDGE_CURVE('',#2776,#2779,#298,.T.);
#2213=EDGE_CURVE('',#2780,#2781,#3151,.T.);
#2214=EDGE_CURVE('',#2781,#2782,#299,.T.);
#2215=EDGE_CURVE('',#2783,#2782,#3152,.T.);
#2216=EDGE_CURVE('',#2780,#2783,#300,.T.);
#2217=EDGE_CURVE('',#2784,#2785,#3153,.T.);
#2218=EDGE_CURVE('',#2785,#2786,#301,.T.);
#2219=EDGE_CURVE('',#2787,#2786,#3154,.T.);
#2220=EDGE_CURVE('',#2784,#2787,#302,.T.);
#2221=EDGE_CURVE('',#2788,#2789,#3155,.T.);
#2222=EDGE_CURVE('',#2789,#2790,#303,.T.);
#2223=EDGE_CURVE('',#2791,#2790,#3156,.T.);
#2224=EDGE_CURVE('',#2788,#2791,#304,.T.);
#2225=EDGE_CURVE('',#2792,#2793,#305,.T.);
#2226=EDGE_CURVE('',#2793,#2794,#306,.T.);
#2227=EDGE_CURVE('',#2794,#2795,#307,.T.);
#2228=EDGE_CURVE('',#2795,#2796,#71,.T.);
#2229=EDGE_CURVE('',#2796,#2792,#72,.T.);
#2230=EDGE_CURVE('',#2797,#2796,#308,.T.);
#2231=EDGE_CURVE('',#2797,#2798,#73,.T.);
#2232=EDGE_CURVE('',#2798,#2792,#309,.T.);
#2233=EDGE_CURVE('',#2799,#2795,#310,.T.);
#2234=EDGE_CURVE('',#2799,#2797,#74,.T.);
#2235=EDGE_CURVE('',#2800,#2794,#311,.T.);
#2236=EDGE_CURVE('',#2800,#2799,#312,.T.);
#2237=EDGE_CURVE('',#2801,#2793,#313,.T.);
#2238=EDGE_CURVE('',#2801,#2800,#314,.T.);
#2239=EDGE_CURVE('',#2798,#2801,#315,.T.);
#2240=EDGE_CURVE('',#2802,#2803,#316,.T.);
#2241=EDGE_CURVE('',#2804,#2802,#317,.T.);
#2242=EDGE_CURVE('',#2804,#2805,#318,.T.);
#2243=EDGE_CURVE('',#2805,#2803,#319,.T.);
#2244=EDGE_CURVE('',#2803,#2806,#75,.T.);
#2245=EDGE_CURVE('',#2805,#2807,#76,.T.);
#2246=EDGE_CURVE('',#2807,#2806,#320,.T.);
#2247=EDGE_CURVE('',#2806,#2808,#77,.T.);
#2248=EDGE_CURVE('',#2807,#2809,#78,.T.);
#2249=EDGE_CURVE('',#2809,#2808,#321,.T.);
#2250=EDGE_CURVE('',#2808,#2810,#79,.T.);
#2251=EDGE_CURVE('',#2809,#2811,#80,.T.);
#2252=EDGE_CURVE('',#2811,#2810,#322,.T.);
#2253=EDGE_CURVE('',#2810,#2812,#323,.T.);
#2254=EDGE_CURVE('',#2811,#2813,#324,.T.);
#2255=EDGE_CURVE('',#2813,#2812,#325,.T.);
#2256=EDGE_CURVE('',#2812,#2814,#326,.T.);
#2257=EDGE_CURVE('',#2813,#2815,#327,.T.);
#2258=EDGE_CURVE('',#2815,#2814,#328,.T.);
#2259=EDGE_CURVE('',#2814,#2816,#329,.T.);
#2260=EDGE_CURVE('',#2815,#2817,#330,.T.);
#2261=EDGE_CURVE('',#2817,#2816,#331,.T.);
#2262=EDGE_CURVE('',#2816,#2818,#332,.T.);
#2263=EDGE_CURVE('',#2817,#2819,#333,.T.);
#2264=EDGE_CURVE('',#2819,#2818,#334,.T.);
#2265=EDGE_CURVE('',#2818,#2820,#335,.T.);
#2266=EDGE_CURVE('',#2819,#2821,#336,.T.);
#2267=EDGE_CURVE('',#2821,#2820,#337,.T.);
#2268=EDGE_CURVE('',#2820,#2822,#338,.T.);
#2269=EDGE_CURVE('',#2821,#2823,#339,.T.);
#2270=EDGE_CURVE('',#2823,#2822,#340,.T.);
#2271=EDGE_CURVE('',#2822,#2802,#341,.T.);
#2272=EDGE_CURVE('',#2823,#2804,#342,.T.);
#2273=EDGE_CURVE('',#2824,#2825,#81,.T.);
#2274=EDGE_CURVE('',#2825,#2826,#82,.T.);
#2275=EDGE_CURVE('',#2826,#2827,#83,.T.);
#2276=EDGE_CURVE('',#2827,#2824,#84,.T.);
#2277=EDGE_CURVE('',#2828,#2827,#343,.T.);
#2278=EDGE_CURVE('',#2828,#2829,#85,.T.);
#2279=EDGE_CURVE('',#2829,#2824,#344,.T.);
#2280=EDGE_CURVE('',#2830,#2826,#345,.T.);
#2281=EDGE_CURVE('',#2830,#2828,#86,.T.);
#2282=EDGE_CURVE('',#2831,#2825,#346,.T.);
#2283=EDGE_CURVE('',#2831,#2830,#87,.T.);
#2284=EDGE_CURVE('',#2829,#2831,#88,.T.);
#2285=EDGE_CURVE('',#2832,#2833,#347,.T.);
#2286=EDGE_CURVE('',#2834,#2832,#348,.T.);
#2287=EDGE_CURVE('',#2834,#2835,#349,.T.);
#2288=EDGE_CURVE('',#2835,#2833,#350,.T.);
#2289=EDGE_CURVE('',#2833,#2836,#351,.T.);
#2290=EDGE_CURVE('',#2835,#2837,#352,.T.);
#2291=EDGE_CURVE('',#2837,#2836,#353,.T.);
#2292=EDGE_CURVE('',#2836,#2838,#3157,.T.);
#2293=EDGE_CURVE('',#2837,#2839,#3158,.T.);
#2294=EDGE_CURVE('',#2839,#2838,#89,.T.);
#2295=EDGE_CURVE('',#2838,#2840,#90,.T.);
#2296=EDGE_CURVE('',#2839,#2841,#91,.T.);
#2297=EDGE_CURVE('',#2841,#2840,#354,.T.);
#2298=EDGE_CURVE('',#2840,#2842,#92,.T.);
#2299=EDGE_CURVE('',#2841,#2843,#93,.T.);
#2300=EDGE_CURVE('',#2843,#2842,#355,.T.);
#2301=EDGE_CURVE('',#2842,#2844,#94,.T.);
#2302=EDGE_CURVE('',#2843,#2845,#95,.T.);
#2303=EDGE_CURVE('',#2845,#2844,#356,.T.);
#2304=EDGE_CURVE('',#2844,#2846,#96,.T.);
#2305=EDGE_CURVE('',#2845,#2847,#97,.T.);
#2306=EDGE_CURVE('',#2847,#2846,#357,.T.);
#2307=EDGE_CURVE('',#2846,#2832,#358,.T.);
#2308=EDGE_CURVE('',#2847,#2834,#359,.T.);
#2309=EDGE_CURVE('',#2848,#2849,#98,.T.);
#2310=EDGE_CURVE('',#2849,#2850,#99,.T.);
#2311=EDGE_CURVE('',#2850,#2851,#100,.T.);
#2312=EDGE_CURVE('',#2851,#2848,#101,.T.);
#2313=EDGE_CURVE('',#2852,#2851,#360,.T.);
#2314=EDGE_CURVE('',#2852,#2853,#102,.T.);
#2315=EDGE_CURVE('',#2853,#2848,#361,.T.);
#2316=EDGE_CURVE('',#2854,#2850,#362,.T.);
#2317=EDGE_CURVE('',#2854,#2852,#103,.T.);
#2318=EDGE_CURVE('',#2855,#2849,#363,.T.);
#2319=EDGE_CURVE('',#2855,#2854,#104,.T.);
#2320=EDGE_CURVE('',#2853,#2855,#105,.T.);
#2321=EDGE_CURVE('',#2856,#2857,#364,.T.);
#2322=EDGE_CURVE('',#2858,#2856,#365,.T.);
#2323=EDGE_CURVE('',#2858,#2859,#366,.T.);
#2324=EDGE_CURVE('',#2859,#2857,#367,.T.);
#2325=EDGE_CURVE('',#2857,#2860,#368,.T.);
#2326=EDGE_CURVE('',#2859,#2861,#369,.T.);
#2327=EDGE_CURVE('',#2861,#2860,#370,.T.);
#2328=EDGE_CURVE('',#2860,#2862,#3159,.T.);
#2329=EDGE_CURVE('',#2861,#2863,#3160,.T.);
#2330=EDGE_CURVE('',#2863,#2862,#106,.T.);
#2331=EDGE_CURVE('',#2862,#2864,#107,.T.);
#2332=EDGE_CURVE('',#2863,#2865,#108,.T.);
#2333=EDGE_CURVE('',#2865,#2864,#371,.T.);
#2334=EDGE_CURVE('',#2864,#2866,#109,.T.);
#2335=EDGE_CURVE('',#2865,#2867,#110,.T.);
#2336=EDGE_CURVE('',#2867,#2866,#372,.T.);
#2337=EDGE_CURVE('',#2866,#2868,#111,.T.);
#2338=EDGE_CURVE('',#2867,#2869,#112,.T.);
#2339=EDGE_CURVE('',#2869,#2868,#373,.T.);
#2340=EDGE_CURVE('',#2868,#2870,#113,.T.);
#2341=EDGE_CURVE('',#2869,#2871,#114,.T.);
#2342=EDGE_CURVE('',#2871,#2870,#374,.T.);
#2343=EDGE_CURVE('',#2870,#2856,#375,.T.);
#2344=EDGE_CURVE('',#2871,#2858,#376,.T.);
#2345=EDGE_CURVE('',#2872,#2873,#115,.T.);
#2346=EDGE_CURVE('',#2873,#2874,#116,.T.);
#2347=EDGE_CURVE('',#2874,#2875,#117,.T.);
#2348=EDGE_CURVE('',#2875,#2872,#118,.T.);
#2349=EDGE_CURVE('',#2876,#2875,#377,.T.);
#2350=EDGE_CURVE('',#2876,#2877,#119,.T.);
#2351=EDGE_CURVE('',#2877,#2872,#378,.T.);
#2352=EDGE_CURVE('',#2878,#2874,#379,.T.);
#2353=EDGE_CURVE('',#2878,#2876,#120,.T.);
#2354=EDGE_CURVE('',#2879,#2873,#380,.T.);
#2355=EDGE_CURVE('',#2879,#2878,#121,.T.);
#2356=EDGE_CURVE('',#2877,#2879,#122,.T.);
#2357=EDGE_CURVE('',#2880,#2881,#381,.T.);
#2358=EDGE_CURVE('',#2882,#2880,#382,.T.);
#2359=EDGE_CURVE('',#2882,#2883,#383,.T.);
#2360=EDGE_CURVE('',#2883,#2881,#384,.T.);
#2361=EDGE_CURVE('',#2881,#2884,#385,.T.);
#2362=EDGE_CURVE('',#2883,#2885,#386,.T.);
#2363=EDGE_CURVE('',#2885,#2884,#387,.T.);
#2364=EDGE_CURVE('',#2884,#2886,#3161,.T.);
#2365=EDGE_CURVE('',#2885,#2887,#3162,.T.);
#2366=EDGE_CURVE('',#2887,#2886,#123,.T.);
#2367=EDGE_CURVE('',#2886,#2888,#124,.T.);
#2368=EDGE_CURVE('',#2887,#2889,#125,.T.);
#2369=EDGE_CURVE('',#2889,#2888,#388,.T.);
#2370=EDGE_CURVE('',#2888,#2890,#126,.T.);
#2371=EDGE_CURVE('',#2889,#2891,#127,.T.);
#2372=EDGE_CURVE('',#2891,#2890,#389,.T.);
#2373=EDGE_CURVE('',#2890,#2892,#128,.T.);
#2374=EDGE_CURVE('',#2891,#2893,#129,.T.);
#2375=EDGE_CURVE('',#2893,#2892,#390,.T.);
#2376=EDGE_CURVE('',#2892,#2894,#130,.T.);
#2377=EDGE_CURVE('',#2893,#2895,#131,.T.);
#2378=EDGE_CURVE('',#2895,#2894,#391,.T.);
#2379=EDGE_CURVE('',#2894,#2880,#392,.T.);
#2380=EDGE_CURVE('',#2895,#2882,#393,.T.);
#2381=EDGE_CURVE('',#2896,#2897,#132,.T.);
#2382=EDGE_CURVE('',#2898,#2896,#133,.T.);
#2383=EDGE_CURVE('',#2899,#2898,#3163,.T.);
#2384=EDGE_CURVE('',#2900,#2899,#134,.T.);
#2385=EDGE_CURVE('',#2901,#2900,#135,.T.);
#2386=EDGE_CURVE('',#2902,#2901,#394,.T.);
#2387=EDGE_CURVE('',#2903,#2902,#395,.T.);
#2388=EDGE_CURVE('',#2904,#2903,#396,.T.);
#2389=EDGE_CURVE('',#2905,#2904,#136,.T.);
#2390=EDGE_CURVE('',#2906,#2905,#137,.T.);
#2391=EDGE_CURVE('',#2907,#2906,#138,.T.);
#2392=EDGE_CURVE('',#2908,#2907,#139,.T.);
#2393=EDGE_CURVE('',#2897,#2908,#397,.T.);
#2394=EDGE_CURVE('',#2909,#2910,#398,.T.);
#2395=EDGE_CURVE('',#2897,#2909,#399,.T.);
#2396=EDGE_CURVE('',#2908,#2910,#400,.T.);
#2397=EDGE_CURVE('',#2910,#2911,#140,.T.);
#2398=EDGE_CURVE('',#2907,#2911,#401,.T.);
#2399=EDGE_CURVE('',#2911,#2912,#141,.T.);
#2400=EDGE_CURVE('',#2906,#2912,#402,.T.);
#2401=EDGE_CURVE('',#2912,#2913,#142,.T.);
#2402=EDGE_CURVE('',#2905,#2913,#403,.T.);
#2403=EDGE_CURVE('',#2913,#2914,#143,.T.);
#2404=EDGE_CURVE('',#2904,#2914,#404,.T.);
#2405=EDGE_CURVE('',#2914,#2915,#405,.T.);
#2406=EDGE_CURVE('',#2903,#2915,#406,.T.);
#2407=EDGE_CURVE('',#2915,#2916,#407,.T.);
#2408=EDGE_CURVE('',#2902,#2916,#408,.T.);
#2409=EDGE_CURVE('',#2916,#2917,#409,.T.);
#2410=EDGE_CURVE('',#2901,#2917,#410,.T.);
#2411=EDGE_CURVE('',#2917,#2918,#144,.T.);
#2412=EDGE_CURVE('',#2900,#2918,#411,.T.);
#2413=EDGE_CURVE('',#2918,#2919,#145,.T.);
#2414=EDGE_CURVE('',#2919,#2899,#146,.T.);
#2415=EDGE_CURVE('',#2919,#2920,#3164,.T.);
#2416=EDGE_CURVE('',#2898,#2920,#147,.T.);
#2417=EDGE_CURVE('',#2920,#2921,#148,.T.);
#2418=EDGE_CURVE('',#2896,#2921,#412,.T.);
#2419=EDGE_CURVE('',#2921,#2909,#149,.T.);
#2420=EDGE_CURVE('',#2922,#2923,#413,.T.);
#2421=EDGE_CURVE('',#2924,#2922,#414,.T.);
#2422=EDGE_CURVE('',#2925,#2924,#415,.T.);
#2423=EDGE_CURVE('',#2926,#2925,#416,.T.);
#2424=EDGE_CURVE('',#2927,#2926,#417,.T.);
#2425=EDGE_CURVE('',#2928,#2927,#418,.T.);
#2426=EDGE_CURVE('',#2929,#2928,#419,.T.);
#2427=EDGE_CURVE('',#2930,#2929,#420,.T.);
#2428=EDGE_CURVE('',#2931,#2930,#421,.T.);
#2429=EDGE_CURVE('',#2932,#2931,#422,.T.);
#2430=EDGE_CURVE('',#2933,#2932,#423,.T.);
#2431=EDGE_CURVE('',#2934,#2933,#424,.T.);
#2432=EDGE_CURVE('',#2923,#2934,#425,.T.);
#2433=EDGE_CURVE('',#2935,#2936,#426,.T.);
#2434=EDGE_CURVE('',#2923,#2935,#427,.T.);
#2435=EDGE_CURVE('',#2934,#2936,#428,.T.);
#2436=EDGE_CURVE('',#2936,#2937,#429,.T.);
#2437=EDGE_CURVE('',#2933,#2937,#430,.T.);
#2438=EDGE_CURVE('',#2937,#2938,#431,.T.);
#2439=EDGE_CURVE('',#2932,#2938,#432,.T.);
#2440=EDGE_CURVE('',#2938,#2939,#433,.T.);
#2441=EDGE_CURVE('',#2931,#2939,#434,.T.);
#2442=EDGE_CURVE('',#2939,#2940,#435,.T.);
#2443=EDGE_CURVE('',#2930,#2940,#436,.T.);
#2444=EDGE_CURVE('',#2940,#2941,#437,.T.);
#2445=EDGE_CURVE('',#2929,#2941,#438,.T.);
#2446=EDGE_CURVE('',#2941,#2942,#439,.T.);
#2447=EDGE_CURVE('',#2928,#2942,#440,.T.);
#2448=EDGE_CURVE('',#2942,#2943,#441,.T.);
#2449=EDGE_CURVE('',#2927,#2943,#442,.T.);
#2450=EDGE_CURVE('',#2943,#2944,#443,.T.);
#2451=EDGE_CURVE('',#2926,#2944,#444,.T.);
#2452=EDGE_CURVE('',#2944,#2945,#445,.T.);
#2453=EDGE_CURVE('',#2925,#2945,#446,.T.);
#2454=EDGE_CURVE('',#2945,#2946,#447,.T.);
#2455=EDGE_CURVE('',#2924,#2946,#448,.T.);
#2456=EDGE_CURVE('',#2946,#2947,#449,.T.);
#2457=EDGE_CURVE('',#2922,#2947,#450,.T.);
#2458=EDGE_CURVE('',#2947,#2935,#451,.T.);
#2459=EDGE_CURVE('',#2948,#2949,#452,.T.);
#2460=EDGE_CURVE('',#2949,#2950,#453,.T.);
#2461=EDGE_CURVE('',#2950,#2948,#454,.T.);
#2462=EDGE_CURVE('',#2951,#2952,#455,.T.);
#2463=EDGE_CURVE('',#2953,#2951,#456,.T.);
#2464=EDGE_CURVE('',#2952,#2953,#457,.T.);
#2465=EDGE_CURVE('',#2953,#2950,#458,.T.);
#2466=EDGE_CURVE('',#2952,#2949,#459,.T.);
#2467=EDGE_CURVE('',#2954,#2955,#460,.T.);
#2468=EDGE_CURVE('',#2955,#2956,#461,.T.);
#2469=EDGE_CURVE('',#2956,#2954,#462,.T.);
#2470=EDGE_CURVE('',#2957,#2958,#463,.T.);
#2471=EDGE_CURVE('',#2959,#2957,#464,.T.);
#2472=EDGE_CURVE('',#2958,#2959,#465,.T.);
#2473=EDGE_CURVE('',#2957,#2954,#466,.T.);
#2474=EDGE_CURVE('',#2959,#2956,#467,.T.);
#2475=EDGE_CURVE('',#2960,#2779,#468,.T.);
#2476=EDGE_CURVE('',#2961,#2778,#469,.T.);
#2477=EDGE_CURVE('',#2961,#2962,#470,.T.);
#2478=EDGE_CURVE('',#2963,#2962,#3165,.T.);
#2479=EDGE_CURVE('',#2964,#2963,#471,.T.);
#2480=EDGE_CURVE('',#2956,#2964,#472,.T.);
#2481=EDGE_CURVE('',#2955,#2960,#473,.T.);
#2482=EDGE_CURVE('',#2965,#2781,#474,.T.);
#2483=EDGE_CURVE('',#2780,#2966,#475,.T.);
#2484=EDGE_CURVE('',#2966,#2967,#476,.T.);
#2485=EDGE_CURVE('',#2967,#2968,#3166,.T.);
#2486=EDGE_CURVE('',#2969,#2968,#477,.T.);
#2487=EDGE_CURVE('',#2969,#2970,#478,.T.);
#2488=EDGE_CURVE('',#2970,#2971,#479,.T.);
#2489=EDGE_CURVE('',#2971,#2972,#3167,.T.);
#2490=EDGE_CURVE('',#2973,#2972,#480,.T.);
#2491=EDGE_CURVE('',#2973,#2777,#481,.T.);
#2492=EDGE_CURVE('',#2974,#2776,#482,.T.);
#2493=EDGE_CURVE('',#2965,#2974,#483,.T.);
#2494=EDGE_CURVE('',#2971,#2963,#484,.T.);
#2495=EDGE_CURVE('',#2970,#2964,#485,.T.);
#2496=EDGE_CURVE('',#2975,#2959,#486,.T.);
#2497=EDGE_CURVE('',#2969,#2975,#487,.T.);
#2498=EDGE_CURVE('',#2975,#2976,#488,.T.);
#2499=EDGE_CURVE('',#2968,#2976,#489,.T.);
#2500=EDGE_CURVE('',#2977,#2976,#3168,.T.);
#2501=EDGE_CURVE('',#2967,#2977,#490,.T.);
#2502=EDGE_CURVE('',#2978,#2977,#491,.T.);
#2503=EDGE_CURVE('',#2966,#2978,#492,.T.);
#2504=EDGE_CURVE('',#2783,#2978,#493,.T.);
#2505=EDGE_CURVE('',#2979,#2782,#494,.T.);
#2506=EDGE_CURVE('',#2965,#2979,#495,.T.);
#2507=EDGE_CURVE('',#2974,#2960,#496,.T.);
#2508=EDGE_CURVE('',#2973,#2961,#497,.T.);
#2509=EDGE_CURVE('',#2972,#2962,#498,.T.);
#2510=EDGE_CURVE('',#2980,#2791,#499,.T.);
#2511=EDGE_CURVE('',#2790,#2981,#500,.T.);
#2512=EDGE_CURVE('',#2981,#2982,#501,.T.);
#2513=EDGE_CURVE('',#2983,#2982,#3169,.T.);
#2514=EDGE_CURVE('',#2984,#2983,#502,.T.);
#2515=EDGE_CURVE('',#2984,#2953,#503,.T.);
#2516=EDGE_CURVE('',#2980,#2951,#504,.T.);
#2517=EDGE_CURVE('',#2789,#2985,#505,.T.);
#2518=EDGE_CURVE('',#2986,#2788,#506,.T.);
#2519=EDGE_CURVE('',#2986,#2987,#507,.T.);
#2520=EDGE_CURVE('',#2987,#2785,#508,.T.);
#2521=EDGE_CURVE('',#2988,#2784,#509,.T.);
#2522=EDGE_CURVE('',#2988,#2989,#510,.T.);
#2523=EDGE_CURVE('',#2989,#2990,#3170,.T.);
#2524=EDGE_CURVE('',#2991,#2990,#511,.T.);
#2525=EDGE_CURVE('',#2992,#2991,#512,.T.);
#2526=EDGE_CURVE('',#2992,#2993,#513,.T.);
#2527=EDGE_CURVE('',#2993,#2994,#3171,.T.);
#2528=EDGE_CURVE('',#2985,#2994,#514,.T.);
#2529=EDGE_CURVE('',#2994,#2982,#515,.T.);
#2530=EDGE_CURVE('',#2993,#2983,#516,.T.);
#2531=EDGE_CURVE('',#2992,#2984,#517,.T.);
#2532=EDGE_CURVE('',#2991,#2995,#518,.T.);
#2533=EDGE_CURVE('',#2950,#2995,#519,.T.);
#2534=EDGE_CURVE('',#2995,#2996,#520,.T.);
#2535=EDGE_CURVE('',#2990,#2996,#521,.T.);
#2536=EDGE_CURVE('',#2997,#2996,#3172,.T.);
#2537=EDGE_CURVE('',#2989,#2997,#522,.T.);
#2538=EDGE_CURVE('',#2998,#2997,#523,.T.);
#2539=EDGE_CURVE('',#2988,#2998,#524,.T.);
#2540=EDGE_CURVE('',#2998,#2787,#525,.T.);
#2541=EDGE_CURVE('',#2999,#2786,#526,.T.);
#2542=EDGE_CURVE('',#2987,#2999,#527,.T.);
#2543=EDGE_CURVE('',#2986,#2980,#528,.T.);
#2544=EDGE_CURVE('',#2985,#2981,#529,.T.);
#2545=EDGE_CURVE('',#3000,#3001,#3173,.T.);
#2546=EDGE_CURVE('',#3000,#3002,#530,.T.);
#2547=EDGE_CURVE('',#3002,#3003,#3174,.T.);
#2548=EDGE_CURVE('',#3001,#3003,#531,.T.);
#2549=EDGE_CURVE('',#3004,#3005,#3175,.T.);
#2550=EDGE_CURVE('',#3005,#3006,#532,.T.);
#2551=EDGE_CURVE('',#3007,#3006,#3176,.T.);
#2552=EDGE_CURVE('',#3007,#3004,#533,.T.);
#2553=EDGE_CURVE('',#3008,#3009,#3177,.T.);
#2554=EDGE_CURVE('',#3010,#3008,#534,.T.);
#2555=EDGE_CURVE('',#3010,#3011,#3178,.T.);
#2556=EDGE_CURVE('',#3009,#3011,#535,.T.);
#2557=EDGE_CURVE('',#3012,#3013,#3179,.T.);
#2558=EDGE_CURVE('',#3014,#3012,#536,.T.);
#2559=EDGE_CURVE('',#3014,#3015,#3180,.T.);
#2560=EDGE_CURVE('',#3013,#3015,#537,.T.);
#2561=EDGE_CURVE('',#3016,#3017,#3181,.T.);
#2562=EDGE_CURVE('',#3018,#3017,#538,.T.);
#2563=EDGE_CURVE('',#3019,#3018,#3182,.T.);
#2564=EDGE_CURVE('',#3016,#3019,#539,.T.);
#2565=EDGE_CURVE('',#3020,#3021,#3183,.T.);
#2566=EDGE_CURVE('',#3021,#3022,#540,.T.);
#2567=EDGE_CURVE('',#3023,#3022,#3184,.T.);
#2568=EDGE_CURVE('',#3023,#3020,#541,.T.);
#2569=EDGE_CURVE('',#3024,#3025,#3185,.T.);
#2570=EDGE_CURVE('',#3024,#3026,#542,.T.);
#2571=EDGE_CURVE('',#3026,#3027,#3186,.T.);
#2572=EDGE_CURVE('',#3025,#3027,#543,.T.);
#2573=EDGE_CURVE('',#3028,#3029,#3187,.T.);
#2574=EDGE_CURVE('',#3028,#3030,#544,.T.);
#2575=EDGE_CURVE('',#3030,#3031,#3188,.T.);
#2576=EDGE_CURVE('',#3029,#3031,#545,.T.);
#2577=EDGE_CURVE('',#3032,#3033,#3189,.T.);
#2578=EDGE_CURVE('',#3032,#3034,#546,.T.);
#2579=EDGE_CURVE('',#3034,#3035,#3190,.T.);
#2580=EDGE_CURVE('',#3033,#3035,#547,.T.);
#2581=EDGE_CURVE('',#3036,#3037,#3191,.T.);
#2582=EDGE_CURVE('',#3037,#3038,#548,.T.);
#2583=EDGE_CURVE('',#3039,#3038,#3192,.T.);
#2584=EDGE_CURVE('',#3036,#3039,#549,.T.);
#2585=EDGE_CURVE('',#3040,#3041,#3193,.T.);
#2586=EDGE_CURVE('',#3041,#3042,#550,.T.);
#2587=EDGE_CURVE('',#3043,#3042,#3194,.T.);
#2588=EDGE_CURVE('',#3040,#3043,#551,.T.);
#2589=EDGE_CURVE('',#3044,#3045,#3195,.T.);
#2590=EDGE_CURVE('',#3044,#3046,#552,.T.);
#2591=EDGE_CURVE('',#3046,#3047,#3196,.T.);
#2592=EDGE_CURVE('',#3045,#3047,#553,.T.);
#2593=EDGE_CURVE('',#3048,#3049,#3197,.T.);
#2594=EDGE_CURVE('',#3049,#3050,#554,.T.);
#2595=EDGE_CURVE('',#3051,#3050,#3198,.T.);
#2596=EDGE_CURVE('',#3048,#3051,#555,.T.);
#2597=EDGE_CURVE('',#3052,#3053,#3199,.T.);
#2598=EDGE_CURVE('',#3052,#3054,#556,.T.);
#2599=EDGE_CURVE('',#3054,#3055,#3200,.T.);
#2600=EDGE_CURVE('',#2974,#3055,#557,.T.);
#2601=EDGE_CURVE('',#3053,#2960,#558,.T.);
#2602=EDGE_CURVE('',#3056,#3057,#3201,.T.);
#2603=EDGE_CURVE('',#3056,#2979,#559,.T.);
#2604=EDGE_CURVE('',#2965,#3058,#560,.T.);
#2605=EDGE_CURVE('',#3059,#3058,#3202,.T.);
#2606=EDGE_CURVE('',#3057,#3059,#561,.T.);
#2607=EDGE_CURVE('',#3060,#3061,#3203,.T.);
#2608=EDGE_CURVE('',#3060,#2999,#562,.T.);
#2609=EDGE_CURVE('',#2987,#3062,#563,.T.);
#2610=EDGE_CURVE('',#3063,#3062,#3204,.T.);
#2611=EDGE_CURVE('',#3061,#3063,#564,.T.);
#2612=EDGE_CURVE('',#3064,#3065,#3205,.T.);
#2613=EDGE_CURVE('',#3064,#3066,#565,.T.);
#2614=EDGE_CURVE('',#3066,#3067,#3206,.T.);
#2615=EDGE_CURVE('',#2986,#3067,#566,.T.);
#2616=EDGE_CURVE('',#3065,#2980,#567,.T.);
#2617=EDGE_CURVE('',#3063,#3068,#568,.T.);
#2618=EDGE_CURVE('',#3062,#3069,#569,.T.);
#2619=EDGE_CURVE('',#3069,#3068,#3207,.T.);
#2620=EDGE_CURVE('',#3070,#3069,#26,.T.);
#2621=EDGE_CURVE('',#3068,#3070,#27,.T.);
#2622=EDGE_CURVE('',#3067,#3071,#570,.T.);
#2623=EDGE_CURVE('',#3072,#3066,#571,.T.);
#2624=EDGE_CURVE('',#3072,#3071,#3208,.T.);
#2625=EDGE_CURVE('',#3071,#3073,#28,.T.);
#2626=EDGE_CURVE('',#3073,#3072,#29,.T.);
#2627=EDGE_CURVE('',#3059,#3074,#572,.T.);
#2628=EDGE_CURVE('',#3075,#3058,#573,.T.);
#2629=EDGE_CURVE('',#3075,#3074,#3209,.T.);
#2630=EDGE_CURVE('',#3074,#3076,#30,.T.);
#2631=EDGE_CURVE('',#3076,#3075,#31,.T.);
#2632=EDGE_CURVE('',#3055,#3077,#574,.T.);
#2633=EDGE_CURVE('',#3078,#3054,#575,.T.);
#2634=EDGE_CURVE('',#3078,#3077,#3210,.T.);
#2635=EDGE_CURVE('',#3079,#3078,#32,.T.);
#2636=EDGE_CURVE('',#3077,#3079,#33,.T.);
#2637=EDGE_CURVE('',#3077,#3075,#576,.T.);
#2638=EDGE_CURVE('',#3076,#3079,#577,.T.);
#2639=EDGE_CURVE('',#3074,#3072,#578,.T.);
#2640=EDGE_CURVE('',#3073,#3076,#579,.T.);
#2641=EDGE_CURVE('',#3068,#3078,#580,.T.);
#2642=EDGE_CURVE('',#3079,#3070,#581,.T.);
#2643=EDGE_CURVE('',#3070,#3073,#582,.T.);
#2644=EDGE_CURVE('',#3071,#3069,#583,.T.);
#2645=EDGE_CURVE('',#3080,#3080,#3211,.T.);
#2646=EDGE_CURVE('',#3081,#3081,#3212,.T.);
#2647=EDGE_CURVE('',#3082,#3082,#3213,.T.);
#2648=EDGE_CURVE('',#3083,#3083,#3214,.T.);
#2649=EDGE_CURVE('',#3084,#3084,#3215,.T.);
#2650=EDGE_CURVE('',#3085,#3085,#3216,.T.);
#2651=EDGE_CURVE('',#3086,#3086,#3217,.T.);
#2652=EDGE_CURVE('',#3087,#3087,#3218,.T.);
#2653=EDGE_CURVE('',#3088,#3089,#3219,.T.);
#2654=EDGE_CURVE('',#3090,#3089,#584,.T.);
#2655=EDGE_CURVE('',#3091,#3090,#3220,.T.);
#2656=EDGE_CURVE('',#3091,#3088,#585,.T.);
#2657=EDGE_CURVE('',#3092,#3093,#586,.T.);
#2658=EDGE_CURVE('',#3094,#3092,#587,.T.);
#2659=EDGE_CURVE('',#3094,#3095,#588,.T.);
#2660=EDGE_CURVE('',#3095,#3093,#589,.T.);
#2661=EDGE_CURVE('',#3096,#3092,#590,.T.);
#2662=EDGE_CURVE('',#3097,#3096,#591,.T.);
#2663=EDGE_CURVE('',#3097,#3094,#592,.T.);
#2664=EDGE_CURVE('',#3098,#3096,#593,.T.);
#2665=EDGE_CURVE('',#3099,#3098,#594,.T.);
#2666=EDGE_CURVE('',#3099,#3097,#595,.T.);
#2667=EDGE_CURVE('',#3093,#3098,#596,.T.);
#2668=EDGE_CURVE('',#3095,#3099,#597,.T.);
#2669=EDGE_CURVE('',#3100,#3044,#598,.T.);
#2670=EDGE_CURVE('',#3045,#3032,#599,.T.);
#2671=EDGE_CURVE('',#3033,#3101,#600,.T.);
#2672=EDGE_CURVE('',#3101,#3091,#601,.T.);
#2673=EDGE_CURVE('',#3090,#3100,#602,.T.);
#2674=EDGE_CURVE('',#3004,#3000,#603,.T.);
#2675=EDGE_CURVE('',#3001,#3011,#604,.T.);
#2676=EDGE_CURVE('',#3005,#3010,#3221,.T.);
#2677=EDGE_CURVE('',#3003,#3009,#605,.T.);
#2678=EDGE_CURVE('',#3007,#3002,#606,.T.);
#2679=EDGE_CURVE('',#3102,#3103,#607,.T.);
#2680=EDGE_CURVE('',#3102,#3104,#608,.T.);
#2681=EDGE_CURVE('',#3104,#3105,#609,.T.);
#2682=EDGE_CURVE('',#3103,#3105,#610,.T.);
#2683=EDGE_CURVE('',#3105,#3106,#611,.T.);
#2684=EDGE_CURVE('',#3107,#3106,#612,.T.);
#2685=EDGE_CURVE('',#3103,#3107,#613,.T.);
#2686=EDGE_CURVE('',#3102,#3107,#3222,.T.);
#2687=EDGE_CURVE('',#3027,#3030,#614,.T.);
#2688=EDGE_CURVE('',#3025,#3028,#615,.T.);
#2689=EDGE_CURVE('',#3029,#3015,#616,.T.);
#2690=EDGE_CURVE('',#3031,#3013,#617,.T.);
#2691=EDGE_CURVE('',#3023,#3026,#618,.T.);
#2692=EDGE_CURVE('',#3020,#3024,#619,.T.);
#2693=EDGE_CURVE('',#3046,#3051,#620,.T.);
#2694=EDGE_CURVE('',#3021,#3050,#3223,.T.);
#2695=EDGE_CURVE('',#3019,#3014,#3224,.T.);
#2696=EDGE_CURVE('',#3035,#3018,#621,.T.);
#2697=EDGE_CURVE('',#3034,#3039,#622,.T.);
#2698=EDGE_CURVE('',#3043,#3038,#3225,.T.);
#2699=EDGE_CURVE('',#3042,#3047,#623,.T.);
#2700=EDGE_CURVE('',#3089,#3108,#624,.T.);
#2701=EDGE_CURVE('',#3109,#3088,#625,.T.);
#2702=EDGE_CURVE('',#3109,#3017,#626,.T.);
#2703=EDGE_CURVE('',#3016,#3049,#3226,.T.);
#2704=EDGE_CURVE('',#3108,#3048,#627,.T.);
#2705=EDGE_CURVE('',#3101,#3109,#628,.T.);
#2706=EDGE_CURVE('',#3040,#3037,#3227,.T.);
#2707=EDGE_CURVE('',#3041,#3036,#629,.T.);
#2708=EDGE_CURVE('',#3100,#3108,#630,.T.);
#2709=EDGE_CURVE('',#3061,#3110,#631,.T.);
#2710=EDGE_CURVE('',#3110,#3052,#632,.T.);
#2711=EDGE_CURVE('',#2948,#2999,#633,.T.);
#2712=EDGE_CURVE('',#3065,#3060,#634,.T.);
#2713=EDGE_CURVE('',#3111,#3064,#635,.T.);
#2714=EDGE_CURVE('',#3057,#3111,#636,.T.);
#2715=EDGE_CURVE('',#3012,#3110,#3228,.T.);
#2716=EDGE_CURVE('',#3110,#3006,#3229,.T.);
#2717=EDGE_CURVE('',#3008,#3112,#3230,.T.);
#2718=EDGE_CURVE('',#3112,#3104,#3231,.T.);
#2719=EDGE_CURVE('',#3106,#3111,#3232,.T.);
#2720=EDGE_CURVE('',#3111,#3022,#3233,.T.);
#2721=EDGE_CURVE('',#3112,#3056,#637,.T.);
#2722=EDGE_CURVE('',#3053,#3112,#638,.T.);
#2723=EDGE_CURVE('',#2979,#2958,#639,.T.);
#2724=EDGE_CURVE('',#3113,#3113,#3234,.T.);
#2725=EDGE_CURVE('',#3114,#3114,#3235,.T.);
#2726=EDGE_CURVE('',#3115,#3116,#640,.T.);
#2727=EDGE_CURVE('',#3116,#3117,#641,.T.);
#2728=EDGE_CURVE('',#3118,#3117,#642,.T.);
#2729=EDGE_CURVE('',#3115,#3118,#643,.T.);
#2730=EDGE_CURVE('',#3117,#3119,#644,.T.);
#2731=EDGE_CURVE('',#3120,#3119,#645,.T.);
#2732=EDGE_CURVE('',#3118,#3120,#646,.T.);
#2733=EDGE_CURVE('',#3119,#3121,#647,.T.);
#2734=EDGE_CURVE('',#3122,#3121,#648,.T.);
#2735=EDGE_CURVE('',#3120,#3122,#649,.T.);
#2736=EDGE_CURVE('',#3121,#3116,#650,.T.);
#2737=EDGE_CURVE('',#3122,#3115,#651,.T.);
#2738=EDGE_CURVE('',#3123,#3124,#652,.T.);
#2739=EDGE_CURVE('',#3124,#3125,#653,.T.);
#2740=EDGE_CURVE('',#3126,#3125,#654,.T.);
#2741=EDGE_CURVE('',#3123,#3126,#655,.T.);
#2742=EDGE_CURVE('',#3127,#3128,#656,.T.);
#2743=EDGE_CURVE('',#3128,#3129,#657,.T.);
#2744=EDGE_CURVE('',#3129,#3130,#658,.T.);
#2745=EDGE_CURVE('',#3127,#3130,#659,.T.);
#2746=EDGE_CURVE('',#3125,#3128,#3236,.T.);
#2747=EDGE_CURVE('',#3126,#3127,#3237,.T.);
#2748=EDGE_CURVE('',#3123,#3131,#660,.T.);
#2749=EDGE_CURVE('',#3131,#3132,#661,.T.);
#2750=EDGE_CURVE('',#3132,#3124,#662,.T.);
#2751=EDGE_CURVE('',#3133,#3130,#663,.T.);
#2752=EDGE_CURVE('',#3133,#3134,#664,.T.);
#2753=EDGE_CURVE('',#3134,#3135,#665,.T.);
#2754=EDGE_CURVE('',#3131,#3135,#666,.T.);
#2755=EDGE_CURVE('',#3136,#3137,#667,.T.);
#2756=EDGE_CURVE('',#3137,#3138,#668,.T.);
#2757=EDGE_CURVE('',#3138,#3139,#669,.T.);
#2758=EDGE_CURVE('',#3139,#3136,#670,.T.);
#2759=EDGE_CURVE('',#3140,#3141,#671,.T.);
#2760=EDGE_CURVE('',#3139,#3141,#672,.T.);
#2761=EDGE_CURVE('',#3138,#3140,#673,.T.);
#2762=EDGE_CURVE('',#3142,#3142,#3238,.T.);
#2763=EDGE_CURVE('',#3143,#3143,#3239,.T.);
#2764=EDGE_CURVE('',#3144,#3145,#674,.T.);
#2765=EDGE_CURVE('',#3136,#3145,#675,.T.);
#2766=EDGE_CURVE('',#3134,#3141,#676,.T.);
#2767=EDGE_CURVE('',#3146,#3133,#677,.T.);
#2768=EDGE_CURVE('',#3146,#3144,#678,.T.);
#2769=EDGE_CURVE('',#3129,#3146,#679,.T.);
#2770=EDGE_CURVE('',#3132,#3147,#680,.T.);
#2771=EDGE_CURVE('',#3147,#3144,#681,.T.);
#2772=EDGE_CURVE('',#3148,#3147,#682,.T.);
#2773=EDGE_CURVE('',#3140,#3135,#683,.T.);
#2774=EDGE_CURVE('',#3137,#3148,#684,.T.);
#2775=EDGE_CURVE('',#3145,#3148,#685,.T.);
#2776=VERTEX_POINT('',#5319);
#2777=VERTEX_POINT('',#5320);
#2778=VERTEX_POINT('',#5322);
#2779=VERTEX_POINT('',#5324);
#2780=VERTEX_POINT('',#5328);
#2781=VERTEX_POINT('',#5329);
#2782=VERTEX_POINT('',#5331);
#2783=VERTEX_POINT('',#5333);
#2784=VERTEX_POINT('',#5337);
#2785=VERTEX_POINT('',#5338);
#2786=VERTEX_POINT('',#5340);
#2787=VERTEX_POINT('',#5342);
#2788=VERTEX_POINT('',#5346);
#2789=VERTEX_POINT('',#5347);
#2790=VERTEX_POINT('',#5349);
#2791=VERTEX_POINT('',#5351);
#2792=VERTEX_POINT('',#5355);
#2793=VERTEX_POINT('',#5356);
#2794=VERTEX_POINT('',#5358);
#2795=VERTEX_POINT('',#5360);
#2796=VERTEX_POINT('',#5380);
#2797=VERTEX_POINT('',#5411);
#2798=VERTEX_POINT('',#5431);
#2799=VERTEX_POINT('',#5444);
#2800=VERTEX_POINT('',#5466);
#2801=VERTEX_POINT('',#5470);
#2802=VERTEX_POINT('',#5476);
#2803=VERTEX_POINT('',#5477);
#2804=VERTEX_POINT('',#5479);
#2805=VERTEX_POINT('',#5481);
#2806=VERTEX_POINT('',#5516);
#2807=VERTEX_POINT('',#5528);
#2808=VERTEX_POINT('',#5587);
#2809=VERTEX_POINT('',#5607);
#2810=VERTEX_POINT('',#5666);
#2811=VERTEX_POINT('',#5686);
#2812=VERTEX_POINT('',#5690);
#2813=VERTEX_POINT('',#5692);
#2814=VERTEX_POINT('',#5696);
#2815=VERTEX_POINT('',#5698);
#2816=VERTEX_POINT('',#5702);
#2817=VERTEX_POINT('',#5704);
#2818=VERTEX_POINT('',#5708);
#2819=VERTEX_POINT('',#5710);
#2820=VERTEX_POINT('',#5714);
#2821=VERTEX_POINT('',#5716);
#2822=VERTEX_POINT('',#5720);
#2823=VERTEX_POINT('',#5722);
#2824=VERTEX_POINT('',#5748);
#2825=VERTEX_POINT('',#5749);
#2826=VERTEX_POINT('',#5769);
#2827=VERTEX_POINT('',#5789);
#2828=VERTEX_POINT('',#5820);
#2829=VERTEX_POINT('',#5840);
#2830=VERTEX_POINT('',#5853);
#2831=VERTEX_POINT('',#5884);
#2832=VERTEX_POINT('',#5935);
#2833=VERTEX_POINT('',#5936);
#2834=VERTEX_POINT('',#5938);
#2835=VERTEX_POINT('',#5940);
#2836=VERTEX_POINT('',#5944);
#2837=VERTEX_POINT('',#5946);
#2838=VERTEX_POINT('',#5950);
#2839=VERTEX_POINT('',#5952);
#2840=VERTEX_POINT('',#5986);
#2841=VERTEX_POINT('',#6006);
#2842=VERTEX_POINT('',#6033);
#2843=VERTEX_POINT('',#6049);
#2844=VERTEX_POINT('',#6076);
#2845=VERTEX_POINT('',#6092);
#2846=VERTEX_POINT('',#6117);
#2847=VERTEX_POINT('',#6133);
#2848=VERTEX_POINT('',#6159);
#2849=VERTEX_POINT('',#6160);
#2850=VERTEX_POINT('',#6180);
#2851=VERTEX_POINT('',#6200);
#2852=VERTEX_POINT('',#6231);
#2853=VERTEX_POINT('',#6251);
#2854=VERTEX_POINT('',#6264);
#2855=VERTEX_POINT('',#6295);
#2856=VERTEX_POINT('',#6346);
#2857=VERTEX_POINT('',#6347);
#2858=VERTEX_POINT('',#6349);
#2859=VERTEX_POINT('',#6351);
#2860=VERTEX_POINT('',#6355);
#2861=VERTEX_POINT('',#6357);
#2862=VERTEX_POINT('',#6361);
#2863=VERTEX_POINT('',#6363);
#2864=VERTEX_POINT('',#6397);
#2865=VERTEX_POINT('',#6417);
#2866=VERTEX_POINT('',#6444);
#2867=VERTEX_POINT('',#6460);
#2868=VERTEX_POINT('',#6507);
#2869=VERTEX_POINT('',#6523);
#2870=VERTEX_POINT('',#6548);
#2871=VERTEX_POINT('',#6564);
#2872=VERTEX_POINT('',#6590);
#2873=VERTEX_POINT('',#6591);
#2874=VERTEX_POINT('',#6611);
#2875=VERTEX_POINT('',#6631);
#2876=VERTEX_POINT('',#6662);
#2877=VERTEX_POINT('',#6682);
#2878=VERTEX_POINT('',#6695);
#2879=VERTEX_POINT('',#6726);
#2880=VERTEX_POINT('',#6777);
#2881=VERTEX_POINT('',#6778);
#2882=VERTEX_POINT('',#6780);
#2883=VERTEX_POINT('',#6782);
#2884=VERTEX_POINT('',#6786);
#2885=VERTEX_POINT('',#6788);
#2886=VERTEX_POINT('',#6792);
#2887=VERTEX_POINT('',#6794);
#2888=VERTEX_POINT('',#6828);
#2889=VERTEX_POINT('',#6848);
#2890=VERTEX_POINT('',#6875);
#2891=VERTEX_POINT('',#6891);
#2892=VERTEX_POINT('',#6938);
#2893=VERTEX_POINT('',#6954);
#2894=VERTEX_POINT('',#6979);
#2895=VERTEX_POINT('',#6995);
#2896=VERTEX_POINT('',#7021);
#2897=VERTEX_POINT('',#7022);
#2898=VERTEX_POINT('',#7053);
#2899=VERTEX_POINT('',#7055);
#2900=VERTEX_POINT('',#7075);
#2901=VERTEX_POINT('',#7095);
#2902=VERTEX_POINT('',#7097);
#2903=VERTEX_POINT('',#7099);
#2904=VERTEX_POINT('',#7101);
#2905=VERTEX_POINT('',#7121);
#2906=VERTEX_POINT('',#7149);
#2907=VERTEX_POINT('',#7177);
#2908=VERTEX_POINT('',#7189);
#2909=VERTEX_POINT('',#7193);
#2910=VERTEX_POINT('',#7194);
#2911=VERTEX_POINT('',#7230);
#2912=VERTEX_POINT('',#7313);
#2913=VERTEX_POINT('',#7396);
#2914=VERTEX_POINT('',#7455);
#2915=VERTEX_POINT('',#7459);
#2916=VERTEX_POINT('',#7463);
#2917=VERTEX_POINT('',#7467);
#2918=VERTEX_POINT('',#7526);
#2919=VERTEX_POINT('',#7557);
#2920=VERTEX_POINT('',#7564);
#2921=VERTEX_POINT('',#7609);
#2922=VERTEX_POINT('',#7670);
#2923=VERTEX_POINT('',#7671);
#2924=VERTEX_POINT('',#7673);
#2925=VERTEX_POINT('',#7675);
#2926=VERTEX_POINT('',#7677);
#2927=VERTEX_POINT('',#7679);
#2928=VERTEX_POINT('',#7681);
#2929=VERTEX_POINT('',#7683);
#2930=VERTEX_POINT('',#7685);
#2931=VERTEX_POINT('',#7687);
#2932=VERTEX_POINT('',#7689);
#2933=VERTEX_POINT('',#7691);
#2934=VERTEX_POINT('',#7693);
#2935=VERTEX_POINT('',#7697);
#2936=VERTEX_POINT('',#7698);
#2937=VERTEX_POINT('',#7703);
#2938=VERTEX_POINT('',#7707);
#2939=VERTEX_POINT('',#7711);
#2940=VERTEX_POINT('',#7715);
#2941=VERTEX_POINT('',#7719);
#2942=VERTEX_POINT('',#7723);
#2943=VERTEX_POINT('',#7727);
#2944=VERTEX_POINT('',#7731);
#2945=VERTEX_POINT('',#7735);
#2946=VERTEX_POINT('',#7739);
#2947=VERTEX_POINT('',#7743);
#2948=VERTEX_POINT('',#7749);
#2949=VERTEX_POINT('',#7750);
#2950=VERTEX_POINT('',#7752);
#2951=VERTEX_POINT('',#7756);
#2952=VERTEX_POINT('',#7757);
#2953=VERTEX_POINT('',#7759);
#2954=VERTEX_POINT('',#7766);
#2955=VERTEX_POINT('',#7767);
#2956=VERTEX_POINT('',#7769);
#2957=VERTEX_POINT('',#7773);
#2958=VERTEX_POINT('',#7774);
#2959=VERTEX_POINT('',#7776);
#2960=VERTEX_POINT('',#7783);
#2961=VERTEX_POINT('',#7785);
#2962=VERTEX_POINT('',#7787);
#2963=VERTEX_POINT('',#7789);
#2964=VERTEX_POINT('',#7791);
#2965=VERTEX_POINT('',#7796);
#2966=VERTEX_POINT('',#7798);
#2967=VERTEX_POINT('',#7800);
#2968=VERTEX_POINT('',#7802);
#2969=VERTEX_POINT('',#7804);
#2970=VERTEX_POINT('',#7806);
#2971=VERTEX_POINT('',#7808);
#2972=VERTEX_POINT('',#7810);
#2973=VERTEX_POINT('',#7812);
#2974=VERTEX_POINT('',#7815);
#2975=VERTEX_POINT('',#7822);
#2976=VERTEX_POINT('',#7826);
#2977=VERTEX_POINT('',#7830);
#2978=VERTEX_POINT('',#7834);
#2979=VERTEX_POINT('',#7840);
#2980=VERTEX_POINT('',#7851);
#2981=VERTEX_POINT('',#7853);
#2982=VERTEX_POINT('',#7855);
#2983=VERTEX_POINT('',#7857);
#2984=VERTEX_POINT('',#7859);
#2985=VERTEX_POINT('',#7864);
#2986=VERTEX_POINT('',#7866);
#2987=VERTEX_POINT('',#7868);
#2988=VERTEX_POINT('',#7871);
#2989=VERTEX_POINT('',#7873);
#2990=VERTEX_POINT('',#7875);
#2991=VERTEX_POINT('',#7877);
#2992=VERTEX_POINT('',#7879);
#2993=VERTEX_POINT('',#7881);
#2994=VERTEX_POINT('',#7883);
#2995=VERTEX_POINT('',#7892);
#2996=VERTEX_POINT('',#7896);
#2997=VERTEX_POINT('',#7900);
#2998=VERTEX_POINT('',#7904);
#2999=VERTEX_POINT('',#7910);
#3000=VERTEX_POINT('',#7919);
#3001=VERTEX_POINT('',#7920);
#3002=VERTEX_POINT('',#7922);
#3003=VERTEX_POINT('',#7924);
#3004=VERTEX_POINT('',#7928);
#3005=VERTEX_POINT('',#7929);
#3006=VERTEX_POINT('',#7931);
#3007=VERTEX_POINT('',#7933);
#3008=VERTEX_POINT('',#7937);
#3009=VERTEX_POINT('',#7938);
#3010=VERTEX_POINT('',#7940);
#3011=VERTEX_POINT('',#7942);
#3012=VERTEX_POINT('',#7946);
#3013=VERTEX_POINT('',#7947);
#3014=VERTEX_POINT('',#7949);
#3015=VERTEX_POINT('',#7951);
#3016=VERTEX_POINT('',#7955);
#3017=VERTEX_POINT('',#7956);
#3018=VERTEX_POINT('',#7958);
#3019=VERTEX_POINT('',#7960);
#3020=VERTEX_POINT('',#7964);
#3021=VERTEX_POINT('',#7965);
#3022=VERTEX_POINT('',#7967);
#3023=VERTEX_POINT('',#7969);
#3024=VERTEX_POINT('',#7973);
#3025=VERTEX_POINT('',#7974);
#3026=VERTEX_POINT('',#7976);
#3027=VERTEX_POINT('',#7978);
#3028=VERTEX_POINT('',#7982);
#3029=VERTEX_POINT('',#7983);
#3030=VERTEX_POINT('',#7985);
#3031=VERTEX_POINT('',#7987);
#3032=VERTEX_POINT('',#7991);
#3033=VERTEX_POINT('',#7992);
#3034=VERTEX_POINT('',#7994);
#3035=VERTEX_POINT('',#7996);
#3036=VERTEX_POINT('',#8000);
#3037=VERTEX_POINT('',#8001);
#3038=VERTEX_POINT('',#8003);
#3039=VERTEX_POINT('',#8005);
#3040=VERTEX_POINT('',#8009);
#3041=VERTEX_POINT('',#8010);
#3042=VERTEX_POINT('',#8012);
#3043=VERTEX_POINT('',#8014);
#3044=VERTEX_POINT('',#8018);
#3045=VERTEX_POINT('',#8019);
#3046=VERTEX_POINT('',#8021);
#3047=VERTEX_POINT('',#8023);
#3048=VERTEX_POINT('',#8027);
#3049=VERTEX_POINT('',#8028);
#3050=VERTEX_POINT('',#8030);
#3051=VERTEX_POINT('',#8032);
#3052=VERTEX_POINT('',#8036);
#3053=VERTEX_POINT('',#8037);
#3054=VERTEX_POINT('',#8039);
#3055=VERTEX_POINT('',#8041);
#3056=VERTEX_POINT('',#8046);
#3057=VERTEX_POINT('',#8047);
#3058=VERTEX_POINT('',#8050);
#3059=VERTEX_POINT('',#8052);
#3060=VERTEX_POINT('',#8056);
#3061=VERTEX_POINT('',#8057);
#3062=VERTEX_POINT('',#8060);
#3063=VERTEX_POINT('',#8062);
#3064=VERTEX_POINT('',#8066);
#3065=VERTEX_POINT('',#8067);
#3066=VERTEX_POINT('',#8069);
#3067=VERTEX_POINT('',#8071);
#3068=VERTEX_POINT('',#8076);
#3069=VERTEX_POINT('',#8078);
#3070=VERTEX_POINT('',#8082);
#3071=VERTEX_POINT('',#8086);
#3072=VERTEX_POINT('',#8088);
#3073=VERTEX_POINT('',#8092);
#3074=VERTEX_POINT('',#8096);
#3075=VERTEX_POINT('',#8098);
#3076=VERTEX_POINT('',#8102);
#3077=VERTEX_POINT('',#8106);
#3078=VERTEX_POINT('',#8108);
#3079=VERTEX_POINT('',#8112);
#3080=VERTEX_POINT('',#8128);
#3081=VERTEX_POINT('',#8131);
#3082=VERTEX_POINT('',#8134);
#3083=VERTEX_POINT('',#8137);
#3084=VERTEX_POINT('',#8140);
#3085=VERTEX_POINT('',#8143);
#3086=VERTEX_POINT('',#8146);
#3087=VERTEX_POINT('',#8149);
#3088=VERTEX_POINT('',#8152);
#3089=VERTEX_POINT('',#8153);
#3090=VERTEX_POINT('',#8155);
#3091=VERTEX_POINT('',#8157);
#3092=VERTEX_POINT('',#8161);
#3093=VERTEX_POINT('',#8162);
#3094=VERTEX_POINT('',#8164);
#3095=VERTEX_POINT('',#8166);
#3096=VERTEX_POINT('',#8170);
#3097=VERTEX_POINT('',#8172);
#3098=VERTEX_POINT('',#8176);
#3099=VERTEX_POINT('',#8178);
#3100=VERTEX_POINT('',#8185);
#3101=VERTEX_POINT('',#8188);
#3102=VERTEX_POINT('',#8201);
#3103=VERTEX_POINT('',#8202);
#3104=VERTEX_POINT('',#8204);
#3105=VERTEX_POINT('',#8206);
#3106=VERTEX_POINT('',#8210);
#3107=VERTEX_POINT('',#8212);
#3108=VERTEX_POINT('',#8235);
#3109=VERTEX_POINT('',#8237);
#3110=VERTEX_POINT('',#8252);
#3111=VERTEX_POINT('',#8259);
#3112=VERTEX_POINT('',#8265);
#3113=VERTEX_POINT('',#8287);
#3114=VERTEX_POINT('',#8289);
#3115=VERTEX_POINT('',#8292);
#3116=VERTEX_POINT('',#8293);
#3117=VERTEX_POINT('',#8295);
#3118=VERTEX_POINT('',#8297);
#3119=VERTEX_POINT('',#8301);
#3120=VERTEX_POINT('',#8303);
#3121=VERTEX_POINT('',#8307);
#3122=VERTEX_POINT('',#8309);
#3123=VERTEX_POINT('',#8316);
#3124=VERTEX_POINT('',#8317);
#3125=VERTEX_POINT('',#8319);
#3126=VERTEX_POINT('',#8321);
#3127=VERTEX_POINT('',#8325);
#3128=VERTEX_POINT('',#8326);
#3129=VERTEX_POINT('',#8328);
#3130=VERTEX_POINT('',#8330);
#3131=VERTEX_POINT('',#8337);
#3132=VERTEX_POINT('',#8339);
#3133=VERTEX_POINT('',#8343);
#3134=VERTEX_POINT('',#8345);
#3135=VERTEX_POINT('',#8347);
#3136=VERTEX_POINT('',#8351);
#3137=VERTEX_POINT('',#8352);
#3138=VERTEX_POINT('',#8354);
#3139=VERTEX_POINT('',#8356);
#3140=VERTEX_POINT('',#8360);
#3141=VERTEX_POINT('',#8361);
#3142=VERTEX_POINT('',#8366);
#3143=VERTEX_POINT('',#8368);
#3144=VERTEX_POINT('',#8371);
#3145=VERTEX_POINT('',#8372);
#3146=VERTEX_POINT('',#8376);
#3147=VERTEX_POINT('',#8381);
#3148=VERTEX_POINT('',#8385);
#3149=CIRCLE('',#4074,0.15);
#3150=CIRCLE('',#4075,0.15);
#3151=CIRCLE('',#4077,0.15);
#3152=CIRCLE('',#4078,0.15);
#3153=CIRCLE('',#4080,0.15);
#3154=CIRCLE('',#4081,0.15);
#3155=CIRCLE('',#4083,0.15);
#3156=CIRCLE('',#4084,0.15);
#3157=CIRCLE('',#4102,0.123948272599962);
#3158=CIRCLE('',#4103,0.123948272599962);
#3159=CIRCLE('',#4110,0.166963572065761);
#3160=CIRCLE('',#4111,0.166963572065761);
#3161=CIRCLE('',#4118,0.166963572066777);
#3162=CIRCLE('',#4119,0.166963572066777);
#3163=CIRCLE('',#4123,0.106788043446537);
#3164=CIRCLE('',#4129,0.106788043446537);
#3165=CIRCLE('',#4151,0.22);
#3166=CIRCLE('',#4153,0.22);
#3167=CIRCLE('',#4154,0.22);
#3168=CIRCLE('',#4159,0.22);
#3169=CIRCLE('',#4168,0.22);
#3170=CIRCLE('',#4170,0.22);
#3171=CIRCLE('',#4171,0.22);
#3172=CIRCLE('',#4177,0.22);
#3173=CIRCLE('',#4185,0.05);
#3174=CIRCLE('',#4186,0.05);
#3175=CIRCLE('',#4188,0.05);
#3176=CIRCLE('',#4189,0.05);
#3177=CIRCLE('',#4191,0.05);
#3178=CIRCLE('',#4192,0.05);
#3179=CIRCLE('',#4194,0.05);
#3180=CIRCLE('',#4195,0.05);
#3181=CIRCLE('',#4197,0.05);
#3182=CIRCLE('',#4198,0.05);
#3183=CIRCLE('',#4200,0.05);
#3184=CIRCLE('',#4201,0.05);
#3185=CIRCLE('',#4203,0.05);
#3186=CIRCLE('',#4204,0.05);
#3187=CIRCLE('',#4206,0.05);
#3188=CIRCLE('',#4207,0.05);
#3189=CIRCLE('',#4209,0.05);
#3190=CIRCLE('',#4210,0.05);
#3191=CIRCLE('',#4212,0.05);
#3192=CIRCLE('',#4213,0.05);
#3193=CIRCLE('',#4215,0.05);
#3194=CIRCLE('',#4216,0.05);
#3195=CIRCLE('',#4218,0.05);
#3196=CIRCLE('',#4219,0.05);
#3197=CIRCLE('',#4221,0.05);
#3198=CIRCLE('',#4222,0.05);
#3199=CIRCLE('',#4224,0.05);
#3200=CIRCLE('',#4225,0.05);
#3201=CIRCLE('',#4227,0.05);
#3202=CIRCLE('',#4228,0.05);
#3203=CIRCLE('',#4230,0.05);
#3204=CIRCLE('',#4231,0.05);
#3205=CIRCLE('',#4233,0.05);
#3206=CIRCLE('',#4234,0.05);
#3207=CIRCLE('',#4236,0.28284271247462);
#3208=CIRCLE('',#4241,0.28284271247462);
#3209=CIRCLE('',#4246,0.28284271247462);
#3210=CIRCLE('',#4251,0.28284271247462);
#3211=CIRCLE('',#4260,0.15);
#3212=CIRCLE('',#4262,0.15);
#3213=CIRCLE('',#4264,0.3);
#3214=CIRCLE('',#4266,0.3);
#3215=CIRCLE('',#4268,0.525);
#3216=CIRCLE('',#4270,0.525);
#3217=CIRCLE('',#4272,0.65);
#3218=CIRCLE('',#4274,0.65);
#3219=CIRCLE('',#4276,0.2);
#3220=CIRCLE('',#4277,0.2);
#3221=CIRCLE('',#4284,1.);
#3222=CIRCLE('',#4290,1.);
#3223=CIRCLE('',#4295,1.);
#3224=CIRCLE('',#4296,1.);
#3225=CIRCLE('',#4297,0.640833333333333);
#3226=CIRCLE('',#4299,1.);
#3227=CIRCLE('',#4302,0.640833333333333);
#3228=CIRCLE('',#4310,1.);
#3229=CIRCLE('',#4311,1.);
#3230=CIRCLE('',#4312,1.);
#3231=CIRCLE('',#4313,1.);
#3232=CIRCLE('',#4314,1.);
#3233=CIRCLE('',#4315,1.);
#3234=CIRCLE('',#4330,0.25);
#3235=CIRCLE('',#4331,0.25);
#3236=CIRCLE('',#4339,0.3);
#3237=CIRCLE('',#4340,0.3);
#3238=CIRCLE('',#4346,0.25);
#3239=CIRCLE('',#4347,0.25);
#3240=EDGE_LOOP('',(#1075,#1076,#1077,#1078));
#3241=EDGE_LOOP('',(#1079,#1080,#1081,#1082));
#3242=EDGE_LOOP('',(#1083,#1084,#1085,#1086));
#3243=EDGE_LOOP('',(#1087,#1088,#1089,#1090));
#3244=EDGE_LOOP('',(#1091,#1092,#1093,#1094,#1095));
#3245=EDGE_LOOP('',(#1096,#1097,#1098,#1099));
#3246=EDGE_LOOP('',(#1100,#1101,#1102,#1103));
#3247=EDGE_LOOP('',(#1104,#1105,#1106,#1107));
#3248=EDGE_LOOP('',(#1108,#1109,#1110,#1111));
#3249=EDGE_LOOP('',(#1112,#1113,#1114,#1115));
#3250=EDGE_LOOP('',(#1116,#1117,#1118,#1119));
#3251=EDGE_LOOP('',(#1120,#1121,#1122,#1123));
#3252=EDGE_LOOP('',(#1124,#1125,#1126,#1127));
#3253=EDGE_LOOP('',(#1128,#1129,#1130,#1131));
#3254=EDGE_LOOP('',(#1132,#1133,#1134,#1135));
#3255=EDGE_LOOP('',(#1136,#1137,#1138,#1139));
#3256=EDGE_LOOP('',(#1140,#1141,#1142,#1143));
#3257=EDGE_LOOP('',(#1144,#1145,#1146,#1147));
#3258=EDGE_LOOP('',(#1148,#1149,#1150,#1151));
#3259=EDGE_LOOP('',(#1152,#1153,#1154,#1155));
#3260=EDGE_LOOP('',(#1156,#1157,#1158,#1159));
#3261=EDGE_LOOP('',(#1160,#1161,#1162,#1163,#1164));
#3262=EDGE_LOOP('',(#1165,#1166,#1167,#1168,#1169,#1170,#1171,#1172,#1173,
#1174,#1175));
#3263=EDGE_LOOP('',(#1176,#1177,#1178,#1179));
#3264=EDGE_LOOP('',(#1180,#1181,#1182,#1183));
#3265=EDGE_LOOP('',(#1184,#1185,#1186,#1187));
#3266=EDGE_LOOP('',(#1188,#1189,#1190,#1191));
#3267=EDGE_LOOP('',(#1192,#1193,#1194,#1195));
#3268=EDGE_LOOP('',(#1196,#1197,#1198,#1199));
#3269=EDGE_LOOP('',(#1200,#1201,#1202,#1203));
#3270=EDGE_LOOP('',(#1204,#1205,#1206,#1207));
#3271=EDGE_LOOP('',(#1208,#1209,#1210,#1211));
#3272=EDGE_LOOP('',(#1212,#1213,#1214,#1215));
#3273=EDGE_LOOP('',(#1216,#1217,#1218,#1219));
#3274=EDGE_LOOP('',(#1220,#1221,#1222,#1223));
#3275=EDGE_LOOP('',(#1224,#1225,#1226,#1227));
#3276=EDGE_LOOP('',(#1228,#1229,#1230,#1231));
#3277=EDGE_LOOP('',(#1232,#1233,#1234,#1235,#1236,#1237,#1238,#1239));
#3278=EDGE_LOOP('',(#1240,#1241,#1242,#1243));
#3279=EDGE_LOOP('',(#1244,#1245,#1246,#1247));
#3280=EDGE_LOOP('',(#1248,#1249,#1250,#1251));
#3281=EDGE_LOOP('',(#1252,#1253,#1254,#1255));
#3282=EDGE_LOOP('',(#1256,#1257,#1258,#1259));
#3283=EDGE_LOOP('',(#1260,#1261,#1262,#1263));
#3284=EDGE_LOOP('',(#1264,#1265,#1266,#1267));
#3285=EDGE_LOOP('',(#1268,#1269,#1270,#1271));
#3286=EDGE_LOOP('',(#1272,#1273,#1274,#1275));
#3287=EDGE_LOOP('',(#1276,#1277,#1278,#1279));
#3288=EDGE_LOOP('',(#1280,#1281,#1282,#1283));
#3289=EDGE_LOOP('',(#1284,#1285,#1286,#1287));
#3290=EDGE_LOOP('',(#1288,#1289,#1290,#1291));
#3291=EDGE_LOOP('',(#1292,#1293,#1294,#1295));
#3292=EDGE_LOOP('',(#1296,#1297,#1298,#1299,#1300,#1301,#1302,#1303));
#3293=EDGE_LOOP('',(#1304,#1305,#1306,#1307));
#3294=EDGE_LOOP('',(#1308,#1309,#1310,#1311));
#3295=EDGE_LOOP('',(#1312,#1313,#1314,#1315));
#3296=EDGE_LOOP('',(#1316,#1317,#1318,#1319));
#3297=EDGE_LOOP('',(#1320,#1321,#1322,#1323));
#3298=EDGE_LOOP('',(#1324,#1325,#1326,#1327));
#3299=EDGE_LOOP('',(#1328,#1329,#1330,#1331));
#3300=EDGE_LOOP('',(#1332,#1333,#1334,#1335));
#3301=EDGE_LOOP('',(#1336,#1337,#1338,#1339));
#3302=EDGE_LOOP('',(#1340,#1341,#1342,#1343));
#3303=EDGE_LOOP('',(#1344,#1345,#1346,#1347));
#3304=EDGE_LOOP('',(#1348,#1349,#1350,#1351));
#3305=EDGE_LOOP('',(#1352,#1353,#1354,#1355));
#3306=EDGE_LOOP('',(#1356,#1357,#1358,#1359));
#3307=EDGE_LOOP('',(#1360,#1361,#1362,#1363,#1364,#1365,#1366,#1367));
#3308=EDGE_LOOP('',(#1368,#1369,#1370,#1371,#1372,#1373,#1374,#1375,#1376,
#1377,#1378,#1379,#1380));
#3309=EDGE_LOOP('',(#1381,#1382,#1383,#1384));
#3310=EDGE_LOOP('',(#1385,#1386,#1387,#1388));
#3311=EDGE_LOOP('',(#1389,#1390,#1391,#1392));
#3312=EDGE_LOOP('',(#1393,#1394,#1395,#1396));
#3313=EDGE_LOOP('',(#1397,#1398,#1399,#1400));
#3314=EDGE_LOOP('',(#1401,#1402,#1403,#1404));
#3315=EDGE_LOOP('',(#1405,#1406,#1407,#1408));
#3316=EDGE_LOOP('',(#1409,#1410,#1411,#1412));
#3317=EDGE_LOOP('',(#1413,#1414,#1415,#1416));
#3318=EDGE_LOOP('',(#1417,#1418,#1419,#1420));
#3319=EDGE_LOOP('',(#1421,#1422,#1423,#1424));
#3320=EDGE_LOOP('',(#1425,#1426,#1427,#1428));
#3321=EDGE_LOOP('',(#1429,#1430,#1431,#1432));
#3322=EDGE_LOOP('',(#1433,#1434,#1435,#1436,#1437,#1438,#1439,#1440,#1441,
#1442,#1443,#1444,#1445));
#3323=EDGE_LOOP('',(#1446,#1447,#1448,#1449));
#3324=EDGE_LOOP('',(#1450,#1451,#1452,#1453));
#3325=EDGE_LOOP('',(#1454,#1455,#1456,#1457));
#3326=EDGE_LOOP('',(#1458,#1459,#1460,#1461));
#3327=EDGE_LOOP('',(#1462,#1463,#1464,#1465));
#3328=EDGE_LOOP('',(#1466,#1467,#1468,#1469));
#3329=EDGE_LOOP('',(#1470,#1471,#1472,#1473));
#3330=EDGE_LOOP('',(#1474,#1475,#1476,#1477));
#3331=EDGE_LOOP('',(#1478,#1479,#1480,#1481));
#3332=EDGE_LOOP('',(#1482,#1483,#1484,#1485));
#3333=EDGE_LOOP('',(#1486,#1487,#1488,#1489));
#3334=EDGE_LOOP('',(#1490,#1491,#1492,#1493));
#3335=EDGE_LOOP('',(#1494,#1495,#1496,#1497));
#3336=EDGE_LOOP('',(#1498,#1499,#1500));
#3337=EDGE_LOOP('',(#1501,#1502,#1503));
#3338=EDGE_LOOP('',(#1504,#1505,#1506,#1507));
#3339=EDGE_LOOP('',(#1508,#1509,#1510));
#3340=EDGE_LOOP('',(#1511,#1512,#1513));
#3341=EDGE_LOOP('',(#1514,#1515,#1516,#1517));
#3342=EDGE_LOOP('',(#1518,#1519,#1520,#1521,#1522,#1523,#1524,#1525,#1526));
#3343=EDGE_LOOP('',(#1527,#1528,#1529,#1530,#1531,#1532,#1533,#1534,#1535,
#1536,#1537,#1538,#1539,#1540));
#3344=EDGE_LOOP('',(#1541,#1542,#1543,#1544));
#3345=EDGE_LOOP('',(#1545,#1546,#1547,#1548,#1549,#1550));
#3346=EDGE_LOOP('',(#1551,#1552,#1553,#1554));
#3347=EDGE_LOOP('',(#1555,#1556,#1557,#1558));
#3348=EDGE_LOOP('',(#1559,#1560,#1561,#1562));
#3349=EDGE_LOOP('',(#1563,#1564,#1565,#1566));
#3350=EDGE_LOOP('',(#1567,#1568,#1569,#1570));
#3351=EDGE_LOOP('',(#1571,#1572,#1573,#1574));
#3352=EDGE_LOOP('',(#1575,#1576,#1577,#1578));
#3353=EDGE_LOOP('',(#1579,#1580,#1581,#1582));
#3354=EDGE_LOOP('',(#1583,#1584,#1585,#1586));
#3355=EDGE_LOOP('',(#1587,#1588,#1589,#1590,#1591,#1592,#1593,#1594,#1595));
#3356=EDGE_LOOP('',(#1596,#1597,#1598,#1599,#1600,#1601,#1602,#1603,#1604,
#1605,#1606,#1607,#1608,#1609));
#3357=EDGE_LOOP('',(#1610,#1611,#1612,#1613));
#3358=EDGE_LOOP('',(#1614,#1615,#1616,#1617));
#3359=EDGE_LOOP('',(#1618,#1619,#1620,#1621,#1622,#1623));
#3360=EDGE_LOOP('',(#1624,#1625,#1626,#1627));
#3361=EDGE_LOOP('',(#1628,#1629,#1630,#1631));
#3362=EDGE_LOOP('',(#1632,#1633,#1634,#1635));
#3363=EDGE_LOOP('',(#1636,#1637,#1638,#1639));
#3364=EDGE_LOOP('',(#1640,#1641,#1642,#1643));
#3365=EDGE_LOOP('',(#1644,#1645,#1646,#1647));
#3366=EDGE_LOOP('',(#1648,#1649,#1650,#1651));
#3367=EDGE_LOOP('',(#1652,#1653,#1654,#1655));
#3368=EDGE_LOOP('',(#1656,#1657,#1658,#1659));
#3369=EDGE_LOOP('',(#1660,#1661,#1662,#1663));
#3370=EDGE_LOOP('',(#1664,#1665,#1666,#1667));
#3371=EDGE_LOOP('',(#1668,#1669,#1670,#1671));
#3372=EDGE_LOOP('',(#1672,#1673,#1674,#1675));
#3373=EDGE_LOOP('',(#1676,#1677,#1678,#1679));
#3374=EDGE_LOOP('',(#1680,#1681,#1682,#1683));
#3375=EDGE_LOOP('',(#1684,#1685,#1686,#1687));
#3376=EDGE_LOOP('',(#1688,#1689,#1690,#1691));
#3377=EDGE_LOOP('',(#1692,#1693,#1694,#1695));
#3378=EDGE_LOOP('',(#1696,#1697,#1698,#1699));
#3379=EDGE_LOOP('',(#1700,#1701,#1702,#1703));
#3380=EDGE_LOOP('',(#1704,#1705,#1706,#1707));
#3381=EDGE_LOOP('',(#1708,#1709,#1710,#1711,#1712,#1713));
#3382=EDGE_LOOP('',(#1714,#1715,#1716,#1717,#1718,#1719));
#3383=EDGE_LOOP('',(#1720,#1721,#1722,#1723,#1724,#1725));
#3384=EDGE_LOOP('',(#1726,#1727,#1728,#1729,#1730,#1731));
#3385=EDGE_LOOP('',(#1732,#1733,#1734,#1735));
#3386=EDGE_LOOP('',(#1736,#1737,#1738));
#3387=EDGE_LOOP('',(#1739,#1740,#1741,#1742));
#3388=EDGE_LOOP('',(#1743,#1744,#1745));
#3389=EDGE_LOOP('',(#1746,#1747,#1748,#1749));
#3390=EDGE_LOOP('',(#1750,#1751,#1752));
#3391=EDGE_LOOP('',(#1753,#1754,#1755,#1756));
#3392=EDGE_LOOP('',(#1757,#1758,#1759));
#3393=EDGE_LOOP('',(#1760,#1761,#1762,#1763));
#3394=EDGE_LOOP('',(#1764,#1765,#1766,#1767));
#3395=EDGE_LOOP('',(#1768,#1769,#1770,#1771));
#3396=EDGE_LOOP('',(#1772,#1773,#1774,#1775));
#3397=EDGE_LOOP('',(#1776));
#3398=EDGE_LOOP('',(#1777));
#3399=EDGE_LOOP('',(#1778));
#3400=EDGE_LOOP('',(#1779));
#3401=EDGE_LOOP('',(#1780));
#3402=EDGE_LOOP('',(#1781));
#3403=EDGE_LOOP('',(#1782));
#3404=EDGE_LOOP('',(#1783));
#3405=EDGE_LOOP('',(#1784));
#3406=EDGE_LOOP('',(#1785));
#3407=EDGE_LOOP('',(#1786));
#3408=EDGE_LOOP('',(#1787));
#3409=EDGE_LOOP('',(#1788));
#3410=EDGE_LOOP('',(#1789));
#3411=EDGE_LOOP('',(#1790));
#3412=EDGE_LOOP('',(#1791,#1792,#1793,#1794));
#3413=EDGE_LOOP('',(#1795,#1796,#1797,#1798));
#3414=EDGE_LOOP('',(#1799,#1800,#1801,#1802));
#3415=EDGE_LOOP('',(#1803,#1804,#1805,#1806));
#3416=EDGE_LOOP('',(#1807,#1808,#1809,#1810));
#3417=EDGE_LOOP('',(#1811,#1812,#1813,#1814));
#3418=EDGE_LOOP('',(#1815,#1816,#1817,#1818,#1819,#1820,#1821,#1822));
#3419=EDGE_LOOP('',(#1823,#1824,#1825,#1826,#1827,#1828));
#3420=EDGE_LOOP('',(#1829,#1830,#1831,#1832));
#3421=EDGE_LOOP('',(#1833,#1834,#1835,#1836));
#3422=EDGE_LOOP('',(#1837,#1838,#1839,#1840));
#3423=EDGE_LOOP('',(#1841,#1842,#1843,#1844));
#3424=EDGE_LOOP('',(#1845,#1846,#1847));
#3425=EDGE_LOOP('',(#1848,#1849,#1850,#1851));
#3426=EDGE_LOOP('',(#1852,#1853,#1854,#1855));
#3427=EDGE_LOOP('',(#1856,#1857,#1858,#1859));
#3428=EDGE_LOOP('',(#1860,#1861,#1862,#1863,#1864,#1865,#1866,#1867,#1868,
#1869,#1870,#1871,#1872,#1873,#1874,#1875,#1876,#1877,#1878,#1879));
#3429=EDGE_LOOP('',(#1880,#1881,#1882,#1883,#1884,#1885,#1886,#1887));
#3430=EDGE_LOOP('',(#1888));
#3431=EDGE_LOOP('',(#1889,#1890,#1891,#1892,#1893,#1894));
#3432=EDGE_LOOP('',(#1895,#1896,#1897,#1898));
#3433=EDGE_LOOP('',(#1899,#1900,#1901,#1902,#1903,#1904,#1905,#1906));
#3434=EDGE_LOOP('',(#1907,#1908,#1909,#1910,#1911,#1912));
#3435=EDGE_LOOP('',(#1913,#1914,#1915,#1916));
#3436=EDGE_LOOP('',(#1917,#1918,#1919,#1920,#1921,#1922,#1923));
#3437=EDGE_LOOP('',(#1924,#1925,#1926,#1927,#1928,#1929,#1930,#1931));
#3438=EDGE_LOOP('',(#1932,#1933,#1934,#1935,#1936,#1937,#1938));
#3439=EDGE_LOOP('',(#1939,#1940,#1941,#1942,#1943,#1944,#1945,#1946,#1947,
#1948,#1949,#1950,#1951,#1952,#1953,#1954,#1955,#1956,#1957));
#3440=EDGE_LOOP('',(#1958,#1959,#1960,#1961,#1962,#1963,#1964));
#3441=EDGE_LOOP('',(#1965,#1966,#1967,#1968,#1969,#1970,#1971,#1972,#1973,
#1974));
#3442=EDGE_LOOP('',(#1975,#1976,#1977,#1978,#1979,#1980,#1981,#1982,#1983,
#1984,#1985,#1986,#1987,#1988));
#3443=EDGE_LOOP('',(#1989,#1990,#1991,#1992));
#3444=EDGE_LOOP('',(#1993,#1994,#1995,#1996));
#3445=EDGE_LOOP('',(#1997,#1998,#1999,#2000));
#3446=EDGE_LOOP('',(#2001,#2002,#2003,#2004,#2005,#2006));
#3447=EDGE_LOOP('',(#2007,#2008,#2009,#2010,#2011,#2012));
#3448=EDGE_LOOP('',(#2013,#2014,#2015,#2016,#2017,#2018,#2019,#2020,#2021));
#3449=EDGE_LOOP('',(#2022,#2023,#2024,#2025,#2026,#2027,#2028,#2029,#2030));
#3450=EDGE_LOOP('',(#2031,#2032,#2033,#2034,#2035,#2036,#2037,#2038,#2039));
#3451=EDGE_LOOP('',(#2040,#2041,#2042,#2043));
#3452=EDGE_LOOP('',(#2044,#2045,#2046,#2047,#2048,#2049,#2050,#2051,#2052,
#2053,#2054,#2055,#2056));
#3453=EDGE_LOOP('',(#2057,#2058,#2059,#2060,#2061,#2062,#2063,#2064,#2065,
#2066,#2067,#2068,#2069));
#3454=EDGE_LOOP('',(#2070,#2071,#2072,#2073,#2074,#2075,#2076,#2077));
#3455=EDGE_LOOP('',(#2078,#2079,#2080,#2081,#2082,#2083,#2084,#2085));
#3456=EDGE_LOOP('',(#2086,#2087,#2088,#2089,#2090,#2091,#2092,#2093));
#3457=EDGE_LOOP('',(#2094,#2095,#2096,#2097,#2098,#2099,#2100,#2101,#2102,
#2103,#2104));
#3458=EDGE_LOOP('',(#2105));
#3459=EDGE_LOOP('',(#2106));
#3460=EDGE_LOOP('',(#2107,#2108,#2109,#2110));
#3461=EDGE_LOOP('',(#2111,#2112,#2113,#2114));
#3462=EDGE_LOOP('',(#2115,#2116,#2117,#2118));
#3463=EDGE_LOOP('',(#2119,#2120,#2121,#2122));
#3464=EDGE_LOOP('',(#2123,#2124,#2125,#2126));
#3465=EDGE_LOOP('',(#2127,#2128,#2129,#2130));
#3466=EDGE_LOOP('',(#2131,#2132,#2133,#2134));
#3467=EDGE_LOOP('',(#2135,#2136,#2137,#2138));
#3468=EDGE_LOOP('',(#2139,#2140,#2141,#2142,#2143,#2144,#2145,#2146));
#3469=EDGE_LOOP('',(#2147,#2148,#2149,#2150));
#3470=EDGE_LOOP('',(#2151,#2152,#2153,#2154));
#3471=EDGE_LOOP('',(#2155,#2156,#2157,#2158));
#3472=EDGE_LOOP('',(#2159));
#3473=EDGE_LOOP('',(#2160));
#3474=EDGE_LOOP('',(#2161));
#3475=EDGE_LOOP('',(#2162,#2163,#2164,#2165,#2166,#2167,#2168,#2169));
#3476=EDGE_LOOP('',(#2170,#2171,#2172,#2173,#2174,#2175,#2176,#2177));
#3477=EDGE_LOOP('',(#2178,#2179,#2180,#2181));
#3478=EDGE_LOOP('',(#2182,#2183,#2184,#2185,#2186,#2187,#2188,#2189));
#3479=EDGE_LOOP('',(#2190,#2191,#2192,#2193));
#3480=EDGE_LOOP('',(#2194));
#3481=EDGE_LOOP('',(#2195));
#3482=EDGE_LOOP('',(#2196,#2197,#2198,#2199));
#3483=EDGE_LOOP('',(#2200,#2201,#2202,#2203));
#3484=EDGE_LOOP('',(#2204));
#3485=EDGE_LOOP('',(#2205,#2206,#2207,#2208));
#3486=FACE_BOUND('',#3240,.T.);
#3487=FACE_BOUND('',#3241,.T.);
#3488=FACE_BOUND('',#3242,.T.);
#3489=FACE_BOUND('',#3243,.T.);
#3490=FACE_BOUND('',#3244,.T.);
#3491=FACE_BOUND('',#3245,.T.);
#3492=FACE_BOUND('',#3246,.T.);
#3493=FACE_BOUND('',#3247,.T.);
#3494=FACE_BOUND('',#3248,.T.);
#3495=FACE_BOUND('',#3249,.T.);
#3496=FACE_BOUND('',#3250,.T.);
#3497=FACE_BOUND('',#3251,.T.);
#3498=FACE_BOUND('',#3252,.T.);
#3499=FACE_BOUND('',#3253,.T.);
#3500=FACE_BOUND('',#3254,.T.);
#3501=FACE_BOUND('',#3255,.T.);
#3502=FACE_BOUND('',#3256,.T.);
#3503=FACE_BOUND('',#3257,.T.);
#3504=FACE_BOUND('',#3258,.T.);
#3505=FACE_BOUND('',#3259,.T.);
#3506=FACE_BOUND('',#3260,.T.);
#3507=FACE_BOUND('',#3261,.T.);
#3508=FACE_BOUND('',#3262,.T.);
#3509=FACE_BOUND('',#3263,.T.);
#3510=FACE_BOUND('',#3264,.T.);
#3511=FACE_BOUND('',#3265,.T.);
#3512=FACE_BOUND('',#3266,.T.);
#3513=FACE_BOUND('',#3267,.T.);
#3514=FACE_BOUND('',#3268,.T.);
#3515=FACE_BOUND('',#3269,.T.);
#3516=FACE_BOUND('',#3270,.T.);
#3517=FACE_BOUND('',#3271,.T.);
#3518=FACE_BOUND('',#3272,.T.);
#3519=FACE_BOUND('',#3273,.T.);
#3520=FACE_BOUND('',#3274,.T.);
#3521=FACE_BOUND('',#3275,.T.);
#3522=FACE_BOUND('',#3276,.T.);
#3523=FACE_BOUND('',#3277,.T.);
#3524=FACE_BOUND('',#3278,.T.);
#3525=FACE_BOUND('',#3279,.T.);
#3526=FACE_BOUND('',#3280,.T.);
#3527=FACE_BOUND('',#3281,.T.);
#3528=FACE_BOUND('',#3282,.T.);
#3529=FACE_BOUND('',#3283,.T.);
#3530=FACE_BOUND('',#3284,.T.);
#3531=FACE_BOUND('',#3285,.T.);
#3532=FACE_BOUND('',#3286,.T.);
#3533=FACE_BOUND('',#3287,.T.);
#3534=FACE_BOUND('',#3288,.T.);
#3535=FACE_BOUND('',#3289,.T.);
#3536=FACE_BOUND('',#3290,.T.);
#3537=FACE_BOUND('',#3291,.T.);
#3538=FACE_BOUND('',#3292,.T.);
#3539=FACE_BOUND('',#3293,.T.);
#3540=FACE_BOUND('',#3294,.T.);
#3541=FACE_BOUND('',#3295,.T.);
#3542=FACE_BOUND('',#3296,.T.);
#3543=FACE_BOUND('',#3297,.T.);
#3544=FACE_BOUND('',#3298,.T.);
#3545=FACE_BOUND('',#3299,.T.);
#3546=FACE_BOUND('',#3300,.T.);
#3547=FACE_BOUND('',#3301,.T.);
#3548=FACE_BOUND('',#3302,.T.);
#3549=FACE_BOUND('',#3303,.T.);
#3550=FACE_BOUND('',#3304,.T.);
#3551=FACE_BOUND('',#3305,.T.);
#3552=FACE_BOUND('',#3306,.T.);
#3553=FACE_BOUND('',#3307,.T.);
#3554=FACE_BOUND('',#3308,.T.);
#3555=FACE_BOUND('',#3309,.T.);
#3556=FACE_BOUND('',#3310,.T.);
#3557=FACE_BOUND('',#3311,.T.);
#3558=FACE_BOUND('',#3312,.T.);
#3559=FACE_BOUND('',#3313,.T.);
#3560=FACE_BOUND('',#3314,.T.);
#3561=FACE_BOUND('',#3315,.T.);
#3562=FACE_BOUND('',#3316,.T.);
#3563=FACE_BOUND('',#3317,.T.);
#3564=FACE_BOUND('',#3318,.T.);
#3565=FACE_BOUND('',#3319,.T.);
#3566=FACE_BOUND('',#3320,.T.);
#3567=FACE_BOUND('',#3321,.T.);
#3568=FACE_BOUND('',#3322,.T.);
#3569=FACE_BOUND('',#3323,.T.);
#3570=FACE_BOUND('',#3324,.T.);
#3571=FACE_BOUND('',#3325,.T.);
#3572=FACE_BOUND('',#3326,.T.);
#3573=FACE_BOUND('',#3327,.T.);
#3574=FACE_BOUND('',#3328,.T.);
#3575=FACE_BOUND('',#3329,.T.);
#3576=FACE_BOUND('',#3330,.T.);
#3577=FACE_BOUND('',#3331,.T.);
#3578=FACE_BOUND('',#3332,.T.);
#3579=FACE_BOUND('',#3333,.T.);
#3580=FACE_BOUND('',#3334,.T.);
#3581=FACE_BOUND('',#3335,.T.);
#3582=FACE_BOUND('',#3336,.T.);
#3583=FACE_BOUND('',#3337,.T.);
#3584=FACE_BOUND('',#3338,.T.);
#3585=FACE_BOUND('',#3339,.T.);
#3586=FACE_BOUND('',#3340,.T.);
#3587=FACE_BOUND('',#3341,.T.);
#3588=FACE_BOUND('',#3342,.T.);
#3589=FACE_BOUND('',#3343,.T.);
#3590=FACE_BOUND('',#3344,.T.);
#3591=FACE_BOUND('',#3345,.T.);
#3592=FACE_BOUND('',#3346,.T.);
#3593=FACE_BOUND('',#3347,.T.);
#3594=FACE_BOUND('',#3348,.T.);
#3595=FACE_BOUND('',#3349,.T.);
#3596=FACE_BOUND('',#3350,.T.);
#3597=FACE_BOUND('',#3351,.T.);
#3598=FACE_BOUND('',#3352,.T.);
#3599=FACE_BOUND('',#3353,.T.);
#3600=FACE_BOUND('',#3354,.T.);
#3601=FACE_BOUND('',#3355,.T.);
#3602=FACE_BOUND('',#3356,.T.);
#3603=FACE_BOUND('',#3357,.T.);
#3604=FACE_BOUND('',#3358,.T.);
#3605=FACE_BOUND('',#3359,.T.);
#3606=FACE_BOUND('',#3360,.T.);
#3607=FACE_BOUND('',#3361,.T.);
#3608=FACE_BOUND('',#3362,.T.);
#3609=FACE_BOUND('',#3363,.T.);
#3610=FACE_BOUND('',#3364,.T.);
#3611=FACE_BOUND('',#3365,.T.);
#3612=FACE_BOUND('',#3366,.T.);
#3613=FACE_BOUND('',#3367,.T.);
#3614=FACE_BOUND('',#3368,.T.);
#3615=FACE_BOUND('',#3369,.T.);
#3616=FACE_BOUND('',#3370,.T.);
#3617=FACE_BOUND('',#3371,.T.);
#3618=FACE_BOUND('',#3372,.T.);
#3619=FACE_BOUND('',#3373,.T.);
#3620=FACE_BOUND('',#3374,.T.);
#3621=FACE_BOUND('',#3375,.T.);
#3622=FACE_BOUND('',#3376,.T.);
#3623=FACE_BOUND('',#3377,.T.);
#3624=FACE_BOUND('',#3378,.T.);
#3625=FACE_BOUND('',#3379,.T.);
#3626=FACE_BOUND('',#3380,.T.);
#3627=FACE_BOUND('',#3381,.T.);
#3628=FACE_BOUND('',#3382,.T.);
#3629=FACE_BOUND('',#3383,.T.);
#3630=FACE_BOUND('',#3384,.T.);
#3631=FACE_BOUND('',#3385,.T.);
#3632=FACE_BOUND('',#3386,.T.);
#3633=FACE_BOUND('',#3387,.T.);
#3634=FACE_BOUND('',#3388,.T.);
#3635=FACE_BOUND('',#3389,.T.);
#3636=FACE_BOUND('',#3390,.T.);
#3637=FACE_BOUND('',#3391,.T.);
#3638=FACE_BOUND('',#3392,.T.);
#3639=FACE_BOUND('',#3393,.T.);
#3640=FACE_BOUND('',#3394,.T.);
#3641=FACE_BOUND('',#3395,.T.);
#3642=FACE_BOUND('',#3396,.T.);
#3643=FACE_BOUND('',#3397,.T.);
#3644=FACE_BOUND('',#3398,.T.);
#3645=FACE_BOUND('',#3399,.T.);
#3646=FACE_BOUND('',#3400,.T.);
#3647=FACE_BOUND('',#3401,.T.);
#3648=FACE_BOUND('',#3402,.T.);
#3649=FACE_BOUND('',#3403,.T.);
#3650=FACE_BOUND('',#3404,.T.);
#3651=FACE_BOUND('',#3405,.T.);
#3652=FACE_BOUND('',#3406,.T.);
#3653=FACE_BOUND('',#3407,.T.);
#3654=FACE_BOUND('',#3408,.T.);
#3655=FACE_BOUND('',#3409,.T.);
#3656=FACE_BOUND('',#3410,.T.);
#3657=FACE_BOUND('',#3411,.T.);
#3658=FACE_BOUND('',#3412,.T.);
#3659=FACE_BOUND('',#3413,.T.);
#3660=FACE_BOUND('',#3414,.T.);
#3661=FACE_BOUND('',#3415,.T.);
#3662=FACE_BOUND('',#3416,.T.);
#3663=FACE_BOUND('',#3417,.T.);
#3664=FACE_BOUND('',#3418,.T.);
#3665=FACE_BOUND('',#3419,.T.);
#3666=FACE_BOUND('',#3420,.T.);
#3667=FACE_BOUND('',#3421,.T.);
#3668=FACE_BOUND('',#3422,.T.);
#3669=FACE_BOUND('',#3423,.T.);
#3670=FACE_BOUND('',#3424,.T.);
#3671=FACE_BOUND('',#3425,.T.);
#3672=FACE_BOUND('',#3426,.T.);
#3673=FACE_BOUND('',#3427,.T.);
#3674=FACE_BOUND('',#3428,.T.);
#3675=FACE_BOUND('',#3429,.T.);
#3676=FACE_BOUND('',#3430,.T.);
#3677=FACE_BOUND('',#3431,.T.);
#3678=FACE_BOUND('',#3432,.T.);
#3679=FACE_BOUND('',#3433,.T.);
#3680=FACE_BOUND('',#3434,.T.);
#3681=FACE_BOUND('',#3435,.T.);
#3682=FACE_BOUND('',#3436,.T.);
#3683=FACE_BOUND('',#3437,.T.);
#3684=FACE_BOUND('',#3438,.T.);
#3685=FACE_BOUND('',#3439,.T.);
#3686=FACE_BOUND('',#3440,.T.);
#3687=FACE_BOUND('',#3441,.T.);
#3688=FACE_BOUND('',#3442,.T.);
#3689=FACE_BOUND('',#3443,.T.);
#3690=FACE_BOUND('',#3444,.T.);
#3691=FACE_BOUND('',#3445,.T.);
#3692=FACE_BOUND('',#3446,.T.);
#3693=FACE_BOUND('',#3447,.T.);
#3694=FACE_BOUND('',#3448,.T.);
#3695=FACE_BOUND('',#3449,.T.);
#3696=FACE_BOUND('',#3450,.T.);
#3697=FACE_BOUND('',#3451,.T.);
#3698=FACE_BOUND('',#3452,.T.);
#3699=FACE_BOUND('',#3453,.T.);
#3700=FACE_BOUND('',#3454,.T.);
#3701=FACE_BOUND('',#3455,.T.);
#3702=FACE_BOUND('',#3456,.T.);
#3703=FACE_BOUND('',#3457,.T.);
#3704=FACE_BOUND('',#3458,.T.);
#3705=FACE_BOUND('',#3459,.T.);
#3706=FACE_BOUND('',#3460,.T.);
#3707=FACE_BOUND('',#3461,.T.);
#3708=FACE_BOUND('',#3462,.T.);
#3709=FACE_BOUND('',#3463,.T.);
#3710=FACE_BOUND('',#3464,.T.);
#3711=FACE_BOUND('',#3465,.T.);
#3712=FACE_BOUND('',#3466,.T.);
#3713=FACE_BOUND('',#3467,.T.);
#3714=FACE_BOUND('',#3468,.T.);
#3715=FACE_BOUND('',#3469,.T.);
#3716=FACE_BOUND('',#3470,.T.);
#3717=FACE_BOUND('',#3471,.T.);
#3718=FACE_BOUND('',#3472,.T.);
#3719=FACE_BOUND('',#3473,.T.);
#3720=FACE_BOUND('',#3474,.T.);
#3721=FACE_BOUND('',#3475,.T.);
#3722=FACE_BOUND('',#3476,.T.);
#3723=FACE_BOUND('',#3477,.T.);
#3724=FACE_BOUND('',#3478,.T.);
#3725=FACE_BOUND('',#3479,.T.);
#3726=FACE_BOUND('',#3480,.T.);
#3727=FACE_BOUND('',#3481,.T.);
#3728=FACE_BOUND('',#3482,.T.);
#3729=FACE_BOUND('',#3483,.T.);
#3730=FACE_BOUND('',#3484,.T.);
#3731=FACE_BOUND('',#3485,.T.);
#3732=CYLINDRICAL_SURFACE('',#4073,0.15);
#3733=CYLINDRICAL_SURFACE('',#4076,0.15);
#3734=CYLINDRICAL_SURFACE('',#4079,0.15);
#3735=CYLINDRICAL_SURFACE('',#4082,0.15);
#3736=CYLINDRICAL_SURFACE('',#4101,0.123948272599962);
#3737=CYLINDRICAL_SURFACE('',#4109,0.166963572065761);
#3738=CYLINDRICAL_SURFACE('',#4117,0.166963572066777);
#3739=CYLINDRICAL_SURFACE('',#4128,0.106788043446537);
#3740=CYLINDRICAL_SURFACE('',#4158,0.22);
#3741=CYLINDRICAL_SURFACE('',#4166,0.22);
#3742=CYLINDRICAL_SURFACE('',#4172,0.22);
#3743=CYLINDRICAL_SURFACE('',#4176,0.22);
#3744=CYLINDRICAL_SURFACE('',#4184,0.05);
#3745=CYLINDRICAL_SURFACE('',#4187,0.05);
#3746=CYLINDRICAL_SURFACE('',#4190,0.05);
#3747=CYLINDRICAL_SURFACE('',#4193,0.05);
#3748=CYLINDRICAL_SURFACE('',#4196,0.05);
#3749=CYLINDRICAL_SURFACE('',#4199,0.05);
#3750=CYLINDRICAL_SURFACE('',#4202,0.05);
#3751=CYLINDRICAL_SURFACE('',#4205,0.05);
#3752=CYLINDRICAL_SURFACE('',#4208,0.05);
#3753=CYLINDRICAL_SURFACE('',#4211,0.05);
#3754=CYLINDRICAL_SURFACE('',#4214,0.05);
#3755=CYLINDRICAL_SURFACE('',#4217,0.05);
#3756=CYLINDRICAL_SURFACE('',#4220,0.05);
#3757=CYLINDRICAL_SURFACE('',#4223,0.05);
#3758=CYLINDRICAL_SURFACE('',#4226,0.05);
#3759=CYLINDRICAL_SURFACE('',#4229,0.05);
#3760=CYLINDRICAL_SURFACE('',#4232,0.05);
#3761=CYLINDRICAL_SURFACE('',#4237,0.28284271247462);
#3762=CYLINDRICAL_SURFACE('',#4242,0.28284271247462);
#3763=CYLINDRICAL_SURFACE('',#4247,0.28284271247462);
#3764=CYLINDRICAL_SURFACE('',#4252,0.28284271247462);
#3765=CYLINDRICAL_SURFACE('',#4261,0.15);
#3766=CYLINDRICAL_SURFACE('',#4265,0.3);
#3767=CYLINDRICAL_SURFACE('',#4269,0.525);
#3768=CYLINDRICAL_SURFACE('',#4273,0.65);
#3769=CYLINDRICAL_SURFACE('',#4275,0.2);
#3770=CYLINDRICAL_SURFACE('',#4301,0.640833333333333);
#3771=CYLINDRICAL_SURFACE('',#4309,1.);
#3772=CYLINDRICAL_SURFACE('',#4329,0.25);
#3773=CYLINDRICAL_SURFACE('',#4338,0.3);
#3774=CYLINDRICAL_SURFACE('',#4345,0.25);
#3775=ADVANCED_FACE('',(#3486),#3732,.T.);
#3776=ADVANCED_FACE('',(#3487),#3733,.T.);
#3777=ADVANCED_FACE('',(#3488),#3734,.T.);
#3778=ADVANCED_FACE('',(#3489),#3735,.T.);
#3779=ADVANCED_FACE('',(#3490),#150,.T.);
#3780=ADVANCED_FACE('',(#3491),#34,.T.);
#3781=ADVANCED_FACE('',(#3492),#35,.T.);
#3782=ADVANCED_FACE('',(#3493),#151,.T.);
#3783=ADVANCED_FACE('',(#3494),#152,.T.);
#3784=ADVANCED_FACE('',(#3495),#153,.T.);
#3785=ADVANCED_FACE('',(#3496),#154,.T.);
#3786=ADVANCED_FACE('',(#3497),#36,.T.);
#3787=ADVANCED_FACE('',(#3498),#37,.T.);
#3788=ADVANCED_FACE('',(#3499),#38,.T.);
#3789=ADVANCED_FACE('',(#3500),#155,.T.);
#3790=ADVANCED_FACE('',(#3501),#156,.T.);
#3791=ADVANCED_FACE('',(#3502),#157,.T.);
#3792=ADVANCED_FACE('',(#3503),#158,.T.);
#3793=ADVANCED_FACE('',(#3504),#159,.T.);
#3794=ADVANCED_FACE('',(#3505),#160,.T.);
#3795=ADVANCED_FACE('',(#3506),#161,.T.);
#3796=ADVANCED_FACE('',(#3507,#3508),#162,.F.);
#3797=ADVANCED_FACE('',(#3509),#163,.T.);
#3798=ADVANCED_FACE('',(#3510),#39,.T.);
#3799=ADVANCED_FACE('',(#3511),#40,.T.);
#3800=ADVANCED_FACE('',(#3512),#41,.T.);
#3801=ADVANCED_FACE('',(#3513),#42,.T.);
#3802=ADVANCED_FACE('',(#3514),#164,.T.);
#3803=ADVANCED_FACE('',(#3515),#165,.T.);
#3804=ADVANCED_FACE('',(#3516),#3736,.T.);
#3805=ADVANCED_FACE('',(#3517),#43,.T.);
#3806=ADVANCED_FACE('',(#3518),#44,.T.);
#3807=ADVANCED_FACE('',(#3519),#45,.T.);
#3808=ADVANCED_FACE('',(#3520),#46,.T.);
#3809=ADVANCED_FACE('',(#3521),#166,.T.);
#3810=ADVANCED_FACE('',(#3522,#3523),#167,.F.);
#3811=ADVANCED_FACE('',(#3524),#168,.T.);
#3812=ADVANCED_FACE('',(#3525),#47,.T.);
#3813=ADVANCED_FACE('',(#3526),#48,.T.);
#3814=ADVANCED_FACE('',(#3527),#49,.T.);
#3815=ADVANCED_FACE('',(#3528),#50,.T.);
#3816=ADVANCED_FACE('',(#3529),#169,.T.);
#3817=ADVANCED_FACE('',(#3530),#170,.T.);
#3818=ADVANCED_FACE('',(#3531),#3737,.T.);
#3819=ADVANCED_FACE('',(#3532),#51,.T.);
#3820=ADVANCED_FACE('',(#3533),#52,.T.);
#3821=ADVANCED_FACE('',(#3534),#53,.T.);
#3822=ADVANCED_FACE('',(#3535),#54,.T.);
#3823=ADVANCED_FACE('',(#3536),#171,.T.);
#3824=ADVANCED_FACE('',(#3537,#3538),#172,.F.);
#3825=ADVANCED_FACE('',(#3539),#173,.T.);
#3826=ADVANCED_FACE('',(#3540),#55,.T.);
#3827=ADVANCED_FACE('',(#3541),#56,.T.);
#3828=ADVANCED_FACE('',(#3542),#57,.T.);
#3829=ADVANCED_FACE('',(#3543),#58,.T.);
#3830=ADVANCED_FACE('',(#3544),#174,.T.);
#3831=ADVANCED_FACE('',(#3545),#175,.T.);
#3832=ADVANCED_FACE('',(#3546),#3738,.T.);
#3833=ADVANCED_FACE('',(#3547),#59,.T.);
#3834=ADVANCED_FACE('',(#3548),#60,.T.);
#3835=ADVANCED_FACE('',(#3549),#61,.T.);
#3836=ADVANCED_FACE('',(#3550),#62,.T.);
#3837=ADVANCED_FACE('',(#3551),#176,.T.);
#3838=ADVANCED_FACE('',(#3552,#3553),#177,.F.);
#3839=ADVANCED_FACE('',(#3554),#178,.F.);
#3840=ADVANCED_FACE('',(#3555),#179,.T.);
#3841=ADVANCED_FACE('',(#3556),#63,.T.);
#3842=ADVANCED_FACE('',(#3557),#64,.T.);
#3843=ADVANCED_FACE('',(#3558),#65,.T.);
#3844=ADVANCED_FACE('',(#3559),#66,.T.);
#3845=ADVANCED_FACE('',(#3560),#180,.T.);
#3846=ADVANCED_FACE('',(#3561),#181,.T.);
#3847=ADVANCED_FACE('',(#3562),#182,.T.);
#3848=ADVANCED_FACE('',(#3563),#67,.T.);
#3849=ADVANCED_FACE('',(#3564),#68,.T.);
#3850=ADVANCED_FACE('',(#3565),#3739,.T.);
#3851=ADVANCED_FACE('',(#3566),#69,.T.);
#3852=ADVANCED_FACE('',(#3567),#70,.T.);
#3853=ADVANCED_FACE('',(#3568),#183,.F.);
#3854=ADVANCED_FACE('',(#3569),#184,.T.);
#3855=ADVANCED_FACE('',(#3570),#185,.T.);
#3856=ADVANCED_FACE('',(#3571),#186,.T.);
#3857=ADVANCED_FACE('',(#3572),#187,.T.);
#3858=ADVANCED_FACE('',(#3573),#188,.T.);
#3859=ADVANCED_FACE('',(#3574),#189,.T.);
#3860=ADVANCED_FACE('',(#3575),#190,.T.);
#3861=ADVANCED_FACE('',(#3576),#191,.T.);
#3862=ADVANCED_FACE('',(#3577),#192,.T.);
#3863=ADVANCED_FACE('',(#3578),#193,.T.);
#3864=ADVANCED_FACE('',(#3579),#194,.T.);
#3865=ADVANCED_FACE('',(#3580),#195,.T.);
#3866=ADVANCED_FACE('',(#3581),#196,.T.);
#3867=ADVANCED_FACE('',(#3582),#197,.F.);
#3868=ADVANCED_FACE('',(#3583),#198,.T.);
#3869=ADVANCED_FACE('',(#3584),#199,.T.);
#3870=ADVANCED_FACE('',(#3585),#200,.F.);
#3871=ADVANCED_FACE('',(#3586),#201,.T.);
#3872=ADVANCED_FACE('',(#3587),#202,.T.);
#3873=ADVANCED_FACE('',(#3588),#203,.T.);
#3874=ADVANCED_FACE('',(#3589),#204,.F.);
#3875=ADVANCED_FACE('',(#3590),#205,.T.);
#3876=ADVANCED_FACE('',(#3591),#206,.F.);
#3877=ADVANCED_FACE('',(#3592),#207,.F.);
#3878=ADVANCED_FACE('',(#3593),#3740,.F.);
#3879=ADVANCED_FACE('',(#3594),#208,.T.);
#3880=ADVANCED_FACE('',(#3595),#209,.F.);
#3881=ADVANCED_FACE('',(#3596),#210,.T.);
#3882=ADVANCED_FACE('',(#3597),#211,.F.);
#3883=ADVANCED_FACE('',(#3598),#212,.F.);
#3884=ADVANCED_FACE('',(#3599),#213,.F.);
#3885=ADVANCED_FACE('',(#3600),#3741,.F.);
#3886=ADVANCED_FACE('',(#3601),#214,.T.);
#3887=ADVANCED_FACE('',(#3602),#215,.F.);
#3888=ADVANCED_FACE('',(#3603),#3742,.F.);
#3889=ADVANCED_FACE('',(#3604),#216,.F.);
#3890=ADVANCED_FACE('',(#3605),#217,.T.);
#3891=ADVANCED_FACE('',(#3606),#218,.T.);
#3892=ADVANCED_FACE('',(#3607),#3743,.F.);
#3893=ADVANCED_FACE('',(#3608),#219,.F.);
#3894=ADVANCED_FACE('',(#3609),#220,.T.);
#3895=ADVANCED_FACE('',(#3610),#221,.F.);
#3896=ADVANCED_FACE('',(#3611),#222,.T.);
#3897=ADVANCED_FACE('',(#3612),#223,.T.);
#3898=ADVANCED_FACE('',(#3613),#224,.T.);
#3899=ADVANCED_FACE('',(#3614),#3744,.T.);
#3900=ADVANCED_FACE('',(#3615),#3745,.F.);
#3901=ADVANCED_FACE('',(#3616),#3746,.F.);
#3902=ADVANCED_FACE('',(#3617),#3747,.F.);
#3903=ADVANCED_FACE('',(#3618),#3748,.F.);
#3904=ADVANCED_FACE('',(#3619),#3749,.F.);
#3905=ADVANCED_FACE('',(#3620),#3750,.T.);
#3906=ADVANCED_FACE('',(#3621),#3751,.T.);
#3907=ADVANCED_FACE('',(#3622),#3752,.T.);
#3908=ADVANCED_FACE('',(#3623),#3753,.F.);
#3909=ADVANCED_FACE('',(#3624),#3754,.F.);
#3910=ADVANCED_FACE('',(#3625),#3755,.T.);
#3911=ADVANCED_FACE('',(#3626),#3756,.F.);
#3912=ADVANCED_FACE('',(#3627),#3757,.T.);
#3913=ADVANCED_FACE('',(#3628),#3758,.T.);
#3914=ADVANCED_FACE('',(#3629),#3759,.T.);
#3915=ADVANCED_FACE('',(#3630),#3760,.T.);
#3916=ADVANCED_FACE('',(#3631),#225,.T.);
#3917=ADVANCED_FACE('',(#3632),#3761,.F.);
#3918=ADVANCED_FACE('',(#3633),#226,.T.);
#3919=ADVANCED_FACE('',(#3634),#3762,.F.);
#3920=ADVANCED_FACE('',(#3635),#227,.T.);
#3921=ADVANCED_FACE('',(#3636),#3763,.F.);
#3922=ADVANCED_FACE('',(#3637),#228,.T.);
#3923=ADVANCED_FACE('',(#3638),#3764,.F.);
#3924=ADVANCED_FACE('',(#3639),#229,.F.);
#3925=ADVANCED_FACE('',(#3640),#230,.F.);
#3926=ADVANCED_FACE('',(#3641),#231,.F.);
#3927=ADVANCED_FACE('',(#3642),#232,.F.);
#3928=ADVANCED_FACE('',(#3643),#233,.T.);
#3929=ADVANCED_FACE('',(#3644,#3645),#3765,.F.);
#3930=ADVANCED_FACE('',(#3646,#3647),#234,.T.);
#3931=ADVANCED_FACE('',(#3648,#3649),#3766,.T.);
#3932=ADVANCED_FACE('',(#3650,#3651),#235,.T.);
#3933=ADVANCED_FACE('',(#3652,#3653),#3767,.T.);
#3934=ADVANCED_FACE('',(#3654,#3655),#236,.T.);
#3935=ADVANCED_FACE('',(#3656,#3657),#3768,.T.);
#3936=ADVANCED_FACE('',(#3658),#3769,.T.);
#3937=ADVANCED_FACE('',(#3659),#237,.T.);
#3938=ADVANCED_FACE('',(#3660),#238,.T.);
#3939=ADVANCED_FACE('',(#3661),#239,.T.);
#3940=ADVANCED_FACE('',(#3662),#240,.T.);
#3941=ADVANCED_FACE('',(#3663,#3664),#241,.T.);
#3942=ADVANCED_FACE('',(#3665),#242,.T.);
#3943=ADVANCED_FACE('',(#3666),#243,.F.);
#3944=ADVANCED_FACE('',(#3667),#244,.F.);
#3945=ADVANCED_FACE('',(#3668),#245,.F.);
#3946=ADVANCED_FACE('',(#3669),#246,.F.);
#3947=ADVANCED_FACE('',(#3670),#247,.T.);
#3948=ADVANCED_FACE('',(#3671),#248,.F.);
#3949=ADVANCED_FACE('',(#3672),#249,.F.);
#3950=ADVANCED_FACE('',(#3673),#250,.F.);
#3951=ADVANCED_FACE('',(#3674),#251,.T.);
#3952=ADVANCED_FACE('',(#3675,#3676),#252,.T.);
#3953=ADVANCED_FACE('',(#3677),#253,.F.);
#3954=ADVANCED_FACE('',(#3678),#3770,.T.);
#3955=ADVANCED_FACE('',(#3679),#254,.T.);
#3956=ADVANCED_FACE('',(#3680),#255,.T.);
#3957=ADVANCED_FACE('',(#3681),#256,.F.);
#3958=ADVANCED_FACE('',(#3682),#257,.F.);
#3959=ADVANCED_FACE('',(#3683),#258,.F.);
#3960=ADVANCED_FACE('',(#3684),#259,.F.);
#3961=ADVANCED_FACE('',(#3685),#3771,.T.);
#3962=ADVANCED_FACE('',(#3686),#260,.T.);
#3963=ADVANCED_FACE('',(#3687),#261,.T.);
#3964=ADVANCED_FACE('',(#3688),#262,.T.);
#3965=ADVANCED_FACE('',(#3689),#263,.T.);
#3966=ADVANCED_FACE('',(#3690),#264,.F.);
#3967=ADVANCED_FACE('',(#3691),#265,.F.);
#3968=ADVANCED_FACE('',(#3692),#266,.F.);
#3969=ADVANCED_FACE('',(#3693),#267,.F.);
#3970=ADVANCED_FACE('',(#3694),#268,.T.);
#3971=ADVANCED_FACE('',(#3695),#269,.F.);
#3972=ADVANCED_FACE('',(#3696),#270,.T.);
#3973=ADVANCED_FACE('',(#3697,#3698,#3699,#3700,#3701,#3702,#3703),#271,
 .T.);
#3974=ADVANCED_FACE('',(#3704,#3705),#3772,.F.);
#3975=ADVANCED_FACE('',(#3706),#272,.F.);
#3976=ADVANCED_FACE('',(#3707),#273,.F.);
#3977=ADVANCED_FACE('',(#3708),#274,.F.);
#3978=ADVANCED_FACE('',(#3709),#275,.F.);
#3979=ADVANCED_FACE('',(#3710),#276,.F.);
#3980=ADVANCED_FACE('',(#3711),#277,.F.);
#3981=ADVANCED_FACE('',(#3712),#3773,.F.);
#3982=ADVANCED_FACE('',(#3713),#278,.F.);
#3983=ADVANCED_FACE('',(#3714,#3715),#279,.F.);
#3984=ADVANCED_FACE('',(#3716),#280,.F.);
#3985=ADVANCED_FACE('',(#3717,#3718),#281,.F.);
#3986=ADVANCED_FACE('',(#3719,#3720),#3774,.F.);
#3987=ADVANCED_FACE('',(#3721),#282,.F.);
#3988=ADVANCED_FACE('',(#3722,#3723),#283,.F.);
#3989=ADVANCED_FACE('',(#3724),#284,.F.);
#3990=ADVANCED_FACE('',(#3725,#3726),#285,.F.);
#3991=ADVANCED_FACE('',(#3727,#3728),#286,.T.);
#3992=ADVANCED_FACE('',(#3729,#3730),#287,.F.);
#3993=ADVANCED_FACE('',(#3731),#288,.F.);
#3994=CLOSED_SHELL('',(#3775,#3776,#3777,#3778,#3779,#3780,#3781,#3782,
#3783,#3784,#3785,#3786,#3787,#3788,#3789,#3790,#3791,#3792,#3793,#3794,
#3795,#3796,#3797,#3798,#3799,#3800,#3801,#3802,#3803,#3804,#3805,#3806,
#3807,#3808,#3809,#3810,#3811,#3812,#3813,#3814,#3815,#3816,#3817,#3818,
#3819,#3820,#3821,#3822,#3823,#3824,#3825,#3826,#3827,#3828,#3829,#3830,
#3831,#3832,#3833,#3834,#3835,#3836,#3837,#3838,#3839,#3840,#3841,#3842,
#3843,#3844,#3845,#3846,#3847,#3848,#3849,#3850,#3851,#3852,#3853,#3854,
#3855,#3856,#3857,#3858,#3859,#3860,#3861,#3862,#3863,#3864,#3865,#3866,
#3867,#3868,#3869,#3870,#3871,#3872,#3873,#3874,#3875,#3876,#3877,#3878,
#3879,#3880,#3881,#3882,#3883,#3884,#3885,#3886,#3887,#3888,#3889,#3890,
#3891,#3892,#3893,#3894,#3895,#3896,#3897,#3898,#3899,#3900,#3901,#3902,
#3903,#3904,#3905,#3906,#3907,#3908,#3909,#3910,#3911,#3912,#3913,#3914,
#3915,#3916,#3917,#3918,#3919,#3920,#3921,#3922,#3923,#3924,#3925,#3926,
#3927,#3928,#3929,#3930,#3931,#3932,#3933,#3934,#3935,#3936,#3937,#3938,
#3939,#3940,#3941,#3942,#3943,#3944,#3945,#3946,#3947,#3948,#3949,#3950,
#3951,#3952,#3953,#3954,#3955,#3956,#3957,#3958,#3959,#3960,#3961,#3962,
#3963,#3964,#3965,#3966,#3967,#3968,#3969,#3970,#3971,#3972,#3973));
#3995=CLOSED_SHELL('',(#3974,#3975,#3976,#3977,#3978,#3979,#3980,#3981,
#3982,#3983,#3984,#3985,#3986,#3987,#3988,#3989,#3990,#3991,#3992,#3993));
#3996=STYLED_ITEM('',(#3998),#4062);
#3997=STYLED_ITEM('',(#4007),#4063);
#3998=PRESENTATION_STYLE_ASSIGNMENT((#4008));
#3999=PRESENTATION_STYLE_ASSIGNMENT((#4009));
#4000=PRESENTATION_STYLE_ASSIGNMENT((#4010));
#4001=PRESENTATION_STYLE_ASSIGNMENT((#4011));
#4002=PRESENTATION_STYLE_ASSIGNMENT((#4012));
#4003=PRESENTATION_STYLE_ASSIGNMENT((#4013));
#4004=PRESENTATION_STYLE_ASSIGNMENT((#4014));
#4005=PRESENTATION_STYLE_ASSIGNMENT((#4015));
#4006=PRESENTATION_STYLE_ASSIGNMENT((#4016));
#4007=PRESENTATION_STYLE_ASSIGNMENT((#4017));
#4008=SURFACE_STYLE_USAGE(.BOTH.,#4018);
#4009=SURFACE_STYLE_USAGE(.BOTH.,#4019);
#4010=SURFACE_STYLE_USAGE(.BOTH.,#4020);
#4011=SURFACE_STYLE_USAGE(.BOTH.,#4021);
#4012=SURFACE_STYLE_USAGE(.BOTH.,#4022);
#4013=SURFACE_STYLE_USAGE(.BOTH.,#4023);
#4014=SURFACE_STYLE_USAGE(.BOTH.,#4024);
#4015=SURFACE_STYLE_USAGE(.BOTH.,#4025);
#4016=SURFACE_STYLE_USAGE(.BOTH.,#4026);
#4017=SURFACE_STYLE_USAGE(.BOTH.,#4027);
#4018=SURFACE_SIDE_STYLE('',(#4028));
#4019=SURFACE_SIDE_STYLE('',(#4029));
#4020=SURFACE_SIDE_STYLE('',(#4030));
#4021=SURFACE_SIDE_STYLE('',(#4031));
#4022=SURFACE_SIDE_STYLE('',(#4032));
#4023=SURFACE_SIDE_STYLE('',(#4033));
#4024=SURFACE_SIDE_STYLE('',(#4034));
#4025=SURFACE_SIDE_STYLE('',(#4035));
#4026=SURFACE_SIDE_STYLE('',(#4036));
#4027=SURFACE_SIDE_STYLE('',(#4037));
#4028=SURFACE_STYLE_FILL_AREA(#4038);
#4029=SURFACE_STYLE_FILL_AREA(#4039);
#4030=SURFACE_STYLE_FILL_AREA(#4040);
#4031=SURFACE_STYLE_FILL_AREA(#4041);
#4032=SURFACE_STYLE_FILL_AREA(#4042);
#4033=SURFACE_STYLE_FILL_AREA(#4043);
#4034=SURFACE_STYLE_FILL_AREA(#4044);
#4035=SURFACE_STYLE_FILL_AREA(#4045);
#4036=SURFACE_STYLE_FILL_AREA(#4046);
#4037=SURFACE_STYLE_FILL_AREA(#4047);
#4038=FILL_AREA_STYLE('',(#4048));
#4039=FILL_AREA_STYLE('',(#4049));
#4040=FILL_AREA_STYLE('',(#4050));
#4041=FILL_AREA_STYLE('',(#4051));
#4042=FILL_AREA_STYLE('',(#4052));
#4043=FILL_AREA_STYLE('',(#4053));
#4044=FILL_AREA_STYLE('',(#4054));
#4045=FILL_AREA_STYLE('',(#4055));
#4046=FILL_AREA_STYLE('',(#4056));
#4047=FILL_AREA_STYLE('',(#4057));
#4048=FILL_AREA_STYLE_COLOUR('',#4058);
#4049=FILL_AREA_STYLE_COLOUR('',#4059);
#4050=FILL_AREA_STYLE_COLOUR('',#4059);
#4051=FILL_AREA_STYLE_COLOUR('',#4059);
#4052=FILL_AREA_STYLE_COLOUR('',#4059);
#4053=FILL_AREA_STYLE_COLOUR('',#4060);
#4054=FILL_AREA_STYLE_COLOUR('',#4060);
#4055=FILL_AREA_STYLE_COLOUR('',#4060);
#4056=FILL_AREA_STYLE_COLOUR('',#4059);
#4057=FILL_AREA_STYLE_COLOUR('',#4061);
#4058=COLOUR_RGB('',0.250980392156863,0.250980392156863,0.250980392156863);
#4059=COLOUR_RGB('',0.752941176470588,0.,0.752941176470588);
#4060=COLOUR_RGB('',0.752941176470588,0.752941176470588,0.752941176470588);
#4061=COLOUR_RGB('',0.501960784313726,0.501960784313726,0.501960784313726);
#4062=MANIFOLD_SOLID_BREP('#servo_MG996R',#3994);
#4063=MANIFOLD_SOLID_BREP('azimut_base',#3995);
#4064=SHAPE_DEFINITION_REPRESENTATION(#8407,#4068);
#4065=SHAPE_DEFINITION_REPRESENTATION(#8408,#4069);
#4066=SHAPE_DEFINITION_REPRESENTATION(#8409,#4070);
#4067=SHAPE_DEFINITION_REPRESENTATION(#8411,#4071);
#4068=SHAPE_REPRESENTATION('Azimut',(#4072,#4356),#8396);
#4069=SHAPE_REPRESENTATION('Azimut <1>',(#4072,#4328,#4355),#8397);
#4070=SHAPE_REPRESENTATION('#servo_MG996R',(#4072),#8398);
#4071=SHAPE_REPRESENTATION('azimut_base',(#4072),#8399);
#4072=AXIS2_PLACEMENT_3D('',#5316,#4357,#4358);
#4073=AXIS2_PLACEMENT_3D('',#5317,#4359,#4360);
#4074=AXIS2_PLACEMENT_3D('',#5318,#4361,#4362);
#4075=AXIS2_PLACEMENT_3D('',#5323,#4364,#4365);
#4076=AXIS2_PLACEMENT_3D('',#5326,#4367,#4368);
#4077=AXIS2_PLACEMENT_3D('',#5327,#4369,#4370);
#4078=AXIS2_PLACEMENT_3D('',#5332,#4372,#4373);
#4079=AXIS2_PLACEMENT_3D('',#5335,#4375,#4376);
#4080=AXIS2_PLACEMENT_3D('',#5336,#4377,#4378);
#4081=AXIS2_PLACEMENT_3D('',#5341,#4380,#4381);
#4082=AXIS2_PLACEMENT_3D('',#5344,#4383,#4384);
#4083=AXIS2_PLACEMENT_3D('',#5345,#4385,#4386);
#4084=AXIS2_PLACEMENT_3D('',#5350,#4388,#4389);
#4085=AXIS2_PLACEMENT_3D('',#5353,#4391,#4392);
#4086=AXIS2_PLACEMENT_3D('',#5464,#4399,#4400);
#4087=AXIS2_PLACEMENT_3D('',#5468,#4403,#4404);
#4088=AXIS2_PLACEMENT_3D('',#5472,#4407,#4408);
#4089=AXIS2_PLACEMENT_3D('',#5474,#4410,#4411);
#4090=AXIS2_PLACEMENT_3D('',#5688,#4419,#4420);
#4091=AXIS2_PLACEMENT_3D('',#5694,#4424,#4425);
#4092=AXIS2_PLACEMENT_3D('',#5700,#4429,#4430);
#4093=AXIS2_PLACEMENT_3D('',#5706,#4434,#4435);
#4094=AXIS2_PLACEMENT_3D('',#5712,#4439,#4440);
#4095=AXIS2_PLACEMENT_3D('',#5718,#4444,#4445);
#4096=AXIS2_PLACEMENT_3D('',#5724,#4449,#4450);
#4097=AXIS2_PLACEMENT_3D('',#5727,#4453,#4454);
#4098=AXIS2_PLACEMENT_3D('',#5728,#4455,#4456);
#4099=AXIS2_PLACEMENT_3D('',#5933,#4461,#4462);
#4100=AXIS2_PLACEMENT_3D('',#5942,#4467,#4468);
#4101=AXIS2_PLACEMENT_3D('',#5948,#4472,#4473);
#4102=AXIS2_PLACEMENT_3D('',#5949,#4474,#4475);
#4103=AXIS2_PLACEMENT_3D('',#5951,#4476,#4477);
#4104=AXIS2_PLACEMENT_3D('',#6135,#4482,#4483);
#4105=AXIS2_PLACEMENT_3D('',#6138,#4486,#4487);
#4106=AXIS2_PLACEMENT_3D('',#6139,#4488,#4489);
#4107=AXIS2_PLACEMENT_3D('',#6344,#4494,#4495);
#4108=AXIS2_PLACEMENT_3D('',#6353,#4500,#4501);
#4109=AXIS2_PLACEMENT_3D('',#6359,#4505,#4506);
#4110=AXIS2_PLACEMENT_3D('',#6360,#4507,#4508);
#4111=AXIS2_PLACEMENT_3D('',#6362,#4509,#4510);
#4112=AXIS2_PLACEMENT_3D('',#6566,#4515,#4516);
#4113=AXIS2_PLACEMENT_3D('',#6569,#4519,#4520);
#4114=AXIS2_PLACEMENT_3D('',#6570,#4521,#4522);
#4115=AXIS2_PLACEMENT_3D('',#6775,#4527,#4528);
#4116=AXIS2_PLACEMENT_3D('',#6784,#4533,#4534);
#4117=AXIS2_PLACEMENT_3D('',#6790,#4538,#4539);
#4118=AXIS2_PLACEMENT_3D('',#6791,#4540,#4541);
#4119=AXIS2_PLACEMENT_3D('',#6793,#4542,#4543);
#4120=AXIS2_PLACEMENT_3D('',#6997,#4548,#4549);
#4121=AXIS2_PLACEMENT_3D('',#7000,#4552,#4553);
#4122=AXIS2_PLACEMENT_3D('',#7001,#4554,#4555);
#4123=AXIS2_PLACEMENT_3D('',#7054,#4556,#4557);
#4124=AXIS2_PLACEMENT_3D('',#7191,#4562,#4563);
#4125=AXIS2_PLACEMENT_3D('',#7457,#4571,#4572);
#4126=AXIS2_PLACEMENT_3D('',#7461,#4575,#4576);
#4127=AXIS2_PLACEMENT_3D('',#7465,#4579,#4580);
#4128=AXIS2_PLACEMENT_3D('',#7562,#4584,#4585);
#4129=AXIS2_PLACEMENT_3D('',#7563,#4586,#4587);
#4130=AXIS2_PLACEMENT_3D('',#7668,#4589,#4590);
#4131=AXIS2_PLACEMENT_3D('',#7695,#4604,#4605);
#4132=AXIS2_PLACEMENT_3D('',#7701,#4609,#4610);
#4133=AXIS2_PLACEMENT_3D('',#7705,#4613,#4614);
#4134=AXIS2_PLACEMENT_3D('',#7709,#4617,#4618);
#4135=AXIS2_PLACEMENT_3D('',#7713,#4621,#4622);
#4136=AXIS2_PLACEMENT_3D('',#7717,#4625,#4626);
#4137=AXIS2_PLACEMENT_3D('',#7721,#4629,#4630);
#4138=AXIS2_PLACEMENT_3D('',#7725,#4633,#4634);
#4139=AXIS2_PLACEMENT_3D('',#7729,#4637,#4638);
#4140=AXIS2_PLACEMENT_3D('',#7733,#4641,#4642);
#4141=AXIS2_PLACEMENT_3D('',#7737,#4645,#4646);
#4142=AXIS2_PLACEMENT_3D('',#7741,#4649,#4650);
#4143=AXIS2_PLACEMENT_3D('',#7745,#4653,#4654);
#4144=AXIS2_PLACEMENT_3D('',#7747,#4656,#4657);
#4145=AXIS2_PLACEMENT_3D('',#7754,#4661,#4662);
#4146=AXIS2_PLACEMENT_3D('',#7761,#4666,#4667);
#4147=AXIS2_PLACEMENT_3D('',#7764,#4670,#4671);
#4148=AXIS2_PLACEMENT_3D('',#7771,#4675,#4676);
#4149=AXIS2_PLACEMENT_3D('',#7778,#4680,#4681);
#4150=AXIS2_PLACEMENT_3D('',#7781,#4684,#4685);
#4151=AXIS2_PLACEMENT_3D('',#7788,#4689,#4690);
#4152=AXIS2_PLACEMENT_3D('',#7794,#4694,#4695);
#4153=AXIS2_PLACEMENT_3D('',#7801,#4699,#4700);
#4154=AXIS2_PLACEMENT_3D('',#7809,#4704,#4705);
#4155=AXIS2_PLACEMENT_3D('',#7817,#4710,#4711);
#4156=AXIS2_PLACEMENT_3D('',#7820,#4714,#4715);
#4157=AXIS2_PLACEMENT_3D('',#7824,#4718,#4719);
#4158=AXIS2_PLACEMENT_3D('',#7828,#4722,#4723);
#4159=AXIS2_PLACEMENT_3D('',#7829,#4724,#4725);
#4160=AXIS2_PLACEMENT_3D('',#7832,#4727,#4728);
#4161=AXIS2_PLACEMENT_3D('',#7836,#4731,#4732);
#4162=AXIS2_PLACEMENT_3D('',#7838,#4734,#4735);
#4163=AXIS2_PLACEMENT_3D('',#7842,#4738,#4739);
#4164=AXIS2_PLACEMENT_3D('',#7844,#4741,#4742);
#4165=AXIS2_PLACEMENT_3D('',#7846,#4744,#4745);
#4166=AXIS2_PLACEMENT_3D('',#7848,#4747,#4748);
#4167=AXIS2_PLACEMENT_3D('',#7849,#4749,#4750);
#4168=AXIS2_PLACEMENT_3D('',#7856,#4754,#4755);
#4169=AXIS2_PLACEMENT_3D('',#7862,#4759,#4760);
#4170=AXIS2_PLACEMENT_3D('',#7874,#4767,#4768);
#4171=AXIS2_PLACEMENT_3D('',#7882,#4772,#4773);
#4172=AXIS2_PLACEMENT_3D('',#7885,#4775,#4776);
#4173=AXIS2_PLACEMENT_3D('',#7888,#4779,#4780);
#4174=AXIS2_PLACEMENT_3D('',#7890,#4782,#4783);
#4175=AXIS2_PLACEMENT_3D('',#7894,#4786,#4787);
#4176=AXIS2_PLACEMENT_3D('',#7898,#4790,#4791);
#4177=AXIS2_PLACEMENT_3D('',#7899,#4792,#4793);
#4178=AXIS2_PLACEMENT_3D('',#7902,#4795,#4796);
#4179=AXIS2_PLACEMENT_3D('',#7906,#4799,#4800);
#4180=AXIS2_PLACEMENT_3D('',#7908,#4802,#4803);
#4181=AXIS2_PLACEMENT_3D('',#7912,#4806,#4807);
#4182=AXIS2_PLACEMENT_3D('',#7914,#4809,#4810);
#4183=AXIS2_PLACEMENT_3D('',#7916,#4812,#4813);
#4184=AXIS2_PLACEMENT_3D('',#7917,#4814,#4815);
#4185=AXIS2_PLACEMENT_3D('',#7918,#4816,#4817);
#4186=AXIS2_PLACEMENT_3D('',#7923,#4819,#4820);
#4187=AXIS2_PLACEMENT_3D('',#7926,#4822,#4823);
#4188=AXIS2_PLACEMENT_3D('',#7927,#4824,#4825);
#4189=AXIS2_PLACEMENT_3D('',#7932,#4827,#4828);
#4190=AXIS2_PLACEMENT_3D('',#7935,#4830,#4831);
#4191=AXIS2_PLACEMENT_3D('',#7936,#4832,#4833);
#4192=AXIS2_PLACEMENT_3D('',#7941,#4835,#4836);
#4193=AXIS2_PLACEMENT_3D('',#7944,#4838,#4839);
#4194=AXIS2_PLACEMENT_3D('',#7945,#4840,#4841);
#4195=AXIS2_PLACEMENT_3D('',#7950,#4843,#4844);
#4196=AXIS2_PLACEMENT_3D('',#7953,#4846,#4847);
#4197=AXIS2_PLACEMENT_3D('',#7954,#4848,#4849);
#4198=AXIS2_PLACEMENT_3D('',#7959,#4851,#4852);
#4199=AXIS2_PLACEMENT_3D('',#7962,#4854,#4855);
#4200=AXIS2_PLACEMENT_3D('',#7963,#4856,#4857);
#4201=AXIS2_PLACEMENT_3D('',#7968,#4859,#4860);
#4202=AXIS2_PLACEMENT_3D('',#7971,#4862,#4863);
#4203=AXIS2_PLACEMENT_3D('',#7972,#4864,#4865);
#4204=AXIS2_PLACEMENT_3D('',#7977,#4867,#4868);
#4205=AXIS2_PLACEMENT_3D('',#7980,#4870,#4871);
#4206=AXIS2_PLACEMENT_3D('',#7981,#4872,#4873);
#4207=AXIS2_PLACEMENT_3D('',#7986,#4875,#4876);
#4208=AXIS2_PLACEMENT_3D('',#7989,#4878,#4879);
#4209=AXIS2_PLACEMENT_3D('',#7990,#4880,#4881);
#4210=AXIS2_PLACEMENT_3D('',#7995,#4883,#4884);
#4211=AXIS2_PLACEMENT_3D('',#7998,#4886,#4887);
#4212=AXIS2_PLACEMENT_3D('',#7999,#4888,#4889);
#4213=AXIS2_PLACEMENT_3D('',#8004,#4891,#4892);
#4214=AXIS2_PLACEMENT_3D('',#8007,#4894,#4895);
#4215=AXIS2_PLACEMENT_3D('',#8008,#4896,#4897);
#4216=AXIS2_PLACEMENT_3D('',#8013,#4899,#4900);
#4217=AXIS2_PLACEMENT_3D('',#8016,#4902,#4903);
#4218=AXIS2_PLACEMENT_3D('',#8017,#4904,#4905);
#4219=AXIS2_PLACEMENT_3D('',#8022,#4907,#4908);
#4220=AXIS2_PLACEMENT_3D('',#8025,#4910,#4911);
#4221=AXIS2_PLACEMENT_3D('',#8026,#4912,#4913);
#4222=AXIS2_PLACEMENT_3D('',#8031,#4915,#4916);
#4223=AXIS2_PLACEMENT_3D('',#8034,#4918,#4919);
#4224=AXIS2_PLACEMENT_3D('',#8035,#4920,#4921);
#4225=AXIS2_PLACEMENT_3D('',#8040,#4923,#4924);
#4226=AXIS2_PLACEMENT_3D('',#8044,#4927,#4928);
#4227=AXIS2_PLACEMENT_3D('',#8045,#4929,#4930);
#4228=AXIS2_PLACEMENT_3D('',#8051,#4933,#4934);
#4229=AXIS2_PLACEMENT_3D('',#8054,#4936,#4937);
#4230=AXIS2_PLACEMENT_3D('',#8055,#4938,#4939);
#4231=AXIS2_PLACEMENT_3D('',#8061,#4942,#4943);
#4232=AXIS2_PLACEMENT_3D('',#8064,#4945,#4946);
#4233=AXIS2_PLACEMENT_3D('',#8065,#4947,#4948);
#4234=AXIS2_PLACEMENT_3D('',#8070,#4950,#4951);
#4235=AXIS2_PLACEMENT_3D('',#8074,#4954,#4955);
#4236=AXIS2_PLACEMENT_3D('',#8079,#4958,#4959);
#4237=AXIS2_PLACEMENT_3D('',#8080,#4960,#4961);
#4238=AXIS2_PLACEMENT_3D('',#8081,#4962,#4963);
#4239=AXIS2_PLACEMENT_3D('',#8083,#4964,#4965);
#4240=AXIS2_PLACEMENT_3D('',#8084,#4966,#4967);
#4241=AXIS2_PLACEMENT_3D('',#8089,#4970,#4971);
#4242=AXIS2_PLACEMENT_3D('',#8090,#4972,#4973);
#4243=AXIS2_PLACEMENT_3D('',#8091,#4974,#4975);
#4244=AXIS2_PLACEMENT_3D('',#8093,#4976,#4977);
#4245=AXIS2_PLACEMENT_3D('',#8094,#4978,#4979);
#4246=AXIS2_PLACEMENT_3D('',#8099,#4982,#4983);
#4247=AXIS2_PLACEMENT_3D('',#8100,#4984,#4985);
#4248=AXIS2_PLACEMENT_3D('',#8101,#4986,#4987);
#4249=AXIS2_PLACEMENT_3D('',#8103,#4988,#4989);
#4250=AXIS2_PLACEMENT_3D('',#8104,#4990,#4991);
#4251=AXIS2_PLACEMENT_3D('',#8109,#4994,#4995);
#4252=AXIS2_PLACEMENT_3D('',#8110,#4996,#4997);
#4253=AXIS2_PLACEMENT_3D('',#8111,#4998,#4999);
#4254=AXIS2_PLACEMENT_3D('',#8113,#5000,#5001);
#4255=AXIS2_PLACEMENT_3D('',#8114,#5002,#5003);
#4256=AXIS2_PLACEMENT_3D('',#8117,#5006,#5007);
#4257=AXIS2_PLACEMENT_3D('',#8120,#5010,#5011);
#4258=AXIS2_PLACEMENT_3D('',#8123,#5014,#5015);
#4259=AXIS2_PLACEMENT_3D('',#8126,#5018,#5019);
#4260=AXIS2_PLACEMENT_3D('',#8127,#5020,#5021);
#4261=AXIS2_PLACEMENT_3D('',#8129,#5022,#5023);
#4262=AXIS2_PLACEMENT_3D('',#8130,#5024,#5025);
#4263=AXIS2_PLACEMENT_3D('',#8132,#5026,#5027);
#4264=AXIS2_PLACEMENT_3D('',#8133,#5028,#5029);
#4265=AXIS2_PLACEMENT_3D('',#8135,#5030,#5031);
#4266=AXIS2_PLACEMENT_3D('',#8136,#5032,#5033);
#4267=AXIS2_PLACEMENT_3D('',#8138,#5034,#5035);
#4268=AXIS2_PLACEMENT_3D('',#8139,#5036,#5037);
#4269=AXIS2_PLACEMENT_3D('',#8141,#5038,#5039);
#4270=AXIS2_PLACEMENT_3D('',#8142,#5040,#5041);
#4271=AXIS2_PLACEMENT_3D('',#8144,#5042,#5043);
#4272=AXIS2_PLACEMENT_3D('',#8145,#5044,#5045);
#4273=AXIS2_PLACEMENT_3D('',#8147,#5046,#5047);
#4274=AXIS2_PLACEMENT_3D('',#8148,#5048,#5049);
#4275=AXIS2_PLACEMENT_3D('',#8150,#5050,#5051);
#4276=AXIS2_PLACEMENT_3D('',#8151,#5052,#5053);
#4277=AXIS2_PLACEMENT_3D('',#8156,#5055,#5056);
#4278=AXIS2_PLACEMENT_3D('',#8159,#5058,#5059);
#4279=AXIS2_PLACEMENT_3D('',#8168,#5064,#5065);
#4280=AXIS2_PLACEMENT_3D('',#8174,#5069,#5070);
#4281=AXIS2_PLACEMENT_3D('',#8180,#5074,#5075);
#4282=AXIS2_PLACEMENT_3D('',#8183,#5078,#5079);
#4283=AXIS2_PLACEMENT_3D('',#8191,#5085,#5086);
#4284=AXIS2_PLACEMENT_3D('',#8194,#5089,#5090);
#4285=AXIS2_PLACEMENT_3D('',#8195,#5091,#5092);
#4286=AXIS2_PLACEMENT_3D('',#8197,#5094,#5095);
#4287=AXIS2_PLACEMENT_3D('',#8199,#5097,#5098);
#4288=AXIS2_PLACEMENT_3D('',#8208,#5103,#5104);
#4289=AXIS2_PLACEMENT_3D('',#8214,#5108,#5109);
#4290=AXIS2_PLACEMENT_3D('',#8215,#5110,#5111);
#4291=AXIS2_PLACEMENT_3D('',#8216,#5112,#5113);
#4292=AXIS2_PLACEMENT_3D('',#8219,#5116,#5117);
#4293=AXIS2_PLACEMENT_3D('',#8222,#5120,#5121);
#4294=AXIS2_PLACEMENT_3D('',#8225,#5124,#5125);
#4295=AXIS2_PLACEMENT_3D('',#8227,#5127,#5128);
#4296=AXIS2_PLACEMENT_3D('',#8228,#5129,#5130);
#4297=AXIS2_PLACEMENT_3D('',#8231,#5133,#5134);
#4298=AXIS2_PLACEMENT_3D('',#8233,#5136,#5137);
#4299=AXIS2_PLACEMENT_3D('',#8239,#5141,#5142);
#4300=AXIS2_PLACEMENT_3D('',#8241,#5144,#5145);
#4301=AXIS2_PLACEMENT_3D('',#8243,#5147,#5148);
#4302=AXIS2_PLACEMENT_3D('',#8244,#5149,#5150);
#4303=AXIS2_PLACEMENT_3D('',#8245,#5151,#5152);
#4304=AXIS2_PLACEMENT_3D('',#8247,#5154,#5155);
#4305=AXIS2_PLACEMENT_3D('',#8249,#5157,#5158);
#4306=AXIS2_PLACEMENT_3D('',#8250,#5159,#5160);
#4307=AXIS2_PLACEMENT_3D('',#8254,#5163,#5164);
#4308=AXIS2_PLACEMENT_3D('',#8257,#5167,#5168);
#4309=AXIS2_PLACEMENT_3D('',#8261,#5171,#5172);
#4310=AXIS2_PLACEMENT_3D('',#8262,#5173,#5174);
#4311=AXIS2_PLACEMENT_3D('',#8263,#5175,#5176);
#4312=AXIS2_PLACEMENT_3D('',#8264,#5177,#5178);
#4313=AXIS2_PLACEMENT_3D('',#8266,#5179,#5180);
#4314=AXIS2_PLACEMENT_3D('',#8267,#5181,#5182);
#4315=AXIS2_PLACEMENT_3D('',#8268,#5183,#5184);
#4316=AXIS2_PLACEMENT_3D('',#8269,#5185,#5186);
#4317=AXIS2_PLACEMENT_3D('',#8271,#5188,#5189);
#4318=AXIS2_PLACEMENT_3D('',#8273,#5191,#5192);
#4319=AXIS2_PLACEMENT_3D('',#8274,#5193,#5194);
#4320=AXIS2_PLACEMENT_3D('',#8275,#5195,#5196);
#4321=AXIS2_PLACEMENT_3D('',#8276,#5197,#5198);
#4322=AXIS2_PLACEMENT_3D('',#8277,#5199,#5200);
#4323=AXIS2_PLACEMENT_3D('',#8278,#5201,#5202);
#4324=AXIS2_PLACEMENT_3D('',#8279,#5203,#5204);
#4325=AXIS2_PLACEMENT_3D('',#8281,#5206,#5207);
#4326=AXIS2_PLACEMENT_3D('',#8282,#5208,#5209);
#4327=AXIS2_PLACEMENT_3D('',#8283,#5210,#5211);
#4328=AXIS2_PLACEMENT_3D('',#8284,#5212,#5213);
#4329=AXIS2_PLACEMENT_3D('',#8285,#5214,#5215);
#4330=AXIS2_PLACEMENT_3D('',#8286,#5216,#5217);
#4331=AXIS2_PLACEMENT_3D('',#8288,#5218,#5219);
#4332=AXIS2_PLACEMENT_3D('',#8290,#5220,#5221);
#4333=AXIS2_PLACEMENT_3D('',#8299,#5226,#5227);
#4334=AXIS2_PLACEMENT_3D('',#8305,#5231,#5232);
#4335=AXIS2_PLACEMENT_3D('',#8311,#5236,#5237);
#4336=AXIS2_PLACEMENT_3D('',#8314,#5240,#5241);
#4337=AXIS2_PLACEMENT_3D('',#8323,#5246,#5247);
#4338=AXIS2_PLACEMENT_3D('',#8332,#5252,#5253);
#4339=AXIS2_PLACEMENT_3D('',#8333,#5254,#5255);
#4340=AXIS2_PLACEMENT_3D('',#8334,#5256,#5257);
#4341=AXIS2_PLACEMENT_3D('',#8335,#5258,#5259);
#4342=AXIS2_PLACEMENT_3D('',#8341,#5263,#5264);
#4343=AXIS2_PLACEMENT_3D('',#8349,#5269,#5270);
#4344=AXIS2_PLACEMENT_3D('',#8358,#5275,#5276);
#4345=AXIS2_PLACEMENT_3D('',#8364,#5280,#5281);
#4346=AXIS2_PLACEMENT_3D('',#8365,#5282,#5283);
#4347=AXIS2_PLACEMENT_3D('',#8367,#5284,#5285);
#4348=AXIS2_PLACEMENT_3D('',#8369,#5286,#5287);
#4349=AXIS2_PLACEMENT_3D('',#8378,#5293,#5294);
#4350=AXIS2_PLACEMENT_3D('',#8383,#5298,#5299);
#4351=AXIS2_PLACEMENT_3D('',#8388,#5303,#5304);
#4352=AXIS2_PLACEMENT_3D('',#8390,#5306,#5307);
#4353=AXIS2_PLACEMENT_3D('',#8391,#5308,#5309);
#4354=AXIS2_PLACEMENT_3D('',#8392,#5310,#5311);
#4355=AXIS2_PLACEMENT_3D('',#8393,#5312,#5313);
#4356=AXIS2_PLACEMENT_3D('',#8394,#5314,#5315);
#4357=DIRECTION('',(0.,0.,1.));
#4358=DIRECTION('',(1.,0.,0.));
#4359=DIRECTION('',(0.,-1.,0.));
#4360=DIRECTION('',(0.,0.,-1.));
#4361=DIRECTION('',(0.,1.,0.));
#4362=DIRECTION('',(0.,0.,1.));
#4363=DIRECTION('',(0.,1.,0.));
#4364=DIRECTION('',(0.,1.,0.));
#4365=DIRECTION('',(0.,0.,1.));
#4366=DIRECTION('',(0.,1.,0.));
#4367=DIRECTION('',(0.,1.,0.));
#4368=DIRECTION('',(0.,0.,1.));
#4369=DIRECTION('',(0.,1.,0.));
#4370=DIRECTION('',(0.,0.,1.));
#4371=DIRECTION('',(0.,1.,0.));
#4372=DIRECTION('',(0.,1.,0.));
#4373=DIRECTION('',(0.,0.,1.));
#4374=DIRECTION('',(0.,1.,0.));
#4375=DIRECTION('',(0.,-1.,0.));
#4376=DIRECTION('',(0.,0.,-1.));
#4377=DIRECTION('',(0.,1.,0.));
#4378=DIRECTION('',(0.,0.,1.));
#4379=DIRECTION('',(0.,1.,0.));
#4380=DIRECTION('',(0.,1.,0.));
#4381=DIRECTION('',(0.,0.,1.));
#4382=DIRECTION('',(0.,1.,0.));
#4383=DIRECTION('',(0.,1.,0.));
#4384=DIRECTION('',(0.,0.,1.));
#4385=DIRECTION('',(0.,1.,0.));
#4386=DIRECTION('',(0.,0.,1.));
#4387=DIRECTION('',(0.,1.,0.));
#4388=DIRECTION('',(0.,1.,0.));
#4389=DIRECTION('',(0.,0.,1.));
#4390=DIRECTION('',(0.,1.,0.));
#4391=DIRECTION('',(0.,1.,0.));
#4392=DIRECTION('',(0.,0.,1.));
#4393=DIRECTION('',(0.,0.,-1.));
#4394=DIRECTION('',(-1.,0.,0.));
#4395=DIRECTION('',(-0.00765841872775506,0.,0.999970673881285));
#4396=DIRECTION('',(0.,-1.,0.));
#4397=DIRECTION('',(0.,-1.,0.));
#4398=DIRECTION('',(0.,-1.,0.));
#4399=DIRECTION('',(0.999970673881285,0.,0.00765841872775506));
#4400=DIRECTION('',(0.00765841872775506,0.,-0.999970673881285));
#4401=DIRECTION('',(0.,-1.,0.));
#4402=DIRECTION('',(-0.00765841872775506,0.,0.999970673881285));
#4403=DIRECTION('',(0.,0.,1.));
#4404=DIRECTION('',(1.,0.,0.));
#4405=DIRECTION('',(0.,-1.,0.));
#4406=DIRECTION('',(-1.,0.,0.));
#4407=DIRECTION('',(-1.,0.,0.));
#4408=DIRECTION('',(0.,0.,1.));
#4409=DIRECTION('',(0.,0.,-1.));
#4410=DIRECTION('',(1.,0.,0.));
#4411=DIRECTION('',(0.,0.,-1.));
#4412=DIRECTION('',(0.,0.,1.));
#4413=DIRECTION('',(0.,-1.,0.));
#4414=DIRECTION('',(0.,0.,1.));
#4415=DIRECTION('',(0.,-1.,0.));
#4416=DIRECTION('',(0.,-1.,0.));
#4417=DIRECTION('',(0.,-1.,0.));
#4418=DIRECTION('',(0.,-1.,0.));
#4419=DIRECTION('',(0.622788232243939,0.,0.782390450976026));
#4420=DIRECTION('',(0.782390450976026,0.,-0.622788232243939));
#4421=DIRECTION('',(-0.782390450976026,0.,0.622788232243939));
#4422=DIRECTION('',(-0.782390450976026,0.,0.622788232243939));
#4423=DIRECTION('',(0.,-1.,0.));
#4424=DIRECTION('',(-1.,0.,0.));
#4425=DIRECTION('',(0.,0.,1.));
#4426=DIRECTION('',(0.,0.,-1.));
#4427=DIRECTION('',(0.,0.,-1.));
#4428=DIRECTION('',(0.,-1.,0.));
#4429=DIRECTION('',(-0.622788232243938,0.,-0.782390450976027));
#4430=DIRECTION('',(-0.782390450976027,0.,0.622788232243938));
#4431=DIRECTION('',(0.782390450976027,0.,-0.622788232243938));
#4432=DIRECTION('',(0.782390450976027,0.,-0.622788232243938));
#4433=DIRECTION('',(0.,-1.,0.));
#4434=DIRECTION('',(-1.,0.,0.));
#4435=DIRECTION('',(0.,0.,1.));
#4436=DIRECTION('',(0.,0.,-1.));
#4437=DIRECTION('',(0.,0.,-1.));
#4438=DIRECTION('',(0.,-1.,0.));
#4439=DIRECTION('',(0.,0.,1.));
#4440=DIRECTION('',(1.,0.,0.));
#4441=DIRECTION('',(-1.,0.,0.));
#4442=DIRECTION('',(-1.,0.,0.));
#4443=DIRECTION('',(0.,-1.,0.));
#4444=DIRECTION('',(-1.,0.,0.));
#4445=DIRECTION('',(0.,0.,1.));
#4446=DIRECTION('',(0.,0.,-1.));
#4447=DIRECTION('',(0.,0.,-1.));
#4448=DIRECTION('',(0.,-1.,0.));
#4449=DIRECTION('',(0.,0.,-1.));
#4450=DIRECTION('',(-1.,0.,0.));
#4451=DIRECTION('',(1.,0.,0.));
#4452=DIRECTION('',(1.,0.,0.));
#4453=DIRECTION('',(0.,-1.,0.));
#4454=DIRECTION('',(0.,0.,-1.));
#4455=DIRECTION('',(0.,1.,0.));
#4456=DIRECTION('',(0.,0.,1.));
#4457=DIRECTION('',(0.,-1.,0.));
#4458=DIRECTION('',(0.,-1.,0.));
#4459=DIRECTION('',(0.,-1.,0.));
#4460=DIRECTION('',(0.,-1.,0.));
#4461=DIRECTION('',(0.786397428722926,0.,0.617720878793951));
#4462=DIRECTION('',(0.617720878793951,0.,-0.786397428722926));
#4463=DIRECTION('',(-0.617720878793951,0.,0.786397428722926));
#4464=DIRECTION('',(0.,-1.,0.));
#4465=DIRECTION('',(-0.617720878793951,0.,0.786397428722926));
#4466=DIRECTION('',(0.,-1.,0.));
#4467=DIRECTION('',(-0.547305260353809,0.,0.836933063027772));
#4468=DIRECTION('',(0.836933063027772,0.,0.547305260353809));
#4469=DIRECTION('',(-0.836933063027772,0.,-0.547305260353809));
#4470=DIRECTION('',(-0.836933063027772,0.,-0.547305260353809));
#4471=DIRECTION('',(0.,-1.,0.));
#4472=DIRECTION('',(0.,-1.,0.));
#4473=DIRECTION('',(0.995702617984914,0.,-0.0926082962697661));
#4474=DIRECTION('',(0.,-1.,0.));
#4475=DIRECTION('',(0.,0.,-1.));
#4476=DIRECTION('',(0.,-1.,0.));
#4477=DIRECTION('',(0.,0.,-1.));
#4478=DIRECTION('',(0.,-1.,0.));
#4479=DIRECTION('',(0.,-1.,0.));
#4480=DIRECTION('',(0.,-1.,0.));
#4481=DIRECTION('',(0.,-1.,0.));
#4482=DIRECTION('',(0.547387929885783,0.,-0.836878996160949));
#4483=DIRECTION('',(-0.836878996160949,0.,-0.547387929885783));
#4484=DIRECTION('',(0.836878996160949,0.,0.547387929885783));
#4485=DIRECTION('',(0.836878996160949,0.,0.547387929885783));
#4486=DIRECTION('',(0.,-1.,0.));
#4487=DIRECTION('',(0.,0.,-1.));
#4488=DIRECTION('',(0.,1.,0.));
#4489=DIRECTION('',(0.,0.,1.));
#4490=DIRECTION('',(0.,-1.,0.));
#4491=DIRECTION('',(0.,-1.,0.));
#4492=DIRECTION('',(0.,-1.,0.));
#4493=DIRECTION('',(0.,-1.,0.));
#4494=DIRECTION('',(-0.820951938640307,0.,-0.570997298104572));
#4495=DIRECTION('',(-0.570997298104572,0.,0.820951938640307));
#4496=DIRECTION('',(0.570997298104572,0.,-0.820951938640307));
#4497=DIRECTION('',(0.,-1.,0.));
#4498=DIRECTION('',(0.570997298104572,0.,-0.820951938640307));
#4499=DIRECTION('',(0.,-1.,0.));
#4500=DIRECTION('',(0.564610999945546,0.,-0.825357146174001));
#4501=DIRECTION('',(-0.825357146174001,0.,-0.564610999945546));
#4502=DIRECTION('',(0.825357146174001,0.,0.564610999945546));
#4503=DIRECTION('',(0.825357146174001,0.,0.564610999945546));
#4504=DIRECTION('',(0.,-1.,0.));
#4505=DIRECTION('',(0.,-1.,0.));
#4506=DIRECTION('',(-0.997385194248868,0.,0.0722687642979115));
#4507=DIRECTION('',(0.,-1.,0.));
#4508=DIRECTION('',(0.,0.,-1.));
#4509=DIRECTION('',(0.,-1.,0.));
#4510=DIRECTION('',(0.,0.,-1.));
#4511=DIRECTION('',(0.,-1.,0.));
#4512=DIRECTION('',(0.,-1.,0.));
#4513=DIRECTION('',(0.,-1.,0.));
#4514=DIRECTION('',(0.,-1.,0.));
#4515=DIRECTION('',(-0.56440743436465,0.,0.825496364640035));
#4516=DIRECTION('',(0.825496364640035,0.,0.56440743436465));
#4517=DIRECTION('',(-0.825496364640035,0.,-0.56440743436465));
#4518=DIRECTION('',(-0.825496364640035,0.,-0.56440743436465));
#4519=DIRECTION('',(0.,-1.,0.));
#4520=DIRECTION('',(0.,0.,-1.));
#4521=DIRECTION('',(0.,1.,0.));
#4522=DIRECTION('',(0.,0.,1.));
#4523=DIRECTION('',(0.,-1.,0.));
#4524=DIRECTION('',(0.,-1.,0.));
#4525=DIRECTION('',(0.,-1.,0.));
#4526=DIRECTION('',(0.,-1.,0.));
#4527=DIRECTION('',(-0.820951938640307,0.,-0.570997298104572));
#4528=DIRECTION('',(-0.570997298104572,0.,0.820951938640307));
#4529=DIRECTION('',(0.570997298104572,0.,-0.820951938640307));
#4530=DIRECTION('',(0.,-1.,0.));
#4531=DIRECTION('',(0.570997298104572,0.,-0.820951938640307));
#4532=DIRECTION('',(0.,-1.,0.));
#4533=DIRECTION('',(0.564610999945546,0.,-0.825357146174001));
#4534=DIRECTION('',(-0.825357146174001,0.,-0.564610999945546));
#4535=DIRECTION('',(0.825357146174001,0.,0.564610999945546));
#4536=DIRECTION('',(0.825357146174001,0.,0.564610999945546));
#4537=DIRECTION('',(0.,-1.,0.));
#4538=DIRECTION('',(0.,-1.,0.));
#4539=DIRECTION('',(-0.997385194248869,0.,0.0722687642979093));
#4540=DIRECTION('',(0.,-1.,0.));
#4541=DIRECTION('',(0.,0.,-1.));
#4542=DIRECTION('',(0.,-1.,0.));
#4543=DIRECTION('',(0.,0.,-1.));
#4544=DIRECTION('',(0.,-1.,0.));
#4545=DIRECTION('',(0.,-1.,0.));
#4546=DIRECTION('',(0.,-1.,0.));
#4547=DIRECTION('',(0.,-1.,0.));
#4548=DIRECTION('',(-0.56440743436465,0.,0.825496364640035));
#4549=DIRECTION('',(0.825496364640035,0.,0.56440743436465));
#4550=DIRECTION('',(-0.825496364640035,0.,-0.56440743436465));
#4551=DIRECTION('',(-0.825496364640035,0.,-0.56440743436465));
#4552=DIRECTION('',(0.,-1.,0.));
#4553=DIRECTION('',(0.,0.,-1.));
#4554=DIRECTION('',(0.,-1.,0.));
#4555=DIRECTION('',(0.,0.,-1.));
#4556=DIRECTION('',(0.,-1.,0.));
#4557=DIRECTION('',(0.,0.,-1.));
#4558=DIRECTION('',(0.,0.,1.));
#4559=DIRECTION('',(1.,0.,0.));
#4560=DIRECTION('',(0.,0.,-1.));
#4561=DIRECTION('',(-0.687954310916553,0.,-0.725753998329551));
#4562=DIRECTION('',(-0.725753998329551,0.,0.687954310916553));
#4563=DIRECTION('',(0.687954310916553,0.,0.725753998329551));
#4564=DIRECTION('',(-0.687954310916553,0.,-0.725753998329551));
#4565=DIRECTION('',(0.,-1.,0.));
#4566=DIRECTION('',(0.,-1.,0.));
#4567=DIRECTION('',(0.,-1.,0.));
#4568=DIRECTION('',(0.,-1.,0.));
#4569=DIRECTION('',(0.,-1.,0.));
#4570=DIRECTION('',(0.,-1.,0.));
#4571=DIRECTION('',(-1.,0.,0.));
#4572=DIRECTION('',(0.,0.,1.));
#4573=DIRECTION('',(0.,0.,-1.));
#4574=DIRECTION('',(0.,-1.,0.));
#4575=DIRECTION('',(0.,0.,-1.));
#4576=DIRECTION('',(-1.,0.,0.));
#4577=DIRECTION('',(1.,0.,0.));
#4578=DIRECTION('',(0.,-1.,0.));
#4579=DIRECTION('',(1.,0.,0.));
#4580=DIRECTION('',(0.,0.,-1.));
#4581=DIRECTION('',(0.,0.,1.));
#4582=DIRECTION('',(0.,-1.,0.));
#4583=DIRECTION('',(0.,-1.,0.));
#4584=DIRECTION('',(0.,-1.,0.));
#4585=DIRECTION('',(-0.341705644429415,0.,-0.939807029429488));
#4586=DIRECTION('',(0.,-1.,0.));
#4587=DIRECTION('',(0.,0.,-1.));
#4588=DIRECTION('',(0.,-1.,0.));
#4589=DIRECTION('',(0.,-1.,0.));
#4590=DIRECTION('',(0.,0.,-1.));
#4591=DIRECTION('',(0.,0.,-1.));
#4592=DIRECTION('',(-0.991335792784035,0.,-0.131351992543885));
#4593=DIRECTION('',(0.893531873849379,0.,-0.448999766609313));
#4594=DIRECTION('',(0.,0.,-1.));
#4595=DIRECTION('',(-0.893829180214607,0.,-0.448407623259109));
#4596=DIRECTION('',(0.991261610664234,0.,-0.131910648635162));
#4597=DIRECTION('',(0.,0.,-1.));
#4598=DIRECTION('',(-0.991295408390988,0.,0.131656421426928));
#4599=DIRECTION('',(0.,0.,1.));
#4600=DIRECTION('',(0.893727875972725,0.,0.448609500244122));
#4601=DIRECTION('',(-0.893290255312065,0.,0.44948027739213));
#4602=DIRECTION('',(0.,0.,1.));
#4603=DIRECTION('',(0.991398777198715,0.,0.130875760050872));
#4604=DIRECTION('',(0.130875760050872,0.,-0.991398777198715));
#4605=DIRECTION('',(-0.991398777198715,0.,-0.130875760050872));
#4606=DIRECTION('',(0.991398777198715,0.,0.130875760050872));
#4607=DIRECTION('',(0.,-1.,0.));
#4608=DIRECTION('',(0.,-1.,0.));
#4609=DIRECTION('',(1.,0.,0.));
#4610=DIRECTION('',(0.,0.,-1.));
#4611=DIRECTION('',(0.,0.,1.));
#4612=DIRECTION('',(0.,-1.,0.));
#4613=DIRECTION('',(0.44948027739213,0.,0.893290255312065));
#4614=DIRECTION('',(0.893290255312065,0.,-0.44948027739213));
#4615=DIRECTION('',(-0.893290255312065,0.,0.44948027739213));
#4616=DIRECTION('',(0.,-1.,0.));
#4617=DIRECTION('',(0.448609500244122,0.,-0.893727875972725));
#4618=DIRECTION('',(-0.893727875972725,0.,-0.448609500244122));
#4619=DIRECTION('',(0.893727875972725,0.,0.448609500244122));
#4620=DIRECTION('',(0.,-1.,0.));
#4621=DIRECTION('',(1.,0.,0.));
#4622=DIRECTION('',(0.,0.,-1.));
#4623=DIRECTION('',(0.,0.,1.));
#4624=DIRECTION('',(0.,-1.,0.));
#4625=DIRECTION('',(0.131656421426928,0.,0.991295408390988));
#4626=DIRECTION('',(0.991295408390988,0.,-0.131656421426928));
#4627=DIRECTION('',(-0.991295408390988,0.,0.131656421426928));
#4628=DIRECTION('',(0.,-1.,0.));
#4629=DIRECTION('',(-1.,0.,0.));
#4630=DIRECTION('',(0.,0.,1.));
#4631=DIRECTION('',(0.,0.,-1.));
#4632=DIRECTION('',(0.,-1.,0.));
#4633=DIRECTION('',(-0.131910648635162,0.,-0.991261610664234));
#4634=DIRECTION('',(-0.991261610664234,0.,0.131910648635162));
#4635=DIRECTION('',(0.991261610664234,0.,-0.131910648635162));
#4636=DIRECTION('',(0.,-1.,0.));
#4637=DIRECTION('',(-0.448407623259109,0.,0.893829180214607));
#4638=DIRECTION('',(0.893829180214607,0.,0.448407623259109));
#4639=DIRECTION('',(-0.893829180214607,0.,-0.448407623259109));
#4640=DIRECTION('',(0.,-1.,0.));
#4641=DIRECTION('',(-1.,0.,0.));
#4642=DIRECTION('',(0.,0.,1.));
#4643=DIRECTION('',(0.,0.,-1.));
#4644=DIRECTION('',(0.,-1.,0.));
#4645=DIRECTION('',(-0.448999766609313,0.,-0.893531873849379));
#4646=DIRECTION('',(-0.893531873849379,0.,0.448999766609313));
#4647=DIRECTION('',(0.893531873849379,0.,-0.448999766609313));
#4648=DIRECTION('',(0.,-1.,0.));
#4649=DIRECTION('',(-0.131351992543885,0.,0.991335792784035));
#4650=DIRECTION('',(0.991335792784035,0.,0.131351992543885));
#4651=DIRECTION('',(-0.991335792784035,0.,-0.131351992543885));
#4652=DIRECTION('',(0.,-1.,0.));
#4653=DIRECTION('',(-1.,0.,0.));
#4654=DIRECTION('',(0.,0.,1.));
#4655=DIRECTION('',(0.,0.,-1.));
#4656=DIRECTION('',(0.,0.,-1.));
#4657=DIRECTION('',(-1.,0.,0.));
#4658=DIRECTION('',(0.,1.,0.));
#4659=DIRECTION('',(-0.976523773463931,-0.215409655911161,0.));
#4660=DIRECTION('',(1.,0.,0.));
#4661=DIRECTION('',(0.,0.,-1.));
#4662=DIRECTION('',(-1.,0.,0.));
#4663=DIRECTION('',(0.,1.,0.));
#4664=DIRECTION('',(1.,0.,0.));
#4665=DIRECTION('',(-0.976523773463931,-0.215409655911161,0.));
#4666=DIRECTION('',(-0.215409655911161,0.976523773463931,0.));
#4667=DIRECTION('',(-0.976523773463931,-0.215409655911161,0.));
#4668=DIRECTION('',(0.,0.,1.));
#4669=DIRECTION('',(0.,0.,1.));
#4670=DIRECTION('',(0.,0.,-1.));
#4671=DIRECTION('',(-1.,0.,0.));
#4672=DIRECTION('',(0.,-1.,0.));
#4673=DIRECTION('',(1.,0.,0.));
#4674=DIRECTION('',(-0.976523773463931,0.215409655911161,0.));
#4675=DIRECTION('',(0.,0.,-1.));
#4676=DIRECTION('',(-1.,0.,0.));
#4677=DIRECTION('',(0.,-1.,0.));
#4678=DIRECTION('',(-0.976523773463931,0.215409655911161,0.));
#4679=DIRECTION('',(1.,0.,0.));
#4680=DIRECTION('',(0.215409655911161,0.976523773463931,0.));
#4681=DIRECTION('',(-0.976523773463931,0.215409655911161,0.));
#4682=DIRECTION('',(0.,0.,1.));
#4683=DIRECTION('',(0.,0.,1.));
#4684=DIRECTION('',(0.,1.,0.));
#4685=DIRECTION('',(0.,0.,1.));
#4686=DIRECTION('',(1.,0.,0.));
#4687=DIRECTION('',(1.82602471155453E-16,0.,1.));
#4688=DIRECTION('',(-1.,0.,0.));
#4689=DIRECTION('',(0.,1.,0.));
#4690=DIRECTION('',(0.,0.,1.));
#4691=DIRECTION('',(-1.,0.,2.71050543121376E-16));
#4692=DIRECTION('',(1.82602471155453E-16,0.,1.));
#4693=DIRECTION('',(0.,0.,1.));
#4694=DIRECTION('',(0.,1.,0.));
#4695=DIRECTION('',(0.,0.,1.));
#4696=DIRECTION('',(1.,0.,0.));
#4697=DIRECTION('',(1.82602471155453E-16,0.,1.));
#4698=DIRECTION('',(-1.,0.,0.));
#4699=DIRECTION('',(0.,1.,0.));
#4700=DIRECTION('',(0.,0.,1.));
#4701=DIRECTION('',(-1.,0.,-2.71050543121376E-16));
#4702=DIRECTION('',(1.82602471155453E-16,0.,1.));
#4703=DIRECTION('',(-1.,0.,2.71050543121376E-16));
#4704=DIRECTION('',(0.,1.,0.));
#4705=DIRECTION('',(0.,0.,1.));
#4706=DIRECTION('',(-1.,0.,0.));
#4707=DIRECTION('',(1.82602471155453E-16,0.,1.));
#4708=DIRECTION('',(1.,0.,0.));
#4709=DIRECTION('',(0.,0.,1.));
#4710=DIRECTION('',(0.,0.,1.));
#4711=DIRECTION('',(1.,0.,0.));
#4712=DIRECTION('',(0.,1.,0.));
#4713=DIRECTION('',(0.,1.,0.));
#4714=DIRECTION('',(-1.,0.,0.));
#4715=DIRECTION('',(0.,0.,1.));
#4716=DIRECTION('',(1.82602471155453E-16,0.,1.));
#4717=DIRECTION('',(0.,1.,0.));
#4718=DIRECTION('',(0.,0.,1.));
#4719=DIRECTION('',(1.,0.,0.));
#4720=DIRECTION('',(-1.,0.,-2.71050543121376E-16));
#4721=DIRECTION('',(0.,1.,0.));
#4722=DIRECTION('',(0.,1.,0.));
#4723=DIRECTION('',(0.,0.,1.));
#4724=DIRECTION('',(0.,1.,0.));
#4725=DIRECTION('',(0.,0.,1.));
#4726=DIRECTION('',(0.,1.,0.));
#4727=DIRECTION('',(0.,0.,1.));
#4728=DIRECTION('',(1.,0.,0.));
#4729=DIRECTION('',(-1.,0.,0.));
#4730=DIRECTION('',(0.,1.,0.));
#4731=DIRECTION('',(-1.,0.,0.));
#4732=DIRECTION('',(0.,0.,1.));
#4733=DIRECTION('',(1.82602471155453E-16,0.,1.));
#4734=DIRECTION('',(0.,0.,-1.));
#4735=DIRECTION('',(-1.,0.,0.));
#4736=DIRECTION('',(1.,0.,0.));
#4737=DIRECTION('',(0.,1.,0.));
#4738=DIRECTION('',(0.,0.,-1.));
#4739=DIRECTION('',(-1.,0.,0.));
#4740=DIRECTION('',(0.,1.,0.));
#4741=DIRECTION('',(-1.,0.,0.));
#4742=DIRECTION('',(0.,0.,1.));
#4743=DIRECTION('',(0.,1.,0.));
#4744=DIRECTION('',(0.,0.,1.));
#4745=DIRECTION('',(1.,0.,0.));
#4746=DIRECTION('',(0.,1.,0.));
#4747=DIRECTION('',(0.,1.,0.));
#4748=DIRECTION('',(0.,0.,1.));
#4749=DIRECTION('',(0.,1.,0.));
#4750=DIRECTION('',(0.,0.,1.));
#4751=DIRECTION('',(-1.,0.,0.));
#4752=DIRECTION('',(-1.82602471155454E-16,0.,1.));
#4753=DIRECTION('',(1.,0.,0.));
#4754=DIRECTION('',(0.,1.,0.));
#4755=DIRECTION('',(0.,0.,1.));
#4756=DIRECTION('',(1.,0.,-2.71050543121376E-16));
#4757=DIRECTION('',(-1.82602471155454E-16,0.,1.));
#4758=DIRECTION('',(0.,0.,1.));
#4759=DIRECTION('',(0.,1.,0.));
#4760=DIRECTION('',(0.,0.,1.));
#4761=DIRECTION('',(-1.82602471155454E-16,0.,1.));
#4762=DIRECTION('',(-1.,0.,0.));
#4763=DIRECTION('',(0.,0.,1.));
#4764=DIRECTION('',(-1.,0.,0.));
#4765=DIRECTION('',(-1.82602471155454E-16,0.,1.));
#4766=DIRECTION('',(1.,0.,0.));
#4767=DIRECTION('',(0.,1.,0.));
#4768=DIRECTION('',(0.,0.,1.));
#4769=DIRECTION('',(1.,0.,2.71050543121376E-16));
#4770=DIRECTION('',(-1.82602471155454E-16,0.,1.));
#4771=DIRECTION('',(1.,0.,-2.71050543121376E-16));
#4772=DIRECTION('',(0.,1.,0.));
#4773=DIRECTION('',(0.,0.,1.));
#4774=DIRECTION('',(1.,0.,0.));
#4775=DIRECTION('',(0.,1.,0.));
#4776=DIRECTION('',(0.,0.,1.));
#4777=DIRECTION('',(0.,1.,0.));
#4778=DIRECTION('',(0.,1.,0.));
#4779=DIRECTION('',(0.,0.,1.));
#4780=DIRECTION('',(1.,0.,0.));
#4781=DIRECTION('',(0.,1.,0.));
#4782=DIRECTION('',(-1.,0.,0.));
#4783=DIRECTION('',(0.,0.,1.));
#4784=DIRECTION('',(0.,1.,0.));
#4785=DIRECTION('',(-1.82602471155454E-16,0.,1.));
#4786=DIRECTION('',(0.,0.,1.));
#4787=DIRECTION('',(1.,0.,0.));
#4788=DIRECTION('',(1.,0.,2.71050543121376E-16));
#4789=DIRECTION('',(0.,1.,0.));
#4790=DIRECTION('',(0.,1.,0.));
#4791=DIRECTION('',(0.,0.,1.));
#4792=DIRECTION('',(0.,1.,0.));
#4793=DIRECTION('',(0.,0.,1.));
#4794=DIRECTION('',(0.,1.,0.));
#4795=DIRECTION('',(0.,0.,1.));
#4796=DIRECTION('',(1.,0.,0.));
#4797=DIRECTION('',(1.,0.,0.));
#4798=DIRECTION('',(0.,1.,0.));
#4799=DIRECTION('',(-1.,0.,0.));
#4800=DIRECTION('',(0.,0.,1.));
#4801=DIRECTION('',(-1.82602471155454E-16,0.,1.));
#4802=DIRECTION('',(0.,0.,-1.));
#4803=DIRECTION('',(-1.,0.,0.));
#4804=DIRECTION('',(-1.,0.,0.));
#4805=DIRECTION('',(0.,1.,0.));
#4806=DIRECTION('',(0.,0.,-1.));
#4807=DIRECTION('',(-1.,0.,0.));
#4808=DIRECTION('',(0.,1.,0.));
#4809=DIRECTION('',(-1.,0.,0.));
#4810=DIRECTION('',(0.,0.,1.));
#4811=DIRECTION('',(0.,1.,0.));
#4812=DIRECTION('',(0.,0.,1.));
#4813=DIRECTION('',(1.,0.,0.));
#4814=DIRECTION('',(0.,-1.,0.));
#4815=DIRECTION('',(0.,0.,-1.));
#4816=DIRECTION('',(0.,1.,0.));
#4817=DIRECTION('',(0.,0.,1.));
#4818=DIRECTION('',(0.,-1.,0.));
#4819=DIRECTION('',(0.,1.,0.));
#4820=DIRECTION('',(0.,0.,1.));
#4821=DIRECTION('',(0.,-1.,0.));
#4822=DIRECTION('',(0.,-1.,0.));
#4823=DIRECTION('',(0.,0.,-1.));
#4824=DIRECTION('',(0.,1.,0.));
#4825=DIRECTION('',(0.,0.,1.));
#4826=DIRECTION('',(0.,-1.,0.));
#4827=DIRECTION('',(0.,1.,0.));
#4828=DIRECTION('',(0.,0.,1.));
#4829=DIRECTION('',(0.,1.,0.));
#4830=DIRECTION('',(0.,-1.,0.));
#4831=DIRECTION('',(0.,0.,-1.));
#4832=DIRECTION('',(0.,1.,0.));
#4833=DIRECTION('',(0.,0.,1.));
#4834=DIRECTION('',(0.,-1.,0.));
#4835=DIRECTION('',(0.,1.,0.));
#4836=DIRECTION('',(0.,0.,1.));
#4837=DIRECTION('',(0.,1.,0.));
#4838=DIRECTION('',(0.,-1.,0.));
#4839=DIRECTION('',(0.,0.,-1.));
#4840=DIRECTION('',(0.,1.,0.));
#4841=DIRECTION('',(0.,0.,1.));
#4842=DIRECTION('',(0.,-1.,0.));
#4843=DIRECTION('',(0.,1.,0.));
#4844=DIRECTION('',(0.,0.,1.));
#4845=DIRECTION('',(0.,1.,0.));
#4846=DIRECTION('',(0.,-1.,0.));
#4847=DIRECTION('',(0.,0.,-1.));
#4848=DIRECTION('',(0.,1.,0.));
#4849=DIRECTION('',(0.,0.,1.));
#4850=DIRECTION('',(0.,1.,0.));
#4851=DIRECTION('',(0.,1.,0.));
#4852=DIRECTION('',(0.,0.,1.));
#4853=DIRECTION('',(0.,-1.,0.));
#4854=DIRECTION('',(0.,-1.,0.));
#4855=DIRECTION('',(0.,0.,-1.));
#4856=DIRECTION('',(0.,1.,0.));
#4857=DIRECTION('',(0.,0.,1.));
#4858=DIRECTION('',(0.,-1.,0.));
#4859=DIRECTION('',(0.,1.,0.));
#4860=DIRECTION('',(0.,0.,1.));
#4861=DIRECTION('',(0.,1.,0.));
#4862=DIRECTION('',(0.,-1.,0.));
#4863=DIRECTION('',(0.,0.,-1.));
#4864=DIRECTION('',(0.,1.,0.));
#4865=DIRECTION('',(0.,0.,1.));
#4866=DIRECTION('',(0.,-1.,0.));
#4867=DIRECTION('',(0.,1.,0.));
#4868=DIRECTION('',(0.,0.,1.));
#4869=DIRECTION('',(0.,-1.,0.));
#4870=DIRECTION('',(0.,-1.,0.));
#4871=DIRECTION('',(0.,0.,-1.));
#4872=DIRECTION('',(0.,1.,0.));
#4873=DIRECTION('',(0.,0.,1.));
#4874=DIRECTION('',(0.,-1.,0.));
#4875=DIRECTION('',(0.,1.,0.));
#4876=DIRECTION('',(0.,0.,1.));
#4877=DIRECTION('',(0.,-1.,0.));
#4878=DIRECTION('',(0.,1.,0.));
#4879=DIRECTION('',(0.,0.,1.));
#4880=DIRECTION('',(0.,1.,0.));
#4881=DIRECTION('',(0.,0.,1.));
#4882=DIRECTION('',(0.,-1.,0.));
#4883=DIRECTION('',(0.,1.,0.));
#4884=DIRECTION('',(0.,0.,1.));
#4885=DIRECTION('',(0.,-1.,0.));
#4886=DIRECTION('',(0.,-1.,0.));
#4887=DIRECTION('',(0.,0.,-1.));
#4888=DIRECTION('',(0.,1.,0.));
#4889=DIRECTION('',(0.,0.,1.));
#4890=DIRECTION('',(0.,-1.,0.));
#4891=DIRECTION('',(0.,1.,0.));
#4892=DIRECTION('',(0.,0.,1.));
#4893=DIRECTION('',(0.,-1.,0.));
#4894=DIRECTION('',(0.,-1.,0.));
#4895=DIRECTION('',(0.,0.,-1.));
#4896=DIRECTION('',(0.,1.,0.));
#4897=DIRECTION('',(0.,0.,1.));
#4898=DIRECTION('',(0.,-1.,0.));
#4899=DIRECTION('',(0.,1.,0.));
#4900=DIRECTION('',(0.,0.,1.));
#4901=DIRECTION('',(0.,-1.,0.));
#4902=DIRECTION('',(0.,-1.,0.));
#4903=DIRECTION('',(0.,0.,-1.));
#4904=DIRECTION('',(0.,1.,0.));
#4905=DIRECTION('',(0.,0.,1.));
#4906=DIRECTION('',(0.,-1.,0.));
#4907=DIRECTION('',(0.,1.,0.));
#4908=DIRECTION('',(0.,0.,1.));
#4909=DIRECTION('',(0.,-1.,0.));
#4910=DIRECTION('',(0.,-1.,0.));
#4911=DIRECTION('',(0.,0.,-1.));
#4912=DIRECTION('',(0.,1.,0.));
#4913=DIRECTION('',(0.,0.,1.));
#4914=DIRECTION('',(0.,-1.,0.));
#4915=DIRECTION('',(0.,1.,0.));
#4916=DIRECTION('',(0.,0.,1.));
#4917=DIRECTION('',(0.,-1.,0.));
#4918=DIRECTION('',(0.,-1.,0.));
#4919=DIRECTION('',(0.,0.,-1.));
#4920=DIRECTION('',(0.,1.,0.));
#4921=DIRECTION('',(0.,0.,1.));
#4922=DIRECTION('',(0.,-1.,0.));
#4923=DIRECTION('',(0.,1.,0.));
#4924=DIRECTION('',(0.,0.,1.));
#4925=DIRECTION('',(0.,-1.,0.));
#4926=DIRECTION('',(0.,-1.,0.));
#4927=DIRECTION('',(0.,-1.,0.));
#4928=DIRECTION('',(0.,0.,-1.));
#4929=DIRECTION('',(0.,1.,0.));
#4930=DIRECTION('',(0.,0.,1.));
#4931=DIRECTION('',(0.,-1.,0.));
#4932=DIRECTION('',(0.,-1.,0.));
#4933=DIRECTION('',(0.,-1.,0.));
#4934=DIRECTION('',(0.,0.,-1.));
#4935=DIRECTION('',(0.,-1.,0.));
#4936=DIRECTION('',(0.,-1.,0.));
#4937=DIRECTION('',(0.,0.,-1.));
#4938=DIRECTION('',(0.,1.,0.));
#4939=DIRECTION('',(0.,0.,1.));
#4940=DIRECTION('',(0.,-1.,0.));
#4941=DIRECTION('',(0.,-1.,0.));
#4942=DIRECTION('',(0.,-1.,0.));
#4943=DIRECTION('',(0.,0.,-1.));
#4944=DIRECTION('',(0.,-1.,0.));
#4945=DIRECTION('',(0.,-1.,0.));
#4946=DIRECTION('',(0.,0.,-1.));
#4947=DIRECTION('',(0.,1.,0.));
#4948=DIRECTION('',(0.,0.,1.));
#4949=DIRECTION('',(0.,-1.,0.));
#4950=DIRECTION('',(0.,1.,0.));
#4951=DIRECTION('',(0.,0.,1.));
#4952=DIRECTION('',(0.,-1.,0.));
#4953=DIRECTION('',(0.,-1.,0.));
#4954=DIRECTION('',(0.,-1.,0.));
#4955=DIRECTION('',(0.,0.,-1.));
#4956=DIRECTION('',(1.,0.,0.));
#4957=DIRECTION('',(-1.73472347597681E-16,0.,-1.));
#4958=DIRECTION('',(0.,-1.,0.));
#4959=DIRECTION('',(0.,0.,-1.));
#4960=DIRECTION('',(0.,-1.,0.));
#4961=DIRECTION('',(0.,0.,-1.));
#4962=DIRECTION('',(0.707106781186544,0.707106781186551,-1.22663473334669E-16));
#4963=DIRECTION('',(0.707106781186551,-0.707106781186544,-1.22663473334671E-16));
#4964=DIRECTION('',(0.,0.70710678118655,-0.707106781186545));
#4965=DIRECTION('',(0.,-0.707106781186545,-0.70710678118655));
#4966=DIRECTION('',(0.,-1.,0.));
#4967=DIRECTION('',(0.,0.,-1.));
#4968=DIRECTION('',(1.73472347597681E-16,0.,1.));
#4969=DIRECTION('',(-1.,0.,0.));
#4970=DIRECTION('',(0.,-1.,0.));
#4971=DIRECTION('',(0.,0.,1.));
#4972=DIRECTION('',(0.,-1.,0.));
#4973=DIRECTION('',(0.,0.,-1.));
#4974=DIRECTION('',(0.707106781186544,0.707106781186551,-1.22663473334669E-16));
#4975=DIRECTION('',(0.707106781186551,-0.707106781186544,-1.22663473334671E-16));
#4976=DIRECTION('',(0.,0.70710678118655,0.707106781186545));
#4977=DIRECTION('',(0.,-0.707106781186545,0.70710678118655));
#4978=DIRECTION('',(0.,-1.,0.));
#4979=DIRECTION('',(0.,0.,-1.));
#4980=DIRECTION('',(-1.,0.,0.));
#4981=DIRECTION('',(0.,0.,-1.));
#4982=DIRECTION('',(0.,-1.,0.));
#4983=DIRECTION('',(0.,0.,-1.));
#4984=DIRECTION('',(0.,-1.,0.));
#4985=DIRECTION('',(0.,0.,-1.));
#4986=DIRECTION('',(0.,0.70710678118655,0.707106781186545));
#4987=DIRECTION('',(0.,-0.707106781186545,0.70710678118655));
#4988=DIRECTION('',(-0.707106781186545,0.70710678118655,0.));
#4989=DIRECTION('',(-0.70710678118655,-0.707106781186545,0.));
#4990=DIRECTION('',(0.,-1.,0.));
#4991=DIRECTION('',(0.,0.,-1.));
#4992=DIRECTION('',(0.,0.,-1.));
#4993=DIRECTION('',(1.,0.,0.));
#4994=DIRECTION('',(0.,-1.,0.));
#4995=DIRECTION('',(0.,0.,1.));
#4996=DIRECTION('',(0.,-1.,0.));
#4997=DIRECTION('',(0.,0.,-1.));
#4998=DIRECTION('',(0.,0.70710678118655,-0.707106781186545));
#4999=DIRECTION('',(0.,-0.707106781186545,-0.70710678118655));
#5000=DIRECTION('',(-0.707106781186545,0.70710678118655,0.));
#5001=DIRECTION('',(-0.70710678118655,-0.707106781186545,0.));
#5002=DIRECTION('',(-0.707106781186548,0.707106781186548,0.));
#5003=DIRECTION('',(0.,0.,-1.));
#5004=DIRECTION('',(0.,0.,-1.));
#5005=DIRECTION('',(0.,0.,1.));
#5006=DIRECTION('',(0.,0.707106781186548,0.707106781186548));
#5007=DIRECTION('',(-1.,0.,0.));
#5008=DIRECTION('',(-1.,0.,0.));
#5009=DIRECTION('',(1.,0.,0.));
#5010=DIRECTION('',(0.,0.707106781186548,-0.707106781186548));
#5011=DIRECTION('',(1.,0.,0.));
#5012=DIRECTION('',(1.,0.,0.));
#5013=DIRECTION('',(-1.,0.,0.));
#5014=DIRECTION('',(0.707106781186548,0.707106781186548,0.));
#5015=DIRECTION('',(8.67361737988405E-17,-8.67361737988405E-17,1.));
#5016=DIRECTION('',(-1.73472347597681E-16,0.,-1.));
#5017=DIRECTION('',(1.73472347597681E-16,0.,1.));
#5018=DIRECTION('',(0.,1.,0.));
#5019=DIRECTION('',(0.,0.,1.));
#5020=DIRECTION('',(0.,1.,0.));
#5021=DIRECTION('',(0.,0.,1.));
#5022=DIRECTION('',(0.,1.,0.));
#5023=DIRECTION('',(0.,0.,1.));
#5024=DIRECTION('',(0.,1.,0.));
#5025=DIRECTION('',(0.,0.,1.));
#5026=DIRECTION('',(0.,1.,0.));
#5027=DIRECTION('',(0.,0.,1.));
#5028=DIRECTION('',(0.,1.,0.));
#5029=DIRECTION('',(0.,0.,1.));
#5030=DIRECTION('',(0.,-1.,0.));
#5031=DIRECTION('',(0.,0.,-1.));
#5032=DIRECTION('',(0.,1.,0.));
#5033=DIRECTION('',(0.,0.,1.));
#5034=DIRECTION('',(0.,1.,0.));
#5035=DIRECTION('',(0.,0.,1.));
#5036=DIRECTION('',(0.,1.,0.));
#5037=DIRECTION('',(0.,0.,1.));
#5038=DIRECTION('',(0.,-1.,0.));
#5039=DIRECTION('',(0.,0.,-1.));
#5040=DIRECTION('',(0.,1.,0.));
#5041=DIRECTION('',(0.,0.,1.));
#5042=DIRECTION('',(0.,1.,0.));
#5043=DIRECTION('',(0.,0.,1.));
#5044=DIRECTION('',(0.,1.,0.));
#5045=DIRECTION('',(0.,0.,1.));
#5046=DIRECTION('',(0.,-1.,0.));
#5047=DIRECTION('',(0.,0.,-1.));
#5048=DIRECTION('',(0.,1.,0.));
#5049=DIRECTION('',(0.,0.,1.));
#5050=DIRECTION('',(0.,-1.,0.));
#5051=DIRECTION('',(0.,0.,-1.));
#5052=DIRECTION('',(0.,1.,0.));
#5053=DIRECTION('',(0.,0.,1.));
#5054=DIRECTION('',(0.,-1.,0.));
#5055=DIRECTION('',(0.,1.,0.));
#5056=DIRECTION('',(0.,0.,1.));
#5057=DIRECTION('',(0.,-1.,0.));
#5058=DIRECTION('',(0.,0.,-1.));
#5059=DIRECTION('',(-1.,0.,0.));
#5060=DIRECTION('',(1.,0.,0.));
#5061=DIRECTION('',(0.,-1.,0.));
#5062=DIRECTION('',(1.,0.,0.));
#5063=DIRECTION('',(0.,-1.,0.));
#5064=DIRECTION('',(1.,0.,0.));
#5065=DIRECTION('',(0.,0.,-1.));
#5066=DIRECTION('',(0.,0.,1.));
#5067=DIRECTION('',(0.,-1.,0.));
#5068=DIRECTION('',(0.,0.,1.));
#5069=DIRECTION('',(0.,0.,1.));
#5070=DIRECTION('',(1.,0.,0.));
#5071=DIRECTION('',(-1.,0.,0.));
#5072=DIRECTION('',(0.,-1.,0.));
#5073=DIRECTION('',(-1.,0.,0.));
#5074=DIRECTION('',(-1.,0.,0.));
#5075=DIRECTION('',(0.,0.,1.));
#5076=DIRECTION('',(0.,0.,-1.));
#5077=DIRECTION('',(0.,0.,-1.));
#5078=DIRECTION('',(0.,1.,0.));
#5079=DIRECTION('',(0.,0.,1.));
#5080=DIRECTION('',(-1.,0.,0.));
#5081=DIRECTION('',(0.,0.,1.));
#5082=DIRECTION('',(1.,0.,-1.35525271560688E-16));
#5083=DIRECTION('',(-9.74563750548768E-17,0.,-1.));
#5084=DIRECTION('',(-9.74563750548768E-17,0.,-1.));
#5085=DIRECTION('',(0.,1.,0.));
#5086=DIRECTION('',(0.,0.,1.));
#5087=DIRECTION('',(1.,0.,2.34026775848473E-16));
#5088=DIRECTION('',(3.59528181549597E-16,0.,-1.));
#5089=DIRECTION('',(0.,1.,0.));
#5090=DIRECTION('',(0.,0.,1.));
#5091=DIRECTION('',(-1.,0.,0.));
#5092=DIRECTION('',(0.,0.,1.));
#5093=DIRECTION('',(-3.59528181549597E-16,0.,-1.));
#5094=DIRECTION('',(0.,0.,-1.));
#5095=DIRECTION('',(-1.,0.,0.));
#5096=DIRECTION('',(1.,0.,-7.19056363099194E-16));
#5097=DIRECTION('',(-1.,0.,0.));
#5098=DIRECTION('',(0.,0.,1.));
#5099=DIRECTION('',(3.59528181549597E-16,0.,-1.));
#5100=DIRECTION('',(0.,-1.,0.));
#5101=DIRECTION('',(-3.59528181549597E-16,0.,-1.));
#5102=DIRECTION('',(0.,-1.,0.));
#5103=DIRECTION('',(0.,0.,1.));
#5104=DIRECTION('',(1.,0.,0.));
#5105=DIRECTION('',(-1.,0.,-3.59528181549597E-16));
#5106=DIRECTION('',(0.,-1.,0.));
#5107=DIRECTION('',(-1.,0.,1.17013387924237E-16));
#5108=DIRECTION('',(0.,1.,0.));
#5109=DIRECTION('',(0.,0.,1.));
#5110=DIRECTION('',(0.,1.,0.));
#5111=DIRECTION('',(0.,0.,1.));
#5112=DIRECTION('',(1.,0.,0.));
#5113=DIRECTION('',(0.,0.,-1.));
#5114=DIRECTION('',(1.79764090774799E-16,0.,1.));
#5115=DIRECTION('',(1.79764090774799E-16,0.,1.));
#5116=DIRECTION('',(0.,0.,-1.));
#5117=DIRECTION('',(-1.,0.,0.));
#5118=DIRECTION('',(1.,0.,2.34026775848473E-16));
#5119=DIRECTION('',(1.,0.,-7.19056363099194E-16));
#5120=DIRECTION('',(0.,0.,1.));
#5121=DIRECTION('',(1.,0.,0.));
#5122=DIRECTION('',(-1.,0.,-3.59528181549597E-16));
#5123=DIRECTION('',(-1.,0.,1.17013387924237E-16));
#5124=DIRECTION('',(0.,1.,0.));
#5125=DIRECTION('',(0.,0.,1.));
#5126=DIRECTION('',(1.,0.,8.83242672925298E-17));
#5127=DIRECTION('',(0.,1.,0.));
#5128=DIRECTION('',(0.,0.,1.));
#5129=DIRECTION('',(0.,1.,0.));
#5130=DIRECTION('',(0.,0.,1.));
#5131=DIRECTION('',(1.,0.,8.83242672925298E-17));
#5132=DIRECTION('',(0.,0.,-1.));
#5133=DIRECTION('',(0.,1.,0.));
#5134=DIRECTION('',(0.,0.,1.));
#5135=DIRECTION('',(0.,0.,-1.));
#5136=DIRECTION('',(0.,1.,0.));
#5137=DIRECTION('',(0.,0.,1.));
#5138=DIRECTION('',(-9.74563750548768E-17,0.,-1.));
#5139=DIRECTION('',(-9.74563750548768E-17,0.,-1.));
#5140=DIRECTION('',(1.,0.,8.83242672925298E-17));
#5141=DIRECTION('',(0.,1.,0.));
#5142=DIRECTION('',(0.,0.,1.));
#5143=DIRECTION('',(1.,0.,8.83242672925298E-17));
#5144=DIRECTION('',(8.83242672925298E-17,0.,-1.));
#5145=DIRECTION('',(-1.,0.,-8.83242672925298E-17));
#5146=DIRECTION('',(0.,-1.,0.));
#5147=DIRECTION('',(0.,-1.,0.));
#5148=DIRECTION('',(0.,0.,-1.));
#5149=DIRECTION('',(0.,1.,0.));
#5150=DIRECTION('',(0.,0.,1.));
#5151=DIRECTION('',(-1.,0.,0.));
#5152=DIRECTION('',(0.,0.,1.));
#5153=DIRECTION('',(0.,0.,1.));
#5154=DIRECTION('',(8.83242672925298E-17,0.,-1.));
#5155=DIRECTION('',(-1.,0.,-8.83242672925298E-17));
#5156=DIRECTION('',(0.,-1.,0.));
#5157=DIRECTION('',(0.,1.,0.));
#5158=DIRECTION('',(0.,0.,1.));
#5159=DIRECTION('',(0.,0.,-1.));
#5160=DIRECTION('',(-1.,0.,0.));
#5161=DIRECTION('',(1.,0.,0.));
#5162=DIRECTION('',(1.,0.,0.));
#5163=DIRECTION('',(1.,0.,0.));
#5164=DIRECTION('',(0.,0.,-1.));
#5165=DIRECTION('',(0.,0.,1.));
#5166=DIRECTION('',(1.73472347597681E-16,0.,1.));
#5167=DIRECTION('',(0.,0.,1.));
#5168=DIRECTION('',(1.,0.,0.));
#5169=DIRECTION('',(-1.,0.,0.));
#5170=DIRECTION('',(-1.,0.,0.));
#5171=DIRECTION('',(0.,-1.,0.));
#5172=DIRECTION('',(0.,0.,-1.));
#5173=DIRECTION('',(0.,1.,0.));
#5174=DIRECTION('',(0.,0.,1.));
#5175=DIRECTION('',(0.,1.,0.));
#5176=DIRECTION('',(0.,0.,1.));
#5177=DIRECTION('',(0.,1.,0.));
#5178=DIRECTION('',(0.,0.,1.));
#5179=DIRECTION('',(0.,1.,0.));
#5180=DIRECTION('',(0.,0.,1.));
#5181=DIRECTION('',(0.,1.,0.));
#5182=DIRECTION('',(0.,0.,1.));
#5183=DIRECTION('',(0.,1.,0.));
#5184=DIRECTION('',(0.,0.,1.));
#5185=DIRECTION('',(0.,1.,0.));
#5186=DIRECTION('',(0.,0.,1.));
#5187=DIRECTION('',(0.,0.,-1.));
#5188=DIRECTION('',(0.,1.,0.));
#5189=DIRECTION('',(0.,0.,1.));
#5190=DIRECTION('',(0.,0.,-1.));
#5191=DIRECTION('',(0.,1.,0.));
#5192=DIRECTION('',(0.,0.,1.));
#5193=DIRECTION('',(0.,1.,0.));
#5194=DIRECTION('',(0.,0.,1.));
#5195=DIRECTION('',(-1.,0.,9.74563750548768E-17));
#5196=DIRECTION('',(9.74563750548768E-17,0.,1.));
#5197=DIRECTION('',(-1.,0.,9.74563750548768E-17));
#5198=DIRECTION('',(9.74563750548768E-17,0.,1.));
#5199=DIRECTION('',(1.,0.,0.));
#5200=DIRECTION('',(0.,0.,-1.));
#5201=DIRECTION('',(-1.,0.,0.));
#5202=DIRECTION('',(0.,0.,1.));
#5203=DIRECTION('',(0.,1.,0.));
#5204=DIRECTION('',(0.,0.,1.));
#5205=DIRECTION('',(0.,0.,1.));
#5206=DIRECTION('',(-1.,0.,0.));
#5207=DIRECTION('',(0.,0.,1.));
#5208=DIRECTION('',(0.,1.,0.));
#5209=DIRECTION('',(0.,0.,1.));
#5210=DIRECTION('',(0.,1.,0.));
#5211=DIRECTION('',(0.,0.,1.));
#5212=DIRECTION('',(4.57966997657877E-16,1.,1.09007943705786E-15));
#5213=DIRECTION('',(-4.57535192898853E-17,-1.09007943705786E-15,1.));
#5214=DIRECTION('',(1.,0.,0.));
#5215=DIRECTION('',(0.,0.,-1.));
#5216=DIRECTION('',(1.,0.,0.));
#5217=DIRECTION('',(0.,0.,-1.));
#5218=DIRECTION('',(1.,0.,0.));
#5219=DIRECTION('',(0.,0.,-1.));
#5220=DIRECTION('',(0.,1.,0.));
#5221=DIRECTION('',(0.,0.,1.));
#5222=DIRECTION('',(-1.,0.,0.));
#5223=DIRECTION('',(0.,0.,-1.));
#5224=DIRECTION('',(-1.,0.,0.));
#5225=DIRECTION('',(0.,0.,-1.));
#5226=DIRECTION('',(0.,8.67361737988404E-17,-1.));
#5227=DIRECTION('',(0.,1.,8.67361737988404E-17));
#5228=DIRECTION('',(0.,-1.,-8.67361737988404E-17));
#5229=DIRECTION('',(-1.,0.,0.));
#5230=DIRECTION('',(0.,-1.,-8.67361737988404E-17));
#5231=DIRECTION('',(0.,-1.,0.));
#5232=DIRECTION('',(0.,0.,-1.));
#5233=DIRECTION('',(0.,0.,1.));
#5234=DIRECTION('',(-1.,0.,0.));
#5235=DIRECTION('',(0.,0.,1.));
#5236=DIRECTION('',(0.,8.67361737988404E-17,1.));
#5237=DIRECTION('',(0.,-1.,8.67361737988404E-17));
#5238=DIRECTION('',(0.,1.,-8.67361737988404E-17));
#5239=DIRECTION('',(0.,1.,-8.67361737988404E-17));
#5240=DIRECTION('',(0.,0.,-1.));
#5241=DIRECTION('',(0.,1.,0.));
#5242=DIRECTION('',(-1.,0.,0.));
#5243=DIRECTION('',(0.,-1.,3.71726459137887E-16));
#5244=DIRECTION('',(-1.,0.,0.));
#5245=DIRECTION('',(0.,-1.,3.71726459137887E-16));
#5246=DIRECTION('',(0.,0.,1.));
#5247=DIRECTION('',(0.,-1.,0.));
#5248=DIRECTION('',(-1.,0.,0.));
#5249=DIRECTION('',(0.,1.,1.23908819712629E-16));
#5250=DIRECTION('',(1.,0.,0.));
#5251=DIRECTION('',(0.,1.,1.23908819712629E-16));
#5252=DIRECTION('',(-1.,0.,0.));
#5253=DIRECTION('',(0.,0.,1.));
#5254=DIRECTION('',(-1.,0.,0.));
#5255=DIRECTION('',(0.,0.,1.));
#5256=DIRECTION('',(-1.,0.,0.));
#5257=DIRECTION('',(0.,0.,1.));
#5258=DIRECTION('',(0.,-1.,0.));
#5259=DIRECTION('',(0.,0.,-1.));
#5260=DIRECTION('',(0.,0.,-1.));
#5261=DIRECTION('',(-1.,0.,0.));
#5262=DIRECTION('',(0.,0.,1.));
#5263=DIRECTION('',(-1.,0.,0.));
#5264=DIRECTION('',(0.,0.,1.));
#5265=DIRECTION('',(0.,0.,-1.));
#5266=DIRECTION('',(0.,-1.,0.));
#5267=DIRECTION('',(0.,0.,-1.));
#5268=DIRECTION('',(0.,-1.,0.));
#5269=DIRECTION('',(0.,-1.,0.));
#5270=DIRECTION('',(0.,0.,-1.));
#5271=DIRECTION('',(0.,0.,-1.));
#5272=DIRECTION('',(-1.,0.,0.));
#5273=DIRECTION('',(0.,0.,1.));
#5274=DIRECTION('',(1.,0.,0.));
#5275=DIRECTION('',(1.,0.,0.));
#5276=DIRECTION('',(0.,0.,-1.));
#5277=DIRECTION('',(0.,0.,1.));
#5278=DIRECTION('',(0.,-1.,0.));
#5279=DIRECTION('',(0.,-1.,0.));
#5280=DIRECTION('',(0.,-1.,0.));
#5281=DIRECTION('',(0.,0.,-1.));
#5282=DIRECTION('',(0.,1.,0.));
#5283=DIRECTION('',(0.,0.,1.));
#5284=DIRECTION('',(0.,1.,0.));
#5285=DIRECTION('',(0.,0.,1.));
#5286=DIRECTION('',(0.,0.,-1.));
#5287=DIRECTION('',(-1.,0.,0.));
#5288=DIRECTION('',(1.,0.,0.));
#5289=DIRECTION('',(0.,-1.,0.));
#5290=DIRECTION('',(1.,0.,0.));
#5291=DIRECTION('',(1.,0.,0.));
#5292=DIRECTION('',(0.,-1.,0.));
#5293=DIRECTION('',(1.,0.,0.));
#5294=DIRECTION('',(0.,0.,-1.));
#5295=DIRECTION('',(0.,0.,1.));
#5296=DIRECTION('',(0.,-1.,0.));
#5297=DIRECTION('',(0.,0.,1.));
#5298=DIRECTION('',(0.,0.,1.));
#5299=DIRECTION('',(1.,0.,0.));
#5300=DIRECTION('',(-1.,0.,0.));
#5301=DIRECTION('',(-1.,0.,0.));
#5302=DIRECTION('',(0.,-1.,0.));
#5303=DIRECTION('',(-1.,0.,0.));
#5304=DIRECTION('',(0.,0.,1.));
#5305=DIRECTION('',(0.,0.,-1.));
#5306=DIRECTION('',(0.,-1.,0.));
#5307=DIRECTION('',(0.,0.,-1.));
#5308=DIRECTION('',(0.,-1.,0.));
#5309=DIRECTION('',(0.,0.,-1.));
#5310=DIRECTION('',(0.,-1.,0.));
#5311=DIRECTION('',(0.,0.,-1.));
#5312=DIRECTION('',(4.85722573273506E-17,-1.,-1.97215226305253E-31));
#5313=DIRECTION('',(1.,4.85722573273506E-17,1.19801156583005E-16));
#5314=DIRECTION('',(0.,0.,1.));
#5315=DIRECTION('',(1.,0.,0.));
#5316=CARTESIAN_POINT('',(0.,0.,0.));
#5317=CARTESIAN_POINT('',(2.53,3.04,0.8));
#5318=CARTESIAN_POINT('',(2.53,3.04,0.8));
#5319=CARTESIAN_POINT('',(2.53,3.04,0.95));
#5320=CARTESIAN_POINT('',(2.68,3.04,0.8));
#5321=CARTESIAN_POINT('',(2.68,3.04,0.8));
#5322=CARTESIAN_POINT('',(2.68,3.28,0.8));
#5323=CARTESIAN_POINT('',(2.53,3.28,0.8));
#5324=CARTESIAN_POINT('',(2.53,3.28,0.95));
#5325=CARTESIAN_POINT('',(2.53,3.28,0.95));
#5326=CARTESIAN_POINT('',(2.53,3.04,-0.8));
#5327=CARTESIAN_POINT('',(2.53,3.04,-0.8));
#5328=CARTESIAN_POINT('',(2.68,3.04,-0.8));
#5329=CARTESIAN_POINT('',(2.53,3.04,-0.95));
#5330=CARTESIAN_POINT('',(2.53,3.04,-0.95));
#5331=CARTESIAN_POINT('',(2.53,3.28,-0.95));
#5332=CARTESIAN_POINT('',(2.53,3.28,-0.8));
#5333=CARTESIAN_POINT('',(2.68,3.28,-0.8));
#5334=CARTESIAN_POINT('',(2.68,3.04,-0.8));
#5335=CARTESIAN_POINT('',(-2.53,3.04,0.8));
#5336=CARTESIAN_POINT('',(-2.53,3.04,0.8));
#5337=CARTESIAN_POINT('',(-2.68,3.04,0.8));
#5338=CARTESIAN_POINT('',(-2.53,3.04,0.95));
#5339=CARTESIAN_POINT('',(-2.53,3.04,0.95));
#5340=CARTESIAN_POINT('',(-2.53,3.28,0.95));
#5341=CARTESIAN_POINT('',(-2.53,3.28,0.8));
#5342=CARTESIAN_POINT('',(-2.68,3.28,0.8));
#5343=CARTESIAN_POINT('',(-2.68,3.28,0.8));
#5344=CARTESIAN_POINT('',(-2.53,3.04,-0.8));
#5345=CARTESIAN_POINT('',(-2.53,3.04,-0.8));
#5346=CARTESIAN_POINT('',(-2.53,3.04,-0.95));
#5347=CARTESIAN_POINT('',(-2.68,3.04,-0.8));
#5348=CARTESIAN_POINT('',(-2.68,3.04,-0.8));
#5349=CARTESIAN_POINT('',(-2.68,3.28,-0.8));
#5350=CARTESIAN_POINT('',(-2.53,3.28,-0.8));
#5351=CARTESIAN_POINT('',(-2.53,3.28,-0.95));
#5352=CARTESIAN_POINT('',(-2.53,3.04,-0.95));
#5353=CARTESIAN_POINT('',(0.,4.,0.));
#5354=CARTESIAN_POINT('',(-0.666197607495622,4.,0.543074252136752));
#5355=CARTESIAN_POINT('',(-0.666197607495622,4.,0.543074252136752));
#5356=CARTESIAN_POINT('',(-0.666197607495622,4.,0.503386752136752));
#5357=CARTESIAN_POINT('',(-0.666197607495622,4.,0.503386752136752));
#5358=CARTESIAN_POINT('',(-0.736753163051178,4.,0.503386752136752));
#5359=CARTESIAN_POINT('',(-0.736753163051178,4.,0.503386752136752));
#5360=CARTESIAN_POINT('',(-0.737049971277673,4.,0.542141426282051));
#5361=CARTESIAN_POINT('',(-0.737049971277673,4.,0.542141426282051));
#5362=CARTESIAN_POINT('',(-0.737050771774299,4.,0.543950876247411));
#5363=CARTESIAN_POINT('',(-0.737052323364754,4.,0.547458105639554));
#5364=CARTESIAN_POINT('',(-0.736810795070218,4.,0.552532098327588));
#5365=CARTESIAN_POINT('',(-0.736536032224357,4.,0.557256504735783));
#5366=CARTESIAN_POINT('',(-0.736115763169061,4.,0.561613256141934));
#5367=CARTESIAN_POINT('',(-0.735574131148155,4.,0.565604292374091));
#5368=CARTESIAN_POINT('',(-0.734896626867375,4.,0.569227639756252));
#5369=CARTESIAN_POINT('',(-0.734107256792953,4.,0.572489143942535));
#5370=CARTESIAN_POINT('',(-0.73288567022401,4.,0.576293178054052));
#5371=CARTESIAN_POINT('',(-0.730949183962401,4.,0.580539665900858));
#5372=CARTESIAN_POINT('',(-0.728136548002066,4.,0.585160412320533));
#5373=CARTESIAN_POINT('',(-0.724575974480176,4.,0.589082001373613));
#5374=CARTESIAN_POINT('',(-0.720569223336411,4.,0.592463171224417));
#5375=CARTESIAN_POINT('',(-0.71607327899003,4.,0.595067533162262));
#5376=CARTESIAN_POINT('',(-0.711287699470436,4.,0.596963051726794));
#5377=CARTESIAN_POINT('',(-0.706253800257552,4.,0.598152595250343));
#5378=CARTESIAN_POINT('',(-0.702796264936231,4.,0.598294015165111));
#5379=CARTESIAN_POINT('',(-0.701051373521263,4.,0.598365384615384));
#5380=CARTESIAN_POINT('',(-0.701051373521263,4.,0.598365384615384));
#5381=CARTESIAN_POINT('',(-0.701051373521263,4.,0.598365384615384));
#5382=CARTESIAN_POINT('',(-0.699348703923609,4.,0.598293795782827));
#5383=CARTESIAN_POINT('',(-0.695974634071215,4.,0.598151932838875));
#5384=CARTESIAN_POINT('',(-0.691048640534512,4.,0.596960746940861));
#5385=CARTESIAN_POINT('',(-0.686366158910694,4.,0.595037155875314));
#5386=CARTESIAN_POINT('',(-0.682016440421849,4.,0.592339836016895));
#5387=CARTESIAN_POINT('',(-0.67803517234046,4.,0.589080538670532));
#5388=CARTESIAN_POINT('',(-0.674675785448316,4.,0.585209638428898));
#5389=CARTESIAN_POINT('',(-0.671862494726071,4.,0.580922078572872));
#5390=CARTESIAN_POINT('',(-0.670077833663411,4.,0.576911888942491));
#5391=CARTESIAN_POINT('',(-0.668981488044065,4.,0.573329995691784));
#5392=CARTESIAN_POINT('',(-0.668210950974943,4.,0.570219577822869));
#5393=CARTESIAN_POINT('',(-0.66758666441718,4.,0.566691713160517));
#5394=CARTESIAN_POINT('',(-0.667101293413811,4.,0.562754856388201));
#5395=CARTESIAN_POINT('',(-0.666664514975746,4.,0.558416129931521));
#5396=CARTESIAN_POINT('',(-0.66638131940569,4.,0.553663653520094));
#5397=CARTESIAN_POINT('',(-0.666210155955404,4.,0.548502915219343));
#5398=CARTESIAN_POINT('',(-0.666201887659325,4.,0.544925918961722));
#5399=CARTESIAN_POINT('',(-0.666197607495622,4.,0.543074252136752));
#5400=CARTESIAN_POINT('',(-0.666197607495684,4.,0.543074252163714));
#5401=CARTESIAN_POINT('',(-0.666197607495684,4.01,0.543074252163714));
#5402=CARTESIAN_POINT('',(-0.666226180479449,4.,0.555435378933193));
#5403=CARTESIAN_POINT('',(-0.666226180479449,4.01,0.555435378933193));
#5404=CARTESIAN_POINT('',(-0.665150026768713,4.,0.582418040714136));
#5405=CARTESIAN_POINT('',(-0.665150026768713,4.01,0.582418040714136));
#5406=CARTESIAN_POINT('',(-0.688677185957602,4.,0.597845111248544));
#5407=CARTESIAN_POINT('',(-0.688677185957602,4.01,0.597845111248544));
#5408=CARTESIAN_POINT('',(-0.701051190416498,4.,0.598365376916735));
#5409=CARTESIAN_POINT('',(-0.701051190416498,4.01,0.598365376916735));
#5410=CARTESIAN_POINT('',(-0.701051373521263,4.01,0.598365384615384));
#5411=CARTESIAN_POINT('',(-0.701051191628214,4.01,0.598365375374561));
#5412=CARTESIAN_POINT('',(-0.701051373521263,4.01,0.598365384615384));
#5413=CARTESIAN_POINT('',(-0.699348703923609,4.01,0.598293795782827));
#5414=CARTESIAN_POINT('',(-0.695974634071215,4.01,0.598151932838875));
#5415=CARTESIAN_POINT('',(-0.691048640534512,4.01,0.596960746940861));
#5416=CARTESIAN_POINT('',(-0.686366158910694,4.01,0.595037155875314));
#5417=CARTESIAN_POINT('',(-0.682016440421849,4.01,0.592339836016895));
#5418=CARTESIAN_POINT('',(-0.67803517234046,4.01,0.589080538670532));
#5419=CARTESIAN_POINT('',(-0.674675785448316,4.01,0.585209638428898));
#5420=CARTESIAN_POINT('',(-0.671862494726071,4.01,0.580922078572872));
#5421=CARTESIAN_POINT('',(-0.670077833663411,4.01,0.576911888942491));
#5422=CARTESIAN_POINT('',(-0.668981488044065,4.01,0.573329995691784));
#5423=CARTESIAN_POINT('',(-0.668210950974943,4.01,0.570219577822869));
#5424=CARTESIAN_POINT('',(-0.66758666441718,4.01,0.566691713160517));
#5425=CARTESIAN_POINT('',(-0.667101293413811,4.01,0.562754856388201));
#5426=CARTESIAN_POINT('',(-0.666664514975746,4.01,0.558416129931521));
#5427=CARTESIAN_POINT('',(-0.66638131940569,4.01,0.553663653520094));
#5428=CARTESIAN_POINT('',(-0.666210155955404,4.01,0.548502915219343));
#5429=CARTESIAN_POINT('',(-0.666201887659325,4.01,0.544925918961722));
#5430=CARTESIAN_POINT('',(-0.666197607495622,4.01,0.543074252136752));
#5431=CARTESIAN_POINT('',(-0.666197607495622,4.01,0.543074252136752));
#5432=CARTESIAN_POINT('',(-0.666197607495622,4.01,0.543074252136752));
#5433=CARTESIAN_POINT('',(-0.701051193388049,4.,0.598365391983183));
#5434=CARTESIAN_POINT('',(-0.701051193388049,4.01,0.598365391983183));
#5435=CARTESIAN_POINT('',(-0.713687008151875,4.,0.597848562600155));
#5436=CARTESIAN_POINT('',(-0.713687008151875,4.01,0.597848562600155));
#5437=CARTESIAN_POINT('',(-0.737557308240348,4.,0.582275568642236));
#5438=CARTESIAN_POINT('',(-0.737557308240348,4.01,0.582275568642236));
#5439=CARTESIAN_POINT('',(-0.737055556439196,3.99999999999999,0.554766176961399));
#5440=CARTESIAN_POINT('',(-0.737055556439196,4.00999999999999,0.554766176961399));
#5441=CARTESIAN_POINT('',(-0.737049971277707,4.,0.542141426358916));
#5442=CARTESIAN_POINT('',(-0.737049971277707,4.01,0.542141426358916));
#5443=CARTESIAN_POINT('',(-0.737049971277673,4.01,0.542141426282051));
#5444=CARTESIAN_POINT('',(-0.737049971277673,4.01,0.542141426282051));
#5445=CARTESIAN_POINT('',(-0.737049971277673,4.01,0.542141426282051));
#5446=CARTESIAN_POINT('',(-0.737050771774299,4.01,0.543950876247411));
#5447=CARTESIAN_POINT('',(-0.737052323364754,4.01,0.547458105639554));
#5448=CARTESIAN_POINT('',(-0.736810795070218,4.01,0.552532098327588));
#5449=CARTESIAN_POINT('',(-0.736536032224357,4.01,0.557256504735783));
#5450=CARTESIAN_POINT('',(-0.736115763169061,4.01,0.561613256141934));
#5451=CARTESIAN_POINT('',(-0.735574131148155,4.01,0.565604292374091));
#5452=CARTESIAN_POINT('',(-0.734896626867375,4.01,0.569227639756252));
#5453=CARTESIAN_POINT('',(-0.734107256792953,4.01,0.572489143942535));
#5454=CARTESIAN_POINT('',(-0.73288567022401,4.01,0.576293178054052));
#5455=CARTESIAN_POINT('',(-0.730949183962401,4.01,0.580539665900858));
#5456=CARTESIAN_POINT('',(-0.728136548002066,4.01,0.585160412320533));
#5457=CARTESIAN_POINT('',(-0.724575974480176,4.01,0.589082001373613));
#5458=CARTESIAN_POINT('',(-0.720569223336411,4.01,0.592463171224417));
#5459=CARTESIAN_POINT('',(-0.71607327899003,4.01,0.595067533162262));
#5460=CARTESIAN_POINT('',(-0.711287699470436,4.01,0.596963051726794));
#5461=CARTESIAN_POINT('',(-0.706253800257552,4.01,0.598152595250343));
#5462=CARTESIAN_POINT('',(-0.702796264936231,4.01,0.598294015165111));
#5463=CARTESIAN_POINT('',(-0.701051373521263,4.01,0.598365384615384));
#5464=CARTESIAN_POINT('',(-0.736753163051178,4.01,0.503386752136752));
#5465=CARTESIAN_POINT('',(-0.736753163051178,4.01,0.503386752136752));
#5466=CARTESIAN_POINT('',(-0.736753163051178,4.01,0.503386752136752));
#5467=CARTESIAN_POINT('',(-0.736753163051178,4.01,0.503386752136752));
#5468=CARTESIAN_POINT('',(-0.758462564760579,4.01,0.503386752136752));
#5469=CARTESIAN_POINT('',(-0.666197607495622,4.01,0.503386752136752));
#5470=CARTESIAN_POINT('',(-0.666197607495622,4.01,0.503386752136752));
#5471=CARTESIAN_POINT('',(-0.666197607495622,4.01,0.503386752136752));
#5472=CARTESIAN_POINT('',(-0.666197607495622,4.01,0.543074252136752));
#5473=CARTESIAN_POINT('',(-0.666197607495622,4.01,0.543074252136752));
#5474=CARTESIAN_POINT('',(-0.64448820578622,4.01,0.484391025641025));
#5475=CARTESIAN_POINT('',(-0.64448820578622,4.,0.484391025641025));
#5476=CARTESIAN_POINT('',(-0.64448820578622,4.,0.484391025641025));
#5477=CARTESIAN_POINT('',(-0.64448820578622,4.,0.526749799679487));
#5478=CARTESIAN_POINT('',(-0.64448820578622,4.01,0.484391025641025));
#5479=CARTESIAN_POINT('',(-0.64448820578622,4.01,0.484391025641025));
#5480=CARTESIAN_POINT('',(-0.64448820578622,4.01,0.484391025641025));
#5481=CARTESIAN_POINT('',(-0.64448820578622,4.01,0.526749799679487));
#5482=CARTESIAN_POINT('',(-0.64448820578622,4.01,0.526749799679487));
#5483=CARTESIAN_POINT('',(-0.64448820578622,4.01,0.526749799679487));
#5484=CARTESIAN_POINT('',(-0.64448820578622,4.,0.526749799679487));
#5485=CARTESIAN_POINT('',(-0.644497615034068,4.01,0.529576525070547));
#5486=CARTESIAN_POINT('',(-0.644497615034068,4.,0.529576525070547));
#5487=CARTESIAN_POINT('',(-0.644515681832228,4.01,0.535004150946714));
#5488=CARTESIAN_POINT('',(-0.644515681832228,4.,0.535004150946714));
#5489=CARTESIAN_POINT('',(-0.644616420827149,4.01,0.54277977253513));
#5490=CARTESIAN_POINT('',(-0.644616420827149,4.,0.54277977253513));
#5491=CARTESIAN_POINT('',(-0.644905155672362,4.01,0.549845030306094));
#5492=CARTESIAN_POINT('',(-0.644905155672362,4.,0.549845030306094));
#5493=CARTESIAN_POINT('',(-0.645153627149311,4.01,0.556196230112416));
#5494=CARTESIAN_POINT('',(-0.645153627149311,4.,0.556196230112416));
#5495=CARTESIAN_POINT('',(-0.645606711219806,4.01,0.561833255437173));
#5496=CARTESIAN_POINT('',(-0.645606711219806,4.,0.561833255437173));
#5497=CARTESIAN_POINT('',(-0.646039759878956,4.01,0.56677339159193));
#5498=CARTESIAN_POINT('',(-0.646039759878956,4.,0.56677339159193));
#5499=CARTESIAN_POINT('',(-0.646606643173683,4.01,0.570993885678908));
#5500=CARTESIAN_POINT('',(-0.646606643173683,4.,0.570993885678908));
#5501=CARTESIAN_POINT('',(-0.647133113991128,4.01,0.573548753829112));
#5502=CARTESIAN_POINT('',(-0.647133113991128,4.,0.573548753829112));
#5503=CARTESIAN_POINT('',(-0.64737148570075,4.01,0.574705528846154));
#5504=CARTESIAN_POINT('',(-0.64737148570075,4.,0.574705528846154));
#5505=CARTESIAN_POINT('',(-0.64448820578622,4.,0.526749799679487));
#5506=CARTESIAN_POINT('',(-0.644497615034068,4.,0.529576525070547));
#5507=CARTESIAN_POINT('',(-0.644515681832228,4.,0.535004150946714));
#5508=CARTESIAN_POINT('',(-0.644616420827149,4.,0.54277977253513));
#5509=CARTESIAN_POINT('',(-0.644905155672362,4.,0.549845030306094));
#5510=CARTESIAN_POINT('',(-0.645153627149311,4.,0.556196230112416));
#5511=CARTESIAN_POINT('',(-0.645606711219806,4.,0.561833255437173));
#5512=CARTESIAN_POINT('',(-0.646039759878956,4.,0.56677339159193));
#5513=CARTESIAN_POINT('',(-0.646606643173683,4.,0.570993885678908));
#5514=CARTESIAN_POINT('',(-0.647133113991128,4.,0.573548753829112));
#5515=CARTESIAN_POINT('',(-0.64737148570075,4.,0.574705528846154));
#5516=CARTESIAN_POINT('',(-0.64737148570075,4.,0.574705528846154));
#5517=CARTESIAN_POINT('',(-0.64448820578622,4.01,0.526749799679487));
#5518=CARTESIAN_POINT('',(-0.644497615034068,4.01,0.529576525070547));
#5519=CARTESIAN_POINT('',(-0.644515681832228,4.01,0.535004150946714));
#5520=CARTESIAN_POINT('',(-0.644616420827149,4.01,0.54277977253513));
#5521=CARTESIAN_POINT('',(-0.644905155672362,4.01,0.549845030306094));
#5522=CARTESIAN_POINT('',(-0.645153627149311,4.01,0.556196230112416));
#5523=CARTESIAN_POINT('',(-0.645606711219806,4.01,0.561833255437173));
#5524=CARTESIAN_POINT('',(-0.646039759878956,4.01,0.56677339159193));
#5525=CARTESIAN_POINT('',(-0.646606643173683,4.01,0.570993885678908));
#5526=CARTESIAN_POINT('',(-0.647133113991128,4.01,0.573548753829112));
#5527=CARTESIAN_POINT('',(-0.64737148570075,4.01,0.574705528846154));
#5528=CARTESIAN_POINT('',(-0.64737148570075,4.01,0.574705528846154));
#5529=CARTESIAN_POINT('',(-0.64737148570075,4.01,0.574705528846154));
#5530=CARTESIAN_POINT('',(-0.64737148570075,4.01,0.574705528846154));
#5531=CARTESIAN_POINT('',(-0.64737148570075,4.,0.574705528846154));
#5532=CARTESIAN_POINT('',(-0.647754060962586,4.01,0.576254147201955));
#5533=CARTESIAN_POINT('',(-0.647754060962586,4.,0.576254147201955));
#5534=CARTESIAN_POINT('',(-0.648511050117424,4.01,0.579318347680308));
#5535=CARTESIAN_POINT('',(-0.648511050117424,4.,0.579318347680308));
#5536=CARTESIAN_POINT('',(-0.650111855694058,4.01,0.583729694040138));
#5537=CARTESIAN_POINT('',(-0.650111855694058,4.,0.583729694040138));
#5538=CARTESIAN_POINT('',(-0.65196129070189,4.01,0.58793511551731));
#5539=CARTESIAN_POINT('',(-0.65196129070189,4.,0.58793511551731));
#5540=CARTESIAN_POINT('',(-0.654150381119443,4.01,0.591918830396283));
#5541=CARTESIAN_POINT('',(-0.654150381119443,4.,0.591918830396283));
#5542=CARTESIAN_POINT('',(-0.656640944492143,4.01,0.595681208233257));
#5543=CARTESIAN_POINT('',(-0.656640944492143,4.,0.595681208233257));
#5544=CARTESIAN_POINT('',(-0.659447532272837,4.01,0.59921661572493));
#5545=CARTESIAN_POINT('',(-0.659447532272837,4.,0.59921661572493));
#5546=CARTESIAN_POINT('',(-0.662584437348979,4.01,0.602504839941852));
#5547=CARTESIAN_POINT('',(-0.662584437348979,4.,0.602504839941852));
#5548=CARTESIAN_POINT('',(-0.665971556363449,4.01,0.605571182163339));
#5549=CARTESIAN_POINT('',(-0.665971556363449,4.,0.605571182163339));
#5550=CARTESIAN_POINT('',(-0.669638442959272,4.01,0.608350722704107));
#5551=CARTESIAN_POINT('',(-0.669638442959272,4.,0.608350722704107));
#5552=CARTESIAN_POINT('',(-0.673531680522411,4.01,0.61075605136728));
#5553=CARTESIAN_POINT('',(-0.673531680522411,4.,0.61075605136728));
#5554=CARTESIAN_POINT('',(-0.677626919140906,4.01,0.612815722227501));
#5555=CARTESIAN_POINT('',(-0.677626919140906,4.,0.612815722227501));
#5556=CARTESIAN_POINT('',(-0.681938419943995,4.01,0.61446001941575));
#5557=CARTESIAN_POINT('',(-0.681938419943995,4.,0.61446001941575));
#5558=CARTESIAN_POINT('',(-0.686429736283509,4.01,0.615782806091402));
#5559=CARTESIAN_POINT('',(-0.686429736283509,4.,0.615782806091402));
#5560=CARTESIAN_POINT('',(-0.691140085809538,4.01,0.616715811705435));
#5561=CARTESIAN_POINT('',(-0.691140085809538,4.,0.616715811705435));
#5562=CARTESIAN_POINT('',(-0.696048411247017,4.01,0.617275264674788));
#5563=CARTESIAN_POINT('',(-0.696048411247017,4.,0.617275264674788));
#5564=CARTESIAN_POINT('',(-0.699396244082047,4.01,0.617332227769949));
#5565=CARTESIAN_POINT('',(-0.699396244082047,4.,0.617332227769949));
#5566=CARTESIAN_POINT('',(-0.701093774696477,4.01,0.617361111111111));
#5567=CARTESIAN_POINT('',(-0.701093774696477,4.,0.617361111111111));
#5568=CARTESIAN_POINT('',(-0.64737148570075,4.,0.574705528846154));
#5569=CARTESIAN_POINT('',(-0.647754060962586,4.,0.576254147201955));
#5570=CARTESIAN_POINT('',(-0.648511050117424,4.,0.579318347680308));
#5571=CARTESIAN_POINT('',(-0.650111855694058,4.,0.583729694040138));
#5572=CARTESIAN_POINT('',(-0.65196129070189,4.,0.58793511551731));
#5573=CARTESIAN_POINT('',(-0.654150381119443,4.,0.591918830396283));
#5574=CARTESIAN_POINT('',(-0.656640944492143,4.,0.595681208233257));
#5575=CARTESIAN_POINT('',(-0.659447532272837,4.,0.59921661572493));
#5576=CARTESIAN_POINT('',(-0.662584437348979,4.,0.602504839941852));
#5577=CARTESIAN_POINT('',(-0.665971556363449,4.,0.605571182163339));
#5578=CARTESIAN_POINT('',(-0.669638442959272,4.,0.608350722704107));
#5579=CARTESIAN_POINT('',(-0.673531680522411,4.,0.61075605136728));
#5580=CARTESIAN_POINT('',(-0.677626919140906,4.,0.612815722227501));
#5581=CARTESIAN_POINT('',(-0.681938419943995,4.,0.61446001941575));
#5582=CARTESIAN_POINT('',(-0.686429736283509,4.,0.615782806091402));
#5583=CARTESIAN_POINT('',(-0.691140085809538,4.,0.616715811705435));
#5584=CARTESIAN_POINT('',(-0.696048411247017,4.,0.617275264674788));
#5585=CARTESIAN_POINT('',(-0.699396244082047,4.,0.617332227769949));
#5586=CARTESIAN_POINT('',(-0.701093774696477,4.,0.617361111111111));
#5587=CARTESIAN_POINT('',(-0.701093774696477,4.,0.617361111111111));
#5588=CARTESIAN_POINT('',(-0.64737148570075,4.01,0.574705528846154));
#5589=CARTESIAN_POINT('',(-0.647754060962586,4.01,0.576254147201955));
#5590=CARTESIAN_POINT('',(-0.648511050117424,4.01,0.579318347680308));
#5591=CARTESIAN_POINT('',(-0.650111855694058,4.01,0.583729694040138));
#5592=CARTESIAN_POINT('',(-0.65196129070189,4.01,0.58793511551731));
#5593=CARTESIAN_POINT('',(-0.654150381119443,4.01,0.591918830396283));
#5594=CARTESIAN_POINT('',(-0.656640944492143,4.01,0.595681208233257));
#5595=CARTESIAN_POINT('',(-0.659447532272837,4.01,0.59921661572493));
#5596=CARTESIAN_POINT('',(-0.662584437348979,4.01,0.602504839941852));
#5597=CARTESIAN_POINT('',(-0.665971556363449,4.01,0.605571182163339));
#5598=CARTESIAN_POINT('',(-0.669638442959272,4.01,0.608350722704107));
#5599=CARTESIAN_POINT('',(-0.673531680522411,4.01,0.61075605136728));
#5600=CARTESIAN_POINT('',(-0.677626919140906,4.01,0.612815722227501));
#5601=CARTESIAN_POINT('',(-0.681938419943995,4.01,0.61446001941575));
#5602=CARTESIAN_POINT('',(-0.686429736283509,4.01,0.615782806091402));
#5603=CARTESIAN_POINT('',(-0.691140085809538,4.01,0.616715811705435));
#5604=CARTESIAN_POINT('',(-0.696048411247017,4.01,0.617275264674788));
#5605=CARTESIAN_POINT('',(-0.699396244082047,4.01,0.617332227769949));
#5606=CARTESIAN_POINT('',(-0.701093774696477,4.01,0.617361111111111));
#5607=CARTESIAN_POINT('',(-0.701093774696477,4.01,0.617361111111111));
#5608=CARTESIAN_POINT('',(-0.701093774696477,4.01,0.617361111111111));
#5609=CARTESIAN_POINT('',(-0.701093774696477,4.01,0.617361111111111));
#5610=CARTESIAN_POINT('',(-0.701093774696477,4.,0.617361111111111));
#5611=CARTESIAN_POINT('',(-0.70391409141118,4.01,0.61727227400727));
#5612=CARTESIAN_POINT('',(-0.70391409141118,4.,0.61727227400727));
#5613=CARTESIAN_POINT('',(-0.709417259801739,4.01,0.617098929808297));
#5614=CARTESIAN_POINT('',(-0.709417259801739,4.,0.617098929808297));
#5615=CARTESIAN_POINT('',(-0.717403753488272,4.01,0.615482665142903));
#5616=CARTESIAN_POINT('',(-0.717403753488272,4.,0.615482665142903));
#5617=CARTESIAN_POINT('',(-0.724853939717426,4.01,0.61283534576533));
#5618=CARTESIAN_POINT('',(-0.724853939717426,4.,0.61283534576533));
#5619=CARTESIAN_POINT('',(-0.731757450413899,4.01,0.609186789167773));
#5620=CARTESIAN_POINT('',(-0.731757450413899,4.,0.609186789167773));
#5621=CARTESIAN_POINT('',(-0.737983354494989,4.01,0.604542645676977));
#5622=CARTESIAN_POINT('',(-0.737983354494989,4.,0.604542645676977));
#5623=CARTESIAN_POINT('',(-0.743433273558652,4.01,0.598961441258516));
#5624=CARTESIAN_POINT('',(-0.743433273558652,4.,0.598961441258516));
#5625=CARTESIAN_POINT('',(-0.748035978516144,4.01,0.592471678736225));
#5626=CARTESIAN_POINT('',(-0.748035978516144,4.,0.592471678736225));
#5627=CARTESIAN_POINT('',(-0.751193839786106,4.01,0.586401770909018));
#5628=CARTESIAN_POINT('',(-0.751193839786106,4.,0.586401770909018));
#5629=CARTESIAN_POINT('',(-0.753225743076811,4.01,0.58103738864217));
#5630=CARTESIAN_POINT('',(-0.753225743076811,4.,0.58103738864217));
#5631=CARTESIAN_POINT('',(-0.754662574650561,4.01,0.576608132414326));
#5632=CARTESIAN_POINT('',(-0.754662574650561,4.,0.576608132414326));
#5633=CARTESIAN_POINT('',(-0.75575398705269,4.01,0.571772893826143));
#5634=CARTESIAN_POINT('',(-0.75575398705269,4.,0.571772893826143));
#5635=CARTESIAN_POINT('',(-0.756745928429839,4.01,0.56660104172446));
#5636=CARTESIAN_POINT('',(-0.756745928429839,4.,0.56660104172446));
#5637=CARTESIAN_POINT('',(-0.757502859390275,4.01,0.561052628202296));
#5638=CARTESIAN_POINT('',(-0.757502859390275,4.,0.561052628202296));
#5639=CARTESIAN_POINT('',(-0.758040424231329,4.01,0.555138826404644));
#5640=CARTESIAN_POINT('',(-0.758040424231329,4.,0.555138826404644));
#5641=CARTESIAN_POINT('',(-0.758386082514464,4.01,0.548844845564909));
#5642=CARTESIAN_POINT('',(-0.758386082514464,4.,0.548844845564909));
#5643=CARTESIAN_POINT('',(-0.758436584669199,4.01,0.5445304885502));
#5644=CARTESIAN_POINT('',(-0.758436584669199,4.,0.5445304885502));
#5645=CARTESIAN_POINT('',(-0.758462564760579,4.01,0.542311030982906));
#5646=CARTESIAN_POINT('',(-0.758462564760579,4.,0.542311030982906));
#5647=CARTESIAN_POINT('',(-0.701093774696477,4.,0.617361111111111));
#5648=CARTESIAN_POINT('',(-0.70391409141118,4.,0.61727227400727));
#5649=CARTESIAN_POINT('',(-0.709417259801739,4.,0.617098929808297));
#5650=CARTESIAN_POINT('',(-0.717403753488272,4.,0.615482665142903));
#5651=CARTESIAN_POINT('',(-0.724853939717426,4.,0.61283534576533));
#5652=CARTESIAN_POINT('',(-0.731757450413899,4.,0.609186789167773));
#5653=CARTESIAN_POINT('',(-0.737983354494989,4.,0.604542645676977));
#5654=CARTESIAN_POINT('',(-0.743433273558652,4.,0.598961441258516));
#5655=CARTESIAN_POINT('',(-0.748035978516144,4.,0.592471678736225));
#5656=CARTESIAN_POINT('',(-0.751193839786106,4.,0.586401770909018));
#5657=CARTESIAN_POINT('',(-0.753225743076811,4.,0.58103738864217));
#5658=CARTESIAN_POINT('',(-0.754662574650561,4.,0.576608132414326));
#5659=CARTESIAN_POINT('',(-0.75575398705269,4.,0.571772893826143));
#5660=CARTESIAN_POINT('',(-0.756745928429839,4.,0.56660104172446));
#5661=CARTESIAN_POINT('',(-0.757502859390275,4.,0.561052628202296));
#5662=CARTESIAN_POINT('',(-0.758040424231329,4.,0.555138826404644));
#5663=CARTESIAN_POINT('',(-0.758386082514464,4.,0.548844845564909));
#5664=CARTESIAN_POINT('',(-0.758436584669199,4.,0.5445304885502));
#5665=CARTESIAN_POINT('',(-0.758462564760579,4.,0.542311030982906));
#5666=CARTESIAN_POINT('',(-0.758462564760579,4.,0.542311030982906));
#5667=CARTESIAN_POINT('',(-0.701093774696477,4.01,0.617361111111111));
#5668=CARTESIAN_POINT('',(-0.70391409141118,4.01,0.61727227400727));
#5669=CARTESIAN_POINT('',(-0.709417259801739,4.01,0.617098929808297));
#5670=CARTESIAN_POINT('',(-0.717403753488272,4.01,0.615482665142903));
#5671=CARTESIAN_POINT('',(-0.724853939717426,4.01,0.61283534576533));
#5672=CARTESIAN_POINT('',(-0.731757450413899,4.01,0.609186789167773));
#5673=CARTESIAN_POINT('',(-0.737983354494989,4.01,0.604542645676977));
#5674=CARTESIAN_POINT('',(-0.743433273558652,4.01,0.598961441258516));
#5675=CARTESIAN_POINT('',(-0.748035978516144,4.01,0.592471678736225));
#5676=CARTESIAN_POINT('',(-0.751193839786106,4.01,0.586401770909018));
#5677=CARTESIAN_POINT('',(-0.753225743076811,4.01,0.58103738864217));
#5678=CARTESIAN_POINT('',(-0.754662574650561,4.01,0.576608132414326));
#5679=CARTESIAN_POINT('',(-0.75575398705269,4.01,0.571772893826143));
#5680=CARTESIAN_POINT('',(-0.756745928429839,4.01,0.56660104172446));
#5681=CARTESIAN_POINT('',(-0.757502859390275,4.01,0.561052628202296));
#5682=CARTESIAN_POINT('',(-0.758040424231329,4.01,0.555138826404644));
#5683=CARTESIAN_POINT('',(-0.758386082514464,4.01,0.548844845564909));
#5684=CARTESIAN_POINT('',(-0.758436584669199,4.01,0.5445304885502));
#5685=CARTESIAN_POINT('',(-0.758462564760579,4.01,0.542311030982906));
#5686=CARTESIAN_POINT('',(-0.758462564760579,4.01,0.542311030982906));
#5687=CARTESIAN_POINT('',(-0.758462564760579,4.01,0.542311030982906));
#5688=CARTESIAN_POINT('',(-0.758462564760579,4.01,0.542311030982906));
#5689=CARTESIAN_POINT('',(-0.758462564760579,4.,0.542311030982906));
#5690=CARTESIAN_POINT('',(-0.856154872452887,4.,0.620074786324786));
#5691=CARTESIAN_POINT('',(-0.758462564760579,4.01,0.542311030982906));
#5692=CARTESIAN_POINT('',(-0.856154872452887,4.01,0.620074786324787));
#5693=CARTESIAN_POINT('',(-0.856154872452887,4.01,0.620074786324786));
#5694=CARTESIAN_POINT('',(-0.856154872452887,4.01,0.620074786324786));
#5695=CARTESIAN_POINT('',(-0.856154872452887,4.,0.620074786324786));
#5696=CARTESIAN_POINT('',(-0.856154872452887,4.,0.59658453525641));
#5697=CARTESIAN_POINT('',(-0.856154872452887,4.01,0.620074786324786));
#5698=CARTESIAN_POINT('',(-0.856154872452887,4.01,0.59658453525641));
#5699=CARTESIAN_POINT('',(-0.856154872452887,4.01,0.59658453525641));
#5700=CARTESIAN_POINT('',(-0.856154872452887,4.01,0.59658453525641));
#5701=CARTESIAN_POINT('',(-0.856154872452887,4.,0.59658453525641));
#5702=CARTESIAN_POINT('',(-0.758462564760579,4.,0.51882077991453));
#5703=CARTESIAN_POINT('',(-0.856154872452887,4.01,0.59658453525641));
#5704=CARTESIAN_POINT('',(-0.758462564760579,4.01,0.51882077991453));
#5705=CARTESIAN_POINT('',(-0.758462564760579,4.01,0.51882077991453));
#5706=CARTESIAN_POINT('',(-0.758462564760579,4.01,0.51882077991453));
#5707=CARTESIAN_POINT('',(-0.758462564760579,4.,0.51882077991453));
#5708=CARTESIAN_POINT('',(-0.758462564760579,4.,0.503386752136752));
#5709=CARTESIAN_POINT('',(-0.758462564760579,4.01,0.51882077991453));
#5710=CARTESIAN_POINT('',(-0.758462564760579,4.01,0.503386752136752));
#5711=CARTESIAN_POINT('',(-0.758462564760579,4.01,0.503386752136752));
#5712=CARTESIAN_POINT('',(-0.758462564760579,4.01,0.503386752136752));
#5713=CARTESIAN_POINT('',(-0.758462564760579,4.,0.503386752136752));
#5714=CARTESIAN_POINT('',(-0.856154872452887,4.,0.503386752136752));
#5715=CARTESIAN_POINT('',(-0.758462564760579,4.01,0.503386752136752));
#5716=CARTESIAN_POINT('',(-0.856154872452887,4.01,0.503386752136752));
#5717=CARTESIAN_POINT('',(-0.856154872452887,4.01,0.503386752136752));
#5718=CARTESIAN_POINT('',(-0.856154872452887,4.01,0.620074786324786));
#5719=CARTESIAN_POINT('',(-0.856154872452887,4.,0.503386752136752));
#5720=CARTESIAN_POINT('',(-0.856154872452887,4.,0.484391025641025));
#5721=CARTESIAN_POINT('',(-0.856154872452887,4.01,0.503386752136752));
#5722=CARTESIAN_POINT('',(-0.856154872452887,4.01,0.484391025641025));
#5723=CARTESIAN_POINT('',(-0.856154872452887,4.01,0.484391025641025));
#5724=CARTESIAN_POINT('',(-0.856154872452887,4.01,0.484391025641025));
#5725=CARTESIAN_POINT('',(-0.856154872452887,4.,0.484391025641025));
#5726=CARTESIAN_POINT('',(-0.856154872452887,4.01,0.484391025641025));
#5727=CARTESIAN_POINT('',(0.,4.01,0.));
#5728=CARTESIAN_POINT('',(0.,4.,0.));
#5729=CARTESIAN_POINT('',(-0.797895657709297,4.,0.424690170940171));
#5730=CARTESIAN_POINT('',(-0.796450438567999,4.,0.424657279204098));
#5731=CARTESIAN_POINT('',(-0.793613943404382,4.,0.424592723423158));
#5732=CARTESIAN_POINT('',(-0.789462367929285,4.,0.42384842227634));
#5733=CARTESIAN_POINT('',(-0.785437200474666,4.,0.422843119706218));
#5734=CARTESIAN_POINT('',(-0.781629114431723,4.,0.421218458611948));
#5735=CARTESIAN_POINT('',(-0.777932800904549,4.,0.419283354635855));
#5736=CARTESIAN_POINT('',(-0.774453903294432,4.,0.416818159287507));
#5737=CARTESIAN_POINT('',(-0.771093863808446,4.,0.413991752480482));
#5738=CARTESIAN_POINT('',(-0.76797637875986,4.,0.410718499147107));
#5739=CARTESIAN_POINT('',(-0.765124873207197,4.,0.407157492546115));
#5740=CARTESIAN_POINT('',(-0.762607941693823,4.,0.403370621538715));
#5741=CARTESIAN_POINT('',(-0.760483700938277,4.,0.399408980144422));
#5742=CARTESIAN_POINT('',(-0.758711323303252,4.,0.395276395271099));
#5743=CARTESIAN_POINT('',(-0.757432282518209,4.,0.390925566067306));
#5744=CARTESIAN_POINT('',(-0.756425158136319,4.,0.38642672112216));
#5745=CARTESIAN_POINT('',(-0.755889216977756,4.,0.381722324236634));
#5746=CARTESIAN_POINT('',(-0.755796261144555,4.,0.378530595996002));
#5747=CARTESIAN_POINT('',(-0.755748889546904,4.,0.376904046474359));
#5748=CARTESIAN_POINT('',(-0.797895657709297,4.,0.424690170940171));
#5749=CARTESIAN_POINT('',(-0.755748889546904,4.,0.376904046474359));
#5750=CARTESIAN_POINT('',(-0.755748889546904,4.,0.376904046474359));
#5751=CARTESIAN_POINT('',(-0.755796565975497,4.,0.375291666068356));
#5752=CARTESIAN_POINT('',(-0.755890106735747,4.,0.372128188990912));
#5753=CARTESIAN_POINT('',(-0.756418425623643,4.,0.367492765724985));
#5754=CARTESIAN_POINT('',(-0.757419445073412,4.,0.363117483971559));
#5755=CARTESIAN_POINT('',(-0.758714286775241,4.,0.358952370877685));
#5756=CARTESIAN_POINT('',(-0.760477304359013,4.,0.355040837856427));
#5757=CARTESIAN_POINT('',(-0.762593425284712,4.,0.351338265938872));
#5758=CARTESIAN_POINT('',(-0.765109354730984,4.,0.347881395373029));
#5759=CARTESIAN_POINT('',(-0.76799704070285,4.,0.344730934802376));
#5760=CARTESIAN_POINT('',(-0.771112457140123,4.,0.341838033914418));
#5761=CARTESIAN_POINT('',(-0.774469338601021,4.,0.339349666741617));
#5762=CARTESIAN_POINT('',(-0.7779651264872,4.,0.337200860451887));
#5763=CARTESIAN_POINT('',(-0.781632676963142,4.,0.335454342241578));
#5764=CARTESIAN_POINT('',(-0.785469637436793,4.,0.334094189415102));
#5765=CARTESIAN_POINT('',(-0.78945861301315,4.,0.333110358099857));
#5766=CARTESIAN_POINT('',(-0.793626284630808,4.,0.332562818879434));
#5767=CARTESIAN_POINT('',(-0.796452488793927,4.,0.332471728128196));
#5768=CARTESIAN_POINT('',(-0.797895657709297,4.,0.332425213675214));
#5769=CARTESIAN_POINT('',(-0.797895657709297,4.,0.332425213675214));
#5770=CARTESIAN_POINT('',(-0.797895657709297,4.,0.332425213675214));
#5771=CARTESIAN_POINT('',(-0.799325863955772,4.,0.332463191234155));
#5772=CARTESIAN_POINT('',(-0.802130285488393,4.,0.33253765957347));
#5773=CARTESIAN_POINT('',(-0.806263955630077,4.,0.33321071657031));
#5774=CARTESIAN_POINT('',(-0.810238252743269,4.,0.334246157681381));
#5775=CARTESIAN_POINT('',(-0.814056083662173,4.,0.335761769108679));
#5776=CARTESIAN_POINT('',(-0.817696622716898,4.,0.33766278899326));
#5777=CARTESIAN_POINT('',(-0.82118572972002,4.,0.340002203574985));
#5778=CARTESIAN_POINT('',(-0.824525812933453,4.,0.342740400916296));
#5779=CARTESIAN_POINT('',(-0.827632647313429,4.,0.345923500996805));
#5780=CARTESIAN_POINT('',(-0.830482311306102,4.,0.349356165826569));
#5781=CARTESIAN_POINT('',(-0.833019657474875,4.,0.352986436245738));
#5782=CARTESIAN_POINT('',(-0.835150349763868,4.,0.356802769403738));
#5783=CARTESIAN_POINT('',(-0.83683482996277,4.,0.360826941663436));
#5784=CARTESIAN_POINT('',(-0.838214459402628,4.,0.365002611468933));
#5785=CARTESIAN_POINT('',(-0.839185988110912,4.,0.369361633595897));
#5786=CARTESIAN_POINT('',(-0.839735091893145,4.,0.373907838095547));
#5787=CARTESIAN_POINT('',(-0.839826308848449,4.,0.376987397873622));
#5788=CARTESIAN_POINT('',(-0.839872821170836,4.,0.378557692307692));
#5789=CARTESIAN_POINT('',(-0.839872821170836,4.,0.378557692307692));
#5790=CARTESIAN_POINT('',(-0.839872821170836,4.,0.378557692307692));
#5791=CARTESIAN_POINT('',(-0.839826312495032,4.,0.380127989314326));
#5792=CARTESIAN_POINT('',(-0.839735102691171,4.,0.383207554137543));
#5793=CARTESIAN_POINT('',(-0.839185947071422,4.,0.387753722067273));
#5794=CARTESIAN_POINT('',(-0.838214609992477,4.,0.392112879383389));
#5795=CARTESIAN_POINT('',(-0.836834284073626,4.,0.396288057842387));
#5796=CARTESIAN_POINT('',(-0.835152374836761,4.,0.400314043844073));
#5797=CARTESIAN_POINT('',(-0.83300630625506,4.,0.404133717606855));
#5798=CARTESIAN_POINT('',(-0.830497738542321,4.,0.407798647472688));
#5799=CARTESIAN_POINT('',(-0.827627742699308,4.,0.411229060376635));
#5800=CARTESIAN_POINT('',(-0.824543367998737,4.,0.41442546492324));
#5801=CARTESIAN_POINT('',(-0.821155487569288,4.,0.417099527685456));
#5802=CARTESIAN_POINT('',(-0.817724353638373,4.,0.419512849672127));
#5803=CARTESIAN_POINT('',(-0.814041576309749,4.,0.421340856718288));
#5804=CARTESIAN_POINT('',(-0.810240551049953,4.,0.42287334732511));
#5805=CARTESIAN_POINT('',(-0.806263339922751,4.,0.423903564208495));
#5806=CARTESIAN_POINT('',(-0.802130446682126,4.,0.424578014029119));
#5807=CARTESIAN_POINT('',(-0.79932591839746,4.,0.424652290983977));
#5808=CARTESIAN_POINT('',(-0.797895657709297,4.,0.424690170940171));
#5809=CARTESIAN_POINT('',(-0.797895658236602,4.,0.424690170926205));
#5810=CARTESIAN_POINT('',(-0.797895658236602,4.01,0.424690170926205));
#5811=CARTESIAN_POINT('',(-0.809459500198024,4.00000000000001,0.42438390659932));
#5812=CARTESIAN_POINT('',(-0.809459500198024,4.01000000000001,0.42438390659932));
#5813=CARTESIAN_POINT('',(-0.832055319804418,4.,0.413583764917454));
#5814=CARTESIAN_POINT('',(-0.832055319804418,4.01,0.413583764917454));
#5815=CARTESIAN_POINT('',(-0.839530589365838,3.99999999999999,0.390112645596742));
#5816=CARTESIAN_POINT('',(-0.839530589365838,4.00999999999999,0.390112645596742));
#5817=CARTESIAN_POINT('',(-0.83987281353687,4.,0.378557950057304));
#5818=CARTESIAN_POINT('',(-0.83987281353687,4.01,0.378557950057304));
#5819=CARTESIAN_POINT('',(-0.839872821170836,4.01,0.378557692307692));
#5820=CARTESIAN_POINT('',(-0.839872812123784,4.01,0.37855794979896));
#5821=CARTESIAN_POINT('',(-0.839872821170836,4.01,0.378557692307692));
#5822=CARTESIAN_POINT('',(-0.839826312495032,4.01,0.380127989314326));
#5823=CARTESIAN_POINT('',(-0.839735102691171,4.01,0.383207554137543));
#5824=CARTESIAN_POINT('',(-0.839185947071422,4.01,0.387753722067273));
#5825=CARTESIAN_POINT('',(-0.838214609992477,4.01,0.392112879383389));
#5826=CARTESIAN_POINT('',(-0.836834284073626,4.01,0.396288057842387));
#5827=CARTESIAN_POINT('',(-0.835152374836761,4.01,0.400314043844073));
#5828=CARTESIAN_POINT('',(-0.83300630625506,4.01,0.404133717606855));
#5829=CARTESIAN_POINT('',(-0.830497738542321,4.01,0.407798647472688));
#5830=CARTESIAN_POINT('',(-0.827627742699308,4.01,0.411229060376635));
#5831=CARTESIAN_POINT('',(-0.824543367998737,4.01,0.41442546492324));
#5832=CARTESIAN_POINT('',(-0.821155487569288,4.01,0.417099527685456));
#5833=CARTESIAN_POINT('',(-0.817724353638373,4.01,0.419512849672127));
#5834=CARTESIAN_POINT('',(-0.814041576309749,4.01,0.421340856718288));
#5835=CARTESIAN_POINT('',(-0.810240551049953,4.01,0.42287334732511));
#5836=CARTESIAN_POINT('',(-0.806263339922751,4.01,0.423903564208495));
#5837=CARTESIAN_POINT('',(-0.802130446682126,4.01,0.424578014029119));
#5838=CARTESIAN_POINT('',(-0.79932591839746,4.01,0.424652290983977));
#5839=CARTESIAN_POINT('',(-0.797895657709297,4.01,0.424690170940171));
#5840=CARTESIAN_POINT('',(-0.797895657709297,4.01,0.424690170940171));
#5841=CARTESIAN_POINT('',(-0.797895657709297,4.01,0.424690170940171));
#5842=CARTESIAN_POINT('',(-0.839872828775049,4.,0.378557949032216));
#5843=CARTESIAN_POINT('',(-0.839872828775049,4.01,0.378557949032216));
#5844=CARTESIAN_POINT('',(-0.839530637076419,4.,0.3670052745544));
#5845=CARTESIAN_POINT('',(-0.839530637076419,4.01,0.3670052745544));
#5846=CARTESIAN_POINT('',(-0.832018746654642,4.,0.343571247013538));
#5847=CARTESIAN_POINT('',(-0.832018746654642,4.01,0.343571247013538));
#5848=CARTESIAN_POINT('',(-0.809457318291666,4.,0.33273222089991));
#5849=CARTESIAN_POINT('',(-0.809457318291666,4.01,0.33273222089991));
#5850=CARTESIAN_POINT('',(-0.79789592014246,4.,0.332425220643839));
#5851=CARTESIAN_POINT('',(-0.79789592014246,4.01,0.332425220643839));
#5852=CARTESIAN_POINT('',(-0.797895657709297,4.01,0.332425213675214));
#5853=CARTESIAN_POINT('',(-0.797895919485425,4.01,0.332425221913288));
#5854=CARTESIAN_POINT('',(-0.797895657709297,4.01,0.332425213675214));
#5855=CARTESIAN_POINT('',(-0.799325863955772,4.01,0.332463191234155));
#5856=CARTESIAN_POINT('',(-0.802130285488393,4.01,0.33253765957347));
#5857=CARTESIAN_POINT('',(-0.806263955630077,4.01,0.33321071657031));
#5858=CARTESIAN_POINT('',(-0.810238252743269,4.01,0.334246157681381));
#5859=CARTESIAN_POINT('',(-0.814056083662173,4.01,0.335761769108679));
#5860=CARTESIAN_POINT('',(-0.817696622716898,4.01,0.33766278899326));
#5861=CARTESIAN_POINT('',(-0.82118572972002,4.01,0.340002203574985));
#5862=CARTESIAN_POINT('',(-0.824525812933453,4.01,0.342740400916296));
#5863=CARTESIAN_POINT('',(-0.827632647313429,4.01,0.345923500996805));
#5864=CARTESIAN_POINT('',(-0.830482311306102,4.01,0.349356165826569));
#5865=CARTESIAN_POINT('',(-0.833019657474875,4.01,0.352986436245738));
#5866=CARTESIAN_POINT('',(-0.835150349763868,4.01,0.356802769403738));
#5867=CARTESIAN_POINT('',(-0.83683482996277,4.01,0.360826941663436));
#5868=CARTESIAN_POINT('',(-0.838214459402628,4.01,0.365002611468933));
#5869=CARTESIAN_POINT('',(-0.839185988110912,4.01,0.369361633595897));
#5870=CARTESIAN_POINT('',(-0.839735091893145,4.01,0.373907838095547));
#5871=CARTESIAN_POINT('',(-0.839826308848449,4.01,0.376987397873622));
#5872=CARTESIAN_POINT('',(-0.839872821170836,4.01,0.378557692307692));
#5873=CARTESIAN_POINT('',(-0.79789591865062,4.,0.332425205264873));
#5874=CARTESIAN_POINT('',(-0.79789591865062,4.01,0.332425205264873));
#5875=CARTESIAN_POINT('',(-0.786474202232462,4.00000000000001,0.332793336039898));
#5876=CARTESIAN_POINT('',(-0.786474202232462,4.01,0.332793336039898));
#5877=CARTESIAN_POINT('',(-0.763299339849349,3.99999999999999,0.341942000016997));
#5878=CARTESIAN_POINT('',(-0.763299339849349,4.00999999999999,0.341942000016997));
#5879=CARTESIAN_POINT('',(-0.756086586392058,4.00000000000001,0.365483397107932));
#5880=CARTESIAN_POINT('',(-0.756086586392058,4.01000000000001,0.365483397107932));
#5881=CARTESIAN_POINT('',(-0.755748897256325,4.,0.376903785747621));
#5882=CARTESIAN_POINT('',(-0.755748897256325,4.01,0.376903785747621));
#5883=CARTESIAN_POINT('',(-0.755748889546904,4.01,0.376904046474359));
#5884=CARTESIAN_POINT('',(-0.755748898631641,4.01,0.376903785898823));
#5885=CARTESIAN_POINT('',(-0.755748889546904,4.01,0.376904046474359));
#5886=CARTESIAN_POINT('',(-0.755796565975497,4.01,0.375291666068356));
#5887=CARTESIAN_POINT('',(-0.755890106735747,4.01,0.372128188990912));
#5888=CARTESIAN_POINT('',(-0.756418425623643,4.01,0.367492765724985));
#5889=CARTESIAN_POINT('',(-0.757419445073412,4.01,0.363117483971559));
#5890=CARTESIAN_POINT('',(-0.758714286775241,4.01,0.358952370877685));
#5891=CARTESIAN_POINT('',(-0.760477304359013,4.01,0.355040837856427));
#5892=CARTESIAN_POINT('',(-0.762593425284712,4.01,0.351338265938872));
#5893=CARTESIAN_POINT('',(-0.765109354730984,4.01,0.347881395373029));
#5894=CARTESIAN_POINT('',(-0.76799704070285,4.01,0.344730934802376));
#5895=CARTESIAN_POINT('',(-0.771112457140123,4.01,0.341838033914418));
#5896=CARTESIAN_POINT('',(-0.774469338601021,4.01,0.339349666741617));
#5897=CARTESIAN_POINT('',(-0.7779651264872,4.01,0.337200860451887));
#5898=CARTESIAN_POINT('',(-0.781632676963142,4.01,0.335454342241578));
#5899=CARTESIAN_POINT('',(-0.785469637436793,4.01,0.334094189415102));
#5900=CARTESIAN_POINT('',(-0.78945861301315,4.01,0.333110358099857));
#5901=CARTESIAN_POINT('',(-0.793626284630808,4.01,0.332562818879434));
#5902=CARTESIAN_POINT('',(-0.796452488793927,4.01,0.332471728128196));
#5903=CARTESIAN_POINT('',(-0.797895657709297,4.01,0.332425213675214));
#5904=CARTESIAN_POINT('',(-0.755748881978057,4.,0.376903786590685));
#5905=CARTESIAN_POINT('',(-0.755748881978057,4.01,0.376903786590685));
#5906=CARTESIAN_POINT('',(-0.756092571623852,4.,0.388704702259167));
#5907=CARTESIAN_POINT('',(-0.756092571623852,4.01,0.388704702259167));
#5908=CARTESIAN_POINT('',(-0.763225850100347,4.,0.412743473623329));
#5909=CARTESIAN_POINT('',(-0.763225850100347,4.01,0.412743473623329));
#5910=CARTESIAN_POINT('',(-0.786076983661631,4.,0.424421189789562));
#5911=CARTESIAN_POINT('',(-0.786076983661631,4.01,0.424421189789562));
#5912=CARTESIAN_POINT('',(-0.797895656939634,4.,0.424690170922654));
#5913=CARTESIAN_POINT('',(-0.797895656939634,4.01,0.424690170922654));
#5914=CARTESIAN_POINT('',(-0.797895657709297,4.01,0.424690170940171));
#5915=CARTESIAN_POINT('',(-0.796450438567999,4.01,0.424657279204098));
#5916=CARTESIAN_POINT('',(-0.793613943404382,4.01,0.424592723423158));
#5917=CARTESIAN_POINT('',(-0.789462367929285,4.01,0.42384842227634));
#5918=CARTESIAN_POINT('',(-0.785437200474666,4.01,0.422843119706218));
#5919=CARTESIAN_POINT('',(-0.781629114431723,4.01,0.421218458611948));
#5920=CARTESIAN_POINT('',(-0.777932800904549,4.01,0.419283354635855));
#5921=CARTESIAN_POINT('',(-0.774453903294432,4.01,0.416818159287507));
#5922=CARTESIAN_POINT('',(-0.771093863808446,4.01,0.413991752480482));
#5923=CARTESIAN_POINT('',(-0.76797637875986,4.01,0.410718499147107));
#5924=CARTESIAN_POINT('',(-0.765124873207197,4.01,0.407157492546115));
#5925=CARTESIAN_POINT('',(-0.762607941693823,4.01,0.403370621538715));
#5926=CARTESIAN_POINT('',(-0.760483700938277,4.01,0.399408980144422));
#5927=CARTESIAN_POINT('',(-0.758711323303252,4.01,0.395276395271099));
#5928=CARTESIAN_POINT('',(-0.757432282518209,4.01,0.390925566067306));
#5929=CARTESIAN_POINT('',(-0.756425158136319,4.01,0.38642672112216));
#5930=CARTESIAN_POINT('',(-0.755889216977756,4.01,0.381722324236634));
#5931=CARTESIAN_POINT('',(-0.755796261144555,4.01,0.378530595996002));
#5932=CARTESIAN_POINT('',(-0.755748889546904,4.01,0.376904046474359));
#5933=CARTESIAN_POINT('',(-0.63906085535887,4.01,0.400267094017094));
#5934=CARTESIAN_POINT('',(-0.63906085535887,4.,0.400267094017094));
#5935=CARTESIAN_POINT('',(-0.63906085535887,4.,0.400267094017094));
#5936=CARTESIAN_POINT('',(-0.650551573841776,4.,0.414895499465812));
#5937=CARTESIAN_POINT('',(-0.63906085535887,4.01,0.400267094017094));
#5938=CARTESIAN_POINT('',(-0.63906085535887,4.01,0.400267094017094));
#5939=CARTESIAN_POINT('',(-0.63906085535887,4.01,0.400267094017094));
#5940=CARTESIAN_POINT('',(-0.650551573841776,4.01,0.414895499465812));
#5941=CARTESIAN_POINT('',(-0.650551573841776,4.01,0.414895499465812));
#5942=CARTESIAN_POINT('',(-0.650551573841776,4.01,0.414895499465812));
#5943=CARTESIAN_POINT('',(-0.650551573841776,4.,0.414895499465812));
#5944=CARTESIAN_POINT('',(-0.736074744247759,4.,0.358968349358974));
#5945=CARTESIAN_POINT('',(-0.650551573841776,4.01,0.414895499465812));
#5946=CARTESIAN_POINT('',(-0.736099131194472,4.01,0.358954913491509));
#5947=CARTESIAN_POINT('',(-0.736102115854132,4.01,0.35895044992972));
#5948=CARTESIAN_POINT('',(-0.858006844893457,4.01,0.381364983571163));
#5949=CARTESIAN_POINT('',(-0.858006844893457,4.,0.381364983571163));
#5950=CARTESIAN_POINT('',(-0.734039487837502,4.,0.380889756944444));
#5951=CARTESIAN_POINT('',(-0.858006844893457,4.01,0.381364983571163));
#5952=CARTESIAN_POINT('',(-0.734049489556838,4.01,0.380889948678897));
#5953=CARTESIAN_POINT('',(-0.734059483029578,4.00999999999996,0.380889833595652));
#5954=CARTESIAN_POINT('',(-0.734059483029578,4.00666666666663,0.380889833595652));
#5955=CARTESIAN_POINT('',(-0.734059483029578,4.00333333333329,0.380889833595652));
#5956=CARTESIAN_POINT('',(-0.734059483029578,3.99999999999996,0.380889833595652));
#5957=CARTESIAN_POINT('',(-0.734039504330693,4.01,0.380890370579839));
#5958=CARTESIAN_POINT('',(-0.734039504330693,4.,0.380890370579839));
#5959=CARTESIAN_POINT('',(-0.734482713437518,4.01000000000001,0.397380132281661));
#5960=CARTESIAN_POINT('',(-0.734482713437518,4.00000000000001,0.397380132281661));
#5961=CARTESIAN_POINT('',(-0.747046201100585,4.01,0.430645263636269));
#5962=CARTESIAN_POINT('',(-0.747046201100585,4.,0.430645263636269));
#5963=CARTESIAN_POINT('',(-0.780263730267585,4.01,0.44323546367268));
#5964=CARTESIAN_POINT('',(-0.780263730267585,4.,0.44323546367268));
#5965=CARTESIAN_POINT('',(-0.796751060371244,4.01,0.443685903839596));
#5966=CARTESIAN_POINT('',(-0.796751060371244,4.,0.443685903839596));
#5967=CARTESIAN_POINT('',(-0.734039487837502,4.,0.380889756944444));
#5968=CARTESIAN_POINT('',(-0.734097309830532,4.,0.383041046008523));
#5969=CARTESIAN_POINT('',(-0.734211130703123,4.,0.387275794512288));
#5970=CARTESIAN_POINT('',(-0.735087058816392,4.,0.39349315826281));
#5971=CARTESIAN_POINT('',(-0.736467434632725,4.,0.399467536771664));
#5972=CARTESIAN_POINT('',(-0.738479613921021,4.,0.405174167608063));
#5973=CARTESIAN_POINT('',(-0.741049994399122,4.,0.410633533653856));
#5974=CARTESIAN_POINT('',(-0.744130583220846,4.,0.415876964275658));
#5975=CARTESIAN_POINT('',(-0.747880450556708,4.,0.420805895363034));
#5976=CARTESIAN_POINT('',(-0.752069331216017,4.,0.425483800010611));
#5977=CARTESIAN_POINT('',(-0.756708882183105,4.,0.429730867329137));
#5978=CARTESIAN_POINT('',(-0.761631724926757,4.,0.433491038308092));
#5979=CARTESIAN_POINT('',(-0.766832730587124,4.,0.436649515712964));
#5980=CARTESIAN_POINT('',(-0.772309264860234,4.,0.439212129067751));
#5981=CARTESIAN_POINT('',(-0.778052885795562,4.,0.441202090773432));
#5982=CARTESIAN_POINT('',(-0.78405624470748,4.,0.442652772164165));
#5983=CARTESIAN_POINT('',(-0.79032348131483,4.,0.443510299920412));
#5984=CARTESIAN_POINT('',(-0.794585732866642,4.,0.443626746263659));
#5985=CARTESIAN_POINT('',(-0.796750825978528,4.,0.443685897435897));
#5986=CARTESIAN_POINT('',(-0.796750825978528,4.,0.443685897435897));
#5987=CARTESIAN_POINT('',(-0.734039487837502,4.01,0.380889756944444));
#5988=CARTESIAN_POINT('',(-0.734097309830532,4.01,0.383041046008523));
#5989=CARTESIAN_POINT('',(-0.734211130703123,4.01,0.387275794512288));
#5990=CARTESIAN_POINT('',(-0.735087058816392,4.01,0.39349315826281));
#5991=CARTESIAN_POINT('',(-0.736467434632725,4.01,0.399467536771664));
#5992=CARTESIAN_POINT('',(-0.738479613921021,4.01,0.405174167608063));
#5993=CARTESIAN_POINT('',(-0.741049994399122,4.01,0.410633533653856));
#5994=CARTESIAN_POINT('',(-0.744130583220846,4.01,0.415876964275658));
#5995=CARTESIAN_POINT('',(-0.747880450556708,4.01,0.420805895363034));
#5996=CARTESIAN_POINT('',(-0.752069331216017,4.01,0.425483800010611));
#5997=CARTESIAN_POINT('',(-0.756708882183105,4.01,0.429730867329137));
#5998=CARTESIAN_POINT('',(-0.761631724926757,4.01,0.433491038308092));
#5999=CARTESIAN_POINT('',(-0.766832730587124,4.01,0.436649515712964));
#6000=CARTESIAN_POINT('',(-0.772309264860234,4.01,0.439212129067751));
#6001=CARTESIAN_POINT('',(-0.778052885795562,4.01,0.441202090773432));
#6002=CARTESIAN_POINT('',(-0.78405624470748,4.01,0.442652772164165));
#6003=CARTESIAN_POINT('',(-0.79032348131483,4.01,0.443510299920412));
#6004=CARTESIAN_POINT('',(-0.794585732866642,4.01,0.443626746263659));
#6005=CARTESIAN_POINT('',(-0.796750825978528,4.01,0.443685897435897));
#6006=CARTESIAN_POINT('',(-0.796751061207946,4.01,0.44368588718957));
#6007=CARTESIAN_POINT('',(-0.796750825978528,4.01,0.443685897435897));
#6008=CARTESIAN_POINT('',(-0.79675106181775,4.01,0.443685888635858));
#6009=CARTESIAN_POINT('',(-0.79675106181775,4.,0.443685888635858));
#6010=CARTESIAN_POINT('',(-0.81396434452465,4.00999999999999,0.443043596970326));
#6011=CARTESIAN_POINT('',(-0.81396434452465,3.99999999999999,0.443043596970326));
#6012=CARTESIAN_POINT('',(-0.848897008728617,4.01000000000001,0.4301131766944));
#6013=CARTESIAN_POINT('',(-0.848897008728617,4.00000000000001,0.4301131766944));
#6014=CARTESIAN_POINT('',(-0.86094720437083,4.01,0.394756330482561));
#6015=CARTESIAN_POINT('',(-0.86094720437083,4.,0.394756330482561));
#6016=CARTESIAN_POINT('',(-0.861582230868774,4.01,0.377539847521832));
#6017=CARTESIAN_POINT('',(-0.861582230868775,4.,0.377539847521832));
#6018=CARTESIAN_POINT('',(-0.796750825978528,4.,0.443685897435897));
#6019=CARTESIAN_POINT('',(-0.799711171042236,4.,0.443575435939899));
#6020=CARTESIAN_POINT('',(-0.805532994818242,4.,0.443358202019564));
#6021=CARTESIAN_POINT('',(-0.814047886086022,4.,0.441776831345314));
#6022=CARTESIAN_POINT('',(-0.82209473241163,4.,0.439047738886854));
#6023=CARTESIAN_POINT('',(-0.82970515657254,4.,0.435396540437516));
#6024=CARTESIAN_POINT('',(-0.836657732832702,4.,0.430659397546417));
#6025=CARTESIAN_POINT('',(-0.842940997441421,4.,0.425045622775697));
#6026=CARTESIAN_POINT('',(-0.848417785573618,4.,0.418502150259633));
#6027=CARTESIAN_POINT('',(-0.853116093967991,4.,0.411183930871863));
#6028=CARTESIAN_POINT('',(-0.856848894071267,4.,0.403263344760506));
#6029=CARTESIAN_POINT('',(-0.859608629378283,4.,0.394958351136302));
#6030=CARTESIAN_POINT('',(-0.861257641359777,4.,0.386339936603105));
#6031=CARTESIAN_POINT('',(-0.861473531376455,4.,0.380486847313838));
#6032=CARTESIAN_POINT('',(-0.861582222880238,4.,0.377540064102564));
#6033=CARTESIAN_POINT('',(-0.861582222880238,4.,0.377540064102564));
#6034=CARTESIAN_POINT('',(-0.796750825978528,4.01,0.443685897435897));
#6035=CARTESIAN_POINT('',(-0.799711171042236,4.01,0.443575435939899));
#6036=CARTESIAN_POINT('',(-0.805532994818242,4.01,0.443358202019564));
#6037=CARTESIAN_POINT('',(-0.814047886086022,4.01,0.441776831345314));
#6038=CARTESIAN_POINT('',(-0.82209473241163,4.01,0.439047738886854));
#6039=CARTESIAN_POINT('',(-0.82970515657254,4.01,0.435396540437516));
#6040=CARTESIAN_POINT('',(-0.836657732832702,4.01,0.430659397546417));
#6041=CARTESIAN_POINT('',(-0.842940997441421,4.01,0.425045622775697));
#6042=CARTESIAN_POINT('',(-0.848417785573618,4.01,0.418502150259633));
#6043=CARTESIAN_POINT('',(-0.853116093967991,4.01,0.411183930871863));
#6044=CARTESIAN_POINT('',(-0.856848894071267,4.01,0.403263344760506));
#6045=CARTESIAN_POINT('',(-0.859608629378283,4.01,0.394958351136302));
#6046=CARTESIAN_POINT('',(-0.861257641359777,4.01,0.386339936603105));
#6047=CARTESIAN_POINT('',(-0.861473531376455,4.01,0.380486847313838));
#6048=CARTESIAN_POINT('',(-0.861582222880238,4.01,0.377540064102564));
#6049=CARTESIAN_POINT('',(-0.861582214238442,4.01,0.377539846229478));
#6050=CARTESIAN_POINT('',(-0.861582222880238,4.01,0.377540064102564));
#6051=CARTESIAN_POINT('',(-0.861582215783303,4.01,0.377539845386516));
#6052=CARTESIAN_POINT('',(-0.861582215783303,4.,0.377539845386516));
#6053=CARTESIAN_POINT('',(-0.861034225527973,4.01,0.360651672300683));
#6054=CARTESIAN_POINT('',(-0.861034225527973,4.,0.360651672300683));
#6055=CARTESIAN_POINT('',(-0.848425115227269,4.01,0.326382515594989));
#6056=CARTESIAN_POINT('',(-0.848425115227269,4.,0.326382515594989));
#6057=CARTESIAN_POINT('',(-0.814025768299421,4.01,0.313953220049234));
#6058=CARTESIAN_POINT('',(-0.814025768299421,4.,0.313953220049234));
#6059=CARTESIAN_POINT('',(-0.797132229074595,4.01,0.313429480747094));
#6060=CARTESIAN_POINT('',(-0.797132229074595,4.,0.313429480747094));
#6061=CARTESIAN_POINT('',(-0.861582222880237,4.,0.377540064102564));
#6062=CARTESIAN_POINT('',(-0.861489803051933,4.,0.374691834513886));
#6063=CARTESIAN_POINT('',(-0.861306735553503,4.,0.369049990384589));
#6064=CARTESIAN_POINT('',(-0.859675934945436,4.,0.360750681813433));
#6065=CARTESIAN_POINT('',(-0.857032708793105,4.,0.352776078450401));
#6066=CARTESIAN_POINT('',(-0.853391129977509,4.,0.345182235129746));
#6067=CARTESIAN_POINT('',(-0.848791619882173,4.,0.338147181751197));
#6068=CARTESIAN_POINT('',(-0.843253615070736,4.,0.331855258368096));
#6069=CARTESIAN_POINT('',(-0.836899511806655,4.,0.326328355903232));
#6070=CARTESIAN_POINT('',(-0.829709818026843,4.,0.321753058511932));
#6071=CARTESIAN_POINT('',(-0.822033776985507,4.,0.318024178719983));
#6072=CARTESIAN_POINT('',(-0.813956914418208,4.,0.315394145880416));
#6073=CARTESIAN_POINT('',(-0.805641780389171,4.,0.313693296778045));
#6074=CARTESIAN_POINT('',(-0.799981571155911,4.,0.313517817028401));
#6075=CARTESIAN_POINT('',(-0.797132436555451,4.,0.313429487179487));
#6076=CARTESIAN_POINT('',(-0.797132436555451,4.,0.313429487179487));
#6077=CARTESIAN_POINT('',(-0.861582222880237,4.01,0.377540064102564));
#6078=CARTESIAN_POINT('',(-0.861489803051933,4.01,0.374691834513886));
#6079=CARTESIAN_POINT('',(-0.861306735553503,4.01,0.369049990384589));
#6080=CARTESIAN_POINT('',(-0.859675934945436,4.01,0.360750681813433));
#6081=CARTESIAN_POINT('',(-0.857032708793105,4.01,0.352776078450401));
#6082=CARTESIAN_POINT('',(-0.853391129977509,4.01,0.345182235129746));
#6083=CARTESIAN_POINT('',(-0.848791619882173,4.01,0.338147181751197));
#6084=CARTESIAN_POINT('',(-0.843253615070736,4.01,0.331855258368096));
#6085=CARTESIAN_POINT('',(-0.836899511806655,4.01,0.326328355903232));
#6086=CARTESIAN_POINT('',(-0.829709818026843,4.01,0.321753058511932));
#6087=CARTESIAN_POINT('',(-0.822033776985507,4.01,0.318024178719983));
#6088=CARTESIAN_POINT('',(-0.813956914418208,4.01,0.315394145880416));
#6089=CARTESIAN_POINT('',(-0.805641780389171,4.01,0.313693296778045));
#6090=CARTESIAN_POINT('',(-0.799981571155911,4.01,0.313517817028401));
#6091=CARTESIAN_POINT('',(-0.797132436555451,4.01,0.313429487179487));
#6092=CARTESIAN_POINT('',(-0.797132227641819,4.01,0.313429497377349));
#6093=CARTESIAN_POINT('',(-0.797132436555451,4.01,0.313429487179487));
#6094=CARTESIAN_POINT('',(-0.797132227292454,4.01,0.313429494546363));
#6095=CARTESIAN_POINT('',(-0.797132227292454,4.,0.313429494546363));
#6096=CARTESIAN_POINT('',(-0.77485303104165,4.01,0.314213809399748));
#6097=CARTESIAN_POINT('',(-0.77485303104165,4.,0.314213809399748));
#6098=CARTESIAN_POINT('',(-0.754202377914007,4.01,0.324737762677095));
#6099=CARTESIAN_POINT('',(-0.754202377914007,4.,0.324737762677095));
#6100=CARTESIAN_POINT('',(-0.73565073255527,4.01,0.337089342909005));
#6101=CARTESIAN_POINT('',(-0.73565073255527,4.,0.337089342909005));
#6102=CARTESIAN_POINT('',(-0.797132436555451,4.,0.313429487179487));
#6103=CARTESIAN_POINT('',(-0.794953391162848,4.,0.313506198100558));
#6104=CARTESIAN_POINT('',(-0.790506176691371,4.,0.313662757445059));
#6105=CARTESIAN_POINT('',(-0.783751262018121,4.,0.314597085575693));
#6106=CARTESIAN_POINT('',(-0.776866618380175,4.,0.316310757521446));
#6107=CARTESIAN_POINT('',(-0.771030324116792,4.,0.318165325111593));
#6108=CARTESIAN_POINT('',(-0.766196815057613,4.,0.320005615993281));
#6109=CARTESIAN_POINT('',(-0.762379920635839,4.,0.32171197604353));
#6110=CARTESIAN_POINT('',(-0.758349157569157,4.,0.323619894494989));
#6111=CARTESIAN_POINT('',(-0.754180791861146,4.,0.325856240616257));
#6112=CARTESIAN_POINT('',(-0.749755724275078,4.,0.328226947979325));
#6113=CARTESIAN_POINT('',(-0.745237828572835,4.,0.33099620320737));
#6114=CARTESIAN_POINT('',(-0.740462097252865,4.,0.333885963589373));
#6115=CARTESIAN_POINT('',(-0.73728248952329,4.,0.336002928377046));
#6116=CARTESIAN_POINT('',(-0.735650732495622,4.,0.337089342948718));
#6117=CARTESIAN_POINT('',(-0.735650732495622,4.,0.337089342948718));
#6118=CARTESIAN_POINT('',(-0.797132436555451,4.01,0.313429487179487));
#6119=CARTESIAN_POINT('',(-0.794953391162848,4.01,0.313506198100558));
#6120=CARTESIAN_POINT('',(-0.790506176691371,4.01,0.313662757445059));
#6121=CARTESIAN_POINT('',(-0.783751262018121,4.01,0.314597085575693));
#6122=CARTESIAN_POINT('',(-0.776866618380175,4.01,0.316310757521446));
#6123=CARTESIAN_POINT('',(-0.771030324116792,4.01,0.318165325111593));
#6124=CARTESIAN_POINT('',(-0.766196815057613,4.01,0.320005615993281));
#6125=CARTESIAN_POINT('',(-0.762379920635839,4.01,0.32171197604353));
#6126=CARTESIAN_POINT('',(-0.758349157569157,4.01,0.323619894494989));
#6127=CARTESIAN_POINT('',(-0.754180791861146,4.01,0.325856240616257));
#6128=CARTESIAN_POINT('',(-0.749755724275078,4.01,0.328226947979325));
#6129=CARTESIAN_POINT('',(-0.745237828572835,4.01,0.33099620320737));
#6130=CARTESIAN_POINT('',(-0.740462097252865,4.01,0.333885963589373));
#6131=CARTESIAN_POINT('',(-0.73728248952329,4.01,0.336002928377046));
#6132=CARTESIAN_POINT('',(-0.735650732495622,4.01,0.337089342948718));
#6133=CARTESIAN_POINT('',(-0.735650732495622,4.01,0.337089342948718));
#6134=CARTESIAN_POINT('',(-0.735650732495622,4.01,0.337089342948718));
#6135=CARTESIAN_POINT('',(-0.735650732495622,4.01,0.337089342948718));
#6136=CARTESIAN_POINT('',(-0.735650732495622,4.,0.337089342948718));
#6137=CARTESIAN_POINT('',(-0.735650732495622,4.01,0.337089342948718));
#6138=CARTESIAN_POINT('',(0.,4.01,0.));
#6139=CARTESIAN_POINT('',(0.,4.,0.));
#6140=CARTESIAN_POINT('',(-0.702832222880237,4.,0.161463675213675));
#6141=CARTESIAN_POINT('',(-0.704262375851111,4.,0.161500319316743));
#6142=CARTESIAN_POINT('',(-0.707082899267487,4.,0.161572588194885));
#6143=CARTESIAN_POINT('',(-0.711227114456602,4.,0.162269745001153));
#6144=CARTESIAN_POINT('',(-0.715199686187814,4.,0.163435621924813));
#6145=CARTESIAN_POINT('',(-0.719039241324961,4.,0.164997080307919));
#6146=CARTESIAN_POINT('',(-0.722708444175366,4.,0.16705336695001));
#6147=CARTESIAN_POINT('',(-0.726189898919734,4.,0.169576666326835));
#6148=CARTESIAN_POINT('',(-0.729523071382537,4.,0.172534287444598));
#6149=CARTESIAN_POINT('',(-0.73265617419395,4.,0.175886693603409));
#6150=CARTESIAN_POINT('',(-0.735531948620335,4.,0.179555672860308));
#6151=CARTESIAN_POINT('',(-0.73804354791378,4.,0.183474333220814));
#6152=CARTESIAN_POINT('',(-0.740164595743003,4.,0.18757521383258));
#6153=CARTESIAN_POINT('',(-0.741866479437391,4.,0.191872750552105));
#6154=CARTESIAN_POINT('',(-0.743233946703752,4.,0.196335095115502));
#6155=CARTESIAN_POINT('',(-0.74421206111274,4.,0.201002353061721));
#6156=CARTESIAN_POINT('',(-0.744753460101524,4.,0.205859089326651));
#6157=CARTESIAN_POINT('',(-0.744846829107836,4.,0.209149597752558));
#6158=CARTESIAN_POINT('',(-0.744894188692203,4.,0.210818643162393));
#6159=CARTESIAN_POINT('',(-0.702832222880237,4.,0.161463675213675));
#6160=CARTESIAN_POINT('',(-0.744894188692203,4.,0.210818643162393));
#6161=CARTESIAN_POINT('',(-0.744894188692203,4.,0.210818643162393));
#6162=CARTESIAN_POINT('',(-0.744848203578496,4.,0.212501938301776));
#6163=CARTESIAN_POINT('',(-0.744758686195158,4.,0.215778741686914));
#6164=CARTESIAN_POINT('',(-0.744213841566304,4.,0.22057917834202));
#6165=CARTESIAN_POINT('',(-0.74324779574031,4.,0.22511030873997));
#6166=CARTESIAN_POINT('',(-0.741861698869225,4.,0.229384236674157));
#6167=CARTESIAN_POINT('',(-0.740189128891733,4.,0.233443815980172));
#6168=CARTESIAN_POINT('',(-0.738059642114963,4.,0.237224565352417));
#6169=CARTESIAN_POINT('',(-0.735518636097523,4.,0.240729648949842));
#6170=CARTESIAN_POINT('',(-0.732663554198378,4.,0.243982537871253));
#6171=CARTESIAN_POINT('',(-0.729491542716676,4.,0.246871122617975));
#6172=CARTESIAN_POINT('',(-0.726171574837621,4.,0.24944396304507));
#6173=CARTESIAN_POINT('',(-0.722689076996635,4.,0.251630816408095));
#6174=CARTESIAN_POINT('',(-0.719000436849056,4.,0.253358214593449));
#6175=CARTESIAN_POINT('',(-0.71519544376532,4.,0.254778472252826));
#6176=CARTESIAN_POINT('',(-0.711212823235329,4.,0.255759275838774));
#6177=CARTESIAN_POINT('',(-0.707073324718478,4.,0.256302614087617));
#6178=CARTESIAN_POINT('',(-0.704261263020158,4.,0.256395237903369));
#6179=CARTESIAN_POINT('',(-0.702832222880237,4.,0.256442307692308));
#6180=CARTESIAN_POINT('',(-0.702832222880237,4.,0.256442307692308));
#6181=CARTESIAN_POINT('',(-0.702832222880237,4.,0.256442307692308));
#6182=CARTESIAN_POINT('',(-0.701402582860127,4.,0.256401812329155));
#6183=CARTESIAN_POINT('',(-0.698585301838531,4.,0.256322011248836));
#6184=CARTESIAN_POINT('',(-0.69443971959626,4.,0.255681678850083));
#6185=CARTESIAN_POINT('',(-0.690466674387365,4.,0.254555492994264));
#6186=CARTESIAN_POINT('',(-0.686645419018858,4.,0.253043429044196));
#6187=CARTESIAN_POINT('',(-0.683003593666344,4.,0.251055300250407));
#6188=CARTESIAN_POINT('',(-0.679517443634181,4.,0.248660711173556));
#6189=CARTESIAN_POINT('',(-0.676143878425124,4.,0.245871613631663));
#6190=CARTESIAN_POINT('',(-0.673056641381999,4.,0.242598418040847));
#6191=CARTESIAN_POINT('',(-0.670174055398564,4.,0.239076771178622));
#6192=CARTESIAN_POINT('',(-0.667675159544455,4.,0.235290216534363));
#6193=CARTESIAN_POINT('',(-0.665542076255366,4.,0.231332679218509));
#6194=CARTESIAN_POINT('',(-0.66379692818133,4.,0.227201005820167));
#6195=CARTESIAN_POINT('',(-0.662432392396879,4.,0.222886596096094));
#6196=CARTESIAN_POINT('',(-0.661451818084124,4.,0.218389216865477));
#6197=CARTESIAN_POINT('',(-0.660909188676088,4.,0.213686901213789));
#6198=CARTESIAN_POINT('',(-0.66081715746534,4.,0.210494885251303));
#6199=CARTESIAN_POINT('',(-0.660770257068272,4.,0.208868189102564));
#6200=CARTESIAN_POINT('',(-0.660770257068272,4.,0.208868189102564));
#6201=CARTESIAN_POINT('',(-0.660770257068272,4.,0.208868189102564));
#6202=CARTESIAN_POINT('',(-0.660817224683652,4.,0.207255636157386));
#6203=CARTESIAN_POINT('',(-0.660909374758216,4.,0.2040918205595));
#6204=CARTESIAN_POINT('',(-0.661450882726284,4.,0.1994313663934));
#6205=CARTESIAN_POINT('',(-0.662438637828551,4.,0.194964183895424));
#6206=CARTESIAN_POINT('',(-0.66379758716619,4.,0.19066305662672));
#6207=CARTESIAN_POINT('',(-0.665532583955725,4.,0.186540091909199));
#6208=CARTESIAN_POINT('',(-0.66767514337845,4.,0.182614034734792));
#6209=CARTESIAN_POINT('',(-0.670187403152439,4.,0.178866937327749));
#6210=CARTESIAN_POINT('',(-0.67305297073402,4.,0.175346294854378));
#6211=CARTESIAN_POINT('',(-0.676158699673454,4.,0.172080117508222));
#6212=CARTESIAN_POINT('',(-0.679502703154899,4.,0.169241900840491));
#6213=CARTESIAN_POINT('',(-0.68300543934435,4.,0.166852860491119));
#6214=CARTESIAN_POINT('',(-0.686644928503653,4.,0.164861975070988));
#6215=CARTESIAN_POINT('',(-0.690466805303315,4.,0.163350644387964));
#6216=CARTESIAN_POINT('',(-0.694439684135798,4.,0.162224262213793));
#6217=CARTESIAN_POINT('',(-0.698585311079414,4.,0.161583982561066));
#6218=CARTESIAN_POINT('',(-0.701402585970884,4.,0.161504174247412));
#6219=CARTESIAN_POINT('',(-0.702832222880237,4.,0.161463675213675));
#6220=CARTESIAN_POINT('',(-0.702832653168702,4.,0.161463663024379));
#6221=CARTESIAN_POINT('',(-0.702832653168702,4.01,0.161463663024379));
#6222=CARTESIAN_POINT('',(-0.691095228252591,4.,0.161796163091043));
#6223=CARTESIAN_POINT('',(-0.691095228252591,4.01,0.161796163091043));
#6224=CARTESIAN_POINT('',(-0.668392280570111,4.,0.17327805282194));
#6225=CARTESIAN_POINT('',(-0.668392280570111,4.01,0.17327805282194));
#6226=CARTESIAN_POINT('',(-0.661111989399444,4.,0.197135392575541));
#6227=CARTESIAN_POINT('',(-0.661111989399444,4.01,0.197135392575541));
#6228=CARTESIAN_POINT('',(-0.66077026474518,4.,0.208867925529037));
#6229=CARTESIAN_POINT('',(-0.66077026474518,4.01,0.208867925529037));
#6230=CARTESIAN_POINT('',(-0.660770257068272,4.01,0.208868189102564));
#6231=CARTESIAN_POINT('',(-0.660770266148668,4.01,0.208867925739676));
#6232=CARTESIAN_POINT('',(-0.660770257068272,4.01,0.208868189102564));
#6233=CARTESIAN_POINT('',(-0.660817224683652,4.01,0.207255636157386));
#6234=CARTESIAN_POINT('',(-0.660909374758216,4.01,0.2040918205595));
#6235=CARTESIAN_POINT('',(-0.661450882726284,4.01,0.1994313663934));
#6236=CARTESIAN_POINT('',(-0.662438637828551,4.01,0.194964183895424));
#6237=CARTESIAN_POINT('',(-0.66379758716619,4.01,0.19066305662672));
#6238=CARTESIAN_POINT('',(-0.665532583955725,4.01,0.186540091909199));
#6239=CARTESIAN_POINT('',(-0.66767514337845,4.01,0.182614034734792));
#6240=CARTESIAN_POINT('',(-0.670187403152439,4.01,0.178866937327749));
#6241=CARTESIAN_POINT('',(-0.67305297073402,4.01,0.175346294854378));
#6242=CARTESIAN_POINT('',(-0.676158699673454,4.01,0.172080117508222));
#6243=CARTESIAN_POINT('',(-0.679502703154899,4.01,0.169241900840491));
#6244=CARTESIAN_POINT('',(-0.68300543934435,4.01,0.166852860491119));
#6245=CARTESIAN_POINT('',(-0.686644928503653,4.01,0.164861975070988));
#6246=CARTESIAN_POINT('',(-0.690466805303315,4.01,0.163350644387964));
#6247=CARTESIAN_POINT('',(-0.694439684135798,4.01,0.162224262213793));
#6248=CARTESIAN_POINT('',(-0.698585311079414,4.01,0.161583982561066));
#6249=CARTESIAN_POINT('',(-0.701402585970884,4.01,0.161504174247412));
#6250=CARTESIAN_POINT('',(-0.702832222880237,4.01,0.161463675213675));
#6251=CARTESIAN_POINT('',(-0.702832654379238,4.01,0.161463688000117));
#6252=CARTESIAN_POINT('',(-0.702832222880237,4.01,0.161463675213675));
#6253=CARTESIAN_POINT('',(-0.660770249495833,4.,0.208867926459632));
#6254=CARTESIAN_POINT('',(-0.660770249495833,4.01,0.208867926459632));
#6255=CARTESIAN_POINT('',(-0.661109345103418,4.,0.220629138589963));
#6256=CARTESIAN_POINT('',(-0.661109345103418,4.01,0.220629138589963));
#6257=CARTESIAN_POINT('',(-0.668261615540655,4.00000000000001,0.244609725903781));
#6258=CARTESIAN_POINT('',(-0.668261615540655,4.01000000000001,0.244609725903781));
#6259=CARTESIAN_POINT('',(-0.691066011344834,3.99999999999998,0.256109023084984));
#6260=CARTESIAN_POINT('',(-0.691066011344834,4.00999999999998,0.256109023084984));
#6261=CARTESIAN_POINT('',(-0.702831971858567,4.,0.256442300581977));
#6262=CARTESIAN_POINT('',(-0.702831971858567,4.01,0.256442300581977));
#6263=CARTESIAN_POINT('',(-0.702832222880237,4.01,0.256442307692308));
#6264=CARTESIAN_POINT('',(-0.70283197230148,4.01,0.256442299270177));
#6265=CARTESIAN_POINT('',(-0.702832222880237,4.01,0.256442307692308));
#6266=CARTESIAN_POINT('',(-0.701402582860127,4.01,0.256401812329155));
#6267=CARTESIAN_POINT('',(-0.698585301838531,4.01,0.256322011248836));
#6268=CARTESIAN_POINT('',(-0.69443971959626,4.01,0.255681678850083));
#6269=CARTESIAN_POINT('',(-0.690466674387365,4.01,0.254555492994264));
#6270=CARTESIAN_POINT('',(-0.686645419018858,4.01,0.253043429044196));
#6271=CARTESIAN_POINT('',(-0.683003593666344,4.01,0.251055300250407));
#6272=CARTESIAN_POINT('',(-0.679517443634181,4.01,0.248660711173556));
#6273=CARTESIAN_POINT('',(-0.676143878425124,4.01,0.245871613631663));
#6274=CARTESIAN_POINT('',(-0.673056641381999,4.01,0.242598418040847));
#6275=CARTESIAN_POINT('',(-0.670174055398564,4.01,0.239076771178622));
#6276=CARTESIAN_POINT('',(-0.667675159544455,4.01,0.235290216534363));
#6277=CARTESIAN_POINT('',(-0.665542076255366,4.01,0.231332679218509));
#6278=CARTESIAN_POINT('',(-0.66379692818133,4.01,0.227201005820167));
#6279=CARTESIAN_POINT('',(-0.662432392396879,4.01,0.222886596096094));
#6280=CARTESIAN_POINT('',(-0.661451818084124,4.01,0.218389216865477));
#6281=CARTESIAN_POINT('',(-0.660909188676088,4.01,0.213686901213789));
#6282=CARTESIAN_POINT('',(-0.66081715746534,4.01,0.210494885251303));
#6283=CARTESIAN_POINT('',(-0.660770257068272,4.01,0.208868189102564));
#6284=CARTESIAN_POINT('',(-0.702831973151992,4.,0.256442315917868));
#6285=CARTESIAN_POINT('',(-0.702831973151992,4.01,0.256442315917868));
#6286=CARTESIAN_POINT('',(-0.714405839111685,4.,0.256061095395987));
#6287=CARTESIAN_POINT('',(-0.714405839111685,4.01,0.256061095395987));
#6288=CARTESIAN_POINT('',(-0.737811925867516,4.,0.246409286586362));
#6289=CARTESIAN_POINT('',(-0.737811925867516,4.01,0.246409286586362));
#6290=CARTESIAN_POINT('',(-0.744577968409406,4.,0.222393955613312));
#6291=CARTESIAN_POINT('',(-0.744577968409406,4.01,0.222393955613312));
#6292=CARTESIAN_POINT('',(-0.744894177394631,4.,0.210819056712471));
#6293=CARTESIAN_POINT('',(-0.744894177394631,4.01,0.210819056712471));
#6294=CARTESIAN_POINT('',(-0.744894188692203,4.01,0.210818643162393));
#6295=CARTESIAN_POINT('',(-0.74489417540914,4.01,0.210819056445022));
#6296=CARTESIAN_POINT('',(-0.744894188692203,4.01,0.210818643162393));
#6297=CARTESIAN_POINT('',(-0.744848203578496,4.01,0.212501938301776));
#6298=CARTESIAN_POINT('',(-0.744758686195158,4.01,0.215778741686914));
#6299=CARTESIAN_POINT('',(-0.744213841566304,4.01,0.22057917834202));
#6300=CARTESIAN_POINT('',(-0.74324779574031,4.01,0.22511030873997));
#6301=CARTESIAN_POINT('',(-0.741861698869225,4.01,0.229384236674157));
#6302=CARTESIAN_POINT('',(-0.740189128891733,4.01,0.233443815980172));
#6303=CARTESIAN_POINT('',(-0.738059642114963,4.01,0.237224565352417));
#6304=CARTESIAN_POINT('',(-0.735518636097523,4.01,0.240729648949842));
#6305=CARTESIAN_POINT('',(-0.732663554198378,4.01,0.243982537871253));
#6306=CARTESIAN_POINT('',(-0.729491542716676,4.01,0.246871122617975));
#6307=CARTESIAN_POINT('',(-0.726171574837621,4.01,0.24944396304507));
#6308=CARTESIAN_POINT('',(-0.722689076996635,4.01,0.251630816408095));
#6309=CARTESIAN_POINT('',(-0.719000436849056,4.01,0.253358214593449));
#6310=CARTESIAN_POINT('',(-0.71519544376532,4.01,0.254778472252826));
#6311=CARTESIAN_POINT('',(-0.711212823235329,4.01,0.255759275838774));
#6312=CARTESIAN_POINT('',(-0.707073324718478,4.01,0.256302614087617));
#6313=CARTESIAN_POINT('',(-0.704261263020158,4.01,0.256395237903369));
#6314=CARTESIAN_POINT('',(-0.702832222880237,4.01,0.256442307692308));
#6315=CARTESIAN_POINT('',(-0.744894200391352,4.,0.210819055463559));
#6316=CARTESIAN_POINT('',(-0.744894200391352,4.01,0.210819055463559));
#6317=CARTESIAN_POINT('',(-0.744553672006182,4.,0.19881816175258));
#6318=CARTESIAN_POINT('',(-0.744553672006182,4.01,0.19881816175258));
#6319=CARTESIAN_POINT('',(-0.737787478711798,4.,0.174316655552622));
#6320=CARTESIAN_POINT('',(-0.737787478711798,4.01,0.174316655552622));
#6321=CARTESIAN_POINT('',(-0.714842753647131,4.,0.161771415118952));
#6322=CARTESIAN_POINT('',(-0.714842753647131,4.01,0.161771415118952));
#6323=CARTESIAN_POINT('',(-0.702832655067713,4.,0.161463686287401));
#6324=CARTESIAN_POINT('',(-0.702832655067713,4.01,0.161463686287401));
#6325=CARTESIAN_POINT('',(-0.702832222880237,4.01,0.161463675213675));
#6326=CARTESIAN_POINT('',(-0.704262375851111,4.01,0.161500319316743));
#6327=CARTESIAN_POINT('',(-0.707082899267487,4.01,0.161572588194885));
#6328=CARTESIAN_POINT('',(-0.711227114456602,4.01,0.162269745001153));
#6329=CARTESIAN_POINT('',(-0.715199686187814,4.01,0.163435621924813));
#6330=CARTESIAN_POINT('',(-0.719039241324961,4.01,0.164997080307919));
#6331=CARTESIAN_POINT('',(-0.722708444175366,4.01,0.16705336695001));
#6332=CARTESIAN_POINT('',(-0.726189898919734,4.01,0.169576666326835));
#6333=CARTESIAN_POINT('',(-0.729523071382537,4.01,0.172534287444598));
#6334=CARTESIAN_POINT('',(-0.73265617419395,4.01,0.175886693603409));
#6335=CARTESIAN_POINT('',(-0.735531948620335,4.01,0.179555672860308));
#6336=CARTESIAN_POINT('',(-0.73804354791378,4.01,0.183474333220814));
#6337=CARTESIAN_POINT('',(-0.740164595743003,4.01,0.18757521383258));
#6338=CARTESIAN_POINT('',(-0.741866479437391,4.01,0.191872750552105));
#6339=CARTESIAN_POINT('',(-0.743233946703752,4.01,0.196335095115502));
#6340=CARTESIAN_POINT('',(-0.74421206111274,4.01,0.201002353061721));
#6341=CARTESIAN_POINT('',(-0.744753460101524,4.01,0.205859089326651));
#6342=CARTESIAN_POINT('',(-0.744846829107836,4.01,0.209149597752558));
#6343=CARTESIAN_POINT('',(-0.744894188692203,4.01,0.210818643162393));
#6344=CARTESIAN_POINT('',(-0.861582222880237,4.01,0.185886752136752));
#6345=CARTESIAN_POINT('',(-0.861582222880237,4.,0.185886752136752));
#6346=CARTESIAN_POINT('',(-0.861582222880237,4.,0.185886752136752));
#6347=CARTESIAN_POINT('',(-0.851024330252032,4.,0.170707131410256));
#6348=CARTESIAN_POINT('',(-0.861582222880237,4.01,0.185886752136752));
#6349=CARTESIAN_POINT('',(-0.861582222880237,4.01,0.185886752136752));
#6350=CARTESIAN_POINT('',(-0.861582222880237,4.01,0.185886752136752));
#6351=CARTESIAN_POINT('',(-0.851024330252032,4.01,0.170707131410256));
#6352=CARTESIAN_POINT('',(-0.851024330252032,4.01,0.170707131410256));
#6353=CARTESIAN_POINT('',(-0.851024330252032,4.01,0.170707131410256));
#6354=CARTESIAN_POINT('',(-0.851024330252032,4.,0.170707131410256));
#6355=CARTESIAN_POINT('',(-0.764992345743485,4.,0.229559962606838));
#6356=CARTESIAN_POINT('',(-0.851024330252032,4.01,0.170707131410256));
#6357=CARTESIAN_POINT('',(-0.764974792061004,4.01,0.229570143358811));
#6358=CARTESIAN_POINT('',(-0.76497279897235,4.01,0.22957333417822));
#6359=CARTESIAN_POINT('',(-0.59962674014624,4.01,0.206388959534265));
#6360=CARTESIAN_POINT('',(-0.59962674014624,4.,0.206388959534265));
#6361=CARTESIAN_POINT('',(-0.766603590401605,4.,0.207299345619658));
#6362=CARTESIAN_POINT('',(-0.59962674014624,4.01,0.206388959534265));
#6363=CARTESIAN_POINT('',(-0.766595707388364,4.01,0.20729918004126));
#6364=CARTESIAN_POINT('',(-0.766587830675069,4.01,0.207299259694958));
#6365=CARTESIAN_POINT('',(-0.766587830675069,4.00666666666667,0.207299259694958));
#6366=CARTESIAN_POINT('',(-0.766587830675069,4.00333333333333,0.207299259694958));
#6367=CARTESIAN_POINT('',(-0.766587830675069,4.,0.207299259694958));
#6368=CARTESIAN_POINT('',(-0.766603577801711,4.01,0.207298855155468));
#6369=CARTESIAN_POINT('',(-0.766603577801711,4.,0.207298855155468));
#6370=CARTESIAN_POINT('',(-0.766173060378355,4.01,0.190540510042328));
#6371=CARTESIAN_POINT('',(-0.766173060378355,4.,0.190540510042328));
#6372=CARTESIAN_POINT('',(-0.754166291168167,4.01,0.156561393387066));
#6373=CARTESIAN_POINT('',(-0.754166291168167,4.00000000000001,0.156561393387066));
#6374=CARTESIAN_POINT('',(-0.720650986248464,4.01,0.142895463905204));
#6375=CARTESIAN_POINT('',(-0.720650986248464,4.,0.142895463905204));
#6376=CARTESIAN_POINT('',(-0.703892002088915,4.01,0.142467942336072));
#6377=CARTESIAN_POINT('',(-0.703892002088915,4.,0.142467942336072));
#6378=CARTESIAN_POINT('',(-0.766603590401605,4.,0.207299345619658));
#6379=CARTESIAN_POINT('',(-0.766546508902791,4.,0.205077388002576));
#6380=CARTESIAN_POINT('',(-0.766434462912276,4.,0.200715879505711));
#6381=CARTESIAN_POINT('',(-0.76555138252245,4.,0.194302614936108));
#6382=CARTESIAN_POINT('',(-0.764175881579281,4.,0.188131102445893));
#6383=CARTESIAN_POINT('',(-0.762170994932705,4.,0.182224849460654));
#6384=CARTESIAN_POINT('',(-0.759608697155279,4.,0.176589117462124));
#6385=CARTESIAN_POINT('',(-0.756487484171768,4.,0.171204240218826));
#6386=CARTESIAN_POINT('',(-0.752795737881964,4.,0.166077347974299));
#6387=CARTESIAN_POINT('',(-0.748573141008386,4.,0.161268768642605));
#6388=CARTESIAN_POINT('',(-0.743935774165839,4.,0.156895703499207));
#6389=CARTESIAN_POINT('',(-0.739027834278393,4.,0.152999608825287));
#6390=CARTESIAN_POINT('',(-0.733792037927463,4.,0.149761650064375));
#6391=CARTESIAN_POINT('',(-0.728335261017472,4.,0.147071874309202));
#6392=CARTESIAN_POINT('',(-0.722579054704448,4.,0.145031985321952));
#6393=CARTESIAN_POINT('',(-0.716588924536146,4.,0.143546536524798));
#6394=CARTESIAN_POINT('',(-0.710322887079763,4.,0.142631994167377));
#6395=CARTESIAN_POINT('',(-0.706057795846299,4.,0.142523191719731));
#6396=CARTESIAN_POINT('',(-0.703892252260579,4.,0.142467948717949));
#6397=CARTESIAN_POINT('',(-0.703892252260579,4.,0.142467948717949));
#6398=CARTESIAN_POINT('',(-0.766603590401605,4.01,0.207299345619658));
#6399=CARTESIAN_POINT('',(-0.766546508902791,4.01,0.205077388002576));
#6400=CARTESIAN_POINT('',(-0.766434462912276,4.01,0.200715879505711));
#6401=CARTESIAN_POINT('',(-0.76555138252245,4.01,0.194302614936108));
#6402=CARTESIAN_POINT('',(-0.764175881579281,4.01,0.188131102445893));
#6403=CARTESIAN_POINT('',(-0.762170994932705,4.01,0.182224849460654));
#6404=CARTESIAN_POINT('',(-0.759608697155279,4.01,0.176589117462124));
#6405=CARTESIAN_POINT('',(-0.756487484171768,4.01,0.171204240218826));
#6406=CARTESIAN_POINT('',(-0.752795737881964,4.01,0.166077347974299));
#6407=CARTESIAN_POINT('',(-0.748573141008386,4.01,0.161268768642605));
#6408=CARTESIAN_POINT('',(-0.743935774165839,4.01,0.156895703499207));
#6409=CARTESIAN_POINT('',(-0.739027834278393,4.01,0.152999608825287));
#6410=CARTESIAN_POINT('',(-0.733792037927463,4.01,0.149761650064375));
#6411=CARTESIAN_POINT('',(-0.728335261017472,4.01,0.147071874309202));
#6412=CARTESIAN_POINT('',(-0.722579054704448,4.01,0.145031985321952));
#6413=CARTESIAN_POINT('',(-0.716588924536146,4.01,0.143546536524798));
#6414=CARTESIAN_POINT('',(-0.710322887079763,4.01,0.142631994167377));
#6415=CARTESIAN_POINT('',(-0.706057795846299,4.01,0.142523191719731));
#6416=CARTESIAN_POINT('',(-0.703892252260579,4.01,0.142467948717949));
#6417=CARTESIAN_POINT('',(-0.703892001205773,4.01,0.142467958985631));
#6418=CARTESIAN_POINT('',(-0.703892252260579,4.01,0.142467948717949));
#6419=CARTESIAN_POINT('',(-0.70389200041522,4.01,0.142467957638132));
#6420=CARTESIAN_POINT('',(-0.70389200041522,4.,0.142467957638132));
#6421=CARTESIAN_POINT('',(-0.686522680246159,4.01,0.143083166582587));
#6422=CARTESIAN_POINT('',(-0.686522680246159,4.,0.143083166582587));
#6423=CARTESIAN_POINT('',(-0.651580632888614,4.01,0.156836593981644));
#6424=CARTESIAN_POINT('',(-0.651580632888614,4.,0.156836593981644));
#6425=CARTESIAN_POINT('',(-0.639695163075512,4.01,0.19247840713056));
#6426=CARTESIAN_POINT('',(-0.639695163075512,4.,0.19247840713056));
#6427=CARTESIAN_POINT('',(-0.63906084802132,4.01,0.209843617007577));
#6428=CARTESIAN_POINT('',(-0.63906084802132,4.,0.209843617007577));
#6429=CARTESIAN_POINT('',(-0.703892252260579,4.,0.142467948717949));
#6430=CARTESIAN_POINT('',(-0.700930814691328,4.,0.142572840726387));
#6431=CARTESIAN_POINT('',(-0.695118113496358,4.,0.142778722460691));
#6432=CARTESIAN_POINT('',(-0.686625214132938,4.,0.144435680409294));
#6433=CARTESIAN_POINT('',(-0.678594789828448,4.,0.147160758065428));
#6434=CARTESIAN_POINT('',(-0.671047954291197,4.,0.150960378946002));
#6435=CARTESIAN_POINT('',(-0.664093268633608,4.,0.155746145432505));
#6436=CARTESIAN_POINT('',(-0.657827414653584,4.,0.161497950646904));
#6437=CARTESIAN_POINT('',(-0.652339511587643,4.,0.168180809439497));
#6438=CARTESIAN_POINT('',(-0.647622122143891,4.,0.175642483929541));
#6439=CARTESIAN_POINT('',(-0.64382814849957,4.,0.183707166614052));
#6440=CARTESIAN_POINT('',(-0.641031771755836,4.,0.192153794983512));
#6441=CARTESIAN_POINT('',(-0.639386895099165,4.,0.200917648911553));
#6442=CARTESIAN_POINT('',(-0.639170035878795,4.,0.206854455630209));
#6443=CARTESIAN_POINT('',(-0.63906085535887,4.,0.209843416132479));
#6444=CARTESIAN_POINT('',(-0.63906085535887,4.,0.209843416132479));
#6445=CARTESIAN_POINT('',(-0.703892252260579,4.01,0.142467948717949));
#6446=CARTESIAN_POINT('',(-0.700930814691328,4.01,0.142572840726387));
#6447=CARTESIAN_POINT('',(-0.695118113496358,4.01,0.142778722460691));
#6448=CARTESIAN_POINT('',(-0.686625214132938,4.01,0.144435680409294));
#6449=CARTESIAN_POINT('',(-0.678594789828448,4.01,0.147160758065428));
#6450=CARTESIAN_POINT('',(-0.671047954291197,4.01,0.150960378946002));
#6451=CARTESIAN_POINT('',(-0.664093268633608,4.01,0.155746145432505));
#6452=CARTESIAN_POINT('',(-0.657827414653584,4.01,0.161497950646904));
#6453=CARTESIAN_POINT('',(-0.652339511587643,4.01,0.168180809439497));
#6454=CARTESIAN_POINT('',(-0.647622122143891,4.01,0.175642483929541));
#6455=CARTESIAN_POINT('',(-0.64382814849957,4.01,0.183707166614052));
#6456=CARTESIAN_POINT('',(-0.641031771755836,4.01,0.192153794983512));
#6457=CARTESIAN_POINT('',(-0.639386895099165,4.01,0.200917648911553));
#6458=CARTESIAN_POINT('',(-0.639170035878795,4.01,0.206854455630209));
#6459=CARTESIAN_POINT('',(-0.63906085535887,4.01,0.209843416132479));
#6460=CARTESIAN_POINT('',(-0.639060864653073,4.01,0.209843618267684));
#6461=CARTESIAN_POINT('',(-0.63906085535887,4.01,0.209843416132479));
#6462=CARTESIAN_POINT('',(-0.63906085535887,4.01,0.209843416132479));
#6463=CARTESIAN_POINT('',(-0.63906085535887,4.,0.209843416132479));
#6464=CARTESIAN_POINT('',(-0.639171138920437,4.01,0.212775925308073));
#6465=CARTESIAN_POINT('',(-0.639171138920437,4.,0.212775925308073));
#6466=CARTESIAN_POINT('',(-0.639389048843248,4.01,0.218570287033622));
#6467=CARTESIAN_POINT('',(-0.639389048843248,4.,0.218570287033622));
#6468=CARTESIAN_POINT('',(-0.640998970744348,4.01,0.227102304052208));
#6469=CARTESIAN_POINT('',(-0.640998970744348,4.,0.227102304052208));
#6470=CARTESIAN_POINT('',(-0.643683409339115,4.01,0.235281378018419));
#6471=CARTESIAN_POINT('',(-0.643683409339115,4.,0.235281378018419));
#6472=CARTESIAN_POINT('',(-0.647410177491641,4.01,0.243043157406363));
#6473=CARTESIAN_POINT('',(-0.647410177491641,4.,0.243043157406363));
#6474=CARTESIAN_POINT('',(-0.652111871340143,4.01,0.250192578325667));
#6475=CARTESIAN_POINT('',(-0.652111871340143,4.,0.250192578325667));
#6476=CARTESIAN_POINT('',(-0.657668127667033,4.01,0.256646283870987));
#6477=CARTESIAN_POINT('',(-0.657668127667033,4.,0.256646283870987));
#6478=CARTESIAN_POINT('',(-0.664141552958372,4.01,0.262231378470704));
#6479=CARTESIAN_POINT('',(-0.664141552958372,4.,0.262231378470704));
#6480=CARTESIAN_POINT('',(-0.671355080001636,4.01,0.266938261332376));
#6481=CARTESIAN_POINT('',(-0.671355080001636,4.,0.266938261332376));
#6482=CARTESIAN_POINT('',(-0.679106287883497,4.01,0.270716106620515));
#6483=CARTESIAN_POINT('',(-0.679106287883497,4.,0.270716106620515));
#6484=CARTESIAN_POINT('',(-0.687196988567724,4.01,0.273441934128473));
#6485=CARTESIAN_POINT('',(-0.687196988567724,4.,0.273441934128473));
#6486=CARTESIAN_POINT('',(-0.695569245806016,4.01,0.275119877502167));
#6487=CARTESIAN_POINT('',(-0.695569245806016,4.,0.275119877502167));
#6488=CARTESIAN_POINT('',(-0.701241576835515,4.01,0.275331323012915));
#6489=CARTESIAN_POINT('',(-0.701241576835515,4.,0.275331323012915));
#6490=CARTESIAN_POINT('',(-0.704104258136648,4.01,0.275438034188034));
#6491=CARTESIAN_POINT('',(-0.704104258136648,4.,0.275438034188034));
#6492=CARTESIAN_POINT('',(-0.63906085535887,4.,0.209843416132479));
#6493=CARTESIAN_POINT('',(-0.639171138920437,4.,0.212775925308073));
#6494=CARTESIAN_POINT('',(-0.639389048843248,4.,0.218570287033622));
#6495=CARTESIAN_POINT('',(-0.640998970744348,4.,0.227102304052208));
#6496=CARTESIAN_POINT('',(-0.643683409339115,4.,0.235281378018419));
#6497=CARTESIAN_POINT('',(-0.647410177491641,4.,0.243043157406363));
#6498=CARTESIAN_POINT('',(-0.652111871340143,4.,0.250192578325667));
#6499=CARTESIAN_POINT('',(-0.657668127667033,4.,0.256646283870987));
#6500=CARTESIAN_POINT('',(-0.664141552958372,4.,0.262231378470704));
#6501=CARTESIAN_POINT('',(-0.671355080001636,4.,0.266938261332376));
#6502=CARTESIAN_POINT('',(-0.679106287883497,4.,0.270716106620515));
#6503=CARTESIAN_POINT('',(-0.687196988567724,4.,0.273441934128473));
#6504=CARTESIAN_POINT('',(-0.695569245806016,4.,0.275119877502167));
#6505=CARTESIAN_POINT('',(-0.701241576835515,4.,0.275331323012915));
#6506=CARTESIAN_POINT('',(-0.704104258136648,4.,0.275438034188034));
#6507=CARTESIAN_POINT('',(-0.704104258136648,4.,0.275438034188034));
#6508=CARTESIAN_POINT('',(-0.63906085535887,4.01,0.209843416132479));
#6509=CARTESIAN_POINT('',(-0.639171138920437,4.01,0.212775925308073));
#6510=CARTESIAN_POINT('',(-0.639389048843248,4.01,0.218570287033622));
#6511=CARTESIAN_POINT('',(-0.640998970744348,4.01,0.227102304052208));
#6512=CARTESIAN_POINT('',(-0.643683409339115,4.01,0.235281378018419));
#6513=CARTESIAN_POINT('',(-0.647410177491641,4.01,0.243043157406363));
#6514=CARTESIAN_POINT('',(-0.652111871340143,4.01,0.250192578325667));
#6515=CARTESIAN_POINT('',(-0.657668127667033,4.01,0.256646283870987));
#6516=CARTESIAN_POINT('',(-0.664141552958372,4.01,0.262231378470704));
#6517=CARTESIAN_POINT('',(-0.671355080001636,4.01,0.266938261332376));
#6518=CARTESIAN_POINT('',(-0.679106287883497,4.01,0.270716106620515));
#6519=CARTESIAN_POINT('',(-0.687196988567724,4.01,0.273441934128473));
#6520=CARTESIAN_POINT('',(-0.695569245806016,4.01,0.275119877502167));
#6521=CARTESIAN_POINT('',(-0.701241576835515,4.01,0.275331323012915));
#6522=CARTESIAN_POINT('',(-0.704104258136648,4.01,0.275438034188034));
#6523=CARTESIAN_POINT('',(-0.704104458346291,4.01,0.275438024972937));
#6524=CARTESIAN_POINT('',(-0.704104258136648,4.01,0.275438034188034));
#6525=CARTESIAN_POINT('',(-0.704104458862535,4.01,0.275438027830579));
#6526=CARTESIAN_POINT('',(-0.704104458862535,4.,0.275438027830579));
#6527=CARTESIAN_POINT('',(-0.72671002617757,4.01,0.27472205704365));
#6528=CARTESIAN_POINT('',(-0.72671002617757,4.,0.27472205704365));
#6529=CARTESIAN_POINT('',(-0.747512981033694,4.00999999999998,0.263676472771998));
#6530=CARTESIAN_POINT('',(-0.747512981033694,3.99999999999998,0.263676472771998));
#6531=CARTESIAN_POINT('',(-0.76626438098291,4.01,0.251057358451602));
#6532=CARTESIAN_POINT('',(-0.76626438098291,4.,0.251057358451602));
#6533=CARTESIAN_POINT('',(-0.704104258136648,4.,0.275438034188034));
#6534=CARTESIAN_POINT('',(-0.706326559095917,4.,0.27536764875856));
#6535=CARTESIAN_POINT('',(-0.710833940709653,4.,0.27522488952095));
#6536=CARTESIAN_POINT('',(-0.717675607499619,4.,0.274199318223008));
#6537=CARTESIAN_POINT('',(-0.724665967642689,4.,0.272538286038246));
#6538=CARTESIAN_POINT('',(-0.730590425184745,4.,0.270611559530626));
#6539=CARTESIAN_POINT('',(-0.735433888894879,4.,0.268638586107607));
#6540=CARTESIAN_POINT('',(-0.739320891030352,4.,0.266941101653367));
#6541=CARTESIAN_POINT('',(-0.743377281955322,4.,0.264965359560052));
#6542=CARTESIAN_POINT('',(-0.74757324879709,4.,0.262618467371861));
#6543=CARTESIAN_POINT('',(-0.752019187079049,4.,0.260164876697608));
#6544=CARTESIAN_POINT('',(-0.756618002808915,4.,0.257375098732886));
#6545=CARTESIAN_POINT('',(-0.7613953944205,4.,0.254334036364821));
#6546=CARTESIAN_POINT('',(-0.764615479516725,4.,0.252167018325596));
#6547=CARTESIAN_POINT('',(-0.766264380999896,4.,0.251057358440171));
#6548=CARTESIAN_POINT('',(-0.766264380999896,4.,0.251057358440171));
#6549=CARTESIAN_POINT('',(-0.704104258136648,4.01,0.275438034188034));
#6550=CARTESIAN_POINT('',(-0.706326559095917,4.01,0.27536764875856));
#6551=CARTESIAN_POINT('',(-0.710833940709653,4.01,0.27522488952095));
#6552=CARTESIAN_POINT('',(-0.717675607499619,4.01,0.274199318223008));
#6553=CARTESIAN_POINT('',(-0.724665967642689,4.01,0.272538286038246));
#6554=CARTESIAN_POINT('',(-0.730590425184745,4.01,0.270611559530626));
#6555=CARTESIAN_POINT('',(-0.735433888894879,4.01,0.268638586107607));
#6556=CARTESIAN_POINT('',(-0.739320891030352,4.01,0.266941101653367));
#6557=CARTESIAN_POINT('',(-0.743377281955322,4.01,0.264965359560052));
#6558=CARTESIAN_POINT('',(-0.74757324879709,4.01,0.262618467371861));
#6559=CARTESIAN_POINT('',(-0.752019187079049,4.01,0.260164876697608));
#6560=CARTESIAN_POINT('',(-0.756618002808915,4.01,0.257375098732886));
#6561=CARTESIAN_POINT('',(-0.7613953944205,4.01,0.254334036364821));
#6562=CARTESIAN_POINT('',(-0.764615479516725,4.01,0.252167018325596));
#6563=CARTESIAN_POINT('',(-0.766264380999896,4.01,0.251057358440171));
#6564=CARTESIAN_POINT('',(-0.766264380999896,4.01,0.251057358440171));
#6565=CARTESIAN_POINT('',(-0.766264380999896,4.01,0.251057358440171));
#6566=CARTESIAN_POINT('',(-0.766264380999896,4.01,0.251057358440171));
#6567=CARTESIAN_POINT('',(-0.766264380999896,4.,0.251057358440171));
#6568=CARTESIAN_POINT('',(-0.766264380999896,4.01,0.251057358440171));
#6569=CARTESIAN_POINT('',(0.,4.01,0.));
#6570=CARTESIAN_POINT('',(0.,4.,0.));
#6571=CARTESIAN_POINT('',(-0.702832222880237,4.,-0.00135683760683757));
#6572=CARTESIAN_POINT('',(-0.704262375851111,4.,-0.00132019350376933));
#6573=CARTESIAN_POINT('',(-0.707082899267487,4.,-0.00124792462562764));
#6574=CARTESIAN_POINT('',(-0.711227114456602,4.,-0.000550767819359552));
#6575=CARTESIAN_POINT('',(-0.715199686187814,4.,0.000615109104299942));
#6576=CARTESIAN_POINT('',(-0.719039241324961,4.,0.0021765674874066));
#6577=CARTESIAN_POINT('',(-0.722708444175366,4.,0.00423285412949738));
#6578=CARTESIAN_POINT('',(-0.726189898919735,4.,0.00675615350632252));
#6579=CARTESIAN_POINT('',(-0.729523071382537,4.,0.00971377462408479));
#6580=CARTESIAN_POINT('',(-0.73265617419395,4.,0.0130661807828963));
#6581=CARTESIAN_POINT('',(-0.735531948620334,4.,0.0167351600397954));
#6582=CARTESIAN_POINT('',(-0.73804354791378,4.,0.0206538204003014));
#6583=CARTESIAN_POINT('',(-0.740164595743002,4.,0.0247547010120671));
#6584=CARTESIAN_POINT('',(-0.741866479437392,4.,0.0290522377315925));
#6585=CARTESIAN_POINT('',(-0.743233946703752,4.,0.0335145822949896));
#6586=CARTESIAN_POINT('',(-0.74421206111274,4.,0.0381818402412082));
#6587=CARTESIAN_POINT('',(-0.744753460101524,4.,0.043038576506138));
#6588=CARTESIAN_POINT('',(-0.744846829107836,4.,0.0463290849320451));
#6589=CARTESIAN_POINT('',(-0.744894188692203,4.,0.0479981303418804));
#6590=CARTESIAN_POINT('',(-0.702832222880237,4.,-0.00135683760683757));
#6591=CARTESIAN_POINT('',(-0.744894188692203,4.,0.0479981303418804));
#6592=CARTESIAN_POINT('',(-0.744894188692203,4.,0.0479981303418804));
#6593=CARTESIAN_POINT('',(-0.744848203578496,4.,0.0496814254812634));
#6594=CARTESIAN_POINT('',(-0.744758686195158,4.,0.0529582288664011));
#6595=CARTESIAN_POINT('',(-0.744213841566304,4.,0.0577586655215067));
#6596=CARTESIAN_POINT('',(-0.743247795740311,4.,0.0622897959194576));
#6597=CARTESIAN_POINT('',(-0.741861698869225,4.,0.0665637238536446));
#6598=CARTESIAN_POINT('',(-0.740189128891733,4.,0.0706233031596596));
#6599=CARTESIAN_POINT('',(-0.738059642114963,4.,0.0744040525319039));
#6600=CARTESIAN_POINT('',(-0.735518636097522,4.,0.0779091361293289));
#6601=CARTESIAN_POINT('',(-0.732663554198378,4.,0.0811620250507406));
#6602=CARTESIAN_POINT('',(-0.729491542716676,4.,0.0840506097974618));
#6603=CARTESIAN_POINT('',(-0.726171574837621,4.,0.0866234502245568));
#6604=CARTESIAN_POINT('',(-0.722689076996635,4.,0.0888103035875817));
#6605=CARTESIAN_POINT('',(-0.719000436849056,4.,0.0905377017729362));
#6606=CARTESIAN_POINT('',(-0.715195443765319,4.,0.0919579594323134));
#6607=CARTESIAN_POINT('',(-0.711212823235329,4.,0.0929387630182616));
#6608=CARTESIAN_POINT('',(-0.707073324718478,4.,0.0934821012671045));
#6609=CARTESIAN_POINT('',(-0.704261263020158,4.,0.0935747250828564));
#6610=CARTESIAN_POINT('',(-0.702832222880237,4.,0.0936217948717949));
#6611=CARTESIAN_POINT('',(-0.702832222880237,4.,0.0936217948717949));
#6612=CARTESIAN_POINT('',(-0.702832222880237,4.,0.0936217948717949));
#6613=CARTESIAN_POINT('',(-0.701402582860127,4.,0.0935812995086424));
#6614=CARTESIAN_POINT('',(-0.698585301838531,4.,0.0935014984283234));
#6615=CARTESIAN_POINT('',(-0.69443971959626,4.,0.0928611660295705));
#6616=CARTESIAN_POINT('',(-0.690466674387365,4.,0.0917349801737514));
#6617=CARTESIAN_POINT('',(-0.686645419018858,4.,0.0902229162236833));
#6618=CARTESIAN_POINT('',(-0.683003593666344,4.,0.0882347874298941));
#6619=CARTESIAN_POINT('',(-0.679517443634181,4.,0.0858401983530435));
#6620=CARTESIAN_POINT('',(-0.676143878425124,4.,0.0830511008111503));
#6621=CARTESIAN_POINT('',(-0.673056641381998,4.,0.079777905220334));
#6622=CARTESIAN_POINT('',(-0.670174055398564,4.,0.0762562583581089));
#6623=CARTESIAN_POINT('',(-0.667675159544455,4.,0.0724697037138506));
#6624=CARTESIAN_POINT('',(-0.665542076255366,4.,0.0685121663979957));
#6625=CARTESIAN_POINT('',(-0.66379692818133,4.,0.0643804929996545));
#6626=CARTESIAN_POINT('',(-0.662432392396879,4.,0.0600660832755807));
#6627=CARTESIAN_POINT('',(-0.661451818084124,4.,0.0555687040449644));
#6628=CARTESIAN_POINT('',(-0.660909188676088,4.,0.0508663883932761));
#6629=CARTESIAN_POINT('',(-0.660817157465339,4.,0.0476743724307906));
#6630=CARTESIAN_POINT('',(-0.660770257068272,4.,0.0460476762820513));
#6631=CARTESIAN_POINT('',(-0.660770257068272,4.,0.0460476762820513));
#6632=CARTESIAN_POINT('',(-0.660770257068272,4.,0.0460476762820513));
#6633=CARTESIAN_POINT('',(-0.660817224683652,4.,0.044435123336873));
#6634=CARTESIAN_POINT('',(-0.660909374758216,4.,0.0412713077389868));
#6635=CARTESIAN_POINT('',(-0.661450882726285,4.,0.0366108535728869));
#6636=CARTESIAN_POINT('',(-0.662438637828551,4.,0.0321436710749108));
#6637=CARTESIAN_POINT('',(-0.66379758716619,4.,0.0278425438062068));
#6638=CARTESIAN_POINT('',(-0.665532583955725,4.,0.0237195790886861));
#6639=CARTESIAN_POINT('',(-0.667675143378451,4.,0.0197935219142794));
#6640=CARTESIAN_POINT('',(-0.670187403152439,4.,0.0160464245072361));
#6641=CARTESIAN_POINT('',(-0.67305297073402,4.,0.012525782033865));
#6642=CARTESIAN_POINT('',(-0.676158699673454,4.,0.00925960468770874));
#6643=CARTESIAN_POINT('',(-0.679502703154899,4.,0.00642138801997819));
#6644=CARTESIAN_POINT('',(-0.68300543934435,4.,0.00403234767060605));
#6645=CARTESIAN_POINT('',(-0.686644928503653,4.,0.00204146225047504));
#6646=CARTESIAN_POINT('',(-0.690466805303315,4.,0.000530131567450953));
#6647=CARTESIAN_POINT('',(-0.694439684135798,4.,-0.000596250606719851));
#6648=CARTESIAN_POINT('',(-0.698585311079414,4.,-0.00123653025944664));
#6649=CARTESIAN_POINT('',(-0.701402585970884,4.,-0.00131633857310129));
#6650=CARTESIAN_POINT('',(-0.702832222880237,4.,-0.00135683760683757));
#6651=CARTESIAN_POINT('',(-0.702832653168705,4.,-0.00135684979613338));
#6652=CARTESIAN_POINT('',(-0.702832653168705,4.01,-0.00135684979613338));
#6653=CARTESIAN_POINT('',(-0.691095228252595,4.00000000000001,-0.00102434972947679));
#6654=CARTESIAN_POINT('',(-0.691095228252595,4.01,-0.00102434972947679));
#6655=CARTESIAN_POINT('',(-0.668392280570117,4.,0.010457540001426));
#6656=CARTESIAN_POINT('',(-0.668392280570117,4.01,0.010457540001426));
#6657=CARTESIAN_POINT('',(-0.661111989399444,3.99999999999999,0.0343148797550184));
#6658=CARTESIAN_POINT('',(-0.661111989399444,4.00999999999999,0.0343148797550184));
#6659=CARTESIAN_POINT('',(-0.66077026474518,4.,0.0460474127085155));
#6660=CARTESIAN_POINT('',(-0.66077026474518,4.01,0.0460474127085155));
#6661=CARTESIAN_POINT('',(-0.660770257068272,4.01,0.0460476762820513));
#6662=CARTESIAN_POINT('',(-0.660770266148668,4.01,0.0460474129191542));
#6663=CARTESIAN_POINT('',(-0.660770257068272,4.01,0.0460476762820513));
#6664=CARTESIAN_POINT('',(-0.660817224683652,4.01,0.044435123336873));
#6665=CARTESIAN_POINT('',(-0.660909374758216,4.01,0.0412713077389868));
#6666=CARTESIAN_POINT('',(-0.661450882726285,4.01,0.0366108535728869));
#6667=CARTESIAN_POINT('',(-0.662438637828551,4.01,0.0321436710749108));
#6668=CARTESIAN_POINT('',(-0.66379758716619,4.01,0.0278425438062068));
#6669=CARTESIAN_POINT('',(-0.665532583955725,4.01,0.0237195790886861));
#6670=CARTESIAN_POINT('',(-0.667675143378451,4.01,0.0197935219142794));
#6671=CARTESIAN_POINT('',(-0.670187403152439,4.01,0.0160464245072361));
#6672=CARTESIAN_POINT('',(-0.67305297073402,4.01,0.012525782033865));
#6673=CARTESIAN_POINT('',(-0.676158699673454,4.01,0.00925960468770874));
#6674=CARTESIAN_POINT('',(-0.679502703154899,4.01,0.00642138801997819));
#6675=CARTESIAN_POINT('',(-0.68300543934435,4.01,0.00403234767060605));
#6676=CARTESIAN_POINT('',(-0.686644928503653,4.01,0.00204146225047504));
#6677=CARTESIAN_POINT('',(-0.690466805303315,4.01,0.000530131567450953));
#6678=CARTESIAN_POINT('',(-0.694439684135798,4.01,-0.000596250606719851));
#6679=CARTESIAN_POINT('',(-0.698585311079414,4.01,-0.00123653025944664));
#6680=CARTESIAN_POINT('',(-0.701402585970884,4.01,-0.00131633857310129));
#6681=CARTESIAN_POINT('',(-0.702832222880237,4.01,-0.00135683760683757));
#6682=CARTESIAN_POINT('',(-0.702832654379241,4.01,-0.00135682482039612));
#6683=CARTESIAN_POINT('',(-0.702832222880237,4.01,-0.00135683760683757));
#6684=CARTESIAN_POINT('',(-0.660770249495833,4.,0.0460474136391104));
#6685=CARTESIAN_POINT('',(-0.660770249495833,4.01,0.0460474136391104));
#6686=CARTESIAN_POINT('',(-0.661109345103413,4.,0.0578086257694456));
#6687=CARTESIAN_POINT('',(-0.661109345103413,4.01,0.0578086257694456));
#6688=CARTESIAN_POINT('',(-0.668261615540651,4.,0.0817892130832628));
#6689=CARTESIAN_POINT('',(-0.668261615540651,4.01,0.0817892130832628));
#6690=CARTESIAN_POINT('',(-0.691066011344835,4.,0.0932885102644752));
#6691=CARTESIAN_POINT('',(-0.691066011344835,4.01,0.0932885102644752));
#6692=CARTESIAN_POINT('',(-0.702831971858569,4.,0.093621787761464));
#6693=CARTESIAN_POINT('',(-0.702831971858569,4.01,0.093621787761464));
#6694=CARTESIAN_POINT('',(-0.702832222880237,4.01,0.0936217948717949));
#6695=CARTESIAN_POINT('',(-0.702831972301482,4.01,0.0936217864496639));
#6696=CARTESIAN_POINT('',(-0.702832222880237,4.01,0.0936217948717949));
#6697=CARTESIAN_POINT('',(-0.701402582860127,4.01,0.0935812995086424));
#6698=CARTESIAN_POINT('',(-0.698585301838531,4.01,0.0935014984283234));
#6699=CARTESIAN_POINT('',(-0.69443971959626,4.01,0.0928611660295705));
#6700=CARTESIAN_POINT('',(-0.690466674387365,4.01,0.0917349801737514));
#6701=CARTESIAN_POINT('',(-0.686645419018858,4.01,0.0902229162236833));
#6702=CARTESIAN_POINT('',(-0.683003593666344,4.01,0.0882347874298941));
#6703=CARTESIAN_POINT('',(-0.679517443634181,4.01,0.0858401983530435));
#6704=CARTESIAN_POINT('',(-0.676143878425124,4.01,0.0830511008111503));
#6705=CARTESIAN_POINT('',(-0.673056641381998,4.01,0.079777905220334));
#6706=CARTESIAN_POINT('',(-0.670174055398564,4.01,0.0762562583581089));
#6707=CARTESIAN_POINT('',(-0.667675159544455,4.01,0.0724697037138506));
#6708=CARTESIAN_POINT('',(-0.665542076255366,4.01,0.0685121663979957));
#6709=CARTESIAN_POINT('',(-0.66379692818133,4.01,0.0643804929996545));
#6710=CARTESIAN_POINT('',(-0.662432392396879,4.01,0.0600660832755807));
#6711=CARTESIAN_POINT('',(-0.661451818084124,4.01,0.0555687040449644));
#6712=CARTESIAN_POINT('',(-0.660909188676088,4.01,0.0508663883932761));
#6713=CARTESIAN_POINT('',(-0.660817157465339,4.01,0.0476743724307906));
#6714=CARTESIAN_POINT('',(-0.660770257068272,4.01,0.0460476762820513));
#6715=CARTESIAN_POINT('',(-0.702831973151993,4.,0.0936218030973551));
#6716=CARTESIAN_POINT('',(-0.702831973151993,4.01,0.0936218030973551));
#6717=CARTESIAN_POINT('',(-0.714405839111685,4.,0.093240582575477));
#6718=CARTESIAN_POINT('',(-0.714405839111685,4.00999999999999,0.093240582575477));
#6719=CARTESIAN_POINT('',(-0.737811925867516,4.,0.0835887737658458));
#6720=CARTESIAN_POINT('',(-0.737811925867516,4.01,0.0835887737658458));
#6721=CARTESIAN_POINT('',(-0.744577968409406,4.,0.0595734427927998));
#6722=CARTESIAN_POINT('',(-0.744577968409406,4.01,0.0595734427927998));
#6723=CARTESIAN_POINT('',(-0.744894177394631,4.,0.0479985438919585));
#6724=CARTESIAN_POINT('',(-0.744894177394631,4.01,0.0479985438919585));
#6725=CARTESIAN_POINT('',(-0.744894188692203,4.01,0.0479981303418804));
#6726=CARTESIAN_POINT('',(-0.74489417540914,4.01,0.0479985436245095));
#6727=CARTESIAN_POINT('',(-0.744894188692203,4.01,0.0479981303418804));
#6728=CARTESIAN_POINT('',(-0.744848203578496,4.01,0.0496814254812634));
#6729=CARTESIAN_POINT('',(-0.744758686195158,4.01,0.0529582288664011));
#6730=CARTESIAN_POINT('',(-0.744213841566304,4.01,0.0577586655215067));
#6731=CARTESIAN_POINT('',(-0.743247795740311,4.01,0.0622897959194576));
#6732=CARTESIAN_POINT('',(-0.741861698869225,4.01,0.0665637238536446));
#6733=CARTESIAN_POINT('',(-0.740189128891733,4.01,0.0706233031596596));
#6734=CARTESIAN_POINT('',(-0.738059642114963,4.01,0.0744040525319039));
#6735=CARTESIAN_POINT('',(-0.735518636097522,4.01,0.0779091361293289));
#6736=CARTESIAN_POINT('',(-0.732663554198378,4.01,0.0811620250507406));
#6737=CARTESIAN_POINT('',(-0.729491542716676,4.01,0.0840506097974618));
#6738=CARTESIAN_POINT('',(-0.726171574837621,4.01,0.0866234502245568));
#6739=CARTESIAN_POINT('',(-0.722689076996635,4.01,0.0888103035875817));
#6740=CARTESIAN_POINT('',(-0.719000436849056,4.01,0.0905377017729362));
#6741=CARTESIAN_POINT('',(-0.715195443765319,4.01,0.0919579594323134));
#6742=CARTESIAN_POINT('',(-0.711212823235329,4.01,0.0929387630182616));
#6743=CARTESIAN_POINT('',(-0.707073324718478,4.01,0.0934821012671045));
#6744=CARTESIAN_POINT('',(-0.704261263020158,4.01,0.0935747250828564));
#6745=CARTESIAN_POINT('',(-0.702832222880237,4.01,0.0936217948717949));
#6746=CARTESIAN_POINT('',(-0.744894200391353,4.,0.047998542643046));
#6747=CARTESIAN_POINT('',(-0.744894200391353,4.01,0.047998542643046));
#6748=CARTESIAN_POINT('',(-0.744553672006182,4.00000000000001,0.0359976489320659));
#6749=CARTESIAN_POINT('',(-0.744553672006182,4.01000000000001,0.0359976489320659));
#6750=CARTESIAN_POINT('',(-0.737787478711798,4.00000000000001,0.0114961427321115));
#6751=CARTESIAN_POINT('',(-0.737787478711798,4.01,0.0114961427321115));
#6752=CARTESIAN_POINT('',(-0.714842753647134,3.99999999999999,-0.00104909770155894));
#6753=CARTESIAN_POINT('',(-0.714842753647134,4.00999999999999,-0.00104909770155894));
#6754=CARTESIAN_POINT('',(-0.702832655067716,4.,-0.00135682653311119));
#6755=CARTESIAN_POINT('',(-0.702832655067716,4.01,-0.00135682653311119));
#6756=CARTESIAN_POINT('',(-0.702832222880237,4.01,-0.00135683760683757));
#6757=CARTESIAN_POINT('',(-0.704262375851111,4.01,-0.00132019350376933));
#6758=CARTESIAN_POINT('',(-0.707082899267487,4.01,-0.00124792462562764));
#6759=CARTESIAN_POINT('',(-0.711227114456602,4.01,-0.000550767819359552));
#6760=CARTESIAN_POINT('',(-0.715199686187814,4.01,0.000615109104299942));
#6761=CARTESIAN_POINT('',(-0.719039241324961,4.01,0.0021765674874066));
#6762=CARTESIAN_POINT('',(-0.722708444175366,4.01,0.00423285412949738));
#6763=CARTESIAN_POINT('',(-0.726189898919735,4.01,0.00675615350632252));
#6764=CARTESIAN_POINT('',(-0.729523071382537,4.01,0.00971377462408479));
#6765=CARTESIAN_POINT('',(-0.73265617419395,4.01,0.0130661807828963));
#6766=CARTESIAN_POINT('',(-0.735531948620334,4.01,0.0167351600397954));
#6767=CARTESIAN_POINT('',(-0.73804354791378,4.01,0.0206538204003014));
#6768=CARTESIAN_POINT('',(-0.740164595743002,4.01,0.0247547010120671));
#6769=CARTESIAN_POINT('',(-0.741866479437392,4.01,0.0290522377315925));
#6770=CARTESIAN_POINT('',(-0.743233946703752,4.01,0.0335145822949896));
#6771=CARTESIAN_POINT('',(-0.74421206111274,4.01,0.0381818402412082));
#6772=CARTESIAN_POINT('',(-0.744753460101524,4.01,0.043038576506138));
#6773=CARTESIAN_POINT('',(-0.744846829107836,4.01,0.0463290849320451));
#6774=CARTESIAN_POINT('',(-0.744894188692203,4.01,0.0479981303418804));
#6775=CARTESIAN_POINT('',(-0.861582222880237,4.01,0.0230662393162393));
#6776=CARTESIAN_POINT('',(-0.861582222880237,4.,0.0230662393162393));
#6777=CARTESIAN_POINT('',(-0.861582222880237,4.,0.0230662393162393));
#6778=CARTESIAN_POINT('',(-0.851024330252032,4.,0.00788661858974358));
#6779=CARTESIAN_POINT('',(-0.861582222880237,4.01,0.0230662393162393));
#6780=CARTESIAN_POINT('',(-0.861582222880237,4.01,0.0230662393162396));
#6781=CARTESIAN_POINT('',(-0.861582222880237,4.01,0.0230662393162393));
#6782=CARTESIAN_POINT('',(-0.851024330252032,4.01,0.00788661858974366));
#6783=CARTESIAN_POINT('',(-0.851024330252032,4.01,0.00788661858974363));
#6784=CARTESIAN_POINT('',(-0.851024330252032,4.01,0.00788661858974363));
#6785=CARTESIAN_POINT('',(-0.851024330252032,4.,0.00788661858974363));
#6786=CARTESIAN_POINT('',(-0.764992345743485,4.,0.0667394497863248));
#6787=CARTESIAN_POINT('',(-0.851024330252032,4.01,0.00788661858974363));
#6788=CARTESIAN_POINT('',(-0.764974792108553,4.01,0.0667496305677833));
#6789=CARTESIAN_POINT('',(-0.764972799099645,4.01,0.0667528214366417));
#6790=CARTESIAN_POINT('',(-0.599626740145226,4.01,0.0435684467136788));
#6791=CARTESIAN_POINT('',(-0.599626740145226,4.,0.0435684467136788));
#6792=CARTESIAN_POINT('',(-0.766603590401605,4.,0.0444788327991453));
#6793=CARTESIAN_POINT('',(-0.599626740145226,4.01,0.0435684467136788));
#6794=CARTESIAN_POINT('',(-0.766595707388365,4.01,0.0444786672207479));
#6795=CARTESIAN_POINT('',(-0.766587830675071,4.01,0.0444787468744454));
#6796=CARTESIAN_POINT('',(-0.766587830675071,4.00666666666667,0.0444787468744454));
#6797=CARTESIAN_POINT('',(-0.766587830675071,4.00333333333333,0.0444787468744454));
#6798=CARTESIAN_POINT('',(-0.766587830675071,4.,0.0444787468744454));
#6799=CARTESIAN_POINT('',(-0.766603577801711,4.01,0.0444783423349554));
#6800=CARTESIAN_POINT('',(-0.766603577801711,4.,0.0444783423349554));
#6801=CARTESIAN_POINT('',(-0.766173060378355,4.01,0.0277199972218114));
#6802=CARTESIAN_POINT('',(-0.766173060378355,4.,0.0277199972218114));
#6803=CARTESIAN_POINT('',(-0.754166291168167,4.01,-0.00625911943344413));
#6804=CARTESIAN_POINT('',(-0.754166291168167,4.,-0.00625911943344413));
#6805=CARTESIAN_POINT('',(-0.720650986248464,4.01,-0.019925048915309));
#6806=CARTESIAN_POINT('',(-0.720650986248464,4.,-0.019925048915309));
#6807=CARTESIAN_POINT('',(-0.703892002088915,4.01,-0.0203525704844415));
#6808=CARTESIAN_POINT('',(-0.703892002088915,4.,-0.0203525704844415));
#6809=CARTESIAN_POINT('',(-0.766603590401605,4.,0.0444788327991453));
#6810=CARTESIAN_POINT('',(-0.766546508902791,4.,0.0422568751820628));
#6811=CARTESIAN_POINT('',(-0.766434462912276,4.,0.037895366685198));
#6812=CARTESIAN_POINT('',(-0.76555138252245,4.,0.0314821021155952));
#6813=CARTESIAN_POINT('',(-0.764175881579281,4.,0.02531058962538));
#6814=CARTESIAN_POINT('',(-0.762170994932705,4.,0.019404336640141));
#6815=CARTESIAN_POINT('',(-0.75960869715528,4.,0.013768604641611));
#6816=CARTESIAN_POINT('',(-0.756487484171768,4.,0.00838372739831322));
#6817=CARTESIAN_POINT('',(-0.752795737881964,4.,0.00325683515378636));
#6818=CARTESIAN_POINT('',(-0.748573141008386,4.,-0.00155174417790744));
#6819=CARTESIAN_POINT('',(-0.743935774165839,4.,-0.00592480932130573));
#6820=CARTESIAN_POINT('',(-0.739027834278393,4.,-0.00982090399522555));
#6821=CARTESIAN_POINT('',(-0.733792037927463,4.,-0.0130588627561381));
#6822=CARTESIAN_POINT('',(-0.728335261017472,4.,-0.0157486385113112));
#6823=CARTESIAN_POINT('',(-0.722579054704448,4.,-0.0177885274985611));
#6824=CARTESIAN_POINT('',(-0.716588924536146,4.,-0.0192739762957147));
#6825=CARTESIAN_POINT('',(-0.710322887079763,4.,-0.0201885186531358));
#6826=CARTESIAN_POINT('',(-0.706057795846299,4.,-0.020297321100782));
#6827=CARTESIAN_POINT('',(-0.703892252260579,4.,-0.0203525641025641));
#6828=CARTESIAN_POINT('',(-0.703892252260579,4.,-0.0203525641025641));
#6829=CARTESIAN_POINT('',(-0.766603590401605,4.01,0.0444788327991453));
#6830=CARTESIAN_POINT('',(-0.766546508902791,4.01,0.0422568751820628));
#6831=CARTESIAN_POINT('',(-0.766434462912276,4.01,0.037895366685198));
#6832=CARTESIAN_POINT('',(-0.76555138252245,4.01,0.0314821021155952));
#6833=CARTESIAN_POINT('',(-0.764175881579281,4.01,0.02531058962538));
#6834=CARTESIAN_POINT('',(-0.762170994932705,4.01,0.019404336640141));
#6835=CARTESIAN_POINT('',(-0.75960869715528,4.01,0.013768604641611));
#6836=CARTESIAN_POINT('',(-0.756487484171768,4.01,0.00838372739831322));
#6837=CARTESIAN_POINT('',(-0.752795737881964,4.01,0.00325683515378636));
#6838=CARTESIAN_POINT('',(-0.748573141008386,4.01,-0.00155174417790744));
#6839=CARTESIAN_POINT('',(-0.743935774165839,4.01,-0.00592480932130573));
#6840=CARTESIAN_POINT('',(-0.739027834278393,4.01,-0.00982090399522555));
#6841=CARTESIAN_POINT('',(-0.733792037927463,4.01,-0.0130588627561381));
#6842=CARTESIAN_POINT('',(-0.728335261017472,4.01,-0.0157486385113112));
#6843=CARTESIAN_POINT('',(-0.722579054704448,4.01,-0.0177885274985611));
#6844=CARTESIAN_POINT('',(-0.716588924536146,4.01,-0.0192739762957147));
#6845=CARTESIAN_POINT('',(-0.710322887079763,4.01,-0.0201885186531358));
#6846=CARTESIAN_POINT('',(-0.706057795846299,4.01,-0.020297321100782));
#6847=CARTESIAN_POINT('',(-0.703892252260579,4.01,-0.0203525641025641));
#6848=CARTESIAN_POINT('',(-0.703892001205773,4.01,-0.0203525538348816));
#6849=CARTESIAN_POINT('',(-0.703892252260579,4.01,-0.0203525641025641));
#6850=CARTESIAN_POINT('',(-0.70389200041522,4.01,-0.0203525551823809));
#6851=CARTESIAN_POINT('',(-0.70389200041522,4.,-0.0203525551823809));
#6852=CARTESIAN_POINT('',(-0.686522680246158,4.00999999999999,-0.0197373462379248));
#6853=CARTESIAN_POINT('',(-0.686522680246158,3.99999999999999,-0.0197373462379248));
#6854=CARTESIAN_POINT('',(-0.651580632888614,4.01000000000001,-0.00598391883887086));
#6855=CARTESIAN_POINT('',(-0.651580632888614,4.00000000000001,-0.00598391883887086));
#6856=CARTESIAN_POINT('',(-0.639695163075512,4.01,0.0296578943100499));
#6857=CARTESIAN_POINT('',(-0.639695163075512,4.,0.0296578943100499));
#6858=CARTESIAN_POINT('',(-0.63906084802132,4.01,0.0470231041870642));
#6859=CARTESIAN_POINT('',(-0.63906084802132,4.,0.0470231041870642));
#6860=CARTESIAN_POINT('',(-0.703892252260579,4.,-0.0203525641025641));
#6861=CARTESIAN_POINT('',(-0.700930814691328,4.,-0.0202476720941259));
#6862=CARTESIAN_POINT('',(-0.695118113496358,4.,-0.0200417903598215));
#6863=CARTESIAN_POINT('',(-0.686625214132938,4.,-0.0183848324112183));
#6864=CARTESIAN_POINT('',(-0.678594789828448,4.,-0.0156597547550852));
#6865=CARTESIAN_POINT('',(-0.671047954291197,4.,-0.0118601338745105));
#6866=CARTESIAN_POINT('',(-0.664093268633609,4.,-0.00707436738800805));
#6867=CARTESIAN_POINT('',(-0.657827414653584,4.,-0.00132256217360925));
#6868=CARTESIAN_POINT('',(-0.652339511587643,4.,0.00536029661898458));
#6869=CARTESIAN_POINT('',(-0.647622122143891,4.,0.0128219711090285));
#6870=CARTESIAN_POINT('',(-0.64382814849957,4.,0.0208866537935392));
#6871=CARTESIAN_POINT('',(-0.641031771755836,4.,0.029333282162999));
#6872=CARTESIAN_POINT('',(-0.639386895099165,4.,0.0380971360910397));
#6873=CARTESIAN_POINT('',(-0.639170035878795,4.,0.0440339428096962));
#6874=CARTESIAN_POINT('',(-0.63906085535887,4.,0.0470229033119658));
#6875=CARTESIAN_POINT('',(-0.63906085535887,4.,0.0470229033119658));
#6876=CARTESIAN_POINT('',(-0.703892252260579,4.01,-0.0203525641025641));
#6877=CARTESIAN_POINT('',(-0.700930814691328,4.01,-0.0202476720941259));
#6878=CARTESIAN_POINT('',(-0.695118113496358,4.01,-0.0200417903598215));
#6879=CARTESIAN_POINT('',(-0.686625214132938,4.01,-0.0183848324112183));
#6880=CARTESIAN_POINT('',(-0.678594789828448,4.01,-0.0156597547550852));
#6881=CARTESIAN_POINT('',(-0.671047954291197,4.01,-0.0118601338745105));
#6882=CARTESIAN_POINT('',(-0.664093268633609,4.01,-0.00707436738800805));
#6883=CARTESIAN_POINT('',(-0.657827414653584,4.01,-0.00132256217360925));
#6884=CARTESIAN_POINT('',(-0.652339511587643,4.01,0.00536029661898458));
#6885=CARTESIAN_POINT('',(-0.647622122143891,4.01,0.0128219711090285));
#6886=CARTESIAN_POINT('',(-0.64382814849957,4.01,0.0208866537935392));
#6887=CARTESIAN_POINT('',(-0.641031771755836,4.01,0.029333282162999));
#6888=CARTESIAN_POINT('',(-0.639386895099165,4.01,0.0380971360910397));
#6889=CARTESIAN_POINT('',(-0.639170035878795,4.01,0.0440339428096962));
#6890=CARTESIAN_POINT('',(-0.63906085535887,4.01,0.0470229033119658));
#6891=CARTESIAN_POINT('',(-0.639060864653073,4.01,0.0470231054471713));
#6892=CARTESIAN_POINT('',(-0.63906085535887,4.01,0.0470229033119658));
#6893=CARTESIAN_POINT('',(-0.63906085535887,4.01,0.0470229033119658));
#6894=CARTESIAN_POINT('',(-0.63906085535887,4.,0.0470229033119658));
#6895=CARTESIAN_POINT('',(-0.639171138920437,4.01,0.0499554124875598));
#6896=CARTESIAN_POINT('',(-0.639171138920437,4.,0.0499554124875598));
#6897=CARTESIAN_POINT('',(-0.639389048843248,4.01,0.0557497742131087));
#6898=CARTESIAN_POINT('',(-0.639389048843248,4.,0.0557497742131087));
#6899=CARTESIAN_POINT('',(-0.640998970744348,4.01,0.0642817912316955));
#6900=CARTESIAN_POINT('',(-0.640998970744348,4.,0.0642817912316955));
#6901=CARTESIAN_POINT('',(-0.643683409339115,4.01,0.0724608651979066));
#6902=CARTESIAN_POINT('',(-0.643683409339115,4.,0.0724608651979066));
#6903=CARTESIAN_POINT('',(-0.647410177491641,4.01,0.0802226445858498));
#6904=CARTESIAN_POINT('',(-0.647410177491641,4.,0.0802226445858498));
#6905=CARTESIAN_POINT('',(-0.652111871340143,4.01,0.0873720655051545));
#6906=CARTESIAN_POINT('',(-0.652111871340143,4.,0.0873720655051545));
#6907=CARTESIAN_POINT('',(-0.657668127667033,4.01,0.0938257710504744));
#6908=CARTESIAN_POINT('',(-0.657668127667033,4.,0.0938257710504744));
#6909=CARTESIAN_POINT('',(-0.664141552958372,4.01,0.099410865650191));
#6910=CARTESIAN_POINT('',(-0.664141552958372,4.,0.099410865650191));
#6911=CARTESIAN_POINT('',(-0.671355080001636,4.01,0.104117748511863));
#6912=CARTESIAN_POINT('',(-0.671355080001636,4.,0.104117748511863));
#6913=CARTESIAN_POINT('',(-0.679106287883497,4.01,0.107895593800002));
#6914=CARTESIAN_POINT('',(-0.679106287883497,4.,0.107895593800002));
#6915=CARTESIAN_POINT('',(-0.687196988567724,4.01,0.11062142130796));
#6916=CARTESIAN_POINT('',(-0.687196988567724,4.,0.11062142130796));
#6917=CARTESIAN_POINT('',(-0.695569245806016,4.01,0.112299364681655));
#6918=CARTESIAN_POINT('',(-0.695569245806016,4.,0.112299364681655));
#6919=CARTESIAN_POINT('',(-0.701241576835515,4.01,0.112510810192402));
#6920=CARTESIAN_POINT('',(-0.701241576835515,4.,0.112510810192402));
#6921=CARTESIAN_POINT('',(-0.704104258136648,4.01,0.112617521367521));
#6922=CARTESIAN_POINT('',(-0.704104258136648,4.,0.112617521367521));
#6923=CARTESIAN_POINT('',(-0.63906085535887,4.,0.0470229033119658));
#6924=CARTESIAN_POINT('',(-0.639171138920437,4.,0.0499554124875598));
#6925=CARTESIAN_POINT('',(-0.639389048843248,4.,0.0557497742131087));
#6926=CARTESIAN_POINT('',(-0.640998970744348,4.,0.0642817912316955));
#6927=CARTESIAN_POINT('',(-0.643683409339115,4.,0.0724608651979066));
#6928=CARTESIAN_POINT('',(-0.647410177491641,4.,0.0802226445858498));
#6929=CARTESIAN_POINT('',(-0.652111871340143,4.,0.0873720655051545));
#6930=CARTESIAN_POINT('',(-0.657668127667033,4.,0.0938257710504744));
#6931=CARTESIAN_POINT('',(-0.664141552958372,4.,0.099410865650191));
#6932=CARTESIAN_POINT('',(-0.671355080001636,4.,0.104117748511863));
#6933=CARTESIAN_POINT('',(-0.679106287883497,4.,0.107895593800002));
#6934=CARTESIAN_POINT('',(-0.687196988567724,4.,0.11062142130796));
#6935=CARTESIAN_POINT('',(-0.695569245806016,4.,0.112299364681655));
#6936=CARTESIAN_POINT('',(-0.701241576835515,4.,0.112510810192402));
#6937=CARTESIAN_POINT('',(-0.704104258136648,4.,0.112617521367521));
#6938=CARTESIAN_POINT('',(-0.704104258136648,4.,0.112617521367521));
#6939=CARTESIAN_POINT('',(-0.63906085535887,4.01,0.0470229033119658));
#6940=CARTESIAN_POINT('',(-0.639171138920437,4.01,0.0499554124875598));
#6941=CARTESIAN_POINT('',(-0.639389048843248,4.01,0.0557497742131087));
#6942=CARTESIAN_POINT('',(-0.640998970744348,4.01,0.0642817912316955));
#6943=CARTESIAN_POINT('',(-0.643683409339115,4.01,0.0724608651979066));
#6944=CARTESIAN_POINT('',(-0.647410177491641,4.01,0.0802226445858498));
#6945=CARTESIAN_POINT('',(-0.652111871340143,4.01,0.0873720655051545));
#6946=CARTESIAN_POINT('',(-0.657668127667033,4.01,0.0938257710504744));
#6947=CARTESIAN_POINT('',(-0.664141552958372,4.01,0.099410865650191));
#6948=CARTESIAN_POINT('',(-0.671355080001636,4.01,0.104117748511863));
#6949=CARTESIAN_POINT('',(-0.679106287883497,4.01,0.107895593800002));
#6950=CARTESIAN_POINT('',(-0.687196988567724,4.01,0.11062142130796));
#6951=CARTESIAN_POINT('',(-0.695569245806016,4.01,0.112299364681655));
#6952=CARTESIAN_POINT('',(-0.701241576835515,4.01,0.112510810192402));
#6953=CARTESIAN_POINT('',(-0.704104258136648,4.01,0.112617521367521));
#6954=CARTESIAN_POINT('',(-0.704104458346292,4.01,0.112617512152424));
#6955=CARTESIAN_POINT('',(-0.704104258136648,4.01,0.112617521367521));
#6956=CARTESIAN_POINT('',(-0.704104458862536,4.01,0.112617515010066));
#6957=CARTESIAN_POINT('',(-0.704104458862536,4.,0.112617515010066));
#6958=CARTESIAN_POINT('',(-0.726710026177559,4.01,0.111901544223137));
#6959=CARTESIAN_POINT('',(-0.726710026177559,4.,0.111901544223137));
#6960=CARTESIAN_POINT('',(-0.747512981033695,4.00999999999998,0.100855959951485));
#6961=CARTESIAN_POINT('',(-0.747512981033695,3.99999999999998,0.100855959951485));
#6962=CARTESIAN_POINT('',(-0.76626438098291,4.01,0.0882368456310893));
#6963=CARTESIAN_POINT('',(-0.76626438098291,4.,0.0882368456310893));
#6964=CARTESIAN_POINT('',(-0.704104258136648,4.,0.112617521367521));
#6965=CARTESIAN_POINT('',(-0.706326559095916,4.,0.112547135938047));
#6966=CARTESIAN_POINT('',(-0.710833940709653,4.,0.112404376700437));
#6967=CARTESIAN_POINT('',(-0.717675607499619,4.,0.111378805402495));
#6968=CARTESIAN_POINT('',(-0.724665967642689,4.,0.109717773217733));
#6969=CARTESIAN_POINT('',(-0.730590425184745,4.,0.107791046710113));
#6970=CARTESIAN_POINT('',(-0.735433888894879,4.,0.105818073287095));
#6971=CARTESIAN_POINT('',(-0.739320891030352,4.,0.104120588832854));
#6972=CARTESIAN_POINT('',(-0.743377281955323,4.,0.102144846739539));
#6973=CARTESIAN_POINT('',(-0.74757324879709,4.,0.0997979545513485));
#6974=CARTESIAN_POINT('',(-0.752019187079049,4.,0.0973443638770955));
#6975=CARTESIAN_POINT('',(-0.756618002808915,4.,0.0945545859123732));
#6976=CARTESIAN_POINT('',(-0.7613953944205,4.,0.0915135235443085));
#6977=CARTESIAN_POINT('',(-0.764615479516725,4.,0.0893465055050832));
#6978=CARTESIAN_POINT('',(-0.766264380999896,4.,0.0882368456196582));
#6979=CARTESIAN_POINT('',(-0.766264380999896,4.,0.0882368456196582));
#6980=CARTESIAN_POINT('',(-0.704104258136648,4.01,0.112617521367521));
#6981=CARTESIAN_POINT('',(-0.706326559095916,4.01,0.112547135938047));
#6982=CARTESIAN_POINT('',(-0.710833940709653,4.01,0.112404376700437));
#6983=CARTESIAN_POINT('',(-0.717675607499619,4.01,0.111378805402495));
#6984=CARTESIAN_POINT('',(-0.724665967642689,4.01,0.109717773217733));
#6985=CARTESIAN_POINT('',(-0.730590425184745,4.01,0.107791046710113));
#6986=CARTESIAN_POINT('',(-0.735433888894879,4.01,0.105818073287095));
#6987=CARTESIAN_POINT('',(-0.739320891030352,4.01,0.104120588832854));
#6988=CARTESIAN_POINT('',(-0.743377281955323,4.01,0.102144846739539));
#6989=CARTESIAN_POINT('',(-0.74757324879709,4.01,0.0997979545513485));
#6990=CARTESIAN_POINT('',(-0.752019187079049,4.01,0.0973443638770955));
#6991=CARTESIAN_POINT('',(-0.756618002808915,4.01,0.0945545859123732));
#6992=CARTESIAN_POINT('',(-0.7613953944205,4.01,0.0915135235443085));
#6993=CARTESIAN_POINT('',(-0.764615479516725,4.01,0.0893465055050832));
#6994=CARTESIAN_POINT('',(-0.766264380999896,4.01,0.0882368456196582));
#6995=CARTESIAN_POINT('',(-0.766264380999896,4.01,0.0882368456196582));
#6996=CARTESIAN_POINT('',(-0.766264380999896,4.01,0.0882368456196582));
#6997=CARTESIAN_POINT('',(-0.766264380999896,4.01,0.0882368456196582));
#6998=CARTESIAN_POINT('',(-0.766264380999896,4.,0.0882368456196582));
#6999=CARTESIAN_POINT('',(-0.766264380999896,4.01,0.0882368456196582));
#7000=CARTESIAN_POINT('',(0.,4.01,0.));
#7001=CARTESIAN_POINT('',(0.,4.01,0.));
#7002=CARTESIAN_POINT('',(-0.63906085535887,4.01,-0.237573784722222));
#7003=CARTESIAN_POINT('',(-0.639095813225265,4.01,-0.235382217764908));
#7004=CARTESIAN_POINT('',(-0.639165130566341,4.01,-0.231036598025019));
#7005=CARTESIAN_POINT('',(-0.639648083914563,4.01,-0.224570371674859));
#7006=CARTESIAN_POINT('',(-0.640405076868188,4.01,-0.218216822812764));
#7007=CARTESIAN_POINT('',(-0.641463604746999,4.01,-0.2119440795597));
#7008=CARTESIAN_POINT('',(-0.642863865495488,4.01,-0.205776025908249));
#7009=CARTESIAN_POINT('',(-0.644570378168318,4.01,-0.199693974563446));
#7010=CARTESIAN_POINT('',(-0.646546190086545,4.01,-0.193709428785374));
#7011=CARTESIAN_POINT('',(-0.648904426889934,4.01,-0.187829508119532));
#7012=CARTESIAN_POINT('',(-0.651580624836022,4.01,-0.182014235736596));
#7013=CARTESIAN_POINT('',(-0.654593176356048,4.01,-0.176231396608384));
#7014=CARTESIAN_POINT('',(-0.657993443387827,4.01,-0.170500716874156));
#7015=CARTESIAN_POINT('',(-0.661791563929021,4.01,-0.16481226746945));
#7016=CARTESIAN_POINT('',(-0.665922293887818,4.01,-0.159130174991045));
#7017=CARTESIAN_POINT('',(-0.670503778137382,4.01,-0.153544313319818));
#7018=CARTESIAN_POINT('',(-0.675355344758678,4.01,-0.147919849539625));
#7019=CARTESIAN_POINT('',(-0.678843743505345,4.01,-0.144303263633625));
#7020=CARTESIAN_POINT('',(-0.680614007068272,4.01,-0.142467948717949));
#7021=CARTESIAN_POINT('',(-0.63906085535887,4.01,-0.237573784722222));
#7022=CARTESIAN_POINT('',(-0.680614007068272,4.01,-0.142467948717949));
#7023=CARTESIAN_POINT('',(-0.75201320088703,4.01,-0.351443970535988));
#7024=CARTESIAN_POINT('',(-0.751421046181062,4.01,-0.351436293747638));
#7025=CARTESIAN_POINT('',(-0.750828891475094,4.01,-0.35142861695929));
#7026=CARTESIAN_POINT('',(-0.750236736769126,4.01,-0.35142094017094));
#7027=CARTESIAN_POINT('',(-0.747747184809079,4.01,-0.351388665221017));
#7028=CARTESIAN_POINT('',(-0.742799721573704,4.01,-0.351324525516071));
#7029=CARTESIAN_POINT('',(-0.735454061184507,4.01,-0.350550170221516));
#7030=CARTESIAN_POINT('',(-0.728240650472041,4.01,-0.349432522936833));
#7031=CARTESIAN_POINT('',(-0.721152808507608,4.01,-0.347813655642443));
#7032=CARTESIAN_POINT('',(-0.714222009572746,4.01,-0.34568362557672));
#7033=CARTESIAN_POINT('',(-0.70739497009285,4.01,-0.343125565016065));
#7034=CARTESIAN_POINT('',(-0.700699081942033,4.01,-0.340129259760419));
#7035=CARTESIAN_POINT('',(-0.694193297766349,4.01,-0.336633016171015));
#7036=CARTESIAN_POINT('',(-0.687881321466823,4.01,-0.332826165832588));
#7037=CARTESIAN_POINT('',(-0.681956396996552,4.01,-0.328549979191034));
#7038=CARTESIAN_POINT('',(-0.676316018014788,4.01,-0.32401502015776));
#7039=CARTESIAN_POINT('',(-0.671062352883519,4.01,-0.319093072591845));
#7040=CARTESIAN_POINT('',(-0.666172522965581,4.01,-0.313812019303131));
#7041=CARTESIAN_POINT('',(-0.661628410604382,4.01,-0.308201102169754));
#7042=CARTESIAN_POINT('',(-0.657418401634253,4.01,-0.302263063133984));
#7043=CARTESIAN_POINT('',(-0.653610293937212,4.01,-0.295977311811761));
#7044=CARTESIAN_POINT('',(-0.650189523220419,4.01,-0.289438184973436));
#7045=CARTESIAN_POINT('',(-0.647190561537918,4.01,-0.282661216666933));
#7046=CARTESIAN_POINT('',(-0.644712045413465,4.01,-0.275648513570079));
#7047=CARTESIAN_POINT('',(-0.642609060054669,4.01,-0.268452603745624));
#7048=CARTESIAN_POINT('',(-0.641053906215979,4.01,-0.261019021689515));
#7049=CARTESIAN_POINT('',(-0.639926101164915,4.01,-0.253401710615153));
#7050=CARTESIAN_POINT('',(-0.639154388701966,4.01,-0.245560965754882));
#7051=CARTESIAN_POINT('',(-0.639092324661181,4.01,-0.240261072551483));
#7052=CARTESIAN_POINT('',(-0.63906085535887,4.01,-0.237573784722222));
#7053=CARTESIAN_POINT('',(-0.750237262727204,4.01,-0.351386215795216));
#7054=CARTESIAN_POINT('',(-0.751769194543126,4.01,-0.244574429240856));
#7055=CARTESIAN_POINT('',(-0.821539124164178,4.01,-0.325452275587972));
#7056=CARTESIAN_POINT('',(-0.861582222880237,4.01,-0.233757678952991));
#7057=CARTESIAN_POINT('',(-0.861547804596205,4.01,-0.236147101425001));
#7058=CARTESIAN_POINT('',(-0.86147992064726,4.01,-0.24085981263819));
#7059=CARTESIAN_POINT('',(-0.860997481064648,4.01,-0.247820073526426));
#7060=CARTESIAN_POINT('',(-0.860254798593371,4.01,-0.254588424866124));
#7061=CARTESIAN_POINT('',(-0.859133260173549,4.01,-0.261163880641849));
#7062=CARTESIAN_POINT('',(-0.857759564422122,4.01,-0.267570628002183));
#7063=CARTESIAN_POINT('',(-0.856000510476875,4.01,-0.273776669566571));
#7064=CARTESIAN_POINT('',(-0.853964355802038,4.01,-0.279805646347557));
#7065=CARTESIAN_POINT('',(-0.851648379358649,4.01,-0.285666876907802));
#7066=CARTESIAN_POINT('',(-0.848964950598219,4.01,-0.291307161403704));
#7067=CARTESIAN_POINT('',(-0.845982891448236,4.01,-0.296751622192018));
#7068=CARTESIAN_POINT('',(-0.842717578679211,4.01,-0.302030354557932));
#7069=CARTESIAN_POINT('',(-0.839112541818691,4.01,-0.307107401201692));
#7070=CARTESIAN_POINT('',(-0.835194745417928,4.01,-0.312009215452823));
#7071=CARTESIAN_POINT('',(-0.830956336984391,4.01,-0.316704190375625));
#7072=CARTESIAN_POINT('',(-0.82641027402868,4.01,-0.321218609668273));
#7073=CARTESIAN_POINT('',(-0.823182114876724,4.01,-0.324046504368144));
#7074=CARTESIAN_POINT('',(-0.821555513478528,4.01,-0.325471420940171));
#7075=CARTESIAN_POINT('',(-0.861582222880237,4.01,-0.233757678952991));
#7076=CARTESIAN_POINT('',(-0.753035214333229,4.01,-0.128899572649573));
#7077=CARTESIAN_POINT('',(-0.757081524371442,4.01,-0.129002735861061));
#7078=CARTESIAN_POINT('',(-0.765000884039717,4.01,-0.129204644901298));
#7079=CARTESIAN_POINT('',(-0.776550038514003,4.01,-0.130620931705135));
#7080=CARTESIAN_POINT('',(-0.78745823139525,4.01,-0.132907930304099));
#7081=CARTESIAN_POINT('',(-0.797736950491195,4.01,-0.136032149164338));
#7082=CARTESIAN_POINT('',(-0.807371629672159,4.01,-0.140076511354018));
#7083=CARTESIAN_POINT('',(-0.816372051100705,4.01,-0.144997611884063));
#7084=CARTESIAN_POINT('',(-0.824680069419797,4.01,-0.15087421158665));
#7085=CARTESIAN_POINT('',(-0.832363509162071,4.01,-0.157496985906516));
#7086=CARTESIAN_POINT('',(-0.839217228183963,4.01,-0.164929507163099));
#7087=CARTESIAN_POINT('',(-0.845241015859706,4.01,-0.172970942752219));
#7088=CARTESIAN_POINT('',(-0.850315126406707,4.01,-0.181634578457347));
#7089=CARTESIAN_POINT('',(-0.854443271228278,4.01,-0.190912219196001));
#7090=CARTESIAN_POINT('',(-0.857665079492177,4.01,-0.200773493027791));
#7091=CARTESIAN_POINT('',(-0.859949360558276,4.01,-0.211241218852552));
#7092=CARTESIAN_POINT('',(-0.861317934532142,4.01,-0.222301201370119));
#7093=CARTESIAN_POINT('',(-0.861492794143534,4.01,-0.229881086115331));
#7094=CARTESIAN_POINT('',(-0.861582222880237,4.01,-0.233757678952991));
#7095=CARTESIAN_POINT('',(-0.753035214333229,4.01,-0.128899572649573));
#7096=CARTESIAN_POINT('',(-0.753035214333229,4.01,-0.218450854700855));
#7097=CARTESIAN_POINT('',(-0.753035214333229,4.01,-0.218450854700855));
#7098=CARTESIAN_POINT('',(-0.774744616042631,4.01,-0.218450854700855));
#7099=CARTESIAN_POINT('',(-0.774744616042631,4.01,-0.218450854700855));
#7100=CARTESIAN_POINT('',(-0.774744616042631,4.01,-0.147895299145299));
#7101=CARTESIAN_POINT('',(-0.774744616042631,4.01,-0.147895299145299));
#7102=CARTESIAN_POINT('',(-0.839872821170836,4.01,-0.232104033119658));
#7103=CARTESIAN_POINT('',(-0.839815454896086,4.01,-0.229359723537539));
#7104=CARTESIAN_POINT('',(-0.839702806895509,4.01,-0.223970825814295));
#7105=CARTESIAN_POINT('',(-0.83882588453262,4.01,-0.216049264915616));
#7106=CARTESIAN_POINT('',(-0.837456293089104,4.01,-0.208441173864666));
#7107=CARTESIAN_POINT('',(-0.835450544694865,4.01,-0.201167934148091));
#7108=CARTESIAN_POINT('',(-0.832892184337924,4.01,-0.19422108575374));
#7109=CARTESIAN_POINT('',(-0.829808160140526,4.01,-0.187575207356985));
#7110=CARTESIAN_POINT('',(-0.826080287882067,4.01,-0.18128245497829));
#7111=CARTESIAN_POINT('',(-0.821872481826647,4.01,-0.175324539501119));
#7112=CARTESIAN_POINT('',(-0.817185572490472,4.01,-0.169834459301739));
#7113=CARTESIAN_POINT('',(-0.812123862320761,4.01,-0.164889385631299));
#7114=CARTESIAN_POINT('',(-0.806736874917664,4.01,-0.160542751395652));
#7115=CARTESIAN_POINT('',(-0.80097702910379,4.01,-0.156830713142812));
#7116=CARTESIAN_POINT('',(-0.794936429100978,4.01,-0.153632816417971));
#7117=CARTESIAN_POINT('',(-0.788507503705135,4.01,-0.151082633440077));
#7118=CARTESIAN_POINT('',(-0.781763142713526,4.01,-0.149109995235903));
#7119=CARTESIAN_POINT('',(-0.777100549725052,4.01,-0.14830304048019));
#7120=CARTESIAN_POINT('',(-0.774744616042631,4.01,-0.147895299145299));
#7121=CARTESIAN_POINT('',(-0.839872821170836,4.01,-0.232104033119658));
#7122=CARTESIAN_POINT('',(-0.749388713264853,4.01,-0.332425213675214));
#7123=CARTESIAN_POINT('',(-0.751340220390994,4.01,-0.332379103464));
#7124=CARTESIAN_POINT('',(-0.755237905726616,4.01,-0.332287008953218));
#7125=CARTESIAN_POINT('',(-0.761056983933719,4.01,-0.331708871099796));
#7126=CARTESIAN_POINT('',(-0.766778481592387,4.01,-0.330602267571649));
#7127=CARTESIAN_POINT('',(-0.772466050625448,4.01,-0.329239101514814));
#7128=CARTESIAN_POINT('',(-0.778046007870923,4.01,-0.32734053666752));
#7129=CARTESIAN_POINT('',(-0.783580838348848,4.01,-0.325102033004936));
#7130=CARTESIAN_POINT('',(-0.789019906368635,4.01,-0.322418622893309));
#7131=CARTESIAN_POINT('',(-0.79433012155728,4.01,-0.319321790731026));
#7132=CARTESIAN_POINT('',(-0.799502079294813,4.01,-0.315923386677767));
#7133=CARTESIAN_POINT('',(-0.804374051977962,4.01,-0.312116955951978));
#7134=CARTESIAN_POINT('',(-0.809010676970841,4.01,-0.308073448707051));
#7135=CARTESIAN_POINT('',(-0.813309071226324,4.01,-0.303645759998265));
#7136=CARTESIAN_POINT('',(-0.81738419180478,4.01,-0.298975813793625));
#7137=CARTESIAN_POINT('',(-0.821123768816423,4.01,-0.29392410062663));
#7138=CARTESIAN_POINT('',(-0.824599832738397,4.01,-0.288589951643497));
#7139=CARTESIAN_POINT('',(-0.827768574638965,4.01,-0.282965229832378));
#7140=CARTESIAN_POINT('',(-0.830599376555768,4.01,-0.277110966309236));
#7141=CARTESIAN_POINT('',(-0.833116631227316,4.01,-0.271108296007027));
#7142=CARTESIAN_POINT('',(-0.835189714957925,4.01,-0.264938042395413));
#7143=CARTESIAN_POINT('',(-0.836879305057818,4.01,-0.25863263211685));
#7144=CARTESIAN_POINT('',(-0.838264227794424,4.01,-0.252199581877414));
#7145=CARTESIAN_POINT('',(-0.839155192081917,4.01,-0.245606237618445));
#7146=CARTESIAN_POINT('',(-0.83980173280825,4.01,-0.23890107858755));
#7147=CARTESIAN_POINT('',(-0.839849005236025,4.01,-0.234381170837829));
#7148=CARTESIAN_POINT('',(-0.839872821170836,4.01,-0.232104033119658));
#7149=CARTESIAN_POINT('',(-0.749388713264853,4.01,-0.332425213675214));
#7150=CARTESIAN_POINT('',(-0.660770257068272,4.01,-0.238209802350427));
#7151=CARTESIAN_POINT('',(-0.660795307317248,4.01,-0.240260822691904));
#7152=CARTESIAN_POINT('',(-0.660845342846271,4.01,-0.244357543962718));
#7153=CARTESIAN_POINT('',(-0.661482467042428,4.01,-0.250442947149217));
#7154=CARTESIAN_POINT('',(-0.662401644106471,4.01,-0.256463714873717));
#7155=CARTESIAN_POINT('',(-0.663717914343016,4.01,-0.262399084699453));
#7156=CARTESIAN_POINT('',(-0.665427526902731,4.01,-0.26827265485887));
#7157=CARTESIAN_POINT('',(-0.667491628811363,4.01,-0.274071359358466));
#7158=CARTESIAN_POINT('',(-0.669976368209889,4.01,-0.279784005091978));
#7159=CARTESIAN_POINT('',(-0.672809194917399,4.01,-0.285380545182963));
#7160=CARTESIAN_POINT('',(-0.675901704783949,4.01,-0.290833845598337));
#7161=CARTESIAN_POINT('',(-0.67935071974225,4.01,-0.295962767722349));
#7162=CARTESIAN_POINT('',(-0.683050324848968,4.01,-0.30078839883298));
#7163=CARTESIAN_POINT('',(-0.687048222028791,4.01,-0.305277715207318));
#7164=CARTESIAN_POINT('',(-0.691280871167461,4.01,-0.309488135931963));
#7165=CARTESIAN_POINT('',(-0.695805863856588,4.01,-0.31336495578379));
#7166=CARTESIAN_POINT('',(-0.700590356351178,4.01,-0.316927619946505));
#7167=CARTESIAN_POINT('',(-0.705633906771937,4.01,-0.320135073881711));
#7168=CARTESIAN_POINT('',(-0.710821865506721,4.01,-0.322998923234572));
#7169=CARTESIAN_POINT('',(-0.716106910221494,4.01,-0.325532104131513));
#7170=CARTESIAN_POINT('',(-0.721483532588374,4.01,-0.327637884101407));
#7171=CARTESIAN_POINT('',(-0.726920590498399,4.01,-0.32938536197102));
#7172=CARTESIAN_POINT('',(-0.732429420189693,4.01,-0.330754387113528));
#7173=CARTESIAN_POINT('',(-0.738010165816416,4.01,-0.331733835547639));
#7174=CARTESIAN_POINT('',(-0.743681876610102,4.01,-0.332282121618784));
#7175=CARTESIAN_POINT('',(-0.747479562694935,4.01,-0.332377344023845));
#7176=CARTESIAN_POINT('',(-0.749388713264853,4.01,-0.332425213675214));
#7177=CARTESIAN_POINT('',(-0.660770257068272,4.01,-0.238209802350427));
#7178=CARTESIAN_POINT('',(-0.696048034846049,4.01,-0.15875));
#7179=CARTESIAN_POINT('',(-0.69328109666595,4.01,-0.161714177597478));
#7180=CARTESIAN_POINT('',(-0.687827888533727,4.01,-0.167556114181453));
#7181=CARTESIAN_POINT('',(-0.680662192014689,4.01,-0.177018625742332));
#7182=CARTESIAN_POINT('',(-0.674631460061721,4.01,-0.186944475042213));
#7183=CARTESIAN_POINT('',(-0.669639163409211,4.01,-0.197186029391901));
#7184=CARTESIAN_POINT('',(-0.665691926064898,4.01,-0.20756046244448));
#7185=CARTESIAN_POINT('',(-0.662896786899263,4.01,-0.217901372117846));
#7186=CARTESIAN_POINT('',(-0.661086510198255,4.01,-0.228097111669839));
#7187=CARTESIAN_POINT('',(-0.660874795159336,4.01,-0.234867032654118));
#7188=CARTESIAN_POINT('',(-0.660770257068272,4.01,-0.238209802350427));
#7189=CARTESIAN_POINT('',(-0.696048034846049,4.01,-0.15875));
#7190=CARTESIAN_POINT('',(-0.680614007068272,4.01,-0.142467948717949));
#7191=CARTESIAN_POINT('',(-0.680614007068272,4.01,-0.142467948717949));
#7192=CARTESIAN_POINT('',(-0.680614007068272,4.,-0.142467948717949));
#7193=CARTESIAN_POINT('',(-0.680614007068272,4.,-0.142467948717949));
#7194=CARTESIAN_POINT('',(-0.696048034846049,4.,-0.15875));
#7195=CARTESIAN_POINT('',(-0.680614007068272,4.01,-0.142467948717949));
#7196=CARTESIAN_POINT('',(-0.696048034846049,4.01,-0.15875));
#7197=CARTESIAN_POINT('',(-0.660770257068272,4.,-0.238209802350427));
#7198=CARTESIAN_POINT('',(-0.660770257068272,4.01,-0.238209802350427));
#7199=CARTESIAN_POINT('',(-0.660874795159336,4.,-0.234867032654118));
#7200=CARTESIAN_POINT('',(-0.660874795159336,4.01,-0.234867032654118));
#7201=CARTESIAN_POINT('',(-0.661086510198255,4.,-0.228097111669839));
#7202=CARTESIAN_POINT('',(-0.661086510198255,4.01,-0.228097111669839));
#7203=CARTESIAN_POINT('',(-0.662896786899263,4.,-0.217901372117846));
#7204=CARTESIAN_POINT('',(-0.662896786899263,4.01,-0.217901372117846));
#7205=CARTESIAN_POINT('',(-0.665691926064898,4.,-0.20756046244448));
#7206=CARTESIAN_POINT('',(-0.665691926064898,4.01,-0.20756046244448));
#7207=CARTESIAN_POINT('',(-0.669639163409211,4.,-0.197186029391901));
#7208=CARTESIAN_POINT('',(-0.669639163409211,4.01,-0.197186029391901));
#7209=CARTESIAN_POINT('',(-0.674631460061721,4.,-0.186944475042213));
#7210=CARTESIAN_POINT('',(-0.674631460061721,4.01,-0.186944475042213));
#7211=CARTESIAN_POINT('',(-0.680662192014689,4.,-0.177018625742332));
#7212=CARTESIAN_POINT('',(-0.680662192014689,4.01,-0.177018625742332));
#7213=CARTESIAN_POINT('',(-0.687827888533727,4.,-0.167556114181453));
#7214=CARTESIAN_POINT('',(-0.687827888533727,4.01,-0.167556114181453));
#7215=CARTESIAN_POINT('',(-0.69328109666595,4.,-0.161714177597478));
#7216=CARTESIAN_POINT('',(-0.69328109666595,4.01,-0.161714177597478));
#7217=CARTESIAN_POINT('',(-0.696048034846049,4.,-0.15875));
#7218=CARTESIAN_POINT('',(-0.696048034846049,4.01,-0.15875));
#7219=CARTESIAN_POINT('',(-0.696048034846049,4.,-0.15875));
#7220=CARTESIAN_POINT('',(-0.69328109666595,4.,-0.161714177597478));
#7221=CARTESIAN_POINT('',(-0.687827888533727,4.,-0.167556114181453));
#7222=CARTESIAN_POINT('',(-0.680662192014689,4.,-0.177018625742332));
#7223=CARTESIAN_POINT('',(-0.674631460061721,4.,-0.186944475042213));
#7224=CARTESIAN_POINT('',(-0.669639163409211,4.,-0.197186029391901));
#7225=CARTESIAN_POINT('',(-0.665691926064898,4.,-0.20756046244448));
#7226=CARTESIAN_POINT('',(-0.662896786899263,4.,-0.217901372117846));
#7227=CARTESIAN_POINT('',(-0.661086510198255,4.,-0.228097111669839));
#7228=CARTESIAN_POINT('',(-0.660874795159336,4.,-0.234867032654118));
#7229=CARTESIAN_POINT('',(-0.660770257068272,4.,-0.238209802350427));
#7230=CARTESIAN_POINT('',(-0.660770257068272,4.,-0.238209802350427));
#7231=CARTESIAN_POINT('',(-0.660770257068272,4.01,-0.238209802350427));
#7232=CARTESIAN_POINT('',(-0.749388713264853,4.,-0.332425213675214));
#7233=CARTESIAN_POINT('',(-0.749388713264853,4.01,-0.332425213675214));
#7234=CARTESIAN_POINT('',(-0.747479562694935,4.,-0.332377344023845));
#7235=CARTESIAN_POINT('',(-0.747479562694935,4.01,-0.332377344023845));
#7236=CARTESIAN_POINT('',(-0.743681876610102,4.,-0.332282121618784));
#7237=CARTESIAN_POINT('',(-0.743681876610102,4.01,-0.332282121618784));
#7238=CARTESIAN_POINT('',(-0.738010165816416,4.,-0.331733835547639));
#7239=CARTESIAN_POINT('',(-0.738010165816416,4.01,-0.331733835547639));
#7240=CARTESIAN_POINT('',(-0.732429420189693,4.,-0.330754387113528));
#7241=CARTESIAN_POINT('',(-0.732429420189693,4.01,-0.330754387113528));
#7242=CARTESIAN_POINT('',(-0.726920590498399,4.,-0.32938536197102));
#7243=CARTESIAN_POINT('',(-0.726920590498399,4.01,-0.32938536197102));
#7244=CARTESIAN_POINT('',(-0.721483532588374,4.,-0.327637884101407));
#7245=CARTESIAN_POINT('',(-0.721483532588374,4.01,-0.327637884101407));
#7246=CARTESIAN_POINT('',(-0.716106910221494,4.,-0.325532104131513));
#7247=CARTESIAN_POINT('',(-0.716106910221494,4.01,-0.325532104131513));
#7248=CARTESIAN_POINT('',(-0.710821865506721,4.,-0.322998923234572));
#7249=CARTESIAN_POINT('',(-0.710821865506721,4.01,-0.322998923234572));
#7250=CARTESIAN_POINT('',(-0.705633906771937,4.,-0.320135073881711));
#7251=CARTESIAN_POINT('',(-0.705633906771937,4.01,-0.320135073881711));
#7252=CARTESIAN_POINT('',(-0.700590356351178,4.,-0.316927619946505));
#7253=CARTESIAN_POINT('',(-0.700590356351178,4.01,-0.316927619946505));
#7254=CARTESIAN_POINT('',(-0.695805863856588,4.,-0.31336495578379));
#7255=CARTESIAN_POINT('',(-0.695805863856588,4.01,-0.31336495578379));
#7256=CARTESIAN_POINT('',(-0.691280871167461,4.,-0.309488135931963));
#7257=CARTESIAN_POINT('',(-0.691280871167461,4.01,-0.309488135931963));
#7258=CARTESIAN_POINT('',(-0.687048222028791,4.,-0.305277715207318));
#7259=CARTESIAN_POINT('',(-0.687048222028791,4.01,-0.305277715207318));
#7260=CARTESIAN_POINT('',(-0.683050324848968,4.,-0.30078839883298));
#7261=CARTESIAN_POINT('',(-0.683050324848968,4.01,-0.30078839883298));
#7262=CARTESIAN_POINT('',(-0.67935071974225,4.,-0.295962767722349));
#7263=CARTESIAN_POINT('',(-0.67935071974225,4.01,-0.295962767722349));
#7264=CARTESIAN_POINT('',(-0.675901704783949,4.,-0.290833845598337));
#7265=CARTESIAN_POINT('',(-0.675901704783949,4.01,-0.290833845598337));
#7266=CARTESIAN_POINT('',(-0.672809194917399,4.,-0.285380545182963));
#7267=CARTESIAN_POINT('',(-0.672809194917399,4.01,-0.285380545182963));
#7268=CARTESIAN_POINT('',(-0.669976368209889,4.,-0.279784005091978));
#7269=CARTESIAN_POINT('',(-0.669976368209889,4.01,-0.279784005091978));
#7270=CARTESIAN_POINT('',(-0.667491628811363,4.,-0.274071359358466));
#7271=CARTESIAN_POINT('',(-0.667491628811363,4.01,-0.274071359358466));
#7272=CARTESIAN_POINT('',(-0.665427526902731,4.,-0.26827265485887));
#7273=CARTESIAN_POINT('',(-0.665427526902731,4.01,-0.26827265485887));
#7274=CARTESIAN_POINT('',(-0.663717914343016,4.,-0.262399084699453));
#7275=CARTESIAN_POINT('',(-0.663717914343016,4.01,-0.262399084699453));
#7276=CARTESIAN_POINT('',(-0.662401644106471,4.,-0.256463714873717));
#7277=CARTESIAN_POINT('',(-0.662401644106471,4.01,-0.256463714873717));
#7278=CARTESIAN_POINT('',(-0.661482467042428,4.,-0.250442947149217));
#7279=CARTESIAN_POINT('',(-0.661482467042428,4.01,-0.250442947149217));
#7280=CARTESIAN_POINT('',(-0.660845342846271,4.,-0.244357543962718));
#7281=CARTESIAN_POINT('',(-0.660845342846271,4.01,-0.244357543962718));
#7282=CARTESIAN_POINT('',(-0.660795307317248,4.,-0.240260822691904));
#7283=CARTESIAN_POINT('',(-0.660795307317248,4.01,-0.240260822691904));
#7284=CARTESIAN_POINT('',(-0.660770257068272,4.,-0.238209802350427));
#7285=CARTESIAN_POINT('',(-0.660770257068272,4.01,-0.238209802350427));
#7286=CARTESIAN_POINT('',(-0.660770257068272,4.,-0.238209802350427));
#7287=CARTESIAN_POINT('',(-0.660795307317248,4.,-0.240260822691904));
#7288=CARTESIAN_POINT('',(-0.660845342846271,4.,-0.244357543962718));
#7289=CARTESIAN_POINT('',(-0.661482467042428,4.,-0.250442947149217));
#7290=CARTESIAN_POINT('',(-0.662401644106471,4.,-0.256463714873717));
#7291=CARTESIAN_POINT('',(-0.663717914343016,4.,-0.262399084699453));
#7292=CARTESIAN_POINT('',(-0.665427526902731,4.,-0.26827265485887));
#7293=CARTESIAN_POINT('',(-0.667491628811363,4.,-0.274071359358466));
#7294=CARTESIAN_POINT('',(-0.669976368209889,4.,-0.279784005091978));
#7295=CARTESIAN_POINT('',(-0.672809194917399,4.,-0.285380545182963));
#7296=CARTESIAN_POINT('',(-0.675901704783949,4.,-0.290833845598337));
#7297=CARTESIAN_POINT('',(-0.67935071974225,4.,-0.295962767722349));
#7298=CARTESIAN_POINT('',(-0.683050324848968,4.,-0.30078839883298));
#7299=CARTESIAN_POINT('',(-0.687048222028791,4.,-0.305277715207318));
#7300=CARTESIAN_POINT('',(-0.691280871167461,4.,-0.309488135931963));
#7301=CARTESIAN_POINT('',(-0.695805863856588,4.,-0.31336495578379));
#7302=CARTESIAN_POINT('',(-0.700590356351178,4.,-0.316927619946505));
#7303=CARTESIAN_POINT('',(-0.705633906771937,4.,-0.320135073881711));
#7304=CARTESIAN_POINT('',(-0.710821865506721,4.,-0.322998923234572));
#7305=CARTESIAN_POINT('',(-0.716106910221494,4.,-0.325532104131513));
#7306=CARTESIAN_POINT('',(-0.721483532588374,4.,-0.327637884101407));
#7307=CARTESIAN_POINT('',(-0.726920590498399,4.,-0.32938536197102));
#7308=CARTESIAN_POINT('',(-0.732429420189693,4.,-0.330754387113528));
#7309=CARTESIAN_POINT('',(-0.738010165816416,4.,-0.331733835547639));
#7310=CARTESIAN_POINT('',(-0.743681876610102,4.,-0.332282121618784));
#7311=CARTESIAN_POINT('',(-0.747479562694935,4.,-0.332377344023845));
#7312=CARTESIAN_POINT('',(-0.749388713264853,4.,-0.332425213675214));
#7313=CARTESIAN_POINT('',(-0.749388713264853,4.,-0.332425213675214));
#7314=CARTESIAN_POINT('',(-0.749388713264853,4.01,-0.332425213675214));
#7315=CARTESIAN_POINT('',(-0.839872821170836,4.,-0.232104033119658));
#7316=CARTESIAN_POINT('',(-0.839872821170836,4.01,-0.232104033119658));
#7317=CARTESIAN_POINT('',(-0.839849005236025,4.,-0.234381170837829));
#7318=CARTESIAN_POINT('',(-0.839849005236025,4.01,-0.234381170837829));
#7319=CARTESIAN_POINT('',(-0.83980173280825,4.,-0.23890107858755));
#7320=CARTESIAN_POINT('',(-0.83980173280825,4.01,-0.23890107858755));
#7321=CARTESIAN_POINT('',(-0.839155192081917,4.,-0.245606237618445));
#7322=CARTESIAN_POINT('',(-0.839155192081917,4.01,-0.245606237618445));
#7323=CARTESIAN_POINT('',(-0.838264227794424,4.,-0.252199581877414));
#7324=CARTESIAN_POINT('',(-0.838264227794424,4.01,-0.252199581877414));
#7325=CARTESIAN_POINT('',(-0.836879305057818,4.,-0.25863263211685));
#7326=CARTESIAN_POINT('',(-0.836879305057818,4.01,-0.25863263211685));
#7327=CARTESIAN_POINT('',(-0.835189714957925,4.,-0.264938042395413));
#7328=CARTESIAN_POINT('',(-0.835189714957925,4.01,-0.264938042395413));
#7329=CARTESIAN_POINT('',(-0.833116631227316,4.,-0.271108296007027));
#7330=CARTESIAN_POINT('',(-0.833116631227316,4.01,-0.271108296007027));
#7331=CARTESIAN_POINT('',(-0.830599376555768,4.,-0.277110966309236));
#7332=CARTESIAN_POINT('',(-0.830599376555768,4.01,-0.277110966309236));
#7333=CARTESIAN_POINT('',(-0.827768574638965,4.,-0.282965229832378));
#7334=CARTESIAN_POINT('',(-0.827768574638965,4.01,-0.282965229832378));
#7335=CARTESIAN_POINT('',(-0.824599832738397,4.,-0.288589951643497));
#7336=CARTESIAN_POINT('',(-0.824599832738397,4.01,-0.288589951643497));
#7337=CARTESIAN_POINT('',(-0.821123768816423,4.,-0.29392410062663));
#7338=CARTESIAN_POINT('',(-0.821123768816423,4.01,-0.29392410062663));
#7339=CARTESIAN_POINT('',(-0.81738419180478,4.,-0.298975813793625));
#7340=CARTESIAN_POINT('',(-0.81738419180478,4.01,-0.298975813793625));
#7341=CARTESIAN_POINT('',(-0.813309071226324,4.,-0.303645759998265));
#7342=CARTESIAN_POINT('',(-0.813309071226324,4.01,-0.303645759998265));
#7343=CARTESIAN_POINT('',(-0.809010676970841,4.,-0.308073448707051));
#7344=CARTESIAN_POINT('',(-0.809010676970841,4.01,-0.308073448707051));
#7345=CARTESIAN_POINT('',(-0.804374051977962,4.,-0.312116955951978));
#7346=CARTESIAN_POINT('',(-0.804374051977962,4.01,-0.312116955951978));
#7347=CARTESIAN_POINT('',(-0.799502079294813,4.,-0.315923386677767));
#7348=CARTESIAN_POINT('',(-0.799502079294813,4.01,-0.315923386677767));
#7349=CARTESIAN_POINT('',(-0.79433012155728,4.,-0.319321790731026));
#7350=CARTESIAN_POINT('',(-0.79433012155728,4.01,-0.319321790731026));
#7351=CARTESIAN_POINT('',(-0.789019906368635,4.,-0.322418622893309));
#7352=CARTESIAN_POINT('',(-0.789019906368635,4.01,-0.322418622893309));
#7353=CARTESIAN_POINT('',(-0.783580838348848,4.,-0.325102033004936));
#7354=CARTESIAN_POINT('',(-0.783580838348848,4.01,-0.325102033004936));
#7355=CARTESIAN_POINT('',(-0.778046007870923,4.,-0.32734053666752));
#7356=CARTESIAN_POINT('',(-0.778046007870923,4.01,-0.32734053666752));
#7357=CARTESIAN_POINT('',(-0.772466050625448,4.,-0.329239101514814));
#7358=CARTESIAN_POINT('',(-0.772466050625448,4.01,-0.329239101514814));
#7359=CARTESIAN_POINT('',(-0.766778481592387,4.,-0.330602267571649));
#7360=CARTESIAN_POINT('',(-0.766778481592387,4.01,-0.330602267571649));
#7361=CARTESIAN_POINT('',(-0.761056983933719,4.,-0.331708871099796));
#7362=CARTESIAN_POINT('',(-0.761056983933719,4.01,-0.331708871099796));
#7363=CARTESIAN_POINT('',(-0.755237905726616,4.,-0.332287008953218));
#7364=CARTESIAN_POINT('',(-0.755237905726616,4.01,-0.332287008953218));
#7365=CARTESIAN_POINT('',(-0.751340220390994,4.,-0.332379103464));
#7366=CARTESIAN_POINT('',(-0.751340220390994,4.01,-0.332379103464));
#7367=CARTESIAN_POINT('',(-0.749388713264853,4.,-0.332425213675214));
#7368=CARTESIAN_POINT('',(-0.749388713264853,4.01,-0.332425213675214));
#7369=CARTESIAN_POINT('',(-0.749388713264853,4.,-0.332425213675214));
#7370=CARTESIAN_POINT('',(-0.751340220390994,4.,-0.332379103464));
#7371=CARTESIAN_POINT('',(-0.755237905726616,4.,-0.332287008953218));
#7372=CARTESIAN_POINT('',(-0.761056983933719,4.,-0.331708871099796));
#7373=CARTESIAN_POINT('',(-0.766778481592387,4.,-0.330602267571649));
#7374=CARTESIAN_POINT('',(-0.772466050625448,4.,-0.329239101514814));
#7375=CARTESIAN_POINT('',(-0.778046007870923,4.,-0.32734053666752));
#7376=CARTESIAN_POINT('',(-0.783580838348848,4.,-0.325102033004936));
#7377=CARTESIAN_POINT('',(-0.789019906368635,4.,-0.322418622893309));
#7378=CARTESIAN_POINT('',(-0.79433012155728,4.,-0.319321790731026));
#7379=CARTESIAN_POINT('',(-0.799502079294813,4.,-0.315923386677767));
#7380=CARTESIAN_POINT('',(-0.804374051977962,4.,-0.312116955951978));
#7381=CARTESIAN_POINT('',(-0.809010676970841,4.,-0.308073448707051));
#7382=CARTESIAN_POINT('',(-0.813309071226324,4.,-0.303645759998265));
#7383=CARTESIAN_POINT('',(-0.81738419180478,4.,-0.298975813793625));
#7384=CARTESIAN_POINT('',(-0.821123768816423,4.,-0.29392410062663));
#7385=CARTESIAN_POINT('',(-0.824599832738397,4.,-0.288589951643497));
#7386=CARTESIAN_POINT('',(-0.827768574638965,4.,-0.282965229832378));
#7387=CARTESIAN_POINT('',(-0.830599376555768,4.,-0.277110966309236));
#7388=CARTESIAN_POINT('',(-0.833116631227316,4.,-0.271108296007027));
#7389=CARTESIAN_POINT('',(-0.835189714957925,4.,-0.264938042395413));
#7390=CARTESIAN_POINT('',(-0.836879305057818,4.,-0.25863263211685));
#7391=CARTESIAN_POINT('',(-0.838264227794424,4.,-0.252199581877414));
#7392=CARTESIAN_POINT('',(-0.839155192081917,4.,-0.245606237618445));
#7393=CARTESIAN_POINT('',(-0.83980173280825,4.,-0.23890107858755));
#7394=CARTESIAN_POINT('',(-0.839849005236025,4.,-0.234381170837829));
#7395=CARTESIAN_POINT('',(-0.839872821170836,4.,-0.232104033119658));
#7396=CARTESIAN_POINT('',(-0.839872821170836,4.,-0.232104033119658));
#7397=CARTESIAN_POINT('',(-0.839872821170836,4.01,-0.232104033119658));
#7398=CARTESIAN_POINT('',(-0.774744616042631,4.,-0.147895299145299));
#7399=CARTESIAN_POINT('',(-0.774744616042631,4.01,-0.147895299145299));
#7400=CARTESIAN_POINT('',(-0.777100549725052,4.,-0.14830304048019));
#7401=CARTESIAN_POINT('',(-0.777100549725052,4.01,-0.14830304048019));
#7402=CARTESIAN_POINT('',(-0.781763142713526,4.,-0.149109995235903));
#7403=CARTESIAN_POINT('',(-0.781763142713526,4.01,-0.149109995235903));
#7404=CARTESIAN_POINT('',(-0.788507503705135,4.,-0.151082633440077));
#7405=CARTESIAN_POINT('',(-0.788507503705135,4.01,-0.151082633440077));
#7406=CARTESIAN_POINT('',(-0.794936429100978,4.,-0.153632816417971));
#7407=CARTESIAN_POINT('',(-0.794936429100978,4.01,-0.153632816417971));
#7408=CARTESIAN_POINT('',(-0.80097702910379,4.,-0.156830713142812));
#7409=CARTESIAN_POINT('',(-0.80097702910379,4.01,-0.156830713142812));
#7410=CARTESIAN_POINT('',(-0.806736874917664,4.,-0.160542751395652));
#7411=CARTESIAN_POINT('',(-0.806736874917664,4.01,-0.160542751395652));
#7412=CARTESIAN_POINT('',(-0.812123862320761,4.,-0.164889385631299));
#7413=CARTESIAN_POINT('',(-0.812123862320761,4.01,-0.164889385631299));
#7414=CARTESIAN_POINT('',(-0.817185572490472,4.,-0.169834459301739));
#7415=CARTESIAN_POINT('',(-0.817185572490472,4.01,-0.169834459301739));
#7416=CARTESIAN_POINT('',(-0.821872481826647,4.,-0.175324539501119));
#7417=CARTESIAN_POINT('',(-0.821872481826647,4.01,-0.175324539501119));
#7418=CARTESIAN_POINT('',(-0.826080287882067,4.,-0.18128245497829));
#7419=CARTESIAN_POINT('',(-0.826080287882067,4.01,-0.18128245497829));
#7420=CARTESIAN_POINT('',(-0.829808160140526,4.,-0.187575207356985));
#7421=CARTESIAN_POINT('',(-0.829808160140526,4.01,-0.187575207356985));
#7422=CARTESIAN_POINT('',(-0.832892184337924,4.,-0.19422108575374));
#7423=CARTESIAN_POINT('',(-0.832892184337924,4.01,-0.19422108575374));
#7424=CARTESIAN_POINT('',(-0.835450544694865,4.,-0.201167934148091));
#7425=CARTESIAN_POINT('',(-0.835450544694865,4.01,-0.201167934148091));
#7426=CARTESIAN_POINT('',(-0.837456293089104,4.,-0.208441173864666));
#7427=CARTESIAN_POINT('',(-0.837456293089104,4.01,-0.208441173864666));
#7428=CARTESIAN_POINT('',(-0.83882588453262,4.,-0.216049264915616));
#7429=CARTESIAN_POINT('',(-0.83882588453262,4.01,-0.216049264915616));
#7430=CARTESIAN_POINT('',(-0.839702806895509,4.,-0.223970825814295));
#7431=CARTESIAN_POINT('',(-0.839702806895509,4.01,-0.223970825814295));
#7432=CARTESIAN_POINT('',(-0.839815454896086,4.,-0.229359723537539));
#7433=CARTESIAN_POINT('',(-0.839815454896086,4.01,-0.229359723537539));
#7434=CARTESIAN_POINT('',(-0.839872821170836,4.,-0.232104033119658));
#7435=CARTESIAN_POINT('',(-0.839872821170836,4.01,-0.232104033119658));
#7436=CARTESIAN_POINT('',(-0.839872821170836,4.,-0.232104033119658));
#7437=CARTESIAN_POINT('',(-0.839815454896086,4.,-0.229359723537539));
#7438=CARTESIAN_POINT('',(-0.839702806895509,4.,-0.223970825814295));
#7439=CARTESIAN_POINT('',(-0.83882588453262,4.,-0.216049264915616));
#7440=CARTESIAN_POINT('',(-0.837456293089104,4.,-0.208441173864666));
#7441=CARTESIAN_POINT('',(-0.835450544694865,4.,-0.201167934148091));
#7442=CARTESIAN_POINT('',(-0.832892184337924,4.,-0.19422108575374));
#7443=CARTESIAN_POINT('',(-0.829808160140526,4.,-0.187575207356985));
#7444=CARTESIAN_POINT('',(-0.826080287882067,4.,-0.18128245497829));
#7445=CARTESIAN_POINT('',(-0.821872481826647,4.,-0.175324539501119));
#7446=CARTESIAN_POINT('',(-0.817185572490472,4.,-0.169834459301739));
#7447=CARTESIAN_POINT('',(-0.812123862320761,4.,-0.164889385631299));
#7448=CARTESIAN_POINT('',(-0.806736874917664,4.,-0.160542751395652));
#7449=CARTESIAN_POINT('',(-0.80097702910379,4.,-0.156830713142812));
#7450=CARTESIAN_POINT('',(-0.794936429100978,4.,-0.153632816417971));
#7451=CARTESIAN_POINT('',(-0.788507503705135,4.,-0.151082633440077));
#7452=CARTESIAN_POINT('',(-0.781763142713526,4.,-0.149109995235903));
#7453=CARTESIAN_POINT('',(-0.777100549725052,4.,-0.14830304048019));
#7454=CARTESIAN_POINT('',(-0.774744616042631,4.,-0.147895299145299));
#7455=CARTESIAN_POINT('',(-0.774744616042631,4.,-0.147895299145299));
#7456=CARTESIAN_POINT('',(-0.774744616042631,4.01,-0.147895299145299));
#7457=CARTESIAN_POINT('',(-0.774744616042631,4.01,-0.147895299145299));
#7458=CARTESIAN_POINT('',(-0.774744616042631,4.,-0.147895299145299));
#7459=CARTESIAN_POINT('',(-0.774744616042631,4.,-0.218450854700855));
#7460=CARTESIAN_POINT('',(-0.774744616042631,4.01,-0.218450854700855));
#7461=CARTESIAN_POINT('',(-0.774744616042631,4.01,-0.218450854700855));
#7462=CARTESIAN_POINT('',(-0.774744616042631,4.,-0.218450854700855));
#7463=CARTESIAN_POINT('',(-0.753035214333229,4.,-0.218450854700855));
#7464=CARTESIAN_POINT('',(-0.753035214333229,4.01,-0.218450854700855));
#7465=CARTESIAN_POINT('',(-0.753035214333229,4.01,-0.218450854700855));
#7466=CARTESIAN_POINT('',(-0.753035214333229,4.,-0.218450854700855));
#7467=CARTESIAN_POINT('',(-0.753035214333229,4.,-0.128899572649573));
#7468=CARTESIAN_POINT('',(-0.753035214333229,4.01,-0.128899572649573));
#7469=CARTESIAN_POINT('',(-0.753035214333229,4.01,-0.128899572649573));
#7470=CARTESIAN_POINT('',(-0.753035214333229,4.,-0.128899572649573));
#7471=CARTESIAN_POINT('',(-0.757081524371442,4.01,-0.129002735861061));
#7472=CARTESIAN_POINT('',(-0.757081524371442,4.,-0.129002735861061));
#7473=CARTESIAN_POINT('',(-0.765000884039717,4.01,-0.129204644901298));
#7474=CARTESIAN_POINT('',(-0.765000884039717,4.,-0.129204644901298));
#7475=CARTESIAN_POINT('',(-0.776550038514003,4.01,-0.130620931705135));
#7476=CARTESIAN_POINT('',(-0.776550038514003,4.,-0.130620931705135));
#7477=CARTESIAN_POINT('',(-0.78745823139525,4.01,-0.132907930304099));
#7478=CARTESIAN_POINT('',(-0.78745823139525,4.,-0.132907930304099));
#7479=CARTESIAN_POINT('',(-0.797736950491195,4.01,-0.136032149164338));
#7480=CARTESIAN_POINT('',(-0.797736950491195,4.,-0.136032149164338));
#7481=CARTESIAN_POINT('',(-0.807371629672159,4.01,-0.140076511354018));
#7482=CARTESIAN_POINT('',(-0.807371629672159,4.,-0.140076511354018));
#7483=CARTESIAN_POINT('',(-0.816372051100705,4.01,-0.144997611884063));
#7484=CARTESIAN_POINT('',(-0.816372051100705,4.,-0.144997611884063));
#7485=CARTESIAN_POINT('',(-0.824680069419797,4.01,-0.15087421158665));
#7486=CARTESIAN_POINT('',(-0.824680069419797,4.,-0.15087421158665));
#7487=CARTESIAN_POINT('',(-0.832363509162071,4.01,-0.157496985906516));
#7488=CARTESIAN_POINT('',(-0.832363509162071,4.,-0.157496985906516));
#7489=CARTESIAN_POINT('',(-0.839217228183963,4.01,-0.164929507163099));
#7490=CARTESIAN_POINT('',(-0.839217228183963,4.,-0.164929507163099));
#7491=CARTESIAN_POINT('',(-0.845241015859706,4.01,-0.172970942752219));
#7492=CARTESIAN_POINT('',(-0.845241015859706,4.,-0.172970942752219));
#7493=CARTESIAN_POINT('',(-0.850315126406707,4.01,-0.181634578457347));
#7494=CARTESIAN_POINT('',(-0.850315126406707,4.,-0.181634578457347));
#7495=CARTESIAN_POINT('',(-0.854443271228278,4.01,-0.190912219196001));
#7496=CARTESIAN_POINT('',(-0.854443271228278,4.,-0.190912219196001));
#7497=CARTESIAN_POINT('',(-0.857665079492177,4.01,-0.200773493027791));
#7498=CARTESIAN_POINT('',(-0.857665079492177,4.,-0.200773493027791));
#7499=CARTESIAN_POINT('',(-0.859949360558276,4.01,-0.211241218852552));
#7500=CARTESIAN_POINT('',(-0.859949360558276,4.,-0.211241218852552));
#7501=CARTESIAN_POINT('',(-0.861317934532142,4.01,-0.222301201370119));
#7502=CARTESIAN_POINT('',(-0.861317934532142,4.,-0.222301201370119));
#7503=CARTESIAN_POINT('',(-0.861492794143534,4.01,-0.229881086115331));
#7504=CARTESIAN_POINT('',(-0.861492794143534,4.,-0.229881086115331));
#7505=CARTESIAN_POINT('',(-0.861582222880237,4.01,-0.233757678952991));
#7506=CARTESIAN_POINT('',(-0.861582222880237,4.,-0.233757678952991));
#7507=CARTESIAN_POINT('',(-0.753035214333229,4.,-0.128899572649573));
#7508=CARTESIAN_POINT('',(-0.757081524371442,4.,-0.129002735861061));
#7509=CARTESIAN_POINT('',(-0.765000884039717,4.,-0.129204644901298));
#7510=CARTESIAN_POINT('',(-0.776550038514003,4.,-0.130620931705135));
#7511=CARTESIAN_POINT('',(-0.78745823139525,4.,-0.132907930304099));
#7512=CARTESIAN_POINT('',(-0.797736950491195,4.,-0.136032149164338));
#7513=CARTESIAN_POINT('',(-0.807371629672159,4.,-0.140076511354018));
#7514=CARTESIAN_POINT('',(-0.816372051100705,4.,-0.144997611884063));
#7515=CARTESIAN_POINT('',(-0.824680069419797,4.,-0.15087421158665));
#7516=CARTESIAN_POINT('',(-0.832363509162071,4.,-0.157496985906516));
#7517=CARTESIAN_POINT('',(-0.839217228183963,4.,-0.164929507163099));
#7518=CARTESIAN_POINT('',(-0.845241015859706,4.,-0.172970942752219));
#7519=CARTESIAN_POINT('',(-0.850315126406707,4.,-0.181634578457347));
#7520=CARTESIAN_POINT('',(-0.854443271228278,4.,-0.190912219196001));
#7521=CARTESIAN_POINT('',(-0.857665079492177,4.,-0.200773493027791));
#7522=CARTESIAN_POINT('',(-0.859949360558276,4.,-0.211241218852552));
#7523=CARTESIAN_POINT('',(-0.861317934532142,4.,-0.222301201370119));
#7524=CARTESIAN_POINT('',(-0.861492794143534,4.,-0.229881086115331));
#7525=CARTESIAN_POINT('',(-0.861582222880237,4.,-0.233757678952991));
#7526=CARTESIAN_POINT('',(-0.861582222880237,4.,-0.233757678952991));
#7527=CARTESIAN_POINT('',(-0.861582222880237,4.01,-0.233757678952991));
#7528=CARTESIAN_POINT('',(-0.861582222879025,4.01,-0.233757679037077));
#7529=CARTESIAN_POINT('',(-0.861582222879025,4.,-0.233757679037078));
#7530=CARTESIAN_POINT('',(-0.861333667963543,4.00999999999999,-0.251013120942224));
#7531=CARTESIAN_POINT('',(-0.861333667963543,3.99999999999999,-0.251013120942224));
#7532=CARTESIAN_POINT('',(-0.856361090706735,4.01000000000001,-0.286067710284589));
#7533=CARTESIAN_POINT('',(-0.856361090706735,4.00000000000001,-0.286067710284589));
#7534=CARTESIAN_POINT('',(-0.83453699674048,4.01,-0.31409953188729));
#7535=CARTESIAN_POINT('',(-0.83453699674048,4.,-0.31409953188729));
#7536=CARTESIAN_POINT('',(-0.821555801795057,4.01,-0.325471168372455));
#7537=CARTESIAN_POINT('',(-0.821555801795057,4.,-0.325471168372455));
#7538=CARTESIAN_POINT('',(-0.861582222880237,4.,-0.233757678952991));
#7539=CARTESIAN_POINT('',(-0.861547804596205,4.,-0.236147101425001));
#7540=CARTESIAN_POINT('',(-0.86147992064726,4.,-0.24085981263819));
#7541=CARTESIAN_POINT('',(-0.860997481064648,4.,-0.247820073526426));
#7542=CARTESIAN_POINT('',(-0.860254798593371,4.,-0.254588424866124));
#7543=CARTESIAN_POINT('',(-0.859133260173549,4.,-0.261163880641849));
#7544=CARTESIAN_POINT('',(-0.857759564422122,4.,-0.267570628002183));
#7545=CARTESIAN_POINT('',(-0.856000510476875,4.,-0.273776669566571));
#7546=CARTESIAN_POINT('',(-0.853964355802038,4.,-0.279805646347557));
#7547=CARTESIAN_POINT('',(-0.851648379358649,4.,-0.285666876907802));
#7548=CARTESIAN_POINT('',(-0.848964950598219,4.,-0.291307161403704));
#7549=CARTESIAN_POINT('',(-0.845982891448236,4.,-0.296751622192018));
#7550=CARTESIAN_POINT('',(-0.842717578679211,4.,-0.302030354557932));
#7551=CARTESIAN_POINT('',(-0.839112541818691,4.,-0.307107401201692));
#7552=CARTESIAN_POINT('',(-0.835194745417928,4.,-0.312009215452823));
#7553=CARTESIAN_POINT('',(-0.830956336984391,4.,-0.316704190375625));
#7554=CARTESIAN_POINT('',(-0.82641027402868,4.,-0.321218609668273));
#7555=CARTESIAN_POINT('',(-0.823182114876724,4.,-0.324046504368144));
#7556=CARTESIAN_POINT('',(-0.821555513478528,4.,-0.325471420940171));
#7557=CARTESIAN_POINT('',(-0.821555513478528,4.,-0.325471420940171));
#7558=CARTESIAN_POINT('',(-0.821522590691563,4.,-0.32543325651963));
#7559=CARTESIAN_POINT('',(-0.821522590691563,4.00333333333333,-0.32543325651963));
#7560=CARTESIAN_POINT('',(-0.821522590691563,4.00666666666667,-0.32543325651963));
#7561=CARTESIAN_POINT('',(-0.821522590691563,4.01,-0.32543325651963));
#7562=CARTESIAN_POINT('',(-0.751769194543126,4.01,-0.244574429240856));
#7563=CARTESIAN_POINT('',(-0.751769194543126,4.,-0.244574429240856));
#7564=CARTESIAN_POINT('',(-0.750237266718143,4.,-0.351386215835965));
#7565=CARTESIAN_POINT('',(-0.750237732856139,4.01,-0.351351490673735));
#7566=CARTESIAN_POINT('',(-0.750237732856139,4.00666666666667,-0.351351490673735));
#7567=CARTESIAN_POINT('',(-0.750237732856139,4.00333333333333,-0.351351490673735));
#7568=CARTESIAN_POINT('',(-0.750237732856139,4.,-0.351351490673735));
#7569=CARTESIAN_POINT('',(-0.750236832485659,4.01,-0.351420941411825));
#7570=CARTESIAN_POINT('',(-0.750236832485659,4.,-0.351420941411825));
#7571=CARTESIAN_POINT('',(-0.720629081269706,4.01,-0.351037101788004));
#7572=CARTESIAN_POINT('',(-0.720629081269706,4.,-0.351037101788004));
#7573=CARTESIAN_POINT('',(-0.660711155642612,4.01,-0.327416458784868));
#7574=CARTESIAN_POINT('',(-0.660711155642612,4.,-0.327416458784868));
#7575=CARTESIAN_POINT('',(-0.639407556498471,4.01,-0.267179962311871));
#7576=CARTESIAN_POINT('',(-0.639407556498471,4.,-0.267179962311871));
#7577=CARTESIAN_POINT('',(-0.639060855361343,4.01,-0.237573784933393));
#7578=CARTESIAN_POINT('',(-0.639060855361343,4.,-0.237573784933393));
#7579=CARTESIAN_POINT('',(-0.75201320088703,4.,-0.351443970535988));
#7580=CARTESIAN_POINT('',(-0.751421046181062,4.,-0.351436293747638));
#7581=CARTESIAN_POINT('',(-0.750828891475094,4.,-0.35142861695929));
#7582=CARTESIAN_POINT('',(-0.750236736769126,4.,-0.35142094017094));
#7583=CARTESIAN_POINT('',(-0.747747184809079,4.,-0.351388665221017));
#7584=CARTESIAN_POINT('',(-0.742799721573704,4.,-0.351324525516071));
#7585=CARTESIAN_POINT('',(-0.735454061184507,4.,-0.350550170221516));
#7586=CARTESIAN_POINT('',(-0.728240650472041,4.,-0.349432522936833));
#7587=CARTESIAN_POINT('',(-0.721152808507608,4.,-0.347813655642443));
#7588=CARTESIAN_POINT('',(-0.714222009572746,4.,-0.34568362557672));
#7589=CARTESIAN_POINT('',(-0.70739497009285,4.,-0.343125565016065));
#7590=CARTESIAN_POINT('',(-0.700699081942033,4.,-0.340129259760419));
#7591=CARTESIAN_POINT('',(-0.694193297766349,4.,-0.336633016171015));
#7592=CARTESIAN_POINT('',(-0.687881321466823,4.,-0.332826165832588));
#7593=CARTESIAN_POINT('',(-0.681956396996552,4.,-0.328549979191034));
#7594=CARTESIAN_POINT('',(-0.676316018014788,4.,-0.32401502015776));
#7595=CARTESIAN_POINT('',(-0.671062352883519,4.,-0.319093072591845));
#7596=CARTESIAN_POINT('',(-0.666172522965581,4.,-0.313812019303131));
#7597=CARTESIAN_POINT('',(-0.661628410604382,4.,-0.308201102169754));
#7598=CARTESIAN_POINT('',(-0.657418401634253,4.,-0.302263063133984));
#7599=CARTESIAN_POINT('',(-0.653610293937212,4.,-0.295977311811761));
#7600=CARTESIAN_POINT('',(-0.650189523220419,4.,-0.289438184973436));
#7601=CARTESIAN_POINT('',(-0.647190561537918,4.,-0.282661216666933));
#7602=CARTESIAN_POINT('',(-0.644712045413465,4.,-0.275648513570079));
#7603=CARTESIAN_POINT('',(-0.642609060054669,4.,-0.268452603745624));
#7604=CARTESIAN_POINT('',(-0.641053906215979,4.,-0.261019021689515));
#7605=CARTESIAN_POINT('',(-0.639926101164915,4.,-0.253401710615153));
#7606=CARTESIAN_POINT('',(-0.639154388701966,4.,-0.245560965754882));
#7607=CARTESIAN_POINT('',(-0.639092324661181,4.,-0.240261072551483));
#7608=CARTESIAN_POINT('',(-0.63906085535887,4.,-0.237573784722222));
#7609=CARTESIAN_POINT('',(-0.63906085535887,4.,-0.237573784722222));
#7610=CARTESIAN_POINT('',(-0.63906085535887,4.01,-0.237573784722222));
#7611=CARTESIAN_POINT('',(-0.63906085535887,4.01,-0.237573784722222));
#7612=CARTESIAN_POINT('',(-0.63906085535887,4.,-0.237573784722222));
#7613=CARTESIAN_POINT('',(-0.639095813225265,4.01,-0.235382217764908));
#7614=CARTESIAN_POINT('',(-0.639095813225265,4.,-0.235382217764908));
#7615=CARTESIAN_POINT('',(-0.639165130566341,4.01,-0.231036598025019));
#7616=CARTESIAN_POINT('',(-0.639165130566341,4.,-0.231036598025019));
#7617=CARTESIAN_POINT('',(-0.639648083914563,4.01,-0.224570371674859));
#7618=CARTESIAN_POINT('',(-0.639648083914563,4.,-0.224570371674859));
#7619=CARTESIAN_POINT('',(-0.640405076868188,4.01,-0.218216822812764));
#7620=CARTESIAN_POINT('',(-0.640405076868188,4.,-0.218216822812764));
#7621=CARTESIAN_POINT('',(-0.641463604746999,4.01,-0.2119440795597));
#7622=CARTESIAN_POINT('',(-0.641463604746999,4.,-0.2119440795597));
#7623=CARTESIAN_POINT('',(-0.642863865495488,4.01,-0.205776025908249));
#7624=CARTESIAN_POINT('',(-0.642863865495488,4.,-0.205776025908249));
#7625=CARTESIAN_POINT('',(-0.644570378168318,4.01,-0.199693974563446));
#7626=CARTESIAN_POINT('',(-0.644570378168318,4.,-0.199693974563446));
#7627=CARTESIAN_POINT('',(-0.646546190086545,4.01,-0.193709428785374));
#7628=CARTESIAN_POINT('',(-0.646546190086545,4.,-0.193709428785374));
#7629=CARTESIAN_POINT('',(-0.648904426889934,4.01,-0.187829508119532));
#7630=CARTESIAN_POINT('',(-0.648904426889934,4.,-0.187829508119532));
#7631=CARTESIAN_POINT('',(-0.651580624836022,4.01,-0.182014235736596));
#7632=CARTESIAN_POINT('',(-0.651580624836022,4.,-0.182014235736596));
#7633=CARTESIAN_POINT('',(-0.654593176356048,4.01,-0.176231396608384));
#7634=CARTESIAN_POINT('',(-0.654593176356048,4.,-0.176231396608384));
#7635=CARTESIAN_POINT('',(-0.657993443387827,4.01,-0.170500716874156));
#7636=CARTESIAN_POINT('',(-0.657993443387827,4.,-0.170500716874156));
#7637=CARTESIAN_POINT('',(-0.661791563929021,4.01,-0.16481226746945));
#7638=CARTESIAN_POINT('',(-0.661791563929021,4.,-0.16481226746945));
#7639=CARTESIAN_POINT('',(-0.665922293887818,4.01,-0.159130174991045));
#7640=CARTESIAN_POINT('',(-0.665922293887818,4.,-0.159130174991045));
#7641=CARTESIAN_POINT('',(-0.670503778137382,4.01,-0.153544313319818));
#7642=CARTESIAN_POINT('',(-0.670503778137382,4.,-0.153544313319818));
#7643=CARTESIAN_POINT('',(-0.675355344758678,4.01,-0.147919849539625));
#7644=CARTESIAN_POINT('',(-0.675355344758678,4.,-0.147919849539625));
#7645=CARTESIAN_POINT('',(-0.678843743505345,4.01,-0.144303263633625));
#7646=CARTESIAN_POINT('',(-0.678843743505345,4.,-0.144303263633625));
#7647=CARTESIAN_POINT('',(-0.680614007068272,4.01,-0.142467948717949));
#7648=CARTESIAN_POINT('',(-0.680614007068272,4.,-0.142467948717949));
#7649=CARTESIAN_POINT('',(-0.63906085535887,4.,-0.237573784722222));
#7650=CARTESIAN_POINT('',(-0.639095813225265,4.,-0.235382217764908));
#7651=CARTESIAN_POINT('',(-0.639165130566341,4.,-0.231036598025019));
#7652=CARTESIAN_POINT('',(-0.639648083914563,4.,-0.224570371674859));
#7653=CARTESIAN_POINT('',(-0.640405076868188,4.,-0.218216822812764));
#7654=CARTESIAN_POINT('',(-0.641463604746999,4.,-0.2119440795597));
#7655=CARTESIAN_POINT('',(-0.642863865495488,4.,-0.205776025908249));
#7656=CARTESIAN_POINT('',(-0.644570378168318,4.,-0.199693974563446));
#7657=CARTESIAN_POINT('',(-0.646546190086545,4.,-0.193709428785374));
#7658=CARTESIAN_POINT('',(-0.648904426889934,4.,-0.187829508119532));
#7659=CARTESIAN_POINT('',(-0.651580624836022,4.,-0.182014235736596));
#7660=CARTESIAN_POINT('',(-0.654593176356048,4.,-0.176231396608384));
#7661=CARTESIAN_POINT('',(-0.657993443387827,4.,-0.170500716874156));
#7662=CARTESIAN_POINT('',(-0.661791563929021,4.,-0.16481226746945));
#7663=CARTESIAN_POINT('',(-0.665922293887818,4.,-0.159130174991045));
#7664=CARTESIAN_POINT('',(-0.670503778137382,4.,-0.153544313319818));
#7665=CARTESIAN_POINT('',(-0.675355344758678,4.,-0.147919849539625));
#7666=CARTESIAN_POINT('',(-0.678843743505345,4.,-0.144303263633625));
#7667=CARTESIAN_POINT('',(-0.680614007068272,4.,-0.142467948717949));
#7668=CARTESIAN_POINT('',(0.,4.01,0.));
#7669=CARTESIAN_POINT('',(-0.856154872452887,4.01,-0.600951856303419));
#7670=CARTESIAN_POINT('',(-0.856154872452887,4.01,-0.600951856303419));
#7671=CARTESIAN_POINT('',(-0.856154872452887,4.01,-0.620074786324786));
#7672=CARTESIAN_POINT('',(-0.703510641683656,4.01,-0.580726495726495));
#7673=CARTESIAN_POINT('',(-0.703510641683656,4.01,-0.580726495726495));
#7674=CARTESIAN_POINT('',(-0.856154872452887,4.01,-0.504022769764957));
#7675=CARTESIAN_POINT('',(-0.856154872452887,4.01,-0.504022769764957));
#7676=CARTESIAN_POINT('',(-0.856154872452887,4.01,-0.499740251068376));
#7677=CARTESIAN_POINT('',(-0.856154872452887,4.01,-0.499740251068376));
#7678=CARTESIAN_POINT('',(-0.703849851085366,4.01,-0.423333333333333));
#7679=CARTESIAN_POINT('',(-0.703849851085366,4.01,-0.423333333333333));
#7680=CARTESIAN_POINT('',(-0.856154872452887,4.01,-0.403065571581196));
#7681=CARTESIAN_POINT('',(-0.856154872452887,4.01,-0.403065571581196));
#7682=CARTESIAN_POINT('',(-0.856154872452887,4.01,-0.383985042735043));
#7683=CARTESIAN_POINT('',(-0.856154872452887,4.01,-0.383985042735043));
#7684=CARTESIAN_POINT('',(-0.64448820578622,4.01,-0.412097021901709));
#7685=CARTESIAN_POINT('',(-0.64448820578622,4.01,-0.412097021901709));
#7686=CARTESIAN_POINT('',(-0.64448820578622,4.01,-0.414853098290598));
#7687=CARTESIAN_POINT('',(-0.64448820578622,4.01,-0.414853098290597));
#7688=CARTESIAN_POINT('',(-0.818163419461434,4.01,-0.502029914529914));
#7689=CARTESIAN_POINT('',(-0.818163419461434,4.01,-0.502029914529914));
#7690=CARTESIAN_POINT('',(-0.64448820578622,4.01,-0.589418736645299));
#7691=CARTESIAN_POINT('',(-0.64448820578622,4.01,-0.589418736645299));
#7692=CARTESIAN_POINT('',(-0.64448820578622,4.01,-0.592132411858974));
#7693=CARTESIAN_POINT('',(-0.64448820578622,4.01,-0.592132411858974));
#7694=CARTESIAN_POINT('',(-0.856154872452887,4.01,-0.620074786324786));
#7695=CARTESIAN_POINT('',(-0.856154872452887,4.01,-0.620074786324786));
#7696=CARTESIAN_POINT('',(-0.856154872452887,4.,-0.620074786324786));
#7697=CARTESIAN_POINT('',(-0.856154872452887,4.,-0.620074786324786));
#7698=CARTESIAN_POINT('',(-0.64448820578622,4.,-0.592132411858974));
#7699=CARTESIAN_POINT('',(-0.856154872452887,4.01,-0.620074786324786));
#7700=CARTESIAN_POINT('',(-0.64448820578622,4.01,-0.592132411858974));
#7701=CARTESIAN_POINT('',(-0.64448820578622,4.01,0.484391025641025));
#7702=CARTESIAN_POINT('',(-0.64448820578622,4.,-0.592132411858974));
#7703=CARTESIAN_POINT('',(-0.64448820578622,4.,-0.589418736645299));
#7704=CARTESIAN_POINT('',(-0.64448820578622,4.01,-0.589418736645299));
#7705=CARTESIAN_POINT('',(-0.64448820578622,4.01,-0.589418736645299));
#7706=CARTESIAN_POINT('',(-0.64448820578622,4.,-0.589418736645299));
#7707=CARTESIAN_POINT('',(-0.818163419461434,4.,-0.502029914529914));
#7708=CARTESIAN_POINT('',(-0.818163419461434,4.01,-0.502029914529914));
#7709=CARTESIAN_POINT('',(-0.818163419461434,4.01,-0.502029914529914));
#7710=CARTESIAN_POINT('',(-0.818163419461434,4.,-0.502029914529914));
#7711=CARTESIAN_POINT('',(-0.64448820578622,4.,-0.414853098290597));
#7712=CARTESIAN_POINT('',(-0.64448820578622,4.01,-0.414853098290598));
#7713=CARTESIAN_POINT('',(-0.64448820578622,4.01,0.484391025641025));
#7714=CARTESIAN_POINT('',(-0.64448820578622,4.,-0.414853098290598));
#7715=CARTESIAN_POINT('',(-0.64448820578622,4.,-0.412097021901709));
#7716=CARTESIAN_POINT('',(-0.64448820578622,4.01,-0.412097021901709));
#7717=CARTESIAN_POINT('',(-0.64448820578622,4.01,-0.412097021901709));
#7718=CARTESIAN_POINT('',(-0.64448820578622,4.,-0.412097021901709));
#7719=CARTESIAN_POINT('',(-0.856154872452887,4.,-0.383985042735043));
#7720=CARTESIAN_POINT('',(-0.856154872452887,4.01,-0.383985042735043));
#7721=CARTESIAN_POINT('',(-0.856154872452887,4.01,0.620074786324786));
#7722=CARTESIAN_POINT('',(-0.856154872452887,4.,-0.383985042735043));
#7723=CARTESIAN_POINT('',(-0.856154872452887,4.,-0.403065571581196));
#7724=CARTESIAN_POINT('',(-0.856154872452887,4.01,-0.403065571581196));
#7725=CARTESIAN_POINT('',(-0.856154872452887,4.01,-0.403065571581196));
#7726=CARTESIAN_POINT('',(-0.856154872452887,4.,-0.403065571581196));
#7727=CARTESIAN_POINT('',(-0.703849851085366,4.,-0.423333333333333));
#7728=CARTESIAN_POINT('',(-0.703849851085366,4.01,-0.423333333333333));
#7729=CARTESIAN_POINT('',(-0.703849851085366,4.01,-0.423333333333333));
#7730=CARTESIAN_POINT('',(-0.703849851085366,4.,-0.423333333333333));
#7731=CARTESIAN_POINT('',(-0.856154872452887,4.,-0.499740251068376));
#7732=CARTESIAN_POINT('',(-0.856154872452887,4.01,-0.499740251068376));
#7733=CARTESIAN_POINT('',(-0.856154872452887,4.01,0.620074786324786));
#7734=CARTESIAN_POINT('',(-0.856154872452887,4.,-0.499740251068376));
#7735=CARTESIAN_POINT('',(-0.856154872452887,4.,-0.504022769764957));
#7736=CARTESIAN_POINT('',(-0.856154872452887,4.01,-0.504022769764957));
#7737=CARTESIAN_POINT('',(-0.856154872452887,4.01,-0.504022769764957));
#7738=CARTESIAN_POINT('',(-0.856154872452887,4.,-0.504022769764957));
#7739=CARTESIAN_POINT('',(-0.703510641683656,4.,-0.580726495726495));
#7740=CARTESIAN_POINT('',(-0.703510641683656,4.01,-0.580726495726495));
#7741=CARTESIAN_POINT('',(-0.703510641683656,4.01,-0.580726495726495));
#7742=CARTESIAN_POINT('',(-0.703510641683656,4.,-0.580726495726495));
#7743=CARTESIAN_POINT('',(-0.856154872452887,4.,-0.600951856303418));
#7744=CARTESIAN_POINT('',(-0.856154872452887,4.01,-0.600951856303419));
#7745=CARTESIAN_POINT('',(-0.856154872452887,4.01,0.620074786324786));
#7746=CARTESIAN_POINT('',(-0.856154872452887,4.,-0.600951856303419));
#7747=CARTESIAN_POINT('',(0.,0.,0.05));
#7748=CARTESIAN_POINT('',(-2.,3.43,0.05));
#7749=CARTESIAN_POINT('',(-2.,3.28,0.05));
#7750=CARTESIAN_POINT('',(-2.,3.43,0.05));
#7751=CARTESIAN_POINT('',(-2.,3.43,0.05));
#7752=CARTESIAN_POINT('',(-2.68,3.28,0.05));
#7753=CARTESIAN_POINT('',(-2.,3.28,0.05));
#7754=CARTESIAN_POINT('',(0.,0.,-0.05));
#7755=CARTESIAN_POINT('',(-2.,3.43,-0.05));
#7756=CARTESIAN_POINT('',(-2.,3.28,-0.05));
#7757=CARTESIAN_POINT('',(-2.,3.43,-0.05));
#7758=CARTESIAN_POINT('',(-2.,3.28,-0.05));
#7759=CARTESIAN_POINT('',(-2.68,3.28,-0.05));
#7760=CARTESIAN_POINT('',(-2.,3.43,-0.05));
#7761=CARTESIAN_POINT('',(-2.,3.43,-0.05));
#7762=CARTESIAN_POINT('',(-2.68,3.28,-0.05));
#7763=CARTESIAN_POINT('',(-2.,3.43,-0.05));
#7764=CARTESIAN_POINT('',(0.,0.,0.05));
#7765=CARTESIAN_POINT('',(2.,3.43,0.05));
#7766=CARTESIAN_POINT('',(2.,3.43,0.05));
#7767=CARTESIAN_POINT('',(2.,3.28,0.05));
#7768=CARTESIAN_POINT('',(2.,3.28,0.05));
#7769=CARTESIAN_POINT('',(2.68,3.28,0.05));
#7770=CARTESIAN_POINT('',(2.,3.43,0.05));
#7771=CARTESIAN_POINT('',(0.,0.,-0.05));
#7772=CARTESIAN_POINT('',(2.,3.43,-0.05));
#7773=CARTESIAN_POINT('',(2.,3.43,-0.05));
#7774=CARTESIAN_POINT('',(2.,3.28,-0.05));
#7775=CARTESIAN_POINT('',(2.,3.43,-0.05));
#7776=CARTESIAN_POINT('',(2.68,3.28,-0.05));
#7777=CARTESIAN_POINT('',(2.,3.28,-0.05));
#7778=CARTESIAN_POINT('',(2.,3.43,-0.05));
#7779=CARTESIAN_POINT('',(2.,3.43,-0.05));
#7780=CARTESIAN_POINT('',(2.68,3.28,-0.05));
#7781=CARTESIAN_POINT('',(0.,3.28,0.));
#7782=CARTESIAN_POINT('',(0.,3.28,0.95));
#7783=CARTESIAN_POINT('',(2.,3.28,0.95));
#7784=CARTESIAN_POINT('',(2.68,3.28,-4.89374622696615E-16));
#7785=CARTESIAN_POINT('',(2.68,3.28,0.625));
#7786=CARTESIAN_POINT('',(0.,3.28,0.625));
#7787=CARTESIAN_POINT('',(2.62103866990232,3.28,0.625));
#7788=CARTESIAN_POINT('',(2.44,3.28,0.5));
#7789=CARTESIAN_POINT('',(2.62103866990232,3.28,0.375));
#7790=CARTESIAN_POINT('',(1.01643953670516E-16,3.28,0.375));
#7791=CARTESIAN_POINT('',(2.68,3.28,0.375));
#7792=CARTESIAN_POINT('',(2.68,3.28,-4.89374622696615E-16));
#7793=CARTESIAN_POINT('',(2.,3.28,0.));
#7794=CARTESIAN_POINT('',(0.,3.04,0.));
#7795=CARTESIAN_POINT('',(0.,3.04,-0.95));
#7796=CARTESIAN_POINT('',(2.,3.04,-0.95));
#7797=CARTESIAN_POINT('',(2.68,3.04,-4.89374622696615E-16));
#7798=CARTESIAN_POINT('',(2.68,3.04,-0.625));
#7799=CARTESIAN_POINT('',(0.,3.04,-0.625));
#7800=CARTESIAN_POINT('',(2.62103866990232,3.04,-0.625));
#7801=CARTESIAN_POINT('',(2.44,3.04,-0.5));
#7802=CARTESIAN_POINT('',(2.62103866990232,3.04,-0.375));
#7803=CARTESIAN_POINT('',(1.01643953670516E-16,3.04,-0.375));
#7804=CARTESIAN_POINT('',(2.68,3.04,-0.375));
#7805=CARTESIAN_POINT('',(2.68,3.04,-4.89374622696615E-16));
#7806=CARTESIAN_POINT('',(2.68,3.04,0.375));
#7807=CARTESIAN_POINT('',(1.01643953670516E-16,3.04,0.375));
#7808=CARTESIAN_POINT('',(2.62103866990232,3.04,0.375));
#7809=CARTESIAN_POINT('',(2.44,3.04,0.5));
#7810=CARTESIAN_POINT('',(2.62103866990232,3.04,0.625));
#7811=CARTESIAN_POINT('',(0.,3.04,0.625));
#7812=CARTESIAN_POINT('',(2.68,3.04,0.625));
#7813=CARTESIAN_POINT('',(2.68,3.04,-4.89374622696615E-16));
#7814=CARTESIAN_POINT('',(0.,3.04,0.95));
#7815=CARTESIAN_POINT('',(2.,3.04,0.95));
#7816=CARTESIAN_POINT('',(2.,3.04,0.));
#7817=CARTESIAN_POINT('',(-1.01643953670516E-16,3.04,0.375));
#7818=CARTESIAN_POINT('',(2.62103866990232,3.04,0.375));
#7819=CARTESIAN_POINT('',(2.68,3.04,0.375));
#7820=CARTESIAN_POINT('',(2.68,3.04,-4.89374622696615E-16));
#7821=CARTESIAN_POINT('',(2.68,3.28,-4.89374622696615E-16));
#7822=CARTESIAN_POINT('',(2.68,3.28,-0.375));
#7823=CARTESIAN_POINT('',(2.68,3.04,-0.375));
#7824=CARTESIAN_POINT('',(-1.01643953670516E-16,3.04,-0.375));
#7825=CARTESIAN_POINT('',(1.01643953670516E-16,3.28,-0.375));
#7826=CARTESIAN_POINT('',(2.62103866990232,3.28,-0.375));
#7827=CARTESIAN_POINT('',(2.62103866990232,3.04,-0.375));
#7828=CARTESIAN_POINT('',(2.44,3.04,-0.5));
#7829=CARTESIAN_POINT('',(2.44,3.28,-0.5));
#7830=CARTESIAN_POINT('',(2.62103866990232,3.28,-0.625));
#7831=CARTESIAN_POINT('',(2.62103866990232,3.04,-0.625));
#7832=CARTESIAN_POINT('',(0.,3.04,-0.625));
#7833=CARTESIAN_POINT('',(0.,3.28,-0.625));
#7834=CARTESIAN_POINT('',(2.68,3.28,-0.625));
#7835=CARTESIAN_POINT('',(2.68,3.04,-0.625));
#7836=CARTESIAN_POINT('',(2.68,3.04,-4.89374622696615E-16));
#7837=CARTESIAN_POINT('',(2.68,3.28,-4.89374622696615E-16));
#7838=CARTESIAN_POINT('',(0.,3.04,-0.95));
#7839=CARTESIAN_POINT('',(0.,3.28,-0.95));
#7840=CARTESIAN_POINT('',(2.,3.28,-0.95));
#7841=CARTESIAN_POINT('',(2.,3.04,-0.95));
#7842=CARTESIAN_POINT('',(0.,3.04,0.95));
#7843=CARTESIAN_POINT('',(2.,3.04,0.95));
#7844=CARTESIAN_POINT('',(2.68,3.04,-4.89374622696615E-16));
#7845=CARTESIAN_POINT('',(2.68,3.04,0.625));
#7846=CARTESIAN_POINT('',(0.,3.04,0.625));
#7847=CARTESIAN_POINT('',(2.62103866990232,3.04,0.625));
#7848=CARTESIAN_POINT('',(2.44,3.04,0.5));
#7849=CARTESIAN_POINT('',(0.,3.28,0.));
#7850=CARTESIAN_POINT('',(0.,3.28,-0.95));
#7851=CARTESIAN_POINT('',(-2.,3.28,-0.95));
#7852=CARTESIAN_POINT('',(-2.68,3.28,-4.89374622696615E-16));
#7853=CARTESIAN_POINT('',(-2.68,3.28,-0.625));
#7854=CARTESIAN_POINT('',(0.,3.28,-0.625));
#7855=CARTESIAN_POINT('',(-2.62103866990232,3.28,-0.625));
#7856=CARTESIAN_POINT('',(-2.44,3.28,-0.5));
#7857=CARTESIAN_POINT('',(-2.62103866990232,3.28,-0.375));
#7858=CARTESIAN_POINT('',(-1.01643953670516E-16,3.28,-0.375));
#7859=CARTESIAN_POINT('',(-2.68,3.28,-0.375));
#7860=CARTESIAN_POINT('',(-2.68,3.28,-4.89374622696615E-16));
#7861=CARTESIAN_POINT('',(-2.,3.28,0.));
#7862=CARTESIAN_POINT('',(0.,3.04,0.));
#7863=CARTESIAN_POINT('',(-2.68,3.04,-4.89374622696615E-16));
#7864=CARTESIAN_POINT('',(-2.68,3.04,-0.625));
#7865=CARTESIAN_POINT('',(0.,3.04,-0.95));
#7866=CARTESIAN_POINT('',(-2.,3.04,-0.95));
#7867=CARTESIAN_POINT('',(-2.,3.04,0.));
#7868=CARTESIAN_POINT('',(-2.,3.04,0.95));
#7869=CARTESIAN_POINT('',(0.,3.04,0.95));
#7870=CARTESIAN_POINT('',(-2.68,3.04,-4.89374622696615E-16));
#7871=CARTESIAN_POINT('',(-2.68,3.04,0.625));
#7872=CARTESIAN_POINT('',(0.,3.04,0.625));
#7873=CARTESIAN_POINT('',(-2.62103866990232,3.04,0.625));
#7874=CARTESIAN_POINT('',(-2.44,3.04,0.5));
#7875=CARTESIAN_POINT('',(-2.62103866990232,3.04,0.375));
#7876=CARTESIAN_POINT('',(-1.01643953670516E-16,3.04,0.375));
#7877=CARTESIAN_POINT('',(-2.68,3.04,0.375));
#7878=CARTESIAN_POINT('',(-2.68,3.04,-4.89374622696615E-16));
#7879=CARTESIAN_POINT('',(-2.68,3.04,-0.375));
#7880=CARTESIAN_POINT('',(-1.01643953670516E-16,3.04,-0.375));
#7881=CARTESIAN_POINT('',(-2.62103866990232,3.04,-0.375));
#7882=CARTESIAN_POINT('',(-2.44,3.04,-0.5));
#7883=CARTESIAN_POINT('',(-2.62103866990232,3.04,-0.625));
#7884=CARTESIAN_POINT('',(0.,3.04,-0.625));
#7885=CARTESIAN_POINT('',(-2.44,3.04,-0.5));
#7886=CARTESIAN_POINT('',(-2.62103866990232,3.04,-0.625));
#7887=CARTESIAN_POINT('',(-2.62103866990232,3.04,-0.375));
#7888=CARTESIAN_POINT('',(-1.01643953670516E-16,3.04,-0.375));
#7889=CARTESIAN_POINT('',(-2.68,3.04,-0.375));
#7890=CARTESIAN_POINT('',(-2.68,3.04,-4.89374622696615E-16));
#7891=CARTESIAN_POINT('',(-2.68,3.04,0.375));
#7892=CARTESIAN_POINT('',(-2.68,3.28,0.375));
#7893=CARTESIAN_POINT('',(-2.68,3.28,-4.89374622696615E-16));
#7894=CARTESIAN_POINT('',(-1.01643953670516E-16,3.04,0.375));
#7895=CARTESIAN_POINT('',(-1.01643953670516E-16,3.28,0.375));
#7896=CARTESIAN_POINT('',(-2.62103866990232,3.28,0.375));
#7897=CARTESIAN_POINT('',(-2.62103866990232,3.04,0.375));
#7898=CARTESIAN_POINT('',(-2.44,3.04,0.5));
#7899=CARTESIAN_POINT('',(-2.44,3.28,0.5));
#7900=CARTESIAN_POINT('',(-2.62103866990232,3.28,0.625));
#7901=CARTESIAN_POINT('',(-2.62103866990232,3.04,0.625));
#7902=CARTESIAN_POINT('',(0.,3.04,0.625));
#7903=CARTESIAN_POINT('',(0.,3.28,0.625));
#7904=CARTESIAN_POINT('',(-2.68,3.28,0.625));
#7905=CARTESIAN_POINT('',(-2.68,3.04,0.625));
#7906=CARTESIAN_POINT('',(-2.68,3.04,-4.89374622696615E-16));
#7907=CARTESIAN_POINT('',(-2.68,3.28,-4.89374622696615E-16));
#7908=CARTESIAN_POINT('',(0.,3.04,0.95));
#7909=CARTESIAN_POINT('',(0.,3.28,0.95));
#7910=CARTESIAN_POINT('',(-2.,3.28,0.95));
#7911=CARTESIAN_POINT('',(-2.,3.04,0.95));
#7912=CARTESIAN_POINT('',(0.,3.04,-0.95));
#7913=CARTESIAN_POINT('',(-2.,3.04,-0.95));
#7914=CARTESIAN_POINT('',(-2.68,3.04,-4.89374622696615E-16));
#7915=CARTESIAN_POINT('',(-2.68,3.04,-0.625));
#7916=CARTESIAN_POINT('',(0.,3.04,-0.625));
#7917=CARTESIAN_POINT('',(1.915,3.85,0.915));
#7918=CARTESIAN_POINT('',(1.915,3.85,0.915));
#7919=CARTESIAN_POINT('',(1.915,3.85,0.965));
#7920=CARTESIAN_POINT('',(1.965,3.85,0.915));
#7921=CARTESIAN_POINT('',(1.915,3.85,0.965));
#7922=CARTESIAN_POINT('',(1.915,3.8,0.965));
#7923=CARTESIAN_POINT('',(1.915,3.8,0.915));
#7924=CARTESIAN_POINT('',(1.965,3.8,0.915));
#7925=CARTESIAN_POINT('',(1.965,3.85,0.915));
#7926=CARTESIAN_POINT('',(1.2688401011754,4.,1.015));
#7927=CARTESIAN_POINT('',(1.2688401011754,3.85,1.015));
#7928=CARTESIAN_POINT('',(1.2688401011754,3.85,0.965));
#7929=CARTESIAN_POINT('',(1.25603819159562,3.85,0.966666666666667));
#7930=CARTESIAN_POINT('',(1.25603819159562,4.,0.966666666666667));
#7931=CARTESIAN_POINT('',(1.25603819159562,3.8,0.966666666666667));
#7932=CARTESIAN_POINT('',(1.2688401011754,3.8,1.015));
#7933=CARTESIAN_POINT('',(1.2688401011754,3.8,0.965));
#7934=CARTESIAN_POINT('',(1.2688401011754,3.8,0.965));
#7935=CARTESIAN_POINT('',(2.015,4.,0.268840101175401));
#7936=CARTESIAN_POINT('',(2.015,3.8,0.268840101175401));
#7937=CARTESIAN_POINT('',(1.96666666666667,3.8,0.25603819159562));
#7938=CARTESIAN_POINT('',(1.965,3.8,0.268840101175401));
#7939=CARTESIAN_POINT('',(1.96666666666667,4.,0.25603819159562));
#7940=CARTESIAN_POINT('',(1.96666666666667,3.85,0.25603819159562));
#7941=CARTESIAN_POINT('',(2.015,3.85,0.268840101175401));
#7942=CARTESIAN_POINT('',(1.965,3.85,0.268840101175401));
#7943=CARTESIAN_POINT('',(1.965,3.85,0.268840101175401));
#7944=CARTESIAN_POINT('',(0.731159898824599,4.,1.015));
#7945=CARTESIAN_POINT('',(0.731159898824599,3.8,1.015));
#7946=CARTESIAN_POINT('',(0.74396180840438,3.8,0.966666666666667));
#7947=CARTESIAN_POINT('',(0.731159898824599,3.8,0.965));
#7948=CARTESIAN_POINT('',(0.74396180840438,4.,0.966666666666667));
#7949=CARTESIAN_POINT('',(0.74396180840438,3.85,0.966666666666667));
#7950=CARTESIAN_POINT('',(0.731159898824599,3.85,1.015));
#7951=CARTESIAN_POINT('',(0.731159898824599,3.85,0.965));
#7952=CARTESIAN_POINT('',(0.731159898824599,3.85,0.965));
#7953=CARTESIAN_POINT('',(0.532132497388415,4.,0.94));
#7954=CARTESIAN_POINT('',(0.532132497388415,4.,0.94));
#7955=CARTESIAN_POINT('',(0.554411902274681,4.,0.895238095238096));
#7956=CARTESIAN_POINT('',(0.532132497388415,4.,0.89));
#7957=CARTESIAN_POINT('',(0.532132497388415,4.,0.89));
#7958=CARTESIAN_POINT('',(0.532132497388415,3.85,0.89));
#7959=CARTESIAN_POINT('',(0.532132497388415,3.85,0.94));
#7960=CARTESIAN_POINT('',(0.554411902274681,3.85,0.895238095238096));
#7961=CARTESIAN_POINT('',(0.554411902274681,4.,0.895238095238096));
#7962=CARTESIAN_POINT('',(0.731159898824598,4.,-1.015));
#7963=CARTESIAN_POINT('',(0.731159898824598,3.85,-1.015));
#7964=CARTESIAN_POINT('',(0.731159898824598,3.85,-0.965));
#7965=CARTESIAN_POINT('',(0.743961808404379,3.85,-0.966666666666667));
#7966=CARTESIAN_POINT('',(0.743961808404379,4.,-0.966666666666667));
#7967=CARTESIAN_POINT('',(0.743961808404379,3.8,-0.966666666666667));
#7968=CARTESIAN_POINT('',(0.731159898824598,3.8,-1.015));
#7969=CARTESIAN_POINT('',(0.731159898824598,3.8,-0.965));
#7970=CARTESIAN_POINT('',(0.731159898824598,3.8,-0.965));
#7971=CARTESIAN_POINT('',(-1.915,3.85,-0.915));
#7972=CARTESIAN_POINT('',(-1.915,3.85,-0.915));
#7973=CARTESIAN_POINT('',(-1.915,3.85,-0.965));
#7974=CARTESIAN_POINT('',(-1.965,3.85,-0.915));
#7975=CARTESIAN_POINT('',(-1.915,3.85,-0.965));
#7976=CARTESIAN_POINT('',(-1.915,3.8,-0.965));
#7977=CARTESIAN_POINT('',(-1.915,3.8,-0.915));
#7978=CARTESIAN_POINT('',(-1.965,3.8,-0.915));
#7979=CARTESIAN_POINT('',(-1.965,3.85,-0.915));
#7980=CARTESIAN_POINT('',(-1.915,3.85,0.915));
#7981=CARTESIAN_POINT('',(-1.915,3.85,0.915));
#7982=CARTESIAN_POINT('',(-1.965,3.85,0.915));
#7983=CARTESIAN_POINT('',(-1.915,3.85,0.965));
#7984=CARTESIAN_POINT('',(-1.965,3.85,0.915));
#7985=CARTESIAN_POINT('',(-1.965,3.8,0.915));
#7986=CARTESIAN_POINT('',(-1.915,3.8,0.915));
#7987=CARTESIAN_POINT('',(-1.915,3.8,0.965));
#7988=CARTESIAN_POINT('',(-1.915,3.85,0.965));
#7989=CARTESIAN_POINT('',(-1.37,4.,0.84));
#7990=CARTESIAN_POINT('',(-1.37,4.05,0.84));
#7991=CARTESIAN_POINT('',(-1.42,4.05,0.84));
#7992=CARTESIAN_POINT('',(-1.37,4.05,0.89));
#7993=CARTESIAN_POINT('',(-1.42,4.05,0.84));
#7994=CARTESIAN_POINT('',(-1.42,3.85,0.84));
#7995=CARTESIAN_POINT('',(-1.37,3.85,0.84));
#7996=CARTESIAN_POINT('',(-1.37,3.85,0.89));
#7997=CARTESIAN_POINT('',(-1.37,3.85,0.89));
#7998=CARTESIAN_POINT('',(-1.47,4.,0.523450093132096));
#7999=CARTESIAN_POINT('',(-1.47,4.,0.523450093132096));
#8000=CARTESIAN_POINT('',(-1.42,4.,0.523450093132096));
#8001=CARTESIAN_POINT('',(-1.43737032569361,4.,0.485564682290207));
#8002=CARTESIAN_POINT('',(-1.43737032569361,4.,0.485564682290207));
#8003=CARTESIAN_POINT('',(-1.43737032569361,3.85,0.485564682290207));
#8004=CARTESIAN_POINT('',(-1.47,3.85,0.523450093132096));
#8005=CARTESIAN_POINT('',(-1.42,3.85,0.523450093132096));
#8006=CARTESIAN_POINT('',(-1.42,4.,0.523450093132096));
#8007=CARTESIAN_POINT('',(-1.47,4.,-0.523450093132096));
#8008=CARTESIAN_POINT('',(-1.47,4.,-0.523450093132096));
#8009=CARTESIAN_POINT('',(-1.43737032569361,4.,-0.485564682290207));
#8010=CARTESIAN_POINT('',(-1.42,4.,-0.523450093132096));
#8011=CARTESIAN_POINT('',(-1.42,4.,-0.523450093132096));
#8012=CARTESIAN_POINT('',(-1.42,3.85,-0.523450093132096));
#8013=CARTESIAN_POINT('',(-1.47,3.85,-0.523450093132096));
#8014=CARTESIAN_POINT('',(-1.43737032569361,3.85,-0.485564682290207));
#8015=CARTESIAN_POINT('',(-1.43737032569361,4.,-0.485564682290207));
#8016=CARTESIAN_POINT('',(-1.37,4.,-0.84));
#8017=CARTESIAN_POINT('',(-1.37,4.05,-0.84));
#8018=CARTESIAN_POINT('',(-1.37,4.05,-0.89));
#8019=CARTESIAN_POINT('',(-1.42,4.05,-0.84));
#8020=CARTESIAN_POINT('',(-1.37,4.,-0.89));
#8021=CARTESIAN_POINT('',(-1.37,3.85,-0.89));
#8022=CARTESIAN_POINT('',(-1.37,3.85,-0.84));
#8023=CARTESIAN_POINT('',(-1.42,3.85,-0.84));
#8024=CARTESIAN_POINT('',(-1.42,4.,-0.84));
#8025=CARTESIAN_POINT('',(0.532132497388414,4.,-0.94));
#8026=CARTESIAN_POINT('',(0.532132497388414,4.,-0.94));
#8027=CARTESIAN_POINT('',(0.532132497388414,4.,-0.89));
#8028=CARTESIAN_POINT('',(0.55441190227468,4.,-0.895238095238095));
#8029=CARTESIAN_POINT('',(0.55441190227468,4.,-0.895238095238095));
#8030=CARTESIAN_POINT('',(0.55441190227468,3.85,-0.895238095238095));
#8031=CARTESIAN_POINT('',(0.532132497388414,3.85,-0.94));
#8032=CARTESIAN_POINT('',(0.532132497388414,3.85,-0.89));
#8033=CARTESIAN_POINT('',(0.532132497388414,4.,-0.89));
#8034=CARTESIAN_POINT('',(1.95,3.8,0.95));
#8035=CARTESIAN_POINT('',(1.95,3.8,0.95));
#8036=CARTESIAN_POINT('',(1.95,3.8,1.));
#8037=CARTESIAN_POINT('',(2.,3.8,0.95));
#8038=CARTESIAN_POINT('',(1.95,3.8,1.));
#8039=CARTESIAN_POINT('',(1.95,0.2,1.));
#8040=CARTESIAN_POINT('',(1.95,0.2,0.95));
#8041=CARTESIAN_POINT('',(2.,0.2,0.95));
#8042=CARTESIAN_POINT('',(2.,3.8,0.95));
#8043=CARTESIAN_POINT('',(2.,3.8,0.95));
#8044=CARTESIAN_POINT('',(1.95,3.8,-0.95));
#8045=CARTESIAN_POINT('',(1.95,3.8,-0.95));
#8046=CARTESIAN_POINT('',(2.,3.8,-0.95));
#8047=CARTESIAN_POINT('',(1.95,3.8,-1.));
#8048=CARTESIAN_POINT('',(2.,3.8,-0.95));
#8049=CARTESIAN_POINT('',(2.,3.8,-0.95));
#8050=CARTESIAN_POINT('',(2.,0.2,-0.95));
#8051=CARTESIAN_POINT('',(1.95,0.2,-0.95));
#8052=CARTESIAN_POINT('',(1.95,0.2,-1.));
#8053=CARTESIAN_POINT('',(1.95,3.8,-1.));
#8054=CARTESIAN_POINT('',(-1.95,3.8,0.95));
#8055=CARTESIAN_POINT('',(-1.95,3.8,0.95));
#8056=CARTESIAN_POINT('',(-2.,3.8,0.95));
#8057=CARTESIAN_POINT('',(-1.95,3.8,1.));
#8058=CARTESIAN_POINT('',(-2.,3.8,0.95));
#8059=CARTESIAN_POINT('',(-2.,3.8,0.95));
#8060=CARTESIAN_POINT('',(-2.,0.2,0.95));
#8061=CARTESIAN_POINT('',(-1.95,0.2,0.95));
#8062=CARTESIAN_POINT('',(-1.95,0.2,1.));
#8063=CARTESIAN_POINT('',(-1.95,3.8,1.));
#8064=CARTESIAN_POINT('',(-1.95,3.8,-0.95));
#8065=CARTESIAN_POINT('',(-1.95,3.8,-0.95));
#8066=CARTESIAN_POINT('',(-1.95,3.8,-1.));
#8067=CARTESIAN_POINT('',(-2.,3.8,-0.95));
#8068=CARTESIAN_POINT('',(-1.95,3.8,-1.));
#8069=CARTESIAN_POINT('',(-1.95,0.2,-1.));
#8070=CARTESIAN_POINT('',(-1.95,0.2,-0.95));
#8071=CARTESIAN_POINT('',(-2.,0.2,-0.95));
#8072=CARTESIAN_POINT('',(-2.,3.8,-0.95));
#8073=CARTESIAN_POINT('',(-2.,3.8,-0.95));
#8074=CARTESIAN_POINT('',(-2.,0.2,1.));
#8075=CARTESIAN_POINT('',(-2.,0.2,1.));
#8076=CARTESIAN_POINT('',(-1.71715728752538,0.2,1.));
#8077=CARTESIAN_POINT('',(-2.,0.2,-1.));
#8078=CARTESIAN_POINT('',(-2.,0.2,0.717157287525379));
#8079=CARTESIAN_POINT('',(-2.,0.2,1.));
#8080=CARTESIAN_POINT('',(-2.,0.2,1.));
#8081=CARTESIAN_POINT('',(-2.,0.2,1.));
#8082=CARTESIAN_POINT('',(-1.8,4.66206934168767E-16,0.8));
#8083=CARTESIAN_POINT('',(-2.,0.2,1.));
#8084=CARTESIAN_POINT('',(-2.,0.2,1.));
#8085=CARTESIAN_POINT('',(-2.,0.2,-1.));
#8086=CARTESIAN_POINT('',(-2.,0.2,-0.71715728752538));
#8087=CARTESIAN_POINT('',(-2.,0.2,-1.));
#8088=CARTESIAN_POINT('',(-1.71715728752538,0.2,-1.));
#8089=CARTESIAN_POINT('',(-2.,0.2,-1.));
#8090=CARTESIAN_POINT('',(-2.,0.2,-1.));
#8091=CARTESIAN_POINT('',(-2.,0.2,-1.));
#8092=CARTESIAN_POINT('',(-1.8,4.77048955893622E-16,-0.8));
#8093=CARTESIAN_POINT('',(-2.,0.2,-1.));
#8094=CARTESIAN_POINT('',(-2.,0.2,1.));
#8095=CARTESIAN_POINT('',(-2.,0.2,-1.));
#8096=CARTESIAN_POINT('',(1.71715728752538,0.2,-1.));
#8097=CARTESIAN_POINT('',(2.,0.2,-1.));
#8098=CARTESIAN_POINT('',(2.,0.2,-0.717157287525381));
#8099=CARTESIAN_POINT('',(2.,0.2,-1.));
#8100=CARTESIAN_POINT('',(2.,0.2,-1.));
#8101=CARTESIAN_POINT('',(2.,0.2,-1.));
#8102=CARTESIAN_POINT('',(1.8,2.38524477946811E-16,-0.8));
#8103=CARTESIAN_POINT('',(2.,0.2,-1.));
#8104=CARTESIAN_POINT('',(-2.,0.2,1.));
#8105=CARTESIAN_POINT('',(2.,0.2,-1.));
#8106=CARTESIAN_POINT('',(2.,0.2,0.717157287525382));
#8107=CARTESIAN_POINT('',(-2.,0.2,1.));
#8108=CARTESIAN_POINT('',(1.71715728752538,0.2,1.));
#8109=CARTESIAN_POINT('',(2.,0.2,1.));
#8110=CARTESIAN_POINT('',(2.,0.2,1.));
#8111=CARTESIAN_POINT('',(2.,0.2,1.));
#8112=CARTESIAN_POINT('',(1.8,2.27682456221956E-16,0.8));
#8113=CARTESIAN_POINT('',(2.,0.2,1.));
#8114=CARTESIAN_POINT('',(2.,0.2,-1.));
#8115=CARTESIAN_POINT('',(2.,0.2,-1.));
#8116=CARTESIAN_POINT('',(1.8,0.,0.));
#8117=CARTESIAN_POINT('',(-2.,0.2,-1.));
#8118=CARTESIAN_POINT('',(-2.,0.2,-1.));
#8119=CARTESIAN_POINT('',(0.,0.,-0.8));
#8120=CARTESIAN_POINT('',(-2.,0.2,1.));
#8121=CARTESIAN_POINT('',(-2.,0.2,1.));
#8122=CARTESIAN_POINT('',(0.,0.,0.8));
#8123=CARTESIAN_POINT('',(-2.,0.2,-1.));
#8124=CARTESIAN_POINT('',(-1.8,0.,3.12250225675825E-16));
#8125=CARTESIAN_POINT('',(-2.,0.2,-1.));
#8126=CARTESIAN_POINT('',(1.,3.55,0.));
#8127=CARTESIAN_POINT('',(1.,3.55,0.));
#8128=CARTESIAN_POINT('',(1.,3.55,0.15));
#8129=CARTESIAN_POINT('',(1.,3.55,0.));
#8130=CARTESIAN_POINT('',(1.,4.55,0.));
#8131=CARTESIAN_POINT('',(1.,4.55,0.15));
#8132=CARTESIAN_POINT('',(1.,4.55,0.));
#8133=CARTESIAN_POINT('',(1.,4.55,0.));
#8134=CARTESIAN_POINT('',(1.,4.55,0.3));
#8135=CARTESIAN_POINT('',(1.,4.55,0.));
#8136=CARTESIAN_POINT('',(1.,4.15,0.));
#8137=CARTESIAN_POINT('',(1.,4.15,0.3));
#8138=CARTESIAN_POINT('',(1.,4.15,0.));
#8139=CARTESIAN_POINT('',(1.,4.15,0.));
#8140=CARTESIAN_POINT('',(1.,4.15,0.525));
#8141=CARTESIAN_POINT('',(1.,4.15,0.));
#8142=CARTESIAN_POINT('',(1.,4.1,0.));
#8143=CARTESIAN_POINT('',(1.,4.1,0.525));
#8144=CARTESIAN_POINT('',(1.,4.1,0.));
#8145=CARTESIAN_POINT('',(1.,4.1,0.));
#8146=CARTESIAN_POINT('',(1.,4.1,0.65));
#8147=CARTESIAN_POINT('',(1.,4.1,0.));
#8148=CARTESIAN_POINT('',(1.,4.,0.));
#8149=CARTESIAN_POINT('',(1.,4.,0.65));
#8150=CARTESIAN_POINT('',(-0.14,4.05,0.));
#8151=CARTESIAN_POINT('',(-0.14,4.,0.));
#8152=CARTESIAN_POINT('',(-0.14,4.,0.2));
#8153=CARTESIAN_POINT('',(-0.14,4.,-0.2));
#8154=CARTESIAN_POINT('',(-0.14,4.05,-0.2));
#8155=CARTESIAN_POINT('',(-0.14,4.05,-0.2));
#8156=CARTESIAN_POINT('',(-0.14,4.05,0.));
#8157=CARTESIAN_POINT('',(-0.14,4.05,0.2));
#8158=CARTESIAN_POINT('',(-0.14,4.05,0.2));
#8159=CARTESIAN_POINT('',(-1.32,4.05,0.79));
#8160=CARTESIAN_POINT('',(-1.32,4.,0.79));
#8161=CARTESIAN_POINT('',(-1.32,4.,0.79));
#8162=CARTESIAN_POINT('',(-0.24,4.,0.79));
#8163=CARTESIAN_POINT('',(-1.32,4.05,0.79));
#8164=CARTESIAN_POINT('',(-1.32,4.05,0.79));
#8165=CARTESIAN_POINT('',(-1.32,4.05,0.79));
#8166=CARTESIAN_POINT('',(-0.24,4.05,0.79));
#8167=CARTESIAN_POINT('',(-0.24,4.05,0.79));
#8168=CARTESIAN_POINT('',(-1.32,4.05,0.79));
#8169=CARTESIAN_POINT('',(-1.32,4.,0.79));
#8170=CARTESIAN_POINT('',(-1.32,4.,-0.79));
#8171=CARTESIAN_POINT('',(-1.32,4.05,-0.79));
#8172=CARTESIAN_POINT('',(-1.32,4.05,-0.79));
#8173=CARTESIAN_POINT('',(-1.32,4.05,0.79));
#8174=CARTESIAN_POINT('',(-1.32,4.05,-0.79));
#8175=CARTESIAN_POINT('',(-1.32,4.,-0.79));
#8176=CARTESIAN_POINT('',(-0.24,4.,-0.79));
#8177=CARTESIAN_POINT('',(-0.24,4.05,-0.79));
#8178=CARTESIAN_POINT('',(-0.24,4.05,-0.79));
#8179=CARTESIAN_POINT('',(-1.32,4.05,-0.79));
#8180=CARTESIAN_POINT('',(-0.24,4.05,0.79));
#8181=CARTESIAN_POINT('',(-0.24,4.,0.79));
#8182=CARTESIAN_POINT('',(-0.24,4.05,0.79));
#8183=CARTESIAN_POINT('',(0.,4.05,0.));
#8184=CARTESIAN_POINT('',(-1.42,4.05,-0.89));
#8185=CARTESIAN_POINT('',(-0.14,4.05,-0.89));
#8186=CARTESIAN_POINT('',(-1.42,4.05,-0.89));
#8187=CARTESIAN_POINT('',(-1.42,4.05,0.89));
#8188=CARTESIAN_POINT('',(-0.14,4.05,0.89));
#8189=CARTESIAN_POINT('',(-0.14,4.05,-0.89));
#8190=CARTESIAN_POINT('',(-0.14,4.05,-0.89));
#8191=CARTESIAN_POINT('',(0.,3.85,0.));
#8192=CARTESIAN_POINT('',(-1.965,3.85,0.965));
#8193=CARTESIAN_POINT('',(1.965,3.85,0.965));
#8194=CARTESIAN_POINT('',(1.,3.85,0.));
#8195=CARTESIAN_POINT('',(1.965,3.85,0.));
#8196=CARTESIAN_POINT('',(1.965,3.8,0.));
#8197=CARTESIAN_POINT('',(1.,3.85,0.965));
#8198=CARTESIAN_POINT('',(1.,3.8,0.965));
#8199=CARTESIAN_POINT('',(1.965,3.85,0.));
#8200=CARTESIAN_POINT('',(1.965,3.85,0.965));
#8201=CARTESIAN_POINT('',(1.965,3.85,-0.262249880838866));
#8202=CARTESIAN_POINT('',(1.965,3.85,-0.965));
#8203=CARTESIAN_POINT('',(1.965,4.,-0.262249880838868));
#8204=CARTESIAN_POINT('',(1.965,3.8,-0.262249880838868));
#8205=CARTESIAN_POINT('',(1.965,3.8,0.));
#8206=CARTESIAN_POINT('',(1.965,3.8,-0.965));
#8207=CARTESIAN_POINT('',(1.965,3.85,-0.965));
#8208=CARTESIAN_POINT('',(1.965,3.85,-0.965));
#8209=CARTESIAN_POINT('',(1.965,3.8,-0.965));
#8210=CARTESIAN_POINT('',(1.26224988083887,3.8,-0.965));
#8211=CARTESIAN_POINT('',(1.26224988083887,4.,-0.965));
#8212=CARTESIAN_POINT('',(1.26224988083887,3.85,-0.965));
#8213=CARTESIAN_POINT('',(1.,3.85,-0.965));
#8214=CARTESIAN_POINT('',(0.,3.85,0.));
#8215=CARTESIAN_POINT('',(1.,3.85,0.));
#8216=CARTESIAN_POINT('',(-1.965,3.85,-0.965));
#8217=CARTESIAN_POINT('',(-1.965,3.8,-0.965));
#8218=CARTESIAN_POINT('',(-1.965,3.85,-0.965));
#8219=CARTESIAN_POINT('',(1.,3.85,0.965));
#8220=CARTESIAN_POINT('',(-1.965,3.85,0.965));
#8221=CARTESIAN_POINT('',(1.,3.8,0.965));
#8222=CARTESIAN_POINT('',(1.965,3.85,-0.965));
#8223=CARTESIAN_POINT('',(1.965,3.8,-0.965));
#8224=CARTESIAN_POINT('',(1.,3.85,-0.965));
#8225=CARTESIAN_POINT('',(0.,3.85,0.));
#8226=CARTESIAN_POINT('',(7.86085978903515E-17,3.85,-0.89));
#8227=CARTESIAN_POINT('',(1.,3.85,0.));
#8228=CARTESIAN_POINT('',(1.,3.85,0.));
#8229=CARTESIAN_POINT('',(-7.86085978903516E-17,3.85,0.89));
#8230=CARTESIAN_POINT('',(-1.42,3.85,0.));
#8231=CARTESIAN_POINT('',(-1.01916666666667,3.85,0.));
#8232=CARTESIAN_POINT('',(-1.42,3.85,0.));
#8233=CARTESIAN_POINT('',(0.,4.,0.));
#8234=CARTESIAN_POINT('',(-0.14,4.,-0.89));
#8235=CARTESIAN_POINT('',(-0.14,4.,-0.89));
#8236=CARTESIAN_POINT('',(-0.14,4.,-0.89));
#8237=CARTESIAN_POINT('',(-0.14,4.,0.89));
#8238=CARTESIAN_POINT('',(-7.86085978903516E-17,4.,0.89));
#8239=CARTESIAN_POINT('',(1.,4.,0.));
#8240=CARTESIAN_POINT('',(7.86085978903515E-17,4.,-0.89));
#8241=CARTESIAN_POINT('',(-7.86085978903516E-17,4.,0.89));
#8242=CARTESIAN_POINT('',(-0.14,4.05,0.89));
#8243=CARTESIAN_POINT('',(-1.01916666666667,4.,0.));
#8244=CARTESIAN_POINT('',(-1.01916666666667,4.,0.));
#8245=CARTESIAN_POINT('',(-1.42,4.,0.));
#8246=CARTESIAN_POINT('',(-1.42,4.,-0.89));
#8247=CARTESIAN_POINT('',(7.86085978903515E-17,4.,-0.89));
#8248=CARTESIAN_POINT('',(-0.14,4.05,-0.89));
#8249=CARTESIAN_POINT('',(0.,0.,0.));
#8250=CARTESIAN_POINT('',(-2.,3.8,1.));
#8251=CARTESIAN_POINT('',(-2.,3.8,1.));
#8252=CARTESIAN_POINT('',(1.,3.8,1.));
#8253=CARTESIAN_POINT('',(-2.,3.8,1.));
#8254=CARTESIAN_POINT('',(-2.,3.8,-1.));
#8255=CARTESIAN_POINT('',(-2.,3.28,0.));
#8256=CARTESIAN_POINT('',(-2.,3.8,-1.));
#8257=CARTESIAN_POINT('',(-2.,3.8,-1.));
#8258=CARTESIAN_POINT('',(-2.,3.8,-1.));
#8259=CARTESIAN_POINT('',(1.,3.8,-1.));
#8260=CARTESIAN_POINT('',(-2.,3.8,-1.));
#8261=CARTESIAN_POINT('',(1.,4.,0.));
#8262=CARTESIAN_POINT('',(1.,3.8,0.));
#8263=CARTESIAN_POINT('',(1.,3.8,0.));
#8264=CARTESIAN_POINT('',(1.,3.8,0.));
#8265=CARTESIAN_POINT('',(2.,3.8,0.));
#8266=CARTESIAN_POINT('',(1.,3.8,0.));
#8267=CARTESIAN_POINT('',(1.,3.8,0.));
#8268=CARTESIAN_POINT('',(1.,3.8,0.));
#8269=CARTESIAN_POINT('',(0.,3.8,0.));
#8270=CARTESIAN_POINT('',(2.,3.8,-1.));
#8271=CARTESIAN_POINT('',(0.,3.8,0.));
#8272=CARTESIAN_POINT('',(2.,3.8,-1.));
#8273=CARTESIAN_POINT('',(0.,3.8,0.));
#8274=CARTESIAN_POINT('',(0.,4.,0.));
#8275=CARTESIAN_POINT('',(-0.14,4.05,-0.89));
#8276=CARTESIAN_POINT('',(-0.14,4.05,-0.89));
#8277=CARTESIAN_POINT('',(-2.,3.8,-1.));
#8278=CARTESIAN_POINT('',(2.,3.8,-1.));
#8279=CARTESIAN_POINT('',(0.,3.28,0.));
#8280=CARTESIAN_POINT('',(2.,3.28,0.));
#8281=CARTESIAN_POINT('',(2.,3.8,-1.));
#8282=CARTESIAN_POINT('',(0.,3.28,0.));
#8283=CARTESIAN_POINT('',(0.,4.,0.));
#8284=CARTESIAN_POINT('',(-11.8,0.0146446609406701,4.01464466094067));
#8285=CARTESIAN_POINT('',(6.1,6.,0.));
#8286=CARTESIAN_POINT('',(7.5,6.,0.));
#8287=CARTESIAN_POINT('',(7.5,6.,-0.25));
#8288=CARTESIAN_POINT('',(8.5,6.,0.));
#8289=CARTESIAN_POINT('',(8.5,6.,-0.25));
#8290=CARTESIAN_POINT('',(-3.5,7.,1.));
#8291=CARTESIAN_POINT('',(-3.5,7.,1.));
#8292=CARTESIAN_POINT('',(-7.5,7.,1.));
#8293=CARTESIAN_POINT('',(-8.5,7.,1.));
#8294=CARTESIAN_POINT('',(-8.5,7.,1.));
#8295=CARTESIAN_POINT('',(-8.5,7.,-1.));
#8296=CARTESIAN_POINT('',(-3.5,7.,-1.));
#8297=CARTESIAN_POINT('',(-7.5,7.,-1.));
#8298=CARTESIAN_POINT('',(-7.5,7.,-2.));
#8299=CARTESIAN_POINT('',(-3.5,7.,-1.));
#8300=CARTESIAN_POINT('',(-8.5,7.,-1.));
#8301=CARTESIAN_POINT('',(-8.5,3.,-1.));
#8302=CARTESIAN_POINT('',(-3.5,3.,-1.));
#8303=CARTESIAN_POINT('',(-7.5,3.,-1.));
#8304=CARTESIAN_POINT('',(-7.5,8.,-1.));
#8305=CARTESIAN_POINT('',(-3.5,3.,1.));
#8306=CARTESIAN_POINT('',(-8.5,3.,1.));
#8307=CARTESIAN_POINT('',(-8.5,3.,1.));
#8308=CARTESIAN_POINT('',(-3.5,3.,1.));
#8309=CARTESIAN_POINT('',(-7.5,3.,1.));
#8310=CARTESIAN_POINT('',(-7.5,3.,-2.));
#8311=CARTESIAN_POINT('',(-3.5,7.,1.));
#8312=CARTESIAN_POINT('',(-8.5,7.,1.));
#8313=CARTESIAN_POINT('',(-7.5,8.,1.));
#8314=CARTESIAN_POINT('',(-3.5,8.,-0.3));
#8315=CARTESIAN_POINT('',(0.,8.,-0.3));
#8316=CARTESIAN_POINT('',(-7.5,8.,-0.3));
#8317=CARTESIAN_POINT('',(-8.5,8.,-0.3));
#8318=CARTESIAN_POINT('',(-8.5,8.,-0.3));
#8319=CARTESIAN_POINT('',(-8.5,7.65,-0.3));
#8320=CARTESIAN_POINT('',(-3.5,7.65,-0.3));
#8321=CARTESIAN_POINT('',(-7.5,7.65,-0.3));
#8322=CARTESIAN_POINT('',(-7.5,8.,-0.3));
#8323=CARTESIAN_POINT('',(-3.5,8.,0.3));
#8324=CARTESIAN_POINT('',(-3.5,7.65,0.3));
#8325=CARTESIAN_POINT('',(-7.5,7.65,0.3));
#8326=CARTESIAN_POINT('',(-8.5,7.65,0.3));
#8327=CARTESIAN_POINT('',(-8.5,8.,0.3));
#8328=CARTESIAN_POINT('',(-8.5,8.,0.3));
#8329=CARTESIAN_POINT('',(0.,8.,0.3));
#8330=CARTESIAN_POINT('',(-7.5,8.,0.3));
#8331=CARTESIAN_POINT('',(-7.5,8.,0.3));
#8332=CARTESIAN_POINT('',(-3.5,7.65,4.28626379701574E-17));
#8333=CARTESIAN_POINT('',(-8.5,7.65,4.28626379701574E-17));
#8334=CARTESIAN_POINT('',(-7.5,7.65,4.28626379701574E-17));
#8335=CARTESIAN_POINT('',(0.,8.,0.));
#8336=CARTESIAN_POINT('',(-7.5,8.,-2.));
#8337=CARTESIAN_POINT('',(-7.5,8.,-2.));
#8338=CARTESIAN_POINT('',(-8.5,8.,-2.));
#8339=CARTESIAN_POINT('',(-8.5,8.,-2.));
#8340=CARTESIAN_POINT('',(-8.5,8.,-2.));
#8341=CARTESIAN_POINT('',(-7.5,8.,-2.));
#8342=CARTESIAN_POINT('',(-7.5,8.,-2.));
#8343=CARTESIAN_POINT('',(-7.5,8.,2.));
#8344=CARTESIAN_POINT('',(-7.5,8.,2.));
#8345=CARTESIAN_POINT('',(-7.5,1.,2.));
#8346=CARTESIAN_POINT('',(-7.5,1.,-2.));
#8347=CARTESIAN_POINT('',(-7.5,1.,-2.));
#8348=CARTESIAN_POINT('',(-7.5,8.,-2.));
#8349=CARTESIAN_POINT('',(0.,8.,0.));
#8350=CARTESIAN_POINT('',(8.5,8.,-2.));
#8351=CARTESIAN_POINT('',(8.5,8.,2.));
#8352=CARTESIAN_POINT('',(8.5,8.,-2.));
#8353=CARTESIAN_POINT('',(8.5,8.,-2.));
#8354=CARTESIAN_POINT('',(7.5,8.,-2.));
#8355=CARTESIAN_POINT('',(7.5,8.,-2.));
#8356=CARTESIAN_POINT('',(7.5,8.,2.));
#8357=CARTESIAN_POINT('',(8.5,8.,2.));
#8358=CARTESIAN_POINT('',(7.5,8.,-2.));
#8359=CARTESIAN_POINT('',(7.5,1.,-2.));
#8360=CARTESIAN_POINT('',(7.5,1.,-2.));
#8361=CARTESIAN_POINT('',(7.5,1.,2.));
#8362=CARTESIAN_POINT('',(7.5,8.,2.));
#8363=CARTESIAN_POINT('',(7.5,8.,-2.));
#8364=CARTESIAN_POINT('',(4.16333634234434E-15,1.,0.));
#8365=CARTESIAN_POINT('',(4.16333634234434E-15,0.,0.));
#8366=CARTESIAN_POINT('',(4.16333634234434E-15,0.,0.25));
#8367=CARTESIAN_POINT('',(4.16333634234434E-15,1.,0.));
#8368=CARTESIAN_POINT('',(4.16333634234434E-15,1.,0.25));
#8369=CARTESIAN_POINT('',(-8.5,1.,2.));
#8370=CARTESIAN_POINT('',(-8.5,0.,2.));
#8371=CARTESIAN_POINT('',(-8.5,0.,2.));
#8372=CARTESIAN_POINT('',(8.5,0.,2.));
#8373=CARTESIAN_POINT('',(8.5,1.,2.));
#8374=CARTESIAN_POINT('',(-8.5,1.,2.));
#8375=CARTESIAN_POINT('',(-8.5,8.,2.));
#8376=CARTESIAN_POINT('',(-8.5,8.,2.));
#8377=CARTESIAN_POINT('',(-8.5,1.,2.));
#8378=CARTESIAN_POINT('',(-8.5,1.,2.));
#8379=CARTESIAN_POINT('',(-8.5,8.,-2.));
#8380=CARTESIAN_POINT('',(-8.5,1.,-2.));
#8381=CARTESIAN_POINT('',(-8.5,0.,-2.));
#8382=CARTESIAN_POINT('',(-8.5,0.,2.));
#8383=CARTESIAN_POINT('',(-8.5,1.,-2.));
#8384=CARTESIAN_POINT('',(-8.5,0.,-2.));
#8385=CARTESIAN_POINT('',(8.5,0.,-2.));
#8386=CARTESIAN_POINT('',(-8.5,1.,-2.));
#8387=CARTESIAN_POINT('',(8.5,1.,-2.));
#8388=CARTESIAN_POINT('',(8.5,1.,2.));
#8389=CARTESIAN_POINT('',(8.5,0.,2.));
#8390=CARTESIAN_POINT('',(0.,0.,0.));
#8391=CARTESIAN_POINT('',(0.,1.,0.));
#8392=CARTESIAN_POINT('',(0.,8.,0.));
#8393=CARTESIAN_POINT('',(-1.40592885940268E-30,-4.16333634234433E-15,-1.));
#8394=CARTESIAN_POINT('',(0.,0.,0.));
#8395=MECHANICAL_DESIGN_GEOMETRIC_PRESENTATION_REPRESENTATION('',(#3996,
#289,#290,#291,#292,#293,#294,#295,#296,#3997),#8396);
#8396=(
GEOMETRIC_REPRESENTATION_CONTEXT(3)
GLOBAL_UNCERTAINTY_ASSIGNED_CONTEXT((#8400))
GLOBAL_UNIT_ASSIGNED_CONTEXT((#8406,#8405,#8404))
REPRESENTATION_CONTEXT('Azimut','TOP_LEVEL_ASSEMBLY_PART')
);
#8397=(
GEOMETRIC_REPRESENTATION_CONTEXT(3)
GLOBAL_UNCERTAINTY_ASSIGNED_CONTEXT((#8401))
GLOBAL_UNIT_ASSIGNED_CONTEXT((#8406,#8405,#8404))
REPRESENTATION_CONTEXT('Azimut <1>','COMPONENT_PART')
);
#8398=(
GEOMETRIC_REPRESENTATION_CONTEXT(3)
GLOBAL_UNCERTAINTY_ASSIGNED_CONTEXT((#8402))
GLOBAL_UNIT_ASSIGNED_CONTEXT((#8406,#8405,#8404))
REPRESENTATION_CONTEXT('#servo_MG996R','COMPONENT_PART')
);
#8399=(
GEOMETRIC_REPRESENTATION_CONTEXT(3)
GLOBAL_UNCERTAINTY_ASSIGNED_CONTEXT((#8403))
GLOBAL_UNIT_ASSIGNED_CONTEXT((#8406,#8405,#8404))
REPRESENTATION_CONTEXT('azimut_base','COMPONENT_PART')
);
#8400=UNCERTAINTY_MEASURE_WITH_UNIT(LENGTH_MEASURE(1.E-6),#8406,
'DISTANCE_ACCURACY_VALUE','Maximum Tolerance applied to model');
#8401=UNCERTAINTY_MEASURE_WITH_UNIT(LENGTH_MEASURE(1.E-6),#8406,
'DISTANCE_ACCURACY_VALUE','Maximum Tolerance applied to model');
#8402=UNCERTAINTY_MEASURE_WITH_UNIT(LENGTH_MEASURE(0.002),#8406,
'DISTANCE_ACCURACY_VALUE','Maximum Tolerance applied to model');
#8403=UNCERTAINTY_MEASURE_WITH_UNIT(LENGTH_MEASURE(1.E-6),#8406,
'DISTANCE_ACCURACY_VALUE','Maximum Tolerance applied to model');
#8404=(
NAMED_UNIT(*)
SI_UNIT($,.STERADIAN.)
SOLID_ANGLE_UNIT()
);
#8405=(
NAMED_UNIT(*)
PLANE_ANGLE_UNIT()
SI_UNIT($,.RADIAN.)
);
#8406=(
LENGTH_UNIT()
NAMED_UNIT(*)
SI_UNIT(.CENTI.,.METRE.)
);
#8407=PRODUCT_DEFINITION_SHAPE('','',#8414);
#8408=PRODUCT_DEFINITION_SHAPE('','',#8415);
#8409=PRODUCT_DEFINITION_SHAPE('','',#8416);
#8410=PRODUCT_DEFINITION_SHAPE(' ','NAUO PRDDFN',#13);
#8411=PRODUCT_DEFINITION_SHAPE('','',#8417);
#8412=PRODUCT_DEFINITION_SHAPE(' ','NAUO PRDDFN',#14);
#8413=PRODUCT_DEFINITION_SHAPE(' ','NAUO PRDDFN',#15);
#8414=PRODUCT_DEFINITION('','',#8422,#8418);
#8415=PRODUCT_DEFINITION('','',#8423,#8419);
#8416=PRODUCT_DEFINITION('','',#8424,#8420);
#8417=PRODUCT_DEFINITION('','',#8425,#8421);
#8418=PRODUCT_DEFINITION_CONTEXT('',#8443,'design');
#8419=PRODUCT_DEFINITION_CONTEXT('',#8443,'design');
#8420=PRODUCT_DEFINITION_CONTEXT('',#8443,'design');
#8421=PRODUCT_DEFINITION_CONTEXT('',#8443,'design');
#8422=PRODUCT_DEFINITION_FORMATION_WITH_SPECIFIED_SOURCE('','',#8430,
 .NOT_KNOWN.);
#8423=PRODUCT_DEFINITION_FORMATION_WITH_SPECIFIED_SOURCE('','',#8431,
 .NOT_KNOWN.);
#8424=PRODUCT_DEFINITION_FORMATION_WITH_SPECIFIED_SOURCE('','',#8432,
 .NOT_KNOWN.);
#8425=PRODUCT_DEFINITION_FORMATION_WITH_SPECIFIED_SOURCE('','',#8433,
 .NOT_KNOWN.);
#8426=PRODUCT_RELATED_PRODUCT_CATEGORY('','',(#8430));
#8427=PRODUCT_RELATED_PRODUCT_CATEGORY('','',(#8431));
#8428=PRODUCT_RELATED_PRODUCT_CATEGORY('','',(#8432));
#8429=PRODUCT_RELATED_PRODUCT_CATEGORY('','',(#8433));
#8430=PRODUCT('Azimut','Azimut','Azimut',(#8438));
#8431=PRODUCT('Azimut <1>','Azimut <1>','Azimut <1>',(#8439));
#8432=PRODUCT('#servo_MG996R','#servo_MG996R','#servo_MG996R',(#8440));
#8433=PRODUCT('azimut_base','azimut_base','azimut_base',(#8441));
#8434=PRODUCT_CATEGORY('','');
#8435=PRODUCT_CATEGORY('','');
#8436=PRODUCT_CATEGORY('','');
#8437=PRODUCT_CATEGORY('','');
#8438=PRODUCT_CONTEXT('',#8443,'mechanical');
#8439=PRODUCT_CONTEXT('',#8443,'mechanical');
#8440=PRODUCT_CONTEXT('',#8443,'mechanical');
#8441=PRODUCT_CONTEXT('',#8443,'mechanical');
#8442=APPLICATION_PROTOCOL_DEFINITION('international standard',
'ap242_managed_model_based_3d_engineering',2020,#8443);
#8443=APPLICATION_CONTEXT('managed model based 3d engineering');
ENDSEC;
END-ISO-10303-21;
