ISO-10303-21;
HEADER;
/* Generated by software containing ST-Developer
 * from STEP Tools, Inc. (www.steptools.com) 
 */
/* OPTION: using custom renumber hook */

FILE_DESCRIPTION(
/* description */ ('STEP AP242 Edition 2',
'CAx-IF Rec.Pracs.---Representation and Presentation of Product Manufa
cturing Information (PMI)---4.0---2014-10-13',
'CAx-IF Rec.Pracs.---3D Tessellated Geometry---0.4---2014-09-14','2;1',
'CAx-IF Rec.Pracs.---User Defined Attributes---1.5---2016-08-15'),
/* implementation_level */ '2;1');

FILE_NAME(
/* name */ '69c67ba3095700a9f528d67e',
/* time_stamp */ '2026-03-27T12:44:19Z',
/* author */ (''),
/* organization */ (''),
/* preprocessor_version */ 'ST-DEVELOPER v20',
/* originating_system */ 'ONSHAPE BY PTC INC, 1.212',
/* authorisation */ '  ');

FILE_SCHEMA (('AP242_MANAGED_MODEL_BASED_3D_ENGINEERING_MIM_LF { 1 0 10303 442 3 1 4 }'));
ENDSEC;

DATA;
#10=ELLIPSE('',#4062,0.4,0.28284271247462);
#11=ELLIPSE('',#4063,0.4,0.28284271247462);
#12=ELLIPSE('',#4067,0.4,0.28284271247462);
#13=ELLIPSE('',#4068,0.4,0.28284271247462);
#14=ELLIPSE('',#4072,0.4,0.28284271247462);
#15=ELLIPSE('',#4073,0.4,0.28284271247462);
#16=ELLIPSE('',#4077,0.4,0.28284271247462);
#17=ELLIPSE('',#4078,0.4,0.28284271247462);
#18=B_SPLINE_SURFACE_WITH_KNOTS('',3,1,((#5205,#5206),(#5207,#5208),(#5209,
#5210),(#5211,#5212),(#5213,#5214)),.SURF_OF_LINEAR_EXTRUSION.,.F.,.F.,
 .F.,(4,1,4),(2,2),(3.63525088299545E-10,0.499998767056884,0.999997533750242),
(0.,1.),.UNSPECIFIED.);
#19=B_SPLINE_SURFACE_WITH_KNOTS('',3,1,((#5238,#5239),(#5240,#5241),(#5242,
#5243),(#5244,#5245),(#5246,#5247)),.SURF_OF_LINEAR_EXTRUSION.,.F.,.F.,
 .F.,(4,1,4),(2,2),(-2.37596658982776E-6,0.499998811509334,0.999999998985257),
(0.,1.),.UNSPECIFIED.);
#20=B_SPLINE_SURFACE_WITH_KNOTS('',3,1,((#5288,#5289),(#5290,#5291),(#5292,
#5293),(#5294,#5295),(#5296,#5297),(#5298,#5299),(#5300,#5301),(#5302,#5303),
(#5304,#5305),(#5306,#5307),(#5308,#5309)),.SURF_OF_LINEAR_EXTRUSION.,.F.,
 .F.,.F.,(4,1,1,1,1,1,1,1,4),(2,2),(-2.12431756446636E-8,0.1762577548178,
0.338434413880475,0.484822050787836,0.617157578266331,0.734698360612476,
0.837385183832359,0.926372420929583,1.00000009454049),(0.,1.),
 .UNSPECIFIED.);
#21=B_SPLINE_SURFACE_WITH_KNOTS('',3,1,((#5335,#5336),(#5337,#5338),(#5339,
#5340),(#5341,#5342),(#5343,#5344),(#5345,#5346),(#5347,#5348),(#5349,#5350),
(#5351,#5352),(#5353,#5354),(#5355,#5356),(#5357,#5358),(#5359,#5360),(#5361,
#5362),(#5363,#5364),(#5365,#5366),(#5367,#5368),(#5369,#5370),(#5371,#5372)),
 .SURF_OF_LINEAR_EXTRUSION.,.F.,.F.,.F.,(4,1,1,1,1,1,1,1,1,1,1,1,1,1,1,
1,4),(2,2),(4.23316520068648E-9,0.0642108050223224,0.127051819273505,0.188726792758088,
0.24910867966144,0.30989711114641,0.370265578361429,0.430668930564747,0.492744590667093,
0.554114031997297,0.61572591624179,0.676828089692438,0.738463639969609,
0.80133559006821,0.86519718694107,0.931647751439548,0.999999996886877),
(0.,1.),.UNSPECIFIED.);
#22=B_SPLINE_SURFACE_WITH_KNOTS('',3,1,((#5414,#5415),(#5416,#5417),(#5418,
#5419),(#5420,#5421),(#5422,#5423),(#5424,#5425),(#5426,#5427),(#5428,#5429),
(#5430,#5431),(#5432,#5433),(#5434,#5435),(#5436,#5437),(#5438,#5439),(#5440,
#5441),(#5442,#5443),(#5444,#5445),(#5446,#5447),(#5448,#5449),(#5450,#5451)),
 .SURF_OF_LINEAR_EXTRUSION.,.F.,.F.,.F.,(4,1,1,1,1,1,1,1,1,1,1,1,1,1,1,
1,4),(2,2),(6.59720206941253E-9,0.0787751416419552,0.153710704611921,0.226698870982696,
0.299171820326584,0.371165995644641,0.442977769501571,0.516334013008727,
0.592857108024116,0.633510180405672,0.676623616987174,0.722915422371309,
0.771971354383628,0.823829257316891,0.879386450019196,0.937952131613018,
0.999999999559762),(0.,1.),.UNSPECIFIED.);
#23=B_SPLINE_SURFACE_WITH_KNOTS('',3,1,((#5614,#5615),(#5616,#5617),(#5618,
#5619),(#5620,#5621),(#5622,#5623)),.SURF_OF_LINEAR_EXTRUSION.,.F.,.F.,
 .F.,(4,1,4),(2,2),(7.59987888048008E-9,0.499998144897275,0.999996282194671),
(0.,1.),.UNSPECIFIED.);
#24=B_SPLINE_SURFACE_WITH_KNOTS('',3,1,((#5647,#5648),(#5649,#5650),(#5651,
#5652),(#5653,#5654),(#5655,#5656)),.SURF_OF_LINEAR_EXTRUSION.,.F.,.F.,
 .F.,(4,1,4),(2,2),(-3.70368068660511E-6,0.499996256569366,0.999996216819418),
(0.,1.),.UNSPECIFIED.);
#25=B_SPLINE_SURFACE_WITH_KNOTS('',3,1,((#5678,#5679),(#5680,#5681),(#5682,
#5683),(#5684,#5685),(#5686,#5687)),.SURF_OF_LINEAR_EXTRUSION.,.F.,.F.,
 .F.,(4,1,4),(2,2),(-3.80767819920945E-6,0.499996193666256,0.999996195010711),
(0.,1.),.UNSPECIFIED.);
#26=B_SPLINE_SURFACE_WITH_KNOTS('',3,1,((#5709,#5710),(#5711,#5712),(#5713,
#5714),(#5715,#5716),(#5717,#5718)),.SURF_OF_LINEAR_EXTRUSION.,.F.,.F.,
 .F.,(4,1,4),(2,2),(-3.67040196949658E-6,0.499998159372114,0.999999989146198),
(0.,1.),.UNSPECIFIED.);
#27=B_SPLINE_SURFACE_WITH_KNOTS('',3,1,((#5762,#5763),(#5764,#5765),(#5766,
#5767),(#5768,#5769),(#5770,#5771)),.SURF_OF_LINEAR_EXTRUSION.,.F.,.F.,
 .F.,(4,1,4),(2,2),(6.20216203049164E-6,0.500004285787778,1.00000236941353),
(0.,1.),.UNSPECIFIED.);
#28=B_SPLINE_SURFACE_WITH_KNOTS('',3,1,((#5813,#5814),(#5815,#5816),(#5817,
#5818),(#5819,#5820),(#5821,#5822)),.SURF_OF_LINEAR_EXTRUSION.,.F.,.F.,
 .F.,(4,1,4),(2,2),(2.28349992093436E-6,0.500002190070399,1.00000209664088),
(0.,1.),.UNSPECIFIED.);
#29=B_SPLINE_SURFACE_WITH_KNOTS('',3,1,((#5856,#5857),(#5858,#5859),(#5860,
#5861),(#5862,#5863),(#5864,#5865)),.SURF_OF_LINEAR_EXTRUSION.,.F.,.F.,
 .F.,(4,1,4),(2,2),(2.15847329761614E-6,0.500002102708948,1.0000020469446),
(0.,1.),.UNSPECIFIED.);
#30=B_SPLINE_SURFACE_WITH_KNOTS('',3,1,((#5899,#5900),(#5901,#5902),(#5903,
#5904),(#5905,#5906)),.SURF_OF_LINEAR_EXTRUSION.,.F.,.F.,.F.,(4,4),(2,2),
(3.13090800728293E-6,0.999999998928256),(0.,1.),
 .PIECEWISE_BEZIER_KNOTS.);
#31=B_SPLINE_SURFACE_WITH_KNOTS('',3,1,((#6025,#6026),(#6027,#6028),(#6029,
#6030),(#6031,#6032),(#6033,#6034)),.SURF_OF_LINEAR_EXTRUSION.,.F.,.F.,
 .F.,(4,1,4),(2,2),(-6.10993589944704E-6,0.499995072928847,0.999996255793593),
(0.,1.),.UNSPECIFIED.);
#32=B_SPLINE_SURFACE_WITH_KNOTS('',3,1,((#6058,#6059),(#6060,#6061),(#6062,
#6063),(#6064,#6065),(#6066,#6067)),.SURF_OF_LINEAR_EXTRUSION.,.F.,.F.,
 .F.,(4,1,4),(2,2),(-3.72188076883487E-6,0.499996361178755,0.99999644423828),
(0.,1.),.UNSPECIFIED.);
#33=B_SPLINE_SURFACE_WITH_KNOTS('',3,1,((#6089,#6090),(#6091,#6092),(#6093,
#6094),(#6095,#6096),(#6097,#6098)),.SURF_OF_LINEAR_EXTRUSION.,.F.,.F.,
 .F.,(4,1,4),(2,2),(-3.59614291685028E-6,0.499995224587183,0.999994045317284),
(0.,1.),.UNSPECIFIED.);
#34=B_SPLINE_SURFACE_WITH_KNOTS('',3,1,((#6120,#6121),(#6122,#6123),(#6124,
#6125),(#6126,#6127),(#6128,#6129)),.SURF_OF_LINEAR_EXTRUSION.,.F.,.F.,
 .F.,(4,1,4),(2,2),(-5.72597707386596E-6,0.499994138233977,0.999994002445027),
(0.,1.),.UNSPECIFIED.);
#35=B_SPLINE_SURFACE_WITH_KNOTS('',3,1,((#6173,#6174),(#6175,#6176),(#6177,
#6178),(#6179,#6180),(#6181,#6182)),.SURF_OF_LINEAR_EXTRUSION.,.F.,.F.,
 .F.,(4,1,4),(2,2),(4.87779883854845E-6,0.500003682864366,1.00000248792989),
(0.,1.),.UNSPECIFIED.);
#36=B_SPLINE_SURFACE_WITH_KNOTS('',3,1,((#6224,#6225),(#6226,#6227),(#6228,
#6229),(#6230,#6231),(#6232,#6233)),.SURF_OF_LINEAR_EXTRUSION.,.F.,.F.,
 .F.,(4,1,4),(2,2),(2.41657161026351E-6,0.500002172258223,1.00000192794484),
(0.,1.),.UNSPECIFIED.);
#37=B_SPLINE_SURFACE_WITH_KNOTS('',3,1,((#6267,#6268),(#6269,#6270),(#6271,
#6272),(#6273,#6274),(#6275,#6276),(#6277,#6278),(#6279,#6280),(#6281,#6282),
(#6283,#6284),(#6285,#6286),(#6287,#6288),(#6289,#6290),(#6291,#6292),(#6293,
#6294),(#6295,#6296)),.SURF_OF_LINEAR_EXTRUSION.,.F.,.F.,.F.,(4,1,1,1,1,
1,1,1,1,1,1,1,4),(2,2),(0.,0.0855281101613693,0.168995484175148,0.252323187628946,
0.33605803543852,0.419435720932291,0.501288207874551,0.583722398088555,
0.668015875718371,0.751930254444816,0.834605441668685,0.916529570121707,
1.),(0.,1.),.UNSPECIFIED.);
#38=B_SPLINE_SURFACE_WITH_KNOTS('',3,1,((#6330,#6331),(#6332,#6333),(#6334,
#6335),(#6336,#6337)),.SURF_OF_LINEAR_EXTRUSION.,.F.,.F.,.F.,(4,4),(2,2),
(2.95982091437758E-6,0.99999999969805),(0.,1.),.PIECEWISE_BEZIER_KNOTS.);
#39=B_SPLINE_SURFACE_WITH_KNOTS('',3,1,((#6456,#6457),(#6458,#6459),(#6460,
#6461),(#6462,#6463),(#6464,#6465)),.SURF_OF_LINEAR_EXTRUSION.,.F.,.F.,
 .F.,(4,1,4),(2,2),(-6.10993594254524E-6,0.499995072928761,0.999996255793465),
(0.,1.),.UNSPECIFIED.);
#40=B_SPLINE_SURFACE_WITH_KNOTS('',3,1,((#6489,#6490),(#6491,#6492),(#6493,
#6494),(#6495,#6496),(#6497,#6498)),.SURF_OF_LINEAR_EXTRUSION.,.F.,.F.,
 .F.,(4,1,4),(2,2),(-3.72188089691952E-6,0.499996361178706,0.999996444238308),
(0.,1.),.UNSPECIFIED.);
#41=B_SPLINE_SURFACE_WITH_KNOTS('',3,1,((#6520,#6521),(#6522,#6523),(#6524,
#6525),(#6526,#6527),(#6528,#6529)),.SURF_OF_LINEAR_EXTRUSION.,.F.,.F.,
 .F.,(4,1,4),(2,2),(-3.5961428881687E-6,0.499995224587197,0.999994045317282),
(0.,1.),.UNSPECIFIED.);
#42=B_SPLINE_SURFACE_WITH_KNOTS('',3,1,((#6551,#6552),(#6553,#6554),(#6555,
#6556),(#6557,#6558),(#6559,#6560)),.SURF_OF_LINEAR_EXTRUSION.,.F.,.F.,
 .F.,(4,1,4),(2,2),(-5.72597707529334E-6,0.499994138233955,0.999994002444985),
(0.,1.),.UNSPECIFIED.);
#43=B_SPLINE_SURFACE_WITH_KNOTS('',3,1,((#6604,#6605),(#6606,#6607),(#6608,
#6609),(#6610,#6611),(#6612,#6613)),.SURF_OF_LINEAR_EXTRUSION.,.F.,.F.,
 .F.,(4,1,4),(2,2),(4.8777988368388E-6,0.500003682864365,1.00000248792989),
(0.,1.),.UNSPECIFIED.);
#44=B_SPLINE_SURFACE_WITH_KNOTS('',3,1,((#6655,#6656),(#6657,#6658),(#6659,
#6660),(#6661,#6662),(#6663,#6664)),.SURF_OF_LINEAR_EXTRUSION.,.F.,.F.,
 .F.,(4,1,4),(2,2),(2.41657161032865E-6,0.500002172258223,1.00000192794484),
(0.,1.),.UNSPECIFIED.);
#45=B_SPLINE_SURFACE_WITH_KNOTS('',3,1,((#6698,#6699),(#6700,#6701),(#6702,
#6703),(#6704,#6705),(#6706,#6707),(#6708,#6709),(#6710,#6711),(#6712,#6713),
(#6714,#6715),(#6716,#6717),(#6718,#6719),(#6720,#6721),(#6722,#6723),(#6724,
#6725),(#6726,#6727)),.SURF_OF_LINEAR_EXTRUSION.,.F.,.F.,.F.,(4,1,1,1,1,
1,1,1,1,1,1,1,4),(2,2),(0.,0.0855281101613692,0.168995484175148,0.252323187628946,
0.33605803543852,0.419435720932291,0.501288207874551,0.583722398088555,
0.668015875718371,0.751930254444816,0.834605441668685,0.916529570121707,
1.),(0.,1.),.UNSPECIFIED.);
#46=B_SPLINE_SURFACE_WITH_KNOTS('',3,1,((#6761,#6762),(#6763,#6764),(#6765,
#6766),(#6767,#6768)),.SURF_OF_LINEAR_EXTRUSION.,.F.,.F.,.F.,(4,4),(2,2),
(2.95982093029928E-6,0.99999999969805),(0.,1.),.PIECEWISE_BEZIER_KNOTS.);
#47=B_SPLINE_SURFACE_WITH_KNOTS('',3,1,((#7002,#7003),(#7004,#7005),(#7006,
#7007),(#7008,#7009),(#7010,#7011),(#7012,#7013),(#7014,#7015),(#7016,#7017),
(#7018,#7019),(#7020,#7021),(#7022,#7023)),.SURF_OF_LINEAR_EXTRUSION.,.F.,
 .F.,.F.,(4,1,1,1,1,1,1,1,4),(2,2),(6.35790353562883E-9,0.112511670579949,
0.227863475152539,0.347727656909098,0.472918009400144,0.601080438554044,
0.730968361661094,0.863494314956352,0.999999997395915),(0.,1.),
 .UNSPECIFIED.);
#48=B_SPLINE_SURFACE_WITH_KNOTS('',3,1,((#7037,#7038),(#7039,#7040),(#7041,
#7042),(#7043,#7044),(#7045,#7046),(#7047,#7048),(#7049,#7050),(#7051,#7052),
(#7053,#7054),(#7055,#7056),(#7057,#7058),(#7059,#7060),(#7061,#7062),(#7063,
#7064),(#7065,#7066),(#7067,#7068),(#7069,#7070),(#7071,#7072),(#7073,#7074),
(#7075,#7076),(#7077,#7078),(#7079,#7080),(#7081,#7082),(#7083,#7084),(#7085,
#7086),(#7087,#7088),(#7089,#7090)),.SURF_OF_LINEAR_EXTRUSION.,.F.,.F.,
 .F.,(4,1,1,1,1,1,1,1,1,1,1,1,1,1,1,1,1,1,1,1,1,1,1,1,4),(2,2),(7.1042029186463E-10,
0.039904869824219,0.079378845878583,0.118957678402017,0.158217767864805,
0.197919864944577,0.238236960257586,0.278800025361009,0.320315594482637,
0.362024075010334,0.403615237765369,0.444882056950139,0.486448037102679,
0.528297490326077,0.570423331451858,0.613434662150063,0.657364294939493,
0.701354466284008,0.744485320963257,0.787464181085391,0.829905746028289,
0.872261906065075,0.91441570029511,0.957152286425663,0.999999998295818),
(0.,1.),.UNSPECIFIED.);
#49=B_SPLINE_SURFACE_WITH_KNOTS('',3,1,((#7120,#7121),(#7122,#7123),(#7124,
#7125),(#7126,#7127),(#7128,#7129),(#7130,#7131),(#7132,#7133),(#7134,#7135),
(#7136,#7137),(#7138,#7139),(#7140,#7141),(#7142,#7143),(#7144,#7145),(#7146,
#7147),(#7148,#7149),(#7150,#7151),(#7152,#7153),(#7154,#7155),(#7156,#7157),
(#7158,#7159),(#7160,#7161),(#7162,#7163),(#7164,#7165),(#7166,#7167),(#7168,
#7169),(#7170,#7171),(#7172,#7173)),.SURF_OF_LINEAR_EXTRUSION.,.F.,.F.,
 .F.,(4,1,1,1,1,1,1,1,1,1,1,1,1,1,1,1,1,1,1,1,1,1,1,1,4),(2,2),(1.50655095294144E-9,
0.045476552477668,0.090266750374484,0.134473690852064,0.17833568019126,
0.221626773315702,0.264845974179426,0.308266724319247,0.351584516190458,
0.394700277498729,0.437150686846094,0.478716576119411,0.52015662575624,
0.560891248920916,0.601905804907391,0.642967963577991,0.68431940837777,
0.725438811440413,0.765723673342679,0.805366075015241,0.84465592217638,
0.883350697584091,0.922119585206688,0.961006553539096,0.999999999457679),
(0.,1.),.UNSPECIFIED.);
#50=B_SPLINE_SURFACE_WITH_KNOTS('',3,1,((#7203,#7204),(#7205,#7206),(#7207,
#7208),(#7209,#7210),(#7211,#7212),(#7213,#7214),(#7215,#7216),(#7217,#7218),
(#7219,#7220),(#7221,#7222),(#7223,#7224),(#7225,#7226),(#7227,#7228),(#7229,
#7230),(#7231,#7232),(#7233,#7234),(#7235,#7236),(#7237,#7238),(#7239,#7240)),
 .SURF_OF_LINEAR_EXTRUSION.,.F.,.F.,.F.,(4,1,1,1,1,1,1,1,1,1,1,1,1,1,1,
1,4),(2,2),(2.80537317314974E-9,0.061510585208335,0.121734675916057,0.18051595069958,
0.23926794015842,0.297398114041318,0.356664974936594,0.417130384182719,
0.47932693252996,0.542221959896988,0.604686122002084,0.667353413248803,
0.730550812202898,0.795075969445893,0.861302112761354,0.929367755612273,
0.999999998152294),(0.,1.),.UNSPECIFIED.);
#51=B_SPLINE_SURFACE_WITH_KNOTS('',3,1,((#7274,#7275),(#7276,#7277),(#7278,
#7279),(#7280,#7281),(#7282,#7283),(#7284,#7285),(#7286,#7287),(#7288,#7289),
(#7290,#7291),(#7292,#7293),(#7294,#7295),(#7296,#7297),(#7298,#7299),(#7300,
#7301),(#7302,#7303),(#7304,#7305),(#7306,#7307),(#7308,#7309),(#7310,#7311)),
 .SURF_OF_LINEAR_EXTRUSION.,.F.,.F.,.F.,(4,1,1,1,1,1,1,1,1,1,1,1,1,1,1,
1,4),(2,2),(1.32235261352086E-9,0.071272277891841,0.139492722424175,0.204635418715339,
0.267405740386264,0.328445597526984,0.388397163141541,0.447733931258266,
0.507391621231218,0.566767555363435,0.625478337516418,0.684066505918797,
0.743248445815341,0.804033357398258,0.866498750699673,0.931723237984159,
0.999999998588593),(0.,1.),.UNSPECIFIED.);
#52=B_SPLINE_SURFACE_WITH_KNOTS('',3,1,((#7333,#7334),(#7335,#7336),(#7337,
#7338),(#7339,#7340),(#7341,#7342)),.SURF_OF_LINEAR_EXTRUSION.,.F.,.F.,
 .F.,(4,1,4),(2,2),(8.12170112385975E-10,0.499998149552713,0.999996298293255),
(0.,1.),.UNSPECIFIED.);
#53=B_SPLINE_SURFACE_WITH_KNOTS('',3,1,((#7374,#7375),(#7376,#7377),(#7378,
#7379),(#7380,#7381),(#7382,#7383)),.SURF_OF_LINEAR_EXTRUSION.,.F.,.F.,
 .F.,(4,1,4),(2,2),(-5.38803636290232E-7,0.499999730003793,0.999999998811223),
(0.,1.),.UNSPECIFIED.);
#54=B_SPLINE_SURFACE_WITH_KNOTS('',3,1,((#7416,#7417),(#7418,#7419),(#7420,
#7421),(#7422,#7423),(#7424,#7425),(#7426,#7427),(#7428,#7429),(#7430,#7431),
(#7432,#7433),(#7434,#7435),(#7436,#7437),(#7438,#7439),(#7440,#7441),(#7442,
#7443),(#7444,#7445),(#7446,#7447),(#7448,#7449),(#7450,#7451),(#7452,#7453)),
 .SURF_OF_LINEAR_EXTRUSION.,.F.,.F.,.F.,(4,1,1,1,1,1,1,1,1,1,1,1,1,1,1,
1,4),(2,2),(8.31683575821367E-10,0.0616172070006677,0.122179680691624,0.182217045778756,
0.241473347782719,0.300957081186861,0.359966344541048,0.419030446122275,
0.478066466194693,0.537990615231128,0.598958523904521,0.661319637803069,
0.725246399814785,0.791219265793767,0.858745370808764,0.928317276403441,
0.999999999080391),(0.,1.),.UNSPECIFIED.);
#55=B_SPLINE_CURVE_WITH_KNOTS('',3,(#5166,#5167,#5168,#5169,#5170,#5171,
#5172,#5173,#5174,#5175,#5176,#5177,#5178,#5179,#5180,#5181,#5182,#5183,
#5184),.UNSPECIFIED.,.F.,.F.,(4,1,1,1,1,1,1,1,1,1,1,1,1,1,1,1,4),(0.,0.0716629706079346,
0.138903247758228,0.201170031499865,0.259105702761956,0.312232476434027,
0.360655445110533,0.405056869932044,0.445069493488068,0.518740291208595,
0.589418981815623,0.658414658461388,0.727587276472125,0.796337205583,0.86318478082236,
0.930954370904666,1.),.UNSPECIFIED.);
#56=B_SPLINE_CURVE_WITH_KNOTS('',3,(#5186,#5187,#5188,#5189,#5190,#5191,
#5192,#5193,#5194,#5195,#5196,#5197,#5198,#5199,#5200,#5201,#5202,#5203,
#5204),.UNSPECIFIED.,.F.,.F.,(4,1,1,1,1,1,1,1,1,1,1,1,1,1,1,1,4),(0.,0.0688000963413577,
0.136336686358279,0.203757017634545,0.272787155787193,0.342622323615256,
0.411089038045841,0.479278287008668,0.549403054126503,0.587738712032065,
0.6307249325567,0.678947097036436,0.732558639950927,0.791154526052615,0.855313051097196,
0.92510139681619,1.),.UNSPECIFIED.);
#57=B_SPLINE_CURVE_WITH_KNOTS('',3,(#5217,#5218,#5219,#5220,#5221,#5222,
#5223,#5224,#5225,#5226,#5227,#5228,#5229,#5230,#5231,#5232,#5233,#5234,
#5235),.UNSPECIFIED.,.F.,.F.,(4,1,1,1,1,1,1,1,1,1,1,1,1,1,1,1,4),(0.,0.0688000963413577,
0.136336686358279,0.203757017634545,0.272787155787193,0.342622323615256,
0.411089038045841,0.479278287008668,0.549403054126503,0.587738712032065,
0.6307249325567,0.678947097036436,0.732558639950927,0.791154526052615,0.855313051097196,
0.92510139681619,1.),.UNSPECIFIED.);
#58=B_SPLINE_CURVE_WITH_KNOTS('',3,(#5250,#5251,#5252,#5253,#5254,#5255,
#5256,#5257,#5258,#5259,#5260,#5261,#5262,#5263,#5264,#5265,#5266,#5267,
#5268),.UNSPECIFIED.,.F.,.F.,(4,1,1,1,1,1,1,1,1,1,1,1,1,1,1,1,4),(0.,0.0716629706079346,
0.138903247758228,0.201170031499865,0.259105702761956,0.312232476434027,
0.360655445110533,0.405056869932044,0.445069493488068,0.518740291208595,
0.589418981815623,0.658414658461388,0.727587276472125,0.796337205583,0.86318478082236,
0.930954370904666,1.),.UNSPECIFIED.);
#59=B_SPLINE_CURVE_WITH_KNOTS('',3,(#5310,#5311,#5312,#5313,#5314,#5315,
#5316,#5317,#5318,#5319,#5320),.UNSPECIFIED.,.F.,.F.,(4,1,1,1,1,1,1,1,4),
(0.,0.1762577548178,0.338434413880475,0.484822050787836,0.617157578266331,
0.734698360612476,0.837385183832359,0.926372420929583,1.),.UNSPECIFIED.);
#60=B_SPLINE_CURVE_WITH_KNOTS('',3,(#5322,#5323,#5324,#5325,#5326,#5327,
#5328,#5329,#5330,#5331,#5332),.UNSPECIFIED.,.F.,.F.,(4,1,1,1,1,1,1,1,4),
(0.,0.1762577548178,0.338434413880475,0.484822050787836,0.617157578266331,
0.734698360612476,0.837385183832359,0.926372420929583,1.),.UNSPECIFIED.);
#61=B_SPLINE_CURVE_WITH_KNOTS('',3,(#5373,#5374,#5375,#5376,#5377,#5378,
#5379,#5380,#5381,#5382,#5383,#5384,#5385,#5386,#5387,#5388,#5389,#5390,
#5391),.UNSPECIFIED.,.F.,.F.,(4,1,1,1,1,1,1,1,1,1,1,1,1,1,1,1,4),(0.,0.0642108050223224,
0.127051819273505,0.188726792758088,0.24910867966144,0.30989711114641,0.370265578361429,
0.430668930564747,0.492744590667093,0.554114031997297,0.61572591624179,
0.676828089692438,0.738463639969609,0.80133559006821,0.86519718694107,0.931647751439548,
1.),.UNSPECIFIED.);
#62=B_SPLINE_CURVE_WITH_KNOTS('',3,(#5393,#5394,#5395,#5396,#5397,#5398,
#5399,#5400,#5401,#5402,#5403,#5404,#5405,#5406,#5407,#5408,#5409,#5410,
#5411),.UNSPECIFIED.,.F.,.F.,(4,1,1,1,1,1,1,1,1,1,1,1,1,1,1,1,4),(0.,0.0642108050223224,
0.127051819273505,0.188726792758088,0.24910867966144,0.30989711114641,0.370265578361429,
0.430668930564747,0.492744590667093,0.554114031997297,0.61572591624179,
0.676828089692438,0.738463639969609,0.80133559006821,0.86519718694107,0.931647751439548,
1.),.UNSPECIFIED.);
#63=B_SPLINE_CURVE_WITH_KNOTS('',3,(#5452,#5453,#5454,#5455,#5456,#5457,
#5458,#5459,#5460,#5461,#5462,#5463,#5464,#5465,#5466,#5467,#5468,#5469,
#5470),.UNSPECIFIED.,.F.,.F.,(4,1,1,1,1,1,1,1,1,1,1,1,1,1,1,1,4),(0.,0.0787751416419552,
0.153710704611921,0.226698870982696,0.299171820326584,0.371165995644641,
0.442977769501571,0.516334013008727,0.592857108024116,0.633510180405672,
0.676623616987174,0.722915422371309,0.771971354383628,0.823829257316891,
0.879386450019196,0.937952131613018,1.),.UNSPECIFIED.);
#64=B_SPLINE_CURVE_WITH_KNOTS('',3,(#5472,#5473,#5474,#5475,#5476,#5477,
#5478,#5479,#5480,#5481,#5482,#5483,#5484,#5485,#5486,#5487,#5488,#5489,
#5490),.UNSPECIFIED.,.F.,.F.,(4,1,1,1,1,1,1,1,1,1,1,1,1,1,1,1,4),(0.,0.0787751416419552,
0.153710704611921,0.226698870982696,0.299171820326584,0.371165995644641,
0.442977769501571,0.516334013008727,0.592857108024116,0.633510180405672,
0.676623616987174,0.722915422371309,0.771971354383628,0.823829257316891,
0.879386450019196,0.937952131613018,1.),.UNSPECIFIED.);
#65=B_SPLINE_CURVE_WITH_KNOTS('',3,(#5534,#5535,#5536,#5537,#5538,#5539,
#5540,#5541,#5542,#5543,#5544,#5545,#5546,#5547,#5548,#5549,#5550,#5551,
#5552),.UNSPECIFIED.,.F.,.F.,(4,1,1,1,1,1,1,1,1,1,1,1,1,1,1,1,4),(0.,0.0611415679303345,
0.120001013531073,0.178235970541409,0.236495543407017,0.294887248704973,
0.354677192819297,0.416694813289778,0.48063337796284,0.545804633478641,
0.609734788317876,0.672951688375155,0.736001096070683,0.799827438516525,
0.864767276939387,0.931083505730672,1.),.UNSPECIFIED.);
#66=B_SPLINE_CURVE_WITH_KNOTS('',3,(#5555,#5556,#5557,#5558,#5559,#5560,
#5561,#5562,#5563,#5564,#5565,#5566,#5567,#5568,#5569,#5570,#5571,#5572,
#5573),.UNSPECIFIED.,.F.,.F.,(4,1,1,1,1,1,1,1,1,1,1,1,1,1,1,1,4),(0.,0.0705921865358074,
0.13850128860493,0.203789996142701,0.266787572669602,0.329097965646719,
0.391174524603966,0.453167798617657,0.515796760226584,0.57796880505304,
0.63896633837529,0.698381066162843,0.757320455557426,0.816412239721668,
0.876279358230831,0.936823465650193,1.),.UNSPECIFIED.);
#67=B_SPLINE_CURVE_WITH_KNOTS('',3,(#5575,#5576,#5577,#5578,#5579,#5580,
#5581,#5582,#5583,#5584,#5585,#5586,#5587,#5588,#5589,#5590,#5591,#5592,
#5593),.UNSPECIFIED.,.F.,.F.,(4,1,1,1,1,1,1,1,1,1,1,1,1,1,1,1,4),(0.,0.0618526459466901,
0.12128383061537,0.180777932075612,0.239273234014281,0.298641435213942,
0.358185822241712,0.42076008675897,0.485204673021643,0.550362268948287,
0.613649924530912,0.676623495516824,0.739108013469012,0.802164702242944,
0.866716597132477,0.932037628505544,1.),.UNSPECIFIED.);
#68=B_SPLINE_CURVE_WITH_KNOTS('',3,(#5595,#5596,#5597,#5598,#5599,#5600,
#5601,#5602,#5603,#5604,#5605,#5606,#5607,#5608,#5609,#5610,#5611,#5612,
#5613),.UNSPECIFIED.,.F.,.F.,(4,1,1,1,1,1,1,1,1,1,1,1,1,1,1,1,4),(0.,0.0679503475997538,
0.1332598223837,0.197800296759647,0.260845829551682,0.323319292750367,0.386281722459572,
0.450061516233313,0.515207584485816,0.579640769219932,0.641817202384152,
0.701692441211535,0.760769098177894,0.819254051134684,0.878737626905554,
0.938158297016093,1.),.UNSPECIFIED.);
#69=B_SPLINE_CURVE_WITH_KNOTS('',3,(#5626,#5627,#5628,#5629,#5630,#5631,
#5632,#5633,#5634,#5635,#5636,#5637,#5638,#5639,#5640,#5641,#5642,#5643,
#5644),.UNSPECIFIED.,.F.,.F.,(4,1,1,1,1,1,1,1,1,1,1,1,1,1,1,1,4),(0.,0.0679503475997538,
0.1332598223837,0.197800296759647,0.260845829551682,0.323319292750367,0.386281722459572,
0.450061516233313,0.515207584485816,0.579640769219932,0.641817202384152,
0.701692441211535,0.760769098177894,0.819254051134684,0.878737626905554,
0.938158297016093,1.),.UNSPECIFIED.);
#70=B_SPLINE_CURVE_WITH_KNOTS('',3,(#5659,#5660,#5661,#5662,#5663,#5664,
#5665,#5666,#5667,#5668,#5669,#5670,#5671,#5672,#5673,#5674,#5675,#5676,
#5677),.UNSPECIFIED.,.F.,.F.,(4,1,1,1,1,1,1,1,1,1,1,1,1,1,1,1,4),(0.,0.0618526459466901,
0.12128383061537,0.180777932075612,0.239273234014281,0.298641435213942,
0.358185822241712,0.42076008675897,0.485204673021643,0.550362268948287,
0.613649924530912,0.676623495516824,0.739108013469012,0.802164702242944,
0.866716597132477,0.932037628505544,1.),.UNSPECIFIED.);
#71=B_SPLINE_CURVE_WITH_KNOTS('',3,(#5690,#5691,#5692,#5693,#5694,#5695,
#5696,#5697,#5698,#5699,#5700,#5701,#5702,#5703,#5704,#5705,#5706,#5707,
#5708),.UNSPECIFIED.,.F.,.F.,(4,1,1,1,1,1,1,1,1,1,1,1,1,1,1,1,4),(0.,0.0705921865358074,
0.13850128860493,0.203789996142701,0.266787572669602,0.329097965646719,
0.391174524603966,0.453167798617657,0.515796760226584,0.57796880505304,
0.63896633837529,0.698381066162843,0.757320455557426,0.816412239721668,
0.876279358230831,0.936823465650193,1.),.UNSPECIFIED.);
#72=B_SPLINE_CURVE_WITH_KNOTS('',3,(#5719,#5720,#5721,#5722,#5723,#5724,
#5725,#5726,#5727,#5728,#5729,#5730,#5731,#5732,#5733,#5734,#5735,#5736,
#5737),.UNSPECIFIED.,.F.,.F.,(4,1,1,1,1,1,1,1,1,1,1,1,1,1,1,1,4),(0.,0.0611415679303345,
0.120001013531073,0.178235970541409,0.236495543407017,0.294887248704973,
0.354677192819297,0.416694813289778,0.48063337796284,0.545804633478641,
0.609734788317876,0.672951688375155,0.736001096070683,0.799827438516525,
0.864767276939387,0.931083505730672,1.),.UNSPECIFIED.);
#73=B_SPLINE_CURVE_WITH_KNOTS('',3,(#5758,#5759,#5760,#5761),
 .UNSPECIFIED.,.F.,.F.,(4,4),(0.,1.),.UNSPECIFIED.);
#74=B_SPLINE_CURVE_WITH_KNOTS('',3,(#5772,#5773,#5774,#5775,#5776,#5777,
#5778,#5779,#5780,#5781,#5782,#5783,#5784,#5785,#5786,#5787,#5788,#5789,
#5790),.UNSPECIFIED.,.F.,.F.,(4,1,1,1,1,1,1,1,1,1,1,1,1,1,1,1,4),(0.,0.0652308037420296,
0.128404896003223,0.190067071596478,0.25094336576828,0.311545832852143,
0.372862802156829,0.435023673856238,0.499071724707043,0.563091075049662,
0.625510106330375,0.686680035929649,0.747282503013513,0.808563495215959,
0.870742103515987,0.934340951505913,1.),.UNSPECIFIED.);
#75=B_SPLINE_CURVE_WITH_KNOTS('',3,(#5792,#5793,#5794,#5795,#5796,#5797,
#5798,#5799,#5800,#5801,#5802,#5803,#5804,#5805,#5806,#5807,#5808,#5809,
#5810),.UNSPECIFIED.,.F.,.F.,(4,1,1,1,1,1,1,1,1,1,1,1,1,1,1,1,4),(0.,0.0652308037420296,
0.128404896003223,0.190067071596478,0.25094336576828,0.311545832852143,
0.372862802156829,0.435023673856238,0.499071724707043,0.563091075049662,
0.625510106330375,0.686680035929649,0.747282503013513,0.808563495215959,
0.870742103515987,0.934340951505913,1.),.UNSPECIFIED.);
#76=B_SPLINE_CURVE_WITH_KNOTS('',3,(#5823,#5824,#5825,#5826,#5827,#5828,
#5829,#5830,#5831,#5832,#5833,#5834,#5835,#5836,#5837),.UNSPECIFIED.,.F.,
 .F.,(4,1,1,1,1,1,1,1,1,1,1,1,4),(0.,0.0859901205637195,0.169108437572642,
0.250528578958188,0.332255696176845,0.413576365235641,0.494126145620122,
0.576305934120417,0.660712671904547,0.746127272223911,0.830014985960974,
0.914419725928851,1.),.UNSPECIFIED.);
#77=B_SPLINE_CURVE_WITH_KNOTS('',3,(#5839,#5840,#5841,#5842,#5843,#5844,
#5845,#5846,#5847,#5848,#5849,#5850,#5851,#5852,#5853),.UNSPECIFIED.,.F.,
 .F.,(4,1,1,1,1,1,1,1,1,1,1,1,4),(0.,0.0859901205637195,0.169108437572642,
0.250528578958188,0.332255696176845,0.413576365235641,0.494126145620122,
0.576305934120417,0.660712671904547,0.746127272223911,0.830014985960974,
0.914419725928851,1.),.UNSPECIFIED.);
#78=B_SPLINE_CURVE_WITH_KNOTS('',3,(#5866,#5867,#5868,#5869,#5870,#5871,
#5872,#5873,#5874,#5875,#5876,#5877,#5878,#5879,#5880),.UNSPECIFIED.,.F.,
 .F.,(4,1,1,1,1,1,1,1,1,1,1,1,4),(0.,0.0843261511037433,0.167035340985841,
0.249540713985279,0.332706665579664,0.415872617174049,0.497777415568117,
0.580313605678477,0.664532578131656,0.749571176406321,0.832474162854407,
0.915673848896257,1.),.UNSPECIFIED.);
#79=B_SPLINE_CURVE_WITH_KNOTS('',3,(#5882,#5883,#5884,#5885,#5886,#5887,
#5888,#5889,#5890,#5891,#5892,#5893,#5894,#5895,#5896),.UNSPECIFIED.,.F.,
 .F.,(4,1,1,1,1,1,1,1,1,1,1,1,4),(0.,0.0843261511037433,0.167035340985841,
0.249540713985279,0.332706665579664,0.415872617174049,0.497777415568117,
0.580313605678477,0.664532578131656,0.749571176406321,0.832474162854407,
0.915673848896257,1.),.UNSPECIFIED.);
#80=B_SPLINE_CURVE_WITH_KNOTS('',3,(#5907,#5908,#5909,#5910,#5911,#5912,
#5913,#5914,#5915,#5916,#5917,#5918,#5919,#5920,#5921),.UNSPECIFIED.,.F.,
 .F.,(4,1,1,1,1,1,1,1,1,1,1,1,4),(0.,0.0978059775289507,0.199612252291895,
0.305296025833003,0.415817359164185,0.474240566618493,0.537286912829653,
0.603385835293485,0.674311158069606,0.749530467357482,0.828608314269511,
0.912042738771445,1.),.UNSPECIFIED.);
#81=B_SPLINE_CURVE_WITH_KNOTS('',3,(#5923,#5924,#5925,#5926,#5927,#5928,
#5929,#5930,#5931,#5932,#5933,#5934,#5935,#5936,#5937),.UNSPECIFIED.,.F.,
 .F.,(4,1,1,1,1,1,1,1,1,1,1,1,4),(0.,0.0978059775289507,0.199612252291895,
0.305296025833003,0.415817359164185,0.474240566618493,0.537286912829653,
0.603385835293485,0.674311158069606,0.749530467357482,0.828608314269511,
0.912042738771445,1.),.UNSPECIFIED.);
#82=B_SPLINE_CURVE_WITH_KNOTS('',3,(#5945,#5946,#5947,#5948,#5949,#5950,
#5951,#5952,#5953,#5954,#5955,#5956,#5957,#5958,#5959,#5960,#5961,#5962,
#5963),.UNSPECIFIED.,.F.,.F.,(4,1,1,1,1,1,1,1,1,1,1,1,1,1,1,1,4),(0.,0.059539585497088,
0.117422960002117,0.17444044104692,0.231733890556421,0.289721977285958,
0.349200396448603,0.410515531734449,0.475080278974362,0.540094475476167,
0.604444095929784,0.668696674340236,0.732110201101079,0.796739346741746,
0.862905729709647,0.930461639076418,1.),.UNSPECIFIED.);
#83=B_SPLINE_CURVE_WITH_KNOTS('',3,(#5966,#5967,#5968,#5969,#5970,#5971,
#5972,#5973,#5974,#5975,#5976,#5977,#5978,#5979,#5980,#5981,#5982,#5983,
#5984),.UNSPECIFIED.,.F.,.F.,(4,1,1,1,1,1,1,1,1,1,1,1,1,1,1,1,4),(0.,0.0727129966169397,
0.141547484979501,0.208362522955953,0.272461583955704,0.335389961487685,
0.397711298679618,0.459383374947441,0.522098173887342,0.584314766747193,
0.644391935230053,0.703345013294785,0.761508874970188,0.820030474917231,
0.8785170367553,0.938264501487674,1.),.UNSPECIFIED.);
#84=B_SPLINE_CURVE_WITH_KNOTS('',3,(#5986,#5987,#5988,#5989,#5990,#5991,
#5992,#5993,#5994,#5995,#5996,#5997,#5998,#5999,#6000,#6001,#6002,#6003,
#6004),.UNSPECIFIED.,.F.,.F.,(4,1,1,1,1,1,1,1,1,1,1,1,1,1,1,1,4),(0.,0.0607532319996326,
0.119721695745485,0.17773677807359,0.235972303295115,0.294037135944146,
0.353693248585664,0.415538727910145,0.479698695729202,0.544627576105173,
0.608779104969266,0.672214909229734,0.735482641144588,0.799134291351257,
0.864299000078931,0.930844865268219,1.),.UNSPECIFIED.);
#85=B_SPLINE_CURVE_WITH_KNOTS('',3,(#6006,#6007,#6008,#6009,#6010,#6011,
#6012,#6013,#6014,#6015,#6016,#6017,#6018,#6019,#6020,#6021,#6022,#6023,
#6024),.UNSPECIFIED.,.F.,.F.,(4,1,1,1,1,1,1,1,1,1,1,1,1,1,1,1,4),(0.,0.0687215951756572,
0.134831203762005,0.199565919309686,0.263372318590736,0.32679386620275,
0.389854099892245,0.453660499173295,0.518747233809229,0.583063186517915,
0.645446856931546,0.705248004747838,0.763454003872166,0.821831110554577,
0.879987238405638,0.939099065523102,1.),.UNSPECIFIED.);
#86=B_SPLINE_CURVE_WITH_KNOTS('',3,(#6037,#6038,#6039,#6040,#6041,#6042,
#6043,#6044,#6045,#6046,#6047,#6048,#6049,#6050,#6051,#6052,#6053,#6054,
#6055),.UNSPECIFIED.,.F.,.F.,(4,1,1,1,1,1,1,1,1,1,1,1,1,1,1,1,4),(0.,0.0687215951756572,
0.134831203762005,0.199565919309686,0.263372318590736,0.32679386620275,
0.389854099892245,0.453660499173295,0.518747233809229,0.583063186517915,
0.645446856931546,0.705248004747838,0.763454003872166,0.821831110554577,
0.879987238405638,0.939099065523102,1.),.UNSPECIFIED.);
#87=B_SPLINE_CURVE_WITH_KNOTS('',3,(#6070,#6071,#6072,#6073,#6074,#6075,
#6076,#6077,#6078,#6079,#6080,#6081,#6082,#6083,#6084,#6085,#6086,#6087,
#6088),.UNSPECIFIED.,.F.,.F.,(4,1,1,1,1,1,1,1,1,1,1,1,1,1,1,1,4),(0.,0.0607532319996326,
0.119721695745485,0.17773677807359,0.235972303295115,0.294037135944146,
0.353693248585664,0.415538727910145,0.479698695729202,0.544627576105173,
0.608779104969266,0.672214909229734,0.735482641144588,0.799134291351257,
0.864299000078931,0.930844865268219,1.),.UNSPECIFIED.);
#88=B_SPLINE_CURVE_WITH_KNOTS('',3,(#6101,#6102,#6103,#6104,#6105,#6106,
#6107,#6108,#6109,#6110,#6111,#6112,#6113,#6114,#6115,#6116,#6117,#6118,
#6119),.UNSPECIFIED.,.F.,.F.,(4,1,1,1,1,1,1,1,1,1,1,1,1,1,1,1,4),(0.,0.0727129966169397,
0.141547484979501,0.208362522955953,0.272461583955704,0.335389961487685,
0.397711298679618,0.459383374947441,0.522098173887342,0.584314766747193,
0.644391935230053,0.703345013294785,0.761508874970188,0.820030474917231,
0.8785170367553,0.938264501487674,1.),.UNSPECIFIED.);
#89=B_SPLINE_CURVE_WITH_KNOTS('',3,(#6130,#6131,#6132,#6133,#6134,#6135,
#6136,#6137,#6138,#6139,#6140,#6141,#6142,#6143,#6144,#6145,#6146,#6147,
#6148),.UNSPECIFIED.,.F.,.F.,(4,1,1,1,1,1,1,1,1,1,1,1,1,1,1,1,4),(0.,0.059539585497088,
0.117422960002117,0.17444044104692,0.231733890556421,0.289721977285958,
0.349200396448603,0.410515531734449,0.475080278974362,0.540094475476167,
0.604444095929784,0.668696674340236,0.732110201101079,0.796739346741746,
0.862905729709647,0.930461639076418,1.),.UNSPECIFIED.);
#90=B_SPLINE_CURVE_WITH_KNOTS('',3,(#6169,#6170,#6171,#6172),
 .UNSPECIFIED.,.F.,.F.,(4,4),(0.,1.),.UNSPECIFIED.);
#91=B_SPLINE_CURVE_WITH_KNOTS('',3,(#6183,#6184,#6185,#6186,#6187,#6188,
#6189,#6190,#6191,#6192,#6193,#6194,#6195,#6196,#6197,#6198,#6199,#6200,
#6201),.UNSPECIFIED.,.F.,.F.,(4,1,1,1,1,1,1,1,1,1,1,1,1,1,1,1,4),(0.,0.066293905867356,
0.13012913995654,0.192859295842959,0.254755601580504,0.315920236532692,
0.37734759678079,0.440213765451453,0.504182662714221,0.568040193427937,
0.63023333813315,0.690866172824427,0.75142559323198,0.811468600334325,0.872752399553205,
0.935391716176275,1.),.UNSPECIFIED.);
#92=B_SPLINE_CURVE_WITH_KNOTS('',3,(#6203,#6204,#6205,#6206,#6207,#6208,
#6209,#6210,#6211,#6212,#6213,#6214,#6215,#6216,#6217,#6218,#6219,#6220,
#6221),.UNSPECIFIED.,.F.,.F.,(4,1,1,1,1,1,1,1,1,1,1,1,1,1,1,1,4),(0.,0.066293905867356,
0.13012913995654,0.192859295842959,0.254755601580504,0.315920236532692,
0.37734759678079,0.440213765451453,0.504182662714221,0.568040193427937,
0.63023333813315,0.690866172824427,0.75142559323198,0.811468600334325,0.872752399553205,
0.935391716176275,1.),.UNSPECIFIED.);
#93=B_SPLINE_CURVE_WITH_KNOTS('',3,(#6234,#6235,#6236,#6237,#6238,#6239,
#6240,#6241,#6242,#6243,#6244,#6245,#6246,#6247,#6248),.UNSPECIFIED.,.F.,
 .F.,(4,1,1,1,1,1,1,1,1,1,1,1,4),(0.,0.0852490510097903,0.167326593617822,
0.248175324580851,0.328829078311602,0.40990809697677,0.490584451140796,
0.572993487189391,0.658264892488035,0.74422157730799,0.82906040699134,0.913938297810617,
1.),.UNSPECIFIED.);
#94=B_SPLINE_CURVE_WITH_KNOTS('',3,(#6250,#6251,#6252,#6253,#6254,#6255,
#6256,#6257,#6258,#6259,#6260,#6261,#6262,#6263,#6264),.UNSPECIFIED.,.F.,
 .F.,(4,1,1,1,1,1,1,1,1,1,1,1,4),(0.,0.0852490510097903,0.167326593617822,
0.248175324580851,0.328829078311602,0.40990809697677,0.490584451140796,
0.572993487189391,0.658264892488035,0.74422157730799,0.82906040699134,0.913938297810617,
1.),.UNSPECIFIED.);
#95=B_SPLINE_CURVE_WITH_KNOTS('',3,(#6297,#6298,#6299,#6300,#6301,#6302,
#6303,#6304,#6305,#6306,#6307,#6308,#6309,#6310,#6311),.UNSPECIFIED.,.F.,
 .F.,(4,1,1,1,1,1,1,1,1,1,1,1,4),(0.,0.0855281101613693,0.168995484175148,
0.252323187628946,0.33605803543852,0.419435720932291,0.501288207874551,
0.583722398088555,0.668015875718371,0.751930254444816,0.834605441668685,
0.916529570121707,1.),.UNSPECIFIED.);
#96=B_SPLINE_CURVE_WITH_KNOTS('',3,(#6313,#6314,#6315,#6316,#6317,#6318,
#6319,#6320,#6321,#6322,#6323,#6324,#6325,#6326,#6327),.UNSPECIFIED.,.F.,
 .F.,(4,1,1,1,1,1,1,1,1,1,1,1,4),(0.,0.0855281101613693,0.168995484175148,
0.252323187628946,0.33605803543852,0.419435720932291,0.501288207874551,
0.583722398088555,0.668015875718371,0.751930254444816,0.834605441668685,
0.916529570121707,1.),.UNSPECIFIED.);
#97=B_SPLINE_CURVE_WITH_KNOTS('',3,(#6338,#6339,#6340,#6341,#6342,#6343,
#6344,#6345,#6346,#6347,#6348,#6349,#6350,#6351,#6352),.UNSPECIFIED.,.F.,
 .F.,(4,1,1,1,1,1,1,1,1,1,1,1,4),(0.,0.0983073925996195,0.199391955463916,
0.305417900841907,0.415963511966395,0.474606578690745,0.536768423183134,
0.603610748117726,0.674131312371896,0.749449052278217,0.828275458200504,
0.912065413425894,1.),.UNSPECIFIED.);
#98=B_SPLINE_CURVE_WITH_KNOTS('',3,(#6354,#6355,#6356,#6357,#6358,#6359,
#6360,#6361,#6362,#6363,#6364,#6365,#6366,#6367,#6368),.UNSPECIFIED.,.F.,
 .F.,(4,1,1,1,1,1,1,1,1,1,1,1,4),(0.,0.0983073925996195,0.199391955463916,
0.305417900841907,0.415963511966395,0.474606578690745,0.536768423183134,
0.603610748117726,0.674131312371896,0.749449052278217,0.828275458200504,
0.912065413425894,1.),.UNSPECIFIED.);
#99=B_SPLINE_CURVE_WITH_KNOTS('',3,(#6376,#6377,#6378,#6379,#6380,#6381,
#6382,#6383,#6384,#6385,#6386,#6387,#6388,#6389,#6390,#6391,#6392,#6393,
#6394),.UNSPECIFIED.,.F.,.F.,(4,1,1,1,1,1,1,1,1,1,1,1,1,1,1,1,4),(0.,0.0595395854970879,
0.117422960002117,0.17444044104692,0.231733890556421,0.289721977285958,
0.349200396448603,0.410515531734449,0.475080278974362,0.540094475476167,
0.604444095929783,0.668696674340236,0.732110201101078,0.796739346741746,
0.862905729709647,0.930461639076418,1.),.UNSPECIFIED.);
#100=B_SPLINE_CURVE_WITH_KNOTS('',3,(#6397,#6398,#6399,#6400,#6401,#6402,
#6403,#6404,#6405,#6406,#6407,#6408,#6409,#6410,#6411,#6412,#6413,#6414,
#6415),.UNSPECIFIED.,.F.,.F.,(4,1,1,1,1,1,1,1,1,1,1,1,1,1,1,1,4),(0.,0.0727129966169394,
0.141547484979501,0.208362522955952,0.272461583955704,0.335389961487685,
0.397711298679618,0.459383374947441,0.522098173887341,0.584314766747193,
0.644391935230053,0.703345013294785,0.761508874970188,0.820030474917231,
0.8785170367553,0.938264501487674,1.),.UNSPECIFIED.);
#101=B_SPLINE_CURVE_WITH_KNOTS('',3,(#6417,#6418,#6419,#6420,#6421,#6422,
#6423,#6424,#6425,#6426,#6427,#6428,#6429,#6430,#6431,#6432,#6433,#6434,
#6435),.UNSPECIFIED.,.F.,.F.,(4,1,1,1,1,1,1,1,1,1,1,1,1,1,1,1,4),(0.,0.0607532319996326,
0.119721695745485,0.17773677807359,0.235972303295115,0.294037135944146,
0.353693248585663,0.415538727910145,0.479698695729201,0.544627576105173,
0.608779104969266,0.672214909229734,0.735482641144587,0.799134291351257,
0.864299000078931,0.930844865268219,1.),.UNSPECIFIED.);
#102=B_SPLINE_CURVE_WITH_KNOTS('',3,(#6437,#6438,#6439,#6440,#6441,#6442,
#6443,#6444,#6445,#6446,#6447,#6448,#6449,#6450,#6451,#6452,#6453,#6454,
#6455),.UNSPECIFIED.,.F.,.F.,(4,1,1,1,1,1,1,1,1,1,1,1,1,1,1,1,4),(0.,0.0687215951756571,
0.134831203762004,0.199565919309686,0.263372318590736,0.32679386620275,
0.389854099892245,0.453660499173295,0.518747233809229,0.583063186517915,
0.645446856931546,0.705248004747838,0.763454003872166,0.821831110554577,
0.879987238405637,0.939099065523102,1.),.UNSPECIFIED.);
#103=B_SPLINE_CURVE_WITH_KNOTS('',3,(#6468,#6469,#6470,#6471,#6472,#6473,
#6474,#6475,#6476,#6477,#6478,#6479,#6480,#6481,#6482,#6483,#6484,#6485,
#6486),.UNSPECIFIED.,.F.,.F.,(4,1,1,1,1,1,1,1,1,1,1,1,1,1,1,1,4),(0.,0.0687215951756571,
0.134831203762004,0.199565919309686,0.263372318590736,0.32679386620275,
0.389854099892245,0.453660499173295,0.518747233809229,0.583063186517915,
0.645446856931546,0.705248004747838,0.763454003872166,0.821831110554577,
0.879987238405637,0.939099065523102,1.),.UNSPECIFIED.);
#104=B_SPLINE_CURVE_WITH_KNOTS('',3,(#6501,#6502,#6503,#6504,#6505,#6506,
#6507,#6508,#6509,#6510,#6511,#6512,#6513,#6514,#6515,#6516,#6517,#6518,
#6519),.UNSPECIFIED.,.F.,.F.,(4,1,1,1,1,1,1,1,1,1,1,1,1,1,1,1,4),(0.,0.0607532319996326,
0.119721695745485,0.17773677807359,0.235972303295115,0.294037135944146,
0.353693248585663,0.415538727910145,0.479698695729201,0.544627576105173,
0.608779104969266,0.672214909229734,0.735482641144587,0.799134291351257,
0.864299000078931,0.930844865268219,1.),.UNSPECIFIED.);
#105=B_SPLINE_CURVE_WITH_KNOTS('',3,(#6532,#6533,#6534,#6535,#6536,#6537,
#6538,#6539,#6540,#6541,#6542,#6543,#6544,#6545,#6546,#6547,#6548,#6549,
#6550),.UNSPECIFIED.,.F.,.F.,(4,1,1,1,1,1,1,1,1,1,1,1,1,1,1,1,4),(0.,0.0727129966169394,
0.141547484979501,0.208362522955952,0.272461583955704,0.335389961487685,
0.397711298679618,0.459383374947441,0.522098173887341,0.584314766747193,
0.644391935230053,0.703345013294785,0.761508874970188,0.820030474917231,
0.8785170367553,0.938264501487674,1.),.UNSPECIFIED.);
#106=B_SPLINE_CURVE_WITH_KNOTS('',3,(#6561,#6562,#6563,#6564,#6565,#6566,
#6567,#6568,#6569,#6570,#6571,#6572,#6573,#6574,#6575,#6576,#6577,#6578,
#6579),.UNSPECIFIED.,.F.,.F.,(4,1,1,1,1,1,1,1,1,1,1,1,1,1,1,1,4),(0.,0.0595395854970879,
0.117422960002117,0.17444044104692,0.231733890556421,0.289721977285958,
0.349200396448603,0.410515531734449,0.475080278974362,0.540094475476167,
0.604444095929783,0.668696674340236,0.732110201101078,0.796739346741746,
0.862905729709647,0.930461639076418,1.),.UNSPECIFIED.);
#107=B_SPLINE_CURVE_WITH_KNOTS('',3,(#6600,#6601,#6602,#6603),
 .UNSPECIFIED.,.F.,.F.,(4,4),(0.,1.),.UNSPECIFIED.);
#108=B_SPLINE_CURVE_WITH_KNOTS('',3,(#6614,#6615,#6616,#6617,#6618,#6619,
#6620,#6621,#6622,#6623,#6624,#6625,#6626,#6627,#6628,#6629,#6630,#6631,
#6632),.UNSPECIFIED.,.F.,.F.,(4,1,1,1,1,1,1,1,1,1,1,1,1,1,1,1,4),(0.,0.0662939058673563,
0.13012913995654,0.192859295842959,0.254755601580504,0.315920236532692,
0.377347596780791,0.440213765451453,0.504182662714221,0.568040193427937,
0.63023333813315,0.690866172824426,0.75142559323198,0.811468600334325,0.872752399553205,
0.935391716176275,1.),.UNSPECIFIED.);
#109=B_SPLINE_CURVE_WITH_KNOTS('',3,(#6634,#6635,#6636,#6637,#6638,#6639,
#6640,#6641,#6642,#6643,#6644,#6645,#6646,#6647,#6648,#6649,#6650,#6651,
#6652),.UNSPECIFIED.,.F.,.F.,(4,1,1,1,1,1,1,1,1,1,1,1,1,1,1,1,4),(0.,0.0662939058673563,
0.13012913995654,0.192859295842959,0.254755601580504,0.315920236532692,
0.377347596780791,0.440213765451453,0.504182662714221,0.568040193427937,
0.63023333813315,0.690866172824426,0.75142559323198,0.811468600334325,0.872752399553205,
0.935391716176275,1.),.UNSPECIFIED.);
#110=B_SPLINE_CURVE_WITH_KNOTS('',3,(#6665,#6666,#6667,#6668,#6669,#6670,
#6671,#6672,#6673,#6674,#6675,#6676,#6677,#6678,#6679),.UNSPECIFIED.,.F.,
 .F.,(4,1,1,1,1,1,1,1,1,1,1,1,4),(0.,0.0852490510097903,0.167326593617822,
0.248175324580851,0.328829078311602,0.40990809697677,0.490584451140796,
0.572993487189391,0.658264892488035,0.74422157730799,0.82906040699134,0.913938297810617,
1.),.UNSPECIFIED.);
#111=B_SPLINE_CURVE_WITH_KNOTS('',3,(#6681,#6682,#6683,#6684,#6685,#6686,
#6687,#6688,#6689,#6690,#6691,#6692,#6693,#6694,#6695),.UNSPECIFIED.,.F.,
 .F.,(4,1,1,1,1,1,1,1,1,1,1,1,4),(0.,0.0852490510097903,0.167326593617822,
0.248175324580851,0.328829078311602,0.40990809697677,0.490584451140796,
0.572993487189391,0.658264892488035,0.74422157730799,0.82906040699134,0.913938297810617,
1.),.UNSPECIFIED.);
#112=B_SPLINE_CURVE_WITH_KNOTS('',3,(#6728,#6729,#6730,#6731,#6732,#6733,
#6734,#6735,#6736,#6737,#6738,#6739,#6740,#6741,#6742),.UNSPECIFIED.,.F.,
 .F.,(4,1,1,1,1,1,1,1,1,1,1,1,4),(0.,0.0855281101613692,0.168995484175148,
0.252323187628946,0.33605803543852,0.419435720932291,0.501288207874551,
0.583722398088555,0.668015875718371,0.751930254444816,0.834605441668685,
0.916529570121707,1.),.UNSPECIFIED.);
#113=B_SPLINE_CURVE_WITH_KNOTS('',3,(#6744,#6745,#6746,#6747,#6748,#6749,
#6750,#6751,#6752,#6753,#6754,#6755,#6756,#6757,#6758),.UNSPECIFIED.,.F.,
 .F.,(4,1,1,1,1,1,1,1,1,1,1,1,4),(0.,0.0855281101613692,0.168995484175148,
0.252323187628946,0.33605803543852,0.419435720932291,0.501288207874551,
0.583722398088555,0.668015875718371,0.751930254444816,0.834605441668685,
0.916529570121707,1.),.UNSPECIFIED.);
#114=B_SPLINE_CURVE_WITH_KNOTS('',3,(#6769,#6770,#6771,#6772,#6773,#6774,
#6775,#6776,#6777,#6778,#6779,#6780,#6781,#6782,#6783),.UNSPECIFIED.,.F.,
 .F.,(4,1,1,1,1,1,1,1,1,1,1,1,4),(0.,0.0983073925996194,0.199391955463916,
0.305417900841907,0.415963511966395,0.474606578690745,0.536768423183134,
0.603610748117726,0.674131312371896,0.749449052278217,0.828275458200504,
0.912065413425894,1.),.UNSPECIFIED.);
#115=B_SPLINE_CURVE_WITH_KNOTS('',3,(#6785,#6786,#6787,#6788,#6789,#6790,
#6791,#6792,#6793,#6794,#6795,#6796,#6797,#6798,#6799),.UNSPECIFIED.,.F.,
 .F.,(4,1,1,1,1,1,1,1,1,1,1,1,4),(0.,0.0983073925996194,0.199391955463916,
0.305417900841907,0.415963511966395,0.474606578690745,0.536768423183134,
0.603610748117726,0.674131312371896,0.749449052278217,0.828275458200504,
0.912065413425894,1.),.UNSPECIFIED.);
#116=B_SPLINE_CURVE_WITH_KNOTS('',3,(#6807,#6808,#6809,#6810,#6811,#6812,
#6813,#6814,#6815,#6816,#6817,#6818,#6819,#6820,#6821,#6822,#6823,#6824,
#6825),.UNSPECIFIED.,.F.,.F.,(4,1,1,1,1,1,1,1,1,1,1,1,1,1,1,1,4),(0.,0.0616172070006677,
0.122179680691624,0.182217045778756,0.241473347782719,0.300957081186861,
0.359966344541048,0.419030446122275,0.478066466194693,0.537990615231128,
0.598958523904521,0.661319637803069,0.725246399814785,0.791219265793767,
0.858745370808764,0.928317276403441,1.),.UNSPECIFIED.);
#117=B_SPLINE_CURVE_WITH_KNOTS('',3,(#6828,#6829,#6830,#6831,#6832,#6833,
#6834,#6835,#6836,#6837,#6838,#6839,#6840,#6841,#6842,#6843,#6844,#6845,
#6846,#6847,#6848,#6849,#6850,#6851,#6852,#6853,#6854,#6855,#6856,#6857),
 .UNSPECIFIED.,.F.,.F.,(4,3,1,1,1,1,1,1,1,1,1,1,1,1,1,1,1,1,1,1,1,1,1,1,
1,4),(-0.01,0.,0.0420422557645226,0.0835501801389653,0.124651583947738,
0.16531437242175,0.206253848238817,0.247056612302255,0.288417987882286,
0.330078104605234,0.37176695197481,0.412848236432399,0.453421889726574,
0.493966725253991,0.534348812928568,0.574922466222743,0.615865423613418,
0.65722610994632,0.698986014797094,0.740468519494359,0.78231026379818,0.824555453499151,
0.867032147550055,0.91049340843723,0.954616071510459,1.),.UNSPECIFIED.);
#118=B_SPLINE_CURVE_WITH_KNOTS('',3,(#6861,#6862,#6863,#6864,#6865,#6866,
#6867,#6868,#6869,#6870,#6871,#6872,#6873,#6874,#6875,#6876,#6877,#6878,
#6879),.UNSPECIFIED.,.F.,.F.,(4,1,1,1,1,1,1,1,1,1,1,1,1,1,1,1,4),(0.,0.0692365237083656,
0.136556739323003,0.202094157267331,0.266464260366058,0.329768822872774,
0.391878965921428,0.453270593103038,0.514114664070462,0.574389510365487,
0.634141663851327,0.693923287499325,0.754152196307389,0.814470164130034,
0.875660630131173,0.937348010628003,1.),.UNSPECIFIED.);
#119=B_SPLINE_CURVE_WITH_KNOTS('',3,(#6881,#6882,#6883,#6884,#6885,#6886,
#6887,#6888,#6889,#6890,#6891,#6892,#6893,#6894,#6895,#6896,#6897,#6898,
#6899),.UNSPECIFIED.,.F.,.F.,(4,1,1,1,1,1,1,1,1,1,1,1,1,1,1,1,4),(0.,0.071272277891841,
0.139492722424175,0.204635418715339,0.267405740386264,0.328445597526984,
0.388397163141541,0.447733931258266,0.507391621231218,0.566767555363435,
0.625478337516418,0.684066505918797,0.743248445815341,0.804033357398258,
0.866498750699673,0.931723237984159,1.),.UNSPECIFIED.);
#120=B_SPLINE_CURVE_WITH_KNOTS('',3,(#6907,#6908,#6909,#6910,#6911,#6912,
#6913,#6914,#6915,#6916,#6917,#6918,#6919,#6920,#6921,#6922,#6923,#6924,
#6925),.UNSPECIFIED.,.F.,.F.,(4,1,1,1,1,1,1,1,1,1,1,1,1,1,1,1,4),(0.,0.0706322443877266,
0.138697887238646,0.204924030554107,0.269449187797102,0.332646586751197,
0.395313877997916,0.457778040103012,0.52067306747004,0.582869615817281,
0.643335025063406,0.702601885958682,0.76073205984158,0.81948404930042,0.878265324083943,
0.938489414791665,1.),.UNSPECIFIED.);
#121=B_SPLINE_CURVE_WITH_KNOTS('',3,(#6927,#6928,#6929,#6930,#6931,#6932,
#6933,#6934,#6935,#6936,#6937,#6938,#6939,#6940,#6941,#6942,#6943,#6944,
#6945,#6946,#6947,#6948,#6949,#6950,#6951,#6952,#6953),.UNSPECIFIED.,.F.,
 .F.,(4,1,1,1,1,1,1,1,1,1,1,1,1,1,1,1,1,1,1,1,1,1,1,1,4),(0.,0.0389934464609042,
0.0778804147933123,0.116649302415909,0.15534407782362,0.194633924984759,
0.234276326657321,0.274561188559587,0.31568059162223,0.357032036422009,
0.398094195092609,0.439108751079084,0.47984337424376,0.521283423880589,
0.562849313153906,0.605299722501271,0.648415483809542,0.691733275680753,
0.735154025820574,0.778373226684298,0.82166431980874,0.865526309147936,
0.909733249625516,0.954523447522332,1.),.UNSPECIFIED.);
#122=B_SPLINE_CURVE_WITH_KNOTS('',3,(#6955,#6956,#6957,#6958,#6959,#6960,
#6961,#6962,#6963,#6964,#6965,#6966,#6967,#6968,#6969,#6970,#6971,#6972,
#6973,#6974,#6975,#6976,#6977,#6978,#6979,#6980,#6981),.UNSPECIFIED.,.F.,
 .F.,(4,1,1,1,1,1,1,1,1,1,1,1,1,1,1,1,1,1,1,1,1,1,1,1,4),(0.,0.042847713574337,
0.0855842997048899,0.127738093934925,0.170094253971711,0.212535818914609,
0.255514679036743,0.298645533715992,0.342635705060507,0.386565337849937,
0.429576668548142,0.471702509673923,0.513551962897321,0.555117943049861,
0.596384762234631,0.637975924989666,0.679684405517363,0.721199974638991,
0.761763039742414,0.802080135055423,0.841782232135195,0.881042321597983,
0.920621154121417,0.960095130175781,1.),.UNSPECIFIED.);
#123=B_SPLINE_CURVE_WITH_KNOTS('',3,(#6983,#6984,#6985,#6986,#6987,#6988,
#6989,#6990,#6991,#6992,#6993),.UNSPECIFIED.,.F.,.F.,(4,1,1,1,1,1,1,1,4),
(0.,0.136505685043648,0.269031638338906,0.398919561445956,0.527081990599856,
0.652272343090902,0.772136524847461,0.887488329420051,1.),.UNSPECIFIED.);
#124=B_SPLINE_CURVE_WITH_KNOTS('',3,(#7024,#7025,#7026,#7027,#7028,#7029,
#7030,#7031,#7032,#7033,#7034),.UNSPECIFIED.,.F.,.F.,(4,1,1,1,1,1,1,1,4),
(0.,0.136505685043648,0.269031638338906,0.398919561445956,0.527081990599856,
0.652272343090902,0.772136524847461,0.887488329420051,1.),.UNSPECIFIED.);
#125=B_SPLINE_CURVE_WITH_KNOTS('',3,(#7091,#7092,#7093,#7094,#7095,#7096,
#7097,#7098,#7099,#7100,#7101,#7102,#7103,#7104,#7105,#7106,#7107,#7108,
#7109,#7110,#7111,#7112,#7113,#7114,#7115,#7116,#7117),.UNSPECIFIED.,.F.,
 .F.,(4,1,1,1,1,1,1,1,1,1,1,1,1,1,1,1,1,1,1,1,1,1,1,1,4),(0.,0.042847713574337,
0.0855842997048899,0.127738093934925,0.170094253971711,0.212535818914609,
0.255514679036743,0.298645533715992,0.342635705060507,0.386565337849937,
0.429576668548142,0.471702509673923,0.513551962897321,0.555117943049861,
0.596384762234631,0.637975924989666,0.679684405517363,0.721199974638991,
0.761763039742414,0.802080135055423,0.841782232135195,0.881042321597983,
0.920621154121417,0.960095130175781,1.),.UNSPECIFIED.);
#126=B_SPLINE_CURVE_WITH_KNOTS('',3,(#7174,#7175,#7176,#7177,#7178,#7179,
#7180,#7181,#7182,#7183,#7184,#7185,#7186,#7187,#7188,#7189,#7190,#7191,
#7192,#7193,#7194,#7195,#7196,#7197,#7198,#7199,#7200),.UNSPECIFIED.,.F.,
 .F.,(4,1,1,1,1,1,1,1,1,1,1,1,1,1,1,1,1,1,1,1,1,1,1,1,4),(0.,0.0389934464609042,
0.0778804147933123,0.116649302415909,0.15534407782362,0.194633924984759,
0.234276326657321,0.274561188559587,0.31568059162223,0.357032036422009,
0.398094195092609,0.439108751079084,0.47984337424376,0.521283423880589,
0.562849313153906,0.605299722501271,0.648415483809542,0.691733275680753,
0.735154025820574,0.778373226684298,0.82166431980874,0.865526309147936,
0.909733249625516,0.954523447522332,1.),.UNSPECIFIED.);
#127=B_SPLINE_CURVE_WITH_KNOTS('',3,(#7241,#7242,#7243,#7244,#7245,#7246,
#7247,#7248,#7249,#7250,#7251,#7252,#7253,#7254,#7255,#7256,#7257,#7258,
#7259),.UNSPECIFIED.,.F.,.F.,(4,1,1,1,1,1,1,1,1,1,1,1,1,1,1,1,4),(0.,0.0706322443877266,
0.138697887238646,0.204924030554107,0.269449187797102,0.332646586751197,
0.395313877997916,0.457778040103012,0.52067306747004,0.582869615817281,
0.643335025063406,0.702601885958682,0.76073205984158,0.81948404930042,0.878265324083943,
0.938489414791665,1.),.UNSPECIFIED.);
#128=B_SPLINE_CURVE_WITH_KNOTS('',3,(#7312,#7313,#7314,#7315,#7316,#7317,
#7318,#7319,#7320,#7321,#7322,#7323,#7324,#7325,#7326,#7327,#7328,#7329,
#7330),.UNSPECIFIED.,.F.,.F.,(4,1,1,1,1,1,1,1,1,1,1,1,1,1,1,1,4),(0.,0.071272277891841,
0.139492722424175,0.204635418715339,0.267405740386264,0.328445597526984,
0.388397163141541,0.447733931258266,0.507391621231218,0.566767555363435,
0.625478337516418,0.684066505918797,0.743248445815341,0.804033357398258,
0.866498750699673,0.931723237984159,1.),.UNSPECIFIED.);
#129=B_SPLINE_CURVE_WITH_KNOTS('',3,(#7343,#7344,#7345,#7346,#7347,#7348,
#7349,#7350,#7351,#7352,#7353,#7354,#7355,#7356,#7357,#7358,#7359,#7360,
#7361),.UNSPECIFIED.,.F.,.F.,(4,1,1,1,1,1,1,1,1,1,1,1,1,1,1,1,4),(0.,0.0692365237083656,
0.136556739323003,0.202094157267331,0.266464260366058,0.329768822872774,
0.391878965921428,0.453270593103038,0.514114664070462,0.574389510365487,
0.634141663851327,0.693923287499325,0.754152196307389,0.814470164130034,
0.875660630131173,0.937348010628003,1.),.UNSPECIFIED.);
#130=B_SPLINE_CURVE_WITH_KNOTS('',3,(#7363,#7364,#7365,#7366),
 .UNSPECIFIED.,.F.,.F.,(4,4),(0.,1.),.UNSPECIFIED.);
#131=B_SPLINE_CURVE_WITH_KNOTS('',3,(#7370,#7371,#7372,#7373),
 .UNSPECIFIED.,.F.,.F.,(4,4),(0.,1.),.UNSPECIFIED.);
#132=B_SPLINE_CURVE_WITH_KNOTS('',3,(#7384,#7385,#7386,#7387,#7388,#7389,
#7390,#7391,#7392,#7393,#7394,#7395,#7396,#7397,#7398,#7399,#7400,#7401,
#7402,#7403,#7404,#7405,#7406,#7407,#7408,#7409,#7410,#7411,#7412,#7413),
 .UNSPECIFIED.,.F.,.F.,(4,3,1,1,1,1,1,1,1,1,1,1,1,1,1,1,1,1,1,1,1,1,1,1,
1,4),(-0.01,0.,0.0420422557645226,0.0835501801389653,0.124651583947738,
0.16531437242175,0.206253848238817,0.247056612302255,0.288417987882286,
0.330078104605234,0.37176695197481,0.412848236432399,0.453421889726574,
0.493966725253991,0.534348812928568,0.574922466222743,0.615865423613418,
0.65722610994632,0.698986014797094,0.740468519494359,0.78231026379818,0.824555453499151,
0.867032147550055,0.91049340843723,0.954616071510459,1.),.UNSPECIFIED.);
#133=B_SPLINE_CURVE_WITH_KNOTS('',3,(#7454,#7455,#7456,#7457,#7458,#7459,
#7460,#7461,#7462,#7463,#7464,#7465,#7466,#7467,#7468,#7469,#7470,#7471,
#7472),.UNSPECIFIED.,.F.,.F.,(4,1,1,1,1,1,1,1,1,1,1,1,1,1,1,1,4),(0.,0.0616172070006677,
0.122179680691624,0.182217045778756,0.241473347782719,0.300957081186861,
0.359966344541048,0.419030446122275,0.478066466194693,0.537990615231128,
0.598958523904521,0.661319637803069,0.725246399814785,0.791219265793767,
0.858745370808764,0.928317276403441,1.),.UNSPECIFIED.);
#134=OVER_RIDING_STYLED_ITEM('',(#3810),#3609,#3807);
#135=OVER_RIDING_STYLED_ITEM('',(#3811),#3627,#3807);
#136=OVER_RIDING_STYLED_ITEM('',(#3812),#3641,#3807);
#137=OVER_RIDING_STYLED_ITEM('',(#3813),#3655,#3807);
#138=OVER_RIDING_STYLED_ITEM('',(#3814),#3759,#3807);
#139=OVER_RIDING_STYLED_ITEM('',(#3815),#3760,#3807);
#140=OVER_RIDING_STYLED_ITEM('',(#3816),#3761,#3807);
#141=OVER_RIDING_STYLED_ITEM('',(#3817),#3803,#3807);
#142=CONTEXT_DEPENDENT_SHAPE_REPRESENTATION(#148,#8106);
#143=CONTEXT_DEPENDENT_SHAPE_REPRESENTATION(#149,#8108);
#144=CONTEXT_DEPENDENT_SHAPE_REPRESENTATION(#150,#8109);
#145=NEXT_ASSEMBLY_USAGE_OCCURRENCE('NAUO1','base','base',#8111,#8112,
'');
#146=NEXT_ASSEMBLY_USAGE_OCCURRENCE('NAUO2','#servo_MG996R',
'#servo_MG996R',#8111,#8113,'');
#147=NEXT_ASSEMBLY_USAGE_OCCURRENCE('NAUO3','Base <1>','Base <1>',#8110,
#8111,'');
#148=(
REPRESENTATION_RELATIONSHIP(' ',' ',#3880,#3879)
REPRESENTATION_RELATIONSHIP_WITH_TRANSFORMATION(#151)
SHAPE_REPRESENTATION_RELATIONSHIP()
);
#149=(
REPRESENTATION_RELATIONSHIP(' ',' ',#3881,#3879)
REPRESENTATION_RELATIONSHIP_WITH_TRANSFORMATION(#152)
SHAPE_REPRESENTATION_RELATIONSHIP()
);
#150=(
REPRESENTATION_RELATIONSHIP(' ',' ',#3879,#3878)
REPRESENTATION_RELATIONSHIP_WITH_TRANSFORMATION(#153)
SHAPE_REPRESENTATION_RELATIONSHIP()
);
#151=ITEM_DEFINED_TRANSFORMATION(' ',' ',#3882,#3896);
#152=ITEM_DEFINED_TRANSFORMATION(' ',' ',#3882,#4152);
#153=ITEM_DEFINED_TRANSFORMATION(' ',' ',#3882,#4153);
#154=SHAPE_REPRESENTATION_RELATIONSHIP('','',#3880,#156);
#155=SHAPE_REPRESENTATION_RELATIONSHIP('','',#3881,#157);
#156=ADVANCED_BREP_SHAPE_REPRESENTATION('',(#3872),#8094);
#157=ADVANCED_BREP_SHAPE_REPRESENTATION('',(#3873),#8095);
#158=CYLINDRICAL_SURFACE('',#3895,0.5);
#159=CYLINDRICAL_SURFACE('',#3897,0.15);
#160=CYLINDRICAL_SURFACE('',#3900,0.15);
#161=CYLINDRICAL_SURFACE('',#3903,0.15);
#162=CYLINDRICAL_SURFACE('',#3906,0.15);
#163=CYLINDRICAL_SURFACE('',#3925,0.123948272599962);
#164=CYLINDRICAL_SURFACE('',#3933,0.166963572065761);
#165=CYLINDRICAL_SURFACE('',#3941,0.166963572066777);
#166=CYLINDRICAL_SURFACE('',#3952,0.106788043446537);
#167=CYLINDRICAL_SURFACE('',#3982,0.22);
#168=CYLINDRICAL_SURFACE('',#3990,0.22);
#169=CYLINDRICAL_SURFACE('',#3996,0.22);
#170=CYLINDRICAL_SURFACE('',#4000,0.22);
#171=CYLINDRICAL_SURFACE('',#4008,0.05);
#172=CYLINDRICAL_SURFACE('',#4011,0.05);
#173=CYLINDRICAL_SURFACE('',#4014,0.05);
#174=CYLINDRICAL_SURFACE('',#4017,0.05);
#175=CYLINDRICAL_SURFACE('',#4020,0.05);
#176=CYLINDRICAL_SURFACE('',#4023,0.05);
#177=CYLINDRICAL_SURFACE('',#4026,0.05);
#178=CYLINDRICAL_SURFACE('',#4029,0.05);
#179=CYLINDRICAL_SURFACE('',#4032,0.05);
#180=CYLINDRICAL_SURFACE('',#4035,0.05);
#181=CYLINDRICAL_SURFACE('',#4038,0.05);
#182=CYLINDRICAL_SURFACE('',#4041,0.05);
#183=CYLINDRICAL_SURFACE('',#4044,0.05);
#184=CYLINDRICAL_SURFACE('',#4047,0.05);
#185=CYLINDRICAL_SURFACE('',#4050,0.05);
#186=CYLINDRICAL_SURFACE('',#4053,0.05);
#187=CYLINDRICAL_SURFACE('',#4056,0.05);
#188=CYLINDRICAL_SURFACE('',#4061,0.28284271247462);
#189=CYLINDRICAL_SURFACE('',#4066,0.28284271247462);
#190=CYLINDRICAL_SURFACE('',#4071,0.28284271247462);
#191=CYLINDRICAL_SURFACE('',#4076,0.28284271247462);
#192=CYLINDRICAL_SURFACE('',#4085,0.15);
#193=CYLINDRICAL_SURFACE('',#4089,0.3);
#194=CYLINDRICAL_SURFACE('',#4093,0.525);
#195=CYLINDRICAL_SURFACE('',#4097,0.65);
#196=CYLINDRICAL_SURFACE('',#4099,0.2);
#197=CYLINDRICAL_SURFACE('',#4125,0.640833333333333);
#198=CYLINDRICAL_SURFACE('',#4133,1.);
#199=CIRCLE('',#3892,0.5);
#200=CIRCLE('',#3894,0.5);
#201=CIRCLE('',#3898,0.15);
#202=CIRCLE('',#3899,0.15);
#203=CIRCLE('',#3901,0.15);
#204=CIRCLE('',#3902,0.15);
#205=CIRCLE('',#3904,0.15);
#206=CIRCLE('',#3905,0.15);
#207=CIRCLE('',#3907,0.15);
#208=CIRCLE('',#3908,0.15);
#209=CIRCLE('',#3926,0.123948272599962);
#210=CIRCLE('',#3927,0.123948272599962);
#211=CIRCLE('',#3934,0.166963572065761);
#212=CIRCLE('',#3935,0.166963572065761);
#213=CIRCLE('',#3942,0.166963572066777);
#214=CIRCLE('',#3943,0.166963572066777);
#215=CIRCLE('',#3947,0.106788043446537);
#216=CIRCLE('',#3953,0.106788043446537);
#217=CIRCLE('',#3975,0.22);
#218=CIRCLE('',#3977,0.22);
#219=CIRCLE('',#3978,0.22);
#220=CIRCLE('',#3983,0.22);
#221=CIRCLE('',#3992,0.22);
#222=CIRCLE('',#3994,0.22);
#223=CIRCLE('',#3995,0.22);
#224=CIRCLE('',#4001,0.22);
#225=CIRCLE('',#4009,0.05);
#226=CIRCLE('',#4010,0.05);
#227=CIRCLE('',#4012,0.05);
#228=CIRCLE('',#4013,0.05);
#229=CIRCLE('',#4015,0.05);
#230=CIRCLE('',#4016,0.05);
#231=CIRCLE('',#4018,0.05);
#232=CIRCLE('',#4019,0.05);
#233=CIRCLE('',#4021,0.05);
#234=CIRCLE('',#4022,0.05);
#235=CIRCLE('',#4024,0.05);
#236=CIRCLE('',#4025,0.05);
#237=CIRCLE('',#4027,0.05);
#238=CIRCLE('',#4028,0.05);
#239=CIRCLE('',#4030,0.05);
#240=CIRCLE('',#4031,0.05);
#241=CIRCLE('',#4033,0.05);
#242=CIRCLE('',#4034,0.05);
#243=CIRCLE('',#4036,0.05);
#244=CIRCLE('',#4037,0.05);
#245=CIRCLE('',#4039,0.05);
#246=CIRCLE('',#4040,0.05);
#247=CIRCLE('',#4042,0.05);
#248=CIRCLE('',#4043,0.05);
#249=CIRCLE('',#4045,0.05);
#250=CIRCLE('',#4046,0.05);
#251=CIRCLE('',#4048,0.05);
#252=CIRCLE('',#4049,0.05);
#253=CIRCLE('',#4051,0.05);
#254=CIRCLE('',#4052,0.05);
#255=CIRCLE('',#4054,0.05);
#256=CIRCLE('',#4055,0.05);
#257=CIRCLE('',#4057,0.05);
#258=CIRCLE('',#4058,0.05);
#259=CIRCLE('',#4060,0.28284271247462);
#260=CIRCLE('',#4065,0.28284271247462);
#261=CIRCLE('',#4070,0.28284271247462);
#262=CIRCLE('',#4075,0.28284271247462);
#263=CIRCLE('',#4084,0.15);
#264=CIRCLE('',#4086,0.15);
#265=CIRCLE('',#4088,0.3);
#266=CIRCLE('',#4090,0.3);
#267=CIRCLE('',#4092,0.525);
#268=CIRCLE('',#4094,0.525);
#269=CIRCLE('',#4096,0.65);
#270=CIRCLE('',#4098,0.65);
#271=CIRCLE('',#4100,0.2);
#272=CIRCLE('',#4101,0.2);
#273=CIRCLE('',#4108,1.);
#274=CIRCLE('',#4114,1.);
#275=CIRCLE('',#4119,1.);
#276=CIRCLE('',#4120,1.);
#277=CIRCLE('',#4121,0.640833333333333);
#278=CIRCLE('',#4123,1.);
#279=CIRCLE('',#4126,0.640833333333333);
#280=CIRCLE('',#4134,1.);
#281=CIRCLE('',#4135,1.);
#282=CIRCLE('',#4136,1.);
#283=CIRCLE('',#4137,1.);
#284=CIRCLE('',#4138,1.);
#285=CIRCLE('',#4139,1.);
#286=ORIENTED_EDGE('',*,*,#1368,.T.);
#287=ORIENTED_EDGE('',*,*,#1369,.T.);
#288=ORIENTED_EDGE('',*,*,#1370,.T.);
#289=ORIENTED_EDGE('',*,*,#1371,.T.);
#290=ORIENTED_EDGE('',*,*,#1372,.T.);
#291=ORIENTED_EDGE('',*,*,#1373,.F.);
#292=ORIENTED_EDGE('',*,*,#1370,.F.);
#293=ORIENTED_EDGE('',*,*,#1374,.T.);
#294=ORIENTED_EDGE('',*,*,#1375,.T.);
#295=ORIENTED_EDGE('',*,*,#1376,.T.);
#296=ORIENTED_EDGE('',*,*,#1377,.T.);
#297=ORIENTED_EDGE('',*,*,#1378,.T.);
#298=ORIENTED_EDGE('',*,*,#1379,.T.);
#299=ORIENTED_EDGE('',*,*,#1380,.F.);
#300=ORIENTED_EDGE('',*,*,#1377,.F.);
#301=ORIENTED_EDGE('',*,*,#1381,.T.);
#302=ORIENTED_EDGE('',*,*,#1382,.T.);
#303=ORIENTED_EDGE('',*,*,#1371,.F.);
#304=ORIENTED_EDGE('',*,*,#1373,.T.);
#305=ORIENTED_EDGE('',*,*,#1383,.T.);
#306=ORIENTED_EDGE('',*,*,#1381,.F.);
#307=ORIENTED_EDGE('',*,*,#1376,.F.);
#308=ORIENTED_EDGE('',*,*,#1384,.F.);
#309=ORIENTED_EDGE('',*,*,#1385,.F.);
#310=ORIENTED_EDGE('',*,*,#1386,.T.);
#311=ORIENTED_EDGE('',*,*,#1368,.F.);
#312=ORIENTED_EDGE('',*,*,#1382,.F.);
#313=ORIENTED_EDGE('',*,*,#1387,.F.);
#314=ORIENTED_EDGE('',*,*,#1388,.T.);
#315=ORIENTED_EDGE('',*,*,#1378,.F.);
#316=ORIENTED_EDGE('',*,*,#1380,.T.);
#317=ORIENTED_EDGE('',*,*,#1389,.T.);
#318=ORIENTED_EDGE('',*,*,#1374,.F.);
#319=ORIENTED_EDGE('',*,*,#1369,.F.);
#320=ORIENTED_EDGE('',*,*,#1386,.F.);
#321=ORIENTED_EDGE('',*,*,#1390,.F.);
#322=ORIENTED_EDGE('',*,*,#1384,.T.);
#323=ORIENTED_EDGE('',*,*,#1375,.F.);
#324=ORIENTED_EDGE('',*,*,#1388,.F.);
#325=ORIENTED_EDGE('',*,*,#1391,.F.);
#326=ORIENTED_EDGE('',*,*,#1392,.T.);
#327=ORIENTED_EDGE('',*,*,#1391,.T.);
#328=ORIENTED_EDGE('',*,*,#1390,.T.);
#329=ORIENTED_EDGE('',*,*,#1387,.T.);
#330=ORIENTED_EDGE('',*,*,#1385,.T.);
#331=ORIENTED_EDGE('',*,*,#1393,.T.);
#332=ORIENTED_EDGE('',*,*,#1383,.F.);
#333=ORIENTED_EDGE('',*,*,#1372,.F.);
#334=ORIENTED_EDGE('',*,*,#1389,.F.);
#335=ORIENTED_EDGE('',*,*,#1379,.F.);
#336=ORIENTED_EDGE('',*,*,#1393,.F.);
#337=ORIENTED_EDGE('',*,*,#1392,.F.);
#338=ORIENTED_EDGE('',*,*,#1394,.T.);
#339=ORIENTED_EDGE('',*,*,#1395,.T.);
#340=ORIENTED_EDGE('',*,*,#1396,.F.);
#341=ORIENTED_EDGE('',*,*,#1397,.F.);
#342=ORIENTED_EDGE('',*,*,#1398,.T.);
#343=ORIENTED_EDGE('',*,*,#1399,.T.);
#344=ORIENTED_EDGE('',*,*,#1400,.F.);
#345=ORIENTED_EDGE('',*,*,#1401,.F.);
#346=ORIENTED_EDGE('',*,*,#1402,.T.);
#347=ORIENTED_EDGE('',*,*,#1403,.T.);
#348=ORIENTED_EDGE('',*,*,#1404,.F.);
#349=ORIENTED_EDGE('',*,*,#1405,.F.);
#350=ORIENTED_EDGE('',*,*,#1406,.T.);
#351=ORIENTED_EDGE('',*,*,#1407,.T.);
#352=ORIENTED_EDGE('',*,*,#1408,.F.);
#353=ORIENTED_EDGE('',*,*,#1409,.F.);
#354=ORIENTED_EDGE('',*,*,#1410,.T.);
#355=ORIENTED_EDGE('',*,*,#1411,.T.);
#356=ORIENTED_EDGE('',*,*,#1412,.T.);
#357=ORIENTED_EDGE('',*,*,#1413,.T.);
#358=ORIENTED_EDGE('',*,*,#1414,.T.);
#359=ORIENTED_EDGE('',*,*,#1414,.F.);
#360=ORIENTED_EDGE('',*,*,#1415,.F.);
#361=ORIENTED_EDGE('',*,*,#1416,.T.);
#362=ORIENTED_EDGE('',*,*,#1417,.T.);
#363=ORIENTED_EDGE('',*,*,#1413,.F.);
#364=ORIENTED_EDGE('',*,*,#1418,.F.);
#365=ORIENTED_EDGE('',*,*,#1419,.T.);
#366=ORIENTED_EDGE('',*,*,#1415,.T.);
#367=ORIENTED_EDGE('',*,*,#1412,.F.);
#368=ORIENTED_EDGE('',*,*,#1420,.F.);
#369=ORIENTED_EDGE('',*,*,#1421,.T.);
#370=ORIENTED_EDGE('',*,*,#1418,.T.);
#371=ORIENTED_EDGE('',*,*,#1411,.F.);
#372=ORIENTED_EDGE('',*,*,#1422,.F.);
#373=ORIENTED_EDGE('',*,*,#1423,.T.);
#374=ORIENTED_EDGE('',*,*,#1420,.T.);
#375=ORIENTED_EDGE('',*,*,#1410,.F.);
#376=ORIENTED_EDGE('',*,*,#1417,.F.);
#377=ORIENTED_EDGE('',*,*,#1424,.T.);
#378=ORIENTED_EDGE('',*,*,#1422,.T.);
#379=ORIENTED_EDGE('',*,*,#1425,.F.);
#380=ORIENTED_EDGE('',*,*,#1426,.F.);
#381=ORIENTED_EDGE('',*,*,#1427,.T.);
#382=ORIENTED_EDGE('',*,*,#1428,.T.);
#383=ORIENTED_EDGE('',*,*,#1429,.F.);
#384=ORIENTED_EDGE('',*,*,#1428,.F.);
#385=ORIENTED_EDGE('',*,*,#1430,.T.);
#386=ORIENTED_EDGE('',*,*,#1431,.T.);
#387=ORIENTED_EDGE('',*,*,#1432,.F.);
#388=ORIENTED_EDGE('',*,*,#1431,.F.);
#389=ORIENTED_EDGE('',*,*,#1433,.T.);
#390=ORIENTED_EDGE('',*,*,#1434,.T.);
#391=ORIENTED_EDGE('',*,*,#1435,.F.);
#392=ORIENTED_EDGE('',*,*,#1434,.F.);
#393=ORIENTED_EDGE('',*,*,#1436,.T.);
#394=ORIENTED_EDGE('',*,*,#1437,.T.);
#395=ORIENTED_EDGE('',*,*,#1438,.F.);
#396=ORIENTED_EDGE('',*,*,#1437,.F.);
#397=ORIENTED_EDGE('',*,*,#1439,.T.);
#398=ORIENTED_EDGE('',*,*,#1440,.T.);
#399=ORIENTED_EDGE('',*,*,#1441,.F.);
#400=ORIENTED_EDGE('',*,*,#1440,.F.);
#401=ORIENTED_EDGE('',*,*,#1442,.T.);
#402=ORIENTED_EDGE('',*,*,#1443,.T.);
#403=ORIENTED_EDGE('',*,*,#1444,.F.);
#404=ORIENTED_EDGE('',*,*,#1443,.F.);
#405=ORIENTED_EDGE('',*,*,#1445,.T.);
#406=ORIENTED_EDGE('',*,*,#1446,.T.);
#407=ORIENTED_EDGE('',*,*,#1447,.F.);
#408=ORIENTED_EDGE('',*,*,#1446,.F.);
#409=ORIENTED_EDGE('',*,*,#1448,.T.);
#410=ORIENTED_EDGE('',*,*,#1449,.T.);
#411=ORIENTED_EDGE('',*,*,#1450,.F.);
#412=ORIENTED_EDGE('',*,*,#1449,.F.);
#413=ORIENTED_EDGE('',*,*,#1451,.T.);
#414=ORIENTED_EDGE('',*,*,#1452,.T.);
#415=ORIENTED_EDGE('',*,*,#1453,.F.);
#416=ORIENTED_EDGE('',*,*,#1452,.F.);
#417=ORIENTED_EDGE('',*,*,#1454,.T.);
#418=ORIENTED_EDGE('',*,*,#1455,.T.);
#419=ORIENTED_EDGE('',*,*,#1456,.F.);
#420=ORIENTED_EDGE('',*,*,#1455,.F.);
#421=ORIENTED_EDGE('',*,*,#1457,.T.);
#422=ORIENTED_EDGE('',*,*,#1426,.T.);
#423=ORIENTED_EDGE('',*,*,#1423,.F.);
#424=ORIENTED_EDGE('',*,*,#1424,.F.);
#425=ORIENTED_EDGE('',*,*,#1416,.F.);
#426=ORIENTED_EDGE('',*,*,#1419,.F.);
#427=ORIENTED_EDGE('',*,*,#1421,.F.);
#428=ORIENTED_EDGE('',*,*,#1457,.F.);
#429=ORIENTED_EDGE('',*,*,#1454,.F.);
#430=ORIENTED_EDGE('',*,*,#1451,.F.);
#431=ORIENTED_EDGE('',*,*,#1448,.F.);
#432=ORIENTED_EDGE('',*,*,#1445,.F.);
#433=ORIENTED_EDGE('',*,*,#1442,.F.);
#434=ORIENTED_EDGE('',*,*,#1439,.F.);
#435=ORIENTED_EDGE('',*,*,#1436,.F.);
#436=ORIENTED_EDGE('',*,*,#1433,.F.);
#437=ORIENTED_EDGE('',*,*,#1430,.F.);
#438=ORIENTED_EDGE('',*,*,#1427,.F.);
#439=ORIENTED_EDGE('',*,*,#1458,.T.);
#440=ORIENTED_EDGE('',*,*,#1459,.T.);
#441=ORIENTED_EDGE('',*,*,#1460,.T.);
#442=ORIENTED_EDGE('',*,*,#1461,.T.);
#443=ORIENTED_EDGE('',*,*,#1461,.F.);
#444=ORIENTED_EDGE('',*,*,#1462,.F.);
#445=ORIENTED_EDGE('',*,*,#1463,.T.);
#446=ORIENTED_EDGE('',*,*,#1464,.T.);
#447=ORIENTED_EDGE('',*,*,#1460,.F.);
#448=ORIENTED_EDGE('',*,*,#1465,.F.);
#449=ORIENTED_EDGE('',*,*,#1466,.T.);
#450=ORIENTED_EDGE('',*,*,#1462,.T.);
#451=ORIENTED_EDGE('',*,*,#1459,.F.);
#452=ORIENTED_EDGE('',*,*,#1467,.F.);
#453=ORIENTED_EDGE('',*,*,#1468,.T.);
#454=ORIENTED_EDGE('',*,*,#1465,.T.);
#455=ORIENTED_EDGE('',*,*,#1458,.F.);
#456=ORIENTED_EDGE('',*,*,#1464,.F.);
#457=ORIENTED_EDGE('',*,*,#1469,.T.);
#458=ORIENTED_EDGE('',*,*,#1467,.T.);
#459=ORIENTED_EDGE('',*,*,#1470,.F.);
#460=ORIENTED_EDGE('',*,*,#1471,.F.);
#461=ORIENTED_EDGE('',*,*,#1472,.T.);
#462=ORIENTED_EDGE('',*,*,#1473,.T.);
#463=ORIENTED_EDGE('',*,*,#1474,.F.);
#464=ORIENTED_EDGE('',*,*,#1473,.F.);
#465=ORIENTED_EDGE('',*,*,#1475,.T.);
#466=ORIENTED_EDGE('',*,*,#1476,.T.);
#467=ORIENTED_EDGE('',*,*,#1477,.F.);
#468=ORIENTED_EDGE('',*,*,#1476,.F.);
#469=ORIENTED_EDGE('',*,*,#1478,.T.);
#470=ORIENTED_EDGE('',*,*,#1479,.T.);
#471=ORIENTED_EDGE('',*,*,#1480,.F.);
#472=ORIENTED_EDGE('',*,*,#1479,.F.);
#473=ORIENTED_EDGE('',*,*,#1481,.T.);
#474=ORIENTED_EDGE('',*,*,#1482,.T.);
#475=ORIENTED_EDGE('',*,*,#1483,.F.);
#476=ORIENTED_EDGE('',*,*,#1482,.F.);
#477=ORIENTED_EDGE('',*,*,#1484,.T.);
#478=ORIENTED_EDGE('',*,*,#1485,.T.);
#479=ORIENTED_EDGE('',*,*,#1486,.F.);
#480=ORIENTED_EDGE('',*,*,#1485,.F.);
#481=ORIENTED_EDGE('',*,*,#1487,.T.);
#482=ORIENTED_EDGE('',*,*,#1488,.T.);
#483=ORIENTED_EDGE('',*,*,#1489,.F.);
#484=ORIENTED_EDGE('',*,*,#1488,.F.);
#485=ORIENTED_EDGE('',*,*,#1490,.T.);
#486=ORIENTED_EDGE('',*,*,#1491,.T.);
#487=ORIENTED_EDGE('',*,*,#1492,.F.);
#488=ORIENTED_EDGE('',*,*,#1491,.F.);
#489=ORIENTED_EDGE('',*,*,#1493,.T.);
#490=ORIENTED_EDGE('',*,*,#1471,.T.);
#491=ORIENTED_EDGE('',*,*,#1468,.F.);
#492=ORIENTED_EDGE('',*,*,#1469,.F.);
#493=ORIENTED_EDGE('',*,*,#1463,.F.);
#494=ORIENTED_EDGE('',*,*,#1466,.F.);
#495=ORIENTED_EDGE('',*,*,#1493,.F.);
#496=ORIENTED_EDGE('',*,*,#1490,.F.);
#497=ORIENTED_EDGE('',*,*,#1487,.F.);
#498=ORIENTED_EDGE('',*,*,#1484,.F.);
#499=ORIENTED_EDGE('',*,*,#1481,.F.);
#500=ORIENTED_EDGE('',*,*,#1478,.F.);
#501=ORIENTED_EDGE('',*,*,#1475,.F.);
#502=ORIENTED_EDGE('',*,*,#1472,.F.);
#503=ORIENTED_EDGE('',*,*,#1494,.T.);
#504=ORIENTED_EDGE('',*,*,#1495,.T.);
#505=ORIENTED_EDGE('',*,*,#1496,.T.);
#506=ORIENTED_EDGE('',*,*,#1497,.T.);
#507=ORIENTED_EDGE('',*,*,#1497,.F.);
#508=ORIENTED_EDGE('',*,*,#1498,.F.);
#509=ORIENTED_EDGE('',*,*,#1499,.T.);
#510=ORIENTED_EDGE('',*,*,#1500,.T.);
#511=ORIENTED_EDGE('',*,*,#1496,.F.);
#512=ORIENTED_EDGE('',*,*,#1501,.F.);
#513=ORIENTED_EDGE('',*,*,#1502,.T.);
#514=ORIENTED_EDGE('',*,*,#1498,.T.);
#515=ORIENTED_EDGE('',*,*,#1495,.F.);
#516=ORIENTED_EDGE('',*,*,#1503,.F.);
#517=ORIENTED_EDGE('',*,*,#1504,.T.);
#518=ORIENTED_EDGE('',*,*,#1501,.T.);
#519=ORIENTED_EDGE('',*,*,#1494,.F.);
#520=ORIENTED_EDGE('',*,*,#1500,.F.);
#521=ORIENTED_EDGE('',*,*,#1505,.T.);
#522=ORIENTED_EDGE('',*,*,#1503,.T.);
#523=ORIENTED_EDGE('',*,*,#1506,.F.);
#524=ORIENTED_EDGE('',*,*,#1507,.F.);
#525=ORIENTED_EDGE('',*,*,#1508,.T.);
#526=ORIENTED_EDGE('',*,*,#1509,.T.);
#527=ORIENTED_EDGE('',*,*,#1510,.F.);
#528=ORIENTED_EDGE('',*,*,#1509,.F.);
#529=ORIENTED_EDGE('',*,*,#1511,.T.);
#530=ORIENTED_EDGE('',*,*,#1512,.T.);
#531=ORIENTED_EDGE('',*,*,#1513,.F.);
#532=ORIENTED_EDGE('',*,*,#1512,.F.);
#533=ORIENTED_EDGE('',*,*,#1514,.T.);
#534=ORIENTED_EDGE('',*,*,#1515,.T.);
#535=ORIENTED_EDGE('',*,*,#1516,.F.);
#536=ORIENTED_EDGE('',*,*,#1515,.F.);
#537=ORIENTED_EDGE('',*,*,#1517,.T.);
#538=ORIENTED_EDGE('',*,*,#1518,.T.);
#539=ORIENTED_EDGE('',*,*,#1519,.F.);
#540=ORIENTED_EDGE('',*,*,#1518,.F.);
#541=ORIENTED_EDGE('',*,*,#1520,.T.);
#542=ORIENTED_EDGE('',*,*,#1521,.T.);
#543=ORIENTED_EDGE('',*,*,#1522,.F.);
#544=ORIENTED_EDGE('',*,*,#1521,.F.);
#545=ORIENTED_EDGE('',*,*,#1523,.T.);
#546=ORIENTED_EDGE('',*,*,#1524,.T.);
#547=ORIENTED_EDGE('',*,*,#1525,.F.);
#548=ORIENTED_EDGE('',*,*,#1524,.F.);
#549=ORIENTED_EDGE('',*,*,#1526,.T.);
#550=ORIENTED_EDGE('',*,*,#1527,.T.);
#551=ORIENTED_EDGE('',*,*,#1528,.F.);
#552=ORIENTED_EDGE('',*,*,#1527,.F.);
#553=ORIENTED_EDGE('',*,*,#1529,.T.);
#554=ORIENTED_EDGE('',*,*,#1507,.T.);
#555=ORIENTED_EDGE('',*,*,#1504,.F.);
#556=ORIENTED_EDGE('',*,*,#1505,.F.);
#557=ORIENTED_EDGE('',*,*,#1499,.F.);
#558=ORIENTED_EDGE('',*,*,#1502,.F.);
#559=ORIENTED_EDGE('',*,*,#1529,.F.);
#560=ORIENTED_EDGE('',*,*,#1526,.F.);
#561=ORIENTED_EDGE('',*,*,#1523,.F.);
#562=ORIENTED_EDGE('',*,*,#1520,.F.);
#563=ORIENTED_EDGE('',*,*,#1517,.F.);
#564=ORIENTED_EDGE('',*,*,#1514,.F.);
#565=ORIENTED_EDGE('',*,*,#1511,.F.);
#566=ORIENTED_EDGE('',*,*,#1508,.F.);
#567=ORIENTED_EDGE('',*,*,#1530,.T.);
#568=ORIENTED_EDGE('',*,*,#1531,.T.);
#569=ORIENTED_EDGE('',*,*,#1532,.T.);
#570=ORIENTED_EDGE('',*,*,#1533,.T.);
#571=ORIENTED_EDGE('',*,*,#1533,.F.);
#572=ORIENTED_EDGE('',*,*,#1534,.F.);
#573=ORIENTED_EDGE('',*,*,#1535,.T.);
#574=ORIENTED_EDGE('',*,*,#1536,.T.);
#575=ORIENTED_EDGE('',*,*,#1532,.F.);
#576=ORIENTED_EDGE('',*,*,#1537,.F.);
#577=ORIENTED_EDGE('',*,*,#1538,.T.);
#578=ORIENTED_EDGE('',*,*,#1534,.T.);
#579=ORIENTED_EDGE('',*,*,#1531,.F.);
#580=ORIENTED_EDGE('',*,*,#1539,.F.);
#581=ORIENTED_EDGE('',*,*,#1540,.T.);
#582=ORIENTED_EDGE('',*,*,#1537,.T.);
#583=ORIENTED_EDGE('',*,*,#1530,.F.);
#584=ORIENTED_EDGE('',*,*,#1536,.F.);
#585=ORIENTED_EDGE('',*,*,#1541,.T.);
#586=ORIENTED_EDGE('',*,*,#1539,.T.);
#587=ORIENTED_EDGE('',*,*,#1542,.F.);
#588=ORIENTED_EDGE('',*,*,#1543,.F.);
#589=ORIENTED_EDGE('',*,*,#1544,.T.);
#590=ORIENTED_EDGE('',*,*,#1545,.T.);
#591=ORIENTED_EDGE('',*,*,#1546,.F.);
#592=ORIENTED_EDGE('',*,*,#1545,.F.);
#593=ORIENTED_EDGE('',*,*,#1547,.T.);
#594=ORIENTED_EDGE('',*,*,#1548,.T.);
#595=ORIENTED_EDGE('',*,*,#1549,.F.);
#596=ORIENTED_EDGE('',*,*,#1548,.F.);
#597=ORIENTED_EDGE('',*,*,#1550,.T.);
#598=ORIENTED_EDGE('',*,*,#1551,.T.);
#599=ORIENTED_EDGE('',*,*,#1552,.F.);
#600=ORIENTED_EDGE('',*,*,#1551,.F.);
#601=ORIENTED_EDGE('',*,*,#1553,.T.);
#602=ORIENTED_EDGE('',*,*,#1554,.T.);
#603=ORIENTED_EDGE('',*,*,#1555,.F.);
#604=ORIENTED_EDGE('',*,*,#1554,.F.);
#605=ORIENTED_EDGE('',*,*,#1556,.T.);
#606=ORIENTED_EDGE('',*,*,#1557,.T.);
#607=ORIENTED_EDGE('',*,*,#1558,.F.);
#608=ORIENTED_EDGE('',*,*,#1557,.F.);
#609=ORIENTED_EDGE('',*,*,#1559,.T.);
#610=ORIENTED_EDGE('',*,*,#1560,.T.);
#611=ORIENTED_EDGE('',*,*,#1561,.F.);
#612=ORIENTED_EDGE('',*,*,#1560,.F.);
#613=ORIENTED_EDGE('',*,*,#1562,.T.);
#614=ORIENTED_EDGE('',*,*,#1563,.T.);
#615=ORIENTED_EDGE('',*,*,#1564,.F.);
#616=ORIENTED_EDGE('',*,*,#1563,.F.);
#617=ORIENTED_EDGE('',*,*,#1565,.T.);
#618=ORIENTED_EDGE('',*,*,#1543,.T.);
#619=ORIENTED_EDGE('',*,*,#1540,.F.);
#620=ORIENTED_EDGE('',*,*,#1541,.F.);
#621=ORIENTED_EDGE('',*,*,#1535,.F.);
#622=ORIENTED_EDGE('',*,*,#1538,.F.);
#623=ORIENTED_EDGE('',*,*,#1565,.F.);
#624=ORIENTED_EDGE('',*,*,#1562,.F.);
#625=ORIENTED_EDGE('',*,*,#1559,.F.);
#626=ORIENTED_EDGE('',*,*,#1556,.F.);
#627=ORIENTED_EDGE('',*,*,#1553,.F.);
#628=ORIENTED_EDGE('',*,*,#1550,.F.);
#629=ORIENTED_EDGE('',*,*,#1547,.F.);
#630=ORIENTED_EDGE('',*,*,#1544,.F.);
#631=ORIENTED_EDGE('',*,*,#1566,.F.);
#632=ORIENTED_EDGE('',*,*,#1567,.F.);
#633=ORIENTED_EDGE('',*,*,#1568,.F.);
#634=ORIENTED_EDGE('',*,*,#1569,.F.);
#635=ORIENTED_EDGE('',*,*,#1570,.F.);
#636=ORIENTED_EDGE('',*,*,#1571,.F.);
#637=ORIENTED_EDGE('',*,*,#1572,.F.);
#638=ORIENTED_EDGE('',*,*,#1573,.F.);
#639=ORIENTED_EDGE('',*,*,#1574,.F.);
#640=ORIENTED_EDGE('',*,*,#1575,.F.);
#641=ORIENTED_EDGE('',*,*,#1576,.F.);
#642=ORIENTED_EDGE('',*,*,#1577,.F.);
#643=ORIENTED_EDGE('',*,*,#1578,.F.);
#644=ORIENTED_EDGE('',*,*,#1579,.F.);
#645=ORIENTED_EDGE('',*,*,#1580,.F.);
#646=ORIENTED_EDGE('',*,*,#1578,.T.);
#647=ORIENTED_EDGE('',*,*,#1581,.T.);
#648=ORIENTED_EDGE('',*,*,#1582,.F.);
#649=ORIENTED_EDGE('',*,*,#1581,.F.);
#650=ORIENTED_EDGE('',*,*,#1577,.T.);
#651=ORIENTED_EDGE('',*,*,#1583,.T.);
#652=ORIENTED_EDGE('',*,*,#1584,.F.);
#653=ORIENTED_EDGE('',*,*,#1583,.F.);
#654=ORIENTED_EDGE('',*,*,#1576,.T.);
#655=ORIENTED_EDGE('',*,*,#1585,.T.);
#656=ORIENTED_EDGE('',*,*,#1586,.F.);
#657=ORIENTED_EDGE('',*,*,#1585,.F.);
#658=ORIENTED_EDGE('',*,*,#1575,.T.);
#659=ORIENTED_EDGE('',*,*,#1587,.T.);
#660=ORIENTED_EDGE('',*,*,#1588,.F.);
#661=ORIENTED_EDGE('',*,*,#1587,.F.);
#662=ORIENTED_EDGE('',*,*,#1574,.T.);
#663=ORIENTED_EDGE('',*,*,#1589,.T.);
#664=ORIENTED_EDGE('',*,*,#1590,.F.);
#665=ORIENTED_EDGE('',*,*,#1589,.F.);
#666=ORIENTED_EDGE('',*,*,#1573,.T.);
#667=ORIENTED_EDGE('',*,*,#1591,.T.);
#668=ORIENTED_EDGE('',*,*,#1592,.F.);
#669=ORIENTED_EDGE('',*,*,#1591,.F.);
#670=ORIENTED_EDGE('',*,*,#1572,.T.);
#671=ORIENTED_EDGE('',*,*,#1593,.T.);
#672=ORIENTED_EDGE('',*,*,#1594,.F.);
#673=ORIENTED_EDGE('',*,*,#1593,.F.);
#674=ORIENTED_EDGE('',*,*,#1571,.T.);
#675=ORIENTED_EDGE('',*,*,#1595,.T.);
#676=ORIENTED_EDGE('',*,*,#1596,.F.);
#677=ORIENTED_EDGE('',*,*,#1595,.F.);
#678=ORIENTED_EDGE('',*,*,#1570,.T.);
#679=ORIENTED_EDGE('',*,*,#1597,.T.);
#680=ORIENTED_EDGE('',*,*,#1598,.F.);
#681=ORIENTED_EDGE('',*,*,#1597,.F.);
#682=ORIENTED_EDGE('',*,*,#1569,.T.);
#683=ORIENTED_EDGE('',*,*,#1599,.F.);
#684=ORIENTED_EDGE('',*,*,#1600,.F.);
#685=ORIENTED_EDGE('',*,*,#1599,.T.);
#686=ORIENTED_EDGE('',*,*,#1568,.T.);
#687=ORIENTED_EDGE('',*,*,#1601,.T.);
#688=ORIENTED_EDGE('',*,*,#1602,.F.);
#689=ORIENTED_EDGE('',*,*,#1601,.F.);
#690=ORIENTED_EDGE('',*,*,#1567,.T.);
#691=ORIENTED_EDGE('',*,*,#1603,.T.);
#692=ORIENTED_EDGE('',*,*,#1604,.F.);
#693=ORIENTED_EDGE('',*,*,#1603,.F.);
#694=ORIENTED_EDGE('',*,*,#1566,.T.);
#695=ORIENTED_EDGE('',*,*,#1580,.T.);
#696=ORIENTED_EDGE('',*,*,#1605,.F.);
#697=ORIENTED_EDGE('',*,*,#1606,.F.);
#698=ORIENTED_EDGE('',*,*,#1607,.F.);
#699=ORIENTED_EDGE('',*,*,#1608,.F.);
#700=ORIENTED_EDGE('',*,*,#1609,.F.);
#701=ORIENTED_EDGE('',*,*,#1610,.F.);
#702=ORIENTED_EDGE('',*,*,#1611,.F.);
#703=ORIENTED_EDGE('',*,*,#1612,.F.);
#704=ORIENTED_EDGE('',*,*,#1613,.F.);
#705=ORIENTED_EDGE('',*,*,#1614,.F.);
#706=ORIENTED_EDGE('',*,*,#1615,.F.);
#707=ORIENTED_EDGE('',*,*,#1616,.F.);
#708=ORIENTED_EDGE('',*,*,#1617,.F.);
#709=ORIENTED_EDGE('',*,*,#1618,.F.);
#710=ORIENTED_EDGE('',*,*,#1619,.F.);
#711=ORIENTED_EDGE('',*,*,#1617,.T.);
#712=ORIENTED_EDGE('',*,*,#1620,.T.);
#713=ORIENTED_EDGE('',*,*,#1621,.F.);
#714=ORIENTED_EDGE('',*,*,#1620,.F.);
#715=ORIENTED_EDGE('',*,*,#1616,.T.);
#716=ORIENTED_EDGE('',*,*,#1622,.T.);
#717=ORIENTED_EDGE('',*,*,#1623,.F.);
#718=ORIENTED_EDGE('',*,*,#1622,.F.);
#719=ORIENTED_EDGE('',*,*,#1615,.T.);
#720=ORIENTED_EDGE('',*,*,#1624,.T.);
#721=ORIENTED_EDGE('',*,*,#1625,.F.);
#722=ORIENTED_EDGE('',*,*,#1624,.F.);
#723=ORIENTED_EDGE('',*,*,#1614,.T.);
#724=ORIENTED_EDGE('',*,*,#1626,.T.);
#725=ORIENTED_EDGE('',*,*,#1627,.F.);
#726=ORIENTED_EDGE('',*,*,#1626,.F.);
#727=ORIENTED_EDGE('',*,*,#1613,.T.);
#728=ORIENTED_EDGE('',*,*,#1628,.T.);
#729=ORIENTED_EDGE('',*,*,#1629,.F.);
#730=ORIENTED_EDGE('',*,*,#1628,.F.);
#731=ORIENTED_EDGE('',*,*,#1612,.T.);
#732=ORIENTED_EDGE('',*,*,#1630,.T.);
#733=ORIENTED_EDGE('',*,*,#1631,.F.);
#734=ORIENTED_EDGE('',*,*,#1630,.F.);
#735=ORIENTED_EDGE('',*,*,#1611,.T.);
#736=ORIENTED_EDGE('',*,*,#1632,.T.);
#737=ORIENTED_EDGE('',*,*,#1633,.F.);
#738=ORIENTED_EDGE('',*,*,#1632,.F.);
#739=ORIENTED_EDGE('',*,*,#1610,.T.);
#740=ORIENTED_EDGE('',*,*,#1634,.T.);
#741=ORIENTED_EDGE('',*,*,#1635,.F.);
#742=ORIENTED_EDGE('',*,*,#1634,.F.);
#743=ORIENTED_EDGE('',*,*,#1609,.T.);
#744=ORIENTED_EDGE('',*,*,#1636,.T.);
#745=ORIENTED_EDGE('',*,*,#1637,.F.);
#746=ORIENTED_EDGE('',*,*,#1636,.F.);
#747=ORIENTED_EDGE('',*,*,#1608,.T.);
#748=ORIENTED_EDGE('',*,*,#1638,.T.);
#749=ORIENTED_EDGE('',*,*,#1639,.F.);
#750=ORIENTED_EDGE('',*,*,#1638,.F.);
#751=ORIENTED_EDGE('',*,*,#1607,.T.);
#752=ORIENTED_EDGE('',*,*,#1640,.T.);
#753=ORIENTED_EDGE('',*,*,#1641,.F.);
#754=ORIENTED_EDGE('',*,*,#1640,.F.);
#755=ORIENTED_EDGE('',*,*,#1606,.T.);
#756=ORIENTED_EDGE('',*,*,#1642,.T.);
#757=ORIENTED_EDGE('',*,*,#1643,.F.);
#758=ORIENTED_EDGE('',*,*,#1642,.F.);
#759=ORIENTED_EDGE('',*,*,#1605,.T.);
#760=ORIENTED_EDGE('',*,*,#1619,.T.);
#761=ORIENTED_EDGE('',*,*,#1644,.T.);
#762=ORIENTED_EDGE('',*,*,#1645,.T.);
#763=ORIENTED_EDGE('',*,*,#1646,.T.);
#764=ORIENTED_EDGE('',*,*,#1647,.F.);
#765=ORIENTED_EDGE('',*,*,#1648,.F.);
#766=ORIENTED_EDGE('',*,*,#1649,.F.);
#767=ORIENTED_EDGE('',*,*,#1650,.T.);
#768=ORIENTED_EDGE('',*,*,#1645,.F.);
#769=ORIENTED_EDGE('',*,*,#1651,.F.);
#770=ORIENTED_EDGE('',*,*,#1649,.T.);
#771=ORIENTED_EDGE('',*,*,#1652,.T.);
#772=ORIENTED_EDGE('',*,*,#1653,.T.);
#773=ORIENTED_EDGE('',*,*,#1654,.T.);
#774=ORIENTED_EDGE('',*,*,#1655,.F.);
#775=ORIENTED_EDGE('',*,*,#1656,.F.);
#776=ORIENTED_EDGE('',*,*,#1657,.F.);
#777=ORIENTED_EDGE('',*,*,#1658,.T.);
#778=ORIENTED_EDGE('',*,*,#1654,.F.);
#779=ORIENTED_EDGE('',*,*,#1659,.F.);
#780=ORIENTED_EDGE('',*,*,#1656,.T.);
#781=ORIENTED_EDGE('',*,*,#1660,.T.);
#782=ORIENTED_EDGE('',*,*,#1396,.T.);
#783=ORIENTED_EDGE('',*,*,#1661,.F.);
#784=ORIENTED_EDGE('',*,*,#1662,.T.);
#785=ORIENTED_EDGE('',*,*,#1663,.F.);
#786=ORIENTED_EDGE('',*,*,#1664,.F.);
#787=ORIENTED_EDGE('',*,*,#1665,.F.);
#788=ORIENTED_EDGE('',*,*,#1653,.F.);
#789=ORIENTED_EDGE('',*,*,#1666,.T.);
#790=ORIENTED_EDGE('',*,*,#1667,.T.);
#791=ORIENTED_EDGE('',*,*,#1398,.F.);
#792=ORIENTED_EDGE('',*,*,#1668,.T.);
#793=ORIENTED_EDGE('',*,*,#1669,.T.);
#794=ORIENTED_EDGE('',*,*,#1670,.T.);
#795=ORIENTED_EDGE('',*,*,#1671,.F.);
#796=ORIENTED_EDGE('',*,*,#1672,.T.);
#797=ORIENTED_EDGE('',*,*,#1673,.T.);
#798=ORIENTED_EDGE('',*,*,#1674,.T.);
#799=ORIENTED_EDGE('',*,*,#1675,.F.);
#800=ORIENTED_EDGE('',*,*,#1676,.T.);
#801=ORIENTED_EDGE('',*,*,#1394,.F.);
#802=ORIENTED_EDGE('',*,*,#1677,.F.);
#803=ORIENTED_EDGE('',*,*,#1678,.F.);
#804=ORIENTED_EDGE('',*,*,#1664,.T.);
#805=ORIENTED_EDGE('',*,*,#1679,.F.);
#806=ORIENTED_EDGE('',*,*,#1673,.F.);
#807=ORIENTED_EDGE('',*,*,#1680,.T.);
#808=ORIENTED_EDGE('',*,*,#1681,.T.);
#809=ORIENTED_EDGE('',*,*,#1659,.T.);
#810=ORIENTED_EDGE('',*,*,#1665,.T.);
#811=ORIENTED_EDGE('',*,*,#1680,.F.);
#812=ORIENTED_EDGE('',*,*,#1672,.F.);
#813=ORIENTED_EDGE('',*,*,#1682,.T.);
#814=ORIENTED_EDGE('',*,*,#1683,.F.);
#815=ORIENTED_EDGE('',*,*,#1682,.F.);
#816=ORIENTED_EDGE('',*,*,#1671,.T.);
#817=ORIENTED_EDGE('',*,*,#1684,.T.);
#818=ORIENTED_EDGE('',*,*,#1685,.T.);
#819=ORIENTED_EDGE('',*,*,#1684,.F.);
#820=ORIENTED_EDGE('',*,*,#1670,.F.);
#821=ORIENTED_EDGE('',*,*,#1686,.T.);
#822=ORIENTED_EDGE('',*,*,#1687,.T.);
#823=ORIENTED_EDGE('',*,*,#1686,.F.);
#824=ORIENTED_EDGE('',*,*,#1669,.F.);
#825=ORIENTED_EDGE('',*,*,#1688,.T.);
#826=ORIENTED_EDGE('',*,*,#1668,.F.);
#827=ORIENTED_EDGE('',*,*,#1401,.T.);
#828=ORIENTED_EDGE('',*,*,#1689,.T.);
#829=ORIENTED_EDGE('',*,*,#1688,.F.);
#830=ORIENTED_EDGE('',*,*,#1690,.T.);
#831=ORIENTED_EDGE('',*,*,#1399,.F.);
#832=ORIENTED_EDGE('',*,*,#1667,.F.);
#833=ORIENTED_EDGE('',*,*,#1691,.T.);
#834=ORIENTED_EDGE('',*,*,#1677,.T.);
#835=ORIENTED_EDGE('',*,*,#1397,.T.);
#836=ORIENTED_EDGE('',*,*,#1660,.F.);
#837=ORIENTED_EDGE('',*,*,#1692,.F.);
#838=ORIENTED_EDGE('',*,*,#1661,.T.);
#839=ORIENTED_EDGE('',*,*,#1395,.F.);
#840=ORIENTED_EDGE('',*,*,#1676,.F.);
#841=ORIENTED_EDGE('',*,*,#1693,.T.);
#842=ORIENTED_EDGE('',*,*,#1662,.F.);
#843=ORIENTED_EDGE('',*,*,#1693,.F.);
#844=ORIENTED_EDGE('',*,*,#1675,.T.);
#845=ORIENTED_EDGE('',*,*,#1694,.T.);
#846=ORIENTED_EDGE('',*,*,#1663,.T.);
#847=ORIENTED_EDGE('',*,*,#1694,.F.);
#848=ORIENTED_EDGE('',*,*,#1674,.F.);
#849=ORIENTED_EDGE('',*,*,#1679,.T.);
#850=ORIENTED_EDGE('',*,*,#1695,.T.);
#851=ORIENTED_EDGE('',*,*,#1408,.T.);
#852=ORIENTED_EDGE('',*,*,#1696,.T.);
#853=ORIENTED_EDGE('',*,*,#1697,.T.);
#854=ORIENTED_EDGE('',*,*,#1698,.F.);
#855=ORIENTED_EDGE('',*,*,#1699,.F.);
#856=ORIENTED_EDGE('',*,*,#1700,.T.);
#857=ORIENTED_EDGE('',*,*,#1648,.T.);
#858=ORIENTED_EDGE('',*,*,#1701,.F.);
#859=ORIENTED_EDGE('',*,*,#1702,.F.);
#860=ORIENTED_EDGE('',*,*,#1406,.F.);
#861=ORIENTED_EDGE('',*,*,#1703,.F.);
#862=ORIENTED_EDGE('',*,*,#1704,.T.);
#863=ORIENTED_EDGE('',*,*,#1705,.T.);
#864=ORIENTED_EDGE('',*,*,#1402,.F.);
#865=ORIENTED_EDGE('',*,*,#1706,.F.);
#866=ORIENTED_EDGE('',*,*,#1707,.T.);
#867=ORIENTED_EDGE('',*,*,#1708,.T.);
#868=ORIENTED_EDGE('',*,*,#1709,.F.);
#869=ORIENTED_EDGE('',*,*,#1710,.F.);
#870=ORIENTED_EDGE('',*,*,#1711,.T.);
#871=ORIENTED_EDGE('',*,*,#1712,.T.);
#872=ORIENTED_EDGE('',*,*,#1713,.F.);
#873=ORIENTED_EDGE('',*,*,#1698,.T.);
#874=ORIENTED_EDGE('',*,*,#1714,.F.);
#875=ORIENTED_EDGE('',*,*,#1712,.F.);
#876=ORIENTED_EDGE('',*,*,#1715,.T.);
#877=ORIENTED_EDGE('',*,*,#1699,.T.);
#878=ORIENTED_EDGE('',*,*,#1715,.F.);
#879=ORIENTED_EDGE('',*,*,#1711,.F.);
#880=ORIENTED_EDGE('',*,*,#1716,.T.);
#881=ORIENTED_EDGE('',*,*,#1700,.F.);
#882=ORIENTED_EDGE('',*,*,#1716,.F.);
#883=ORIENTED_EDGE('',*,*,#1710,.T.);
#884=ORIENTED_EDGE('',*,*,#1717,.T.);
#885=ORIENTED_EDGE('',*,*,#1718,.F.);
#886=ORIENTED_EDGE('',*,*,#1650,.F.);
#887=ORIENTED_EDGE('',*,*,#1719,.F.);
#888=ORIENTED_EDGE('',*,*,#1717,.F.);
#889=ORIENTED_EDGE('',*,*,#1709,.T.);
#890=ORIENTED_EDGE('',*,*,#1720,.T.);
#891=ORIENTED_EDGE('',*,*,#1721,.T.);
#892=ORIENTED_EDGE('',*,*,#1720,.F.);
#893=ORIENTED_EDGE('',*,*,#1708,.F.);
#894=ORIENTED_EDGE('',*,*,#1722,.T.);
#895=ORIENTED_EDGE('',*,*,#1723,.T.);
#896=ORIENTED_EDGE('',*,*,#1722,.F.);
#897=ORIENTED_EDGE('',*,*,#1707,.F.);
#898=ORIENTED_EDGE('',*,*,#1724,.T.);
#899=ORIENTED_EDGE('',*,*,#1706,.T.);
#900=ORIENTED_EDGE('',*,*,#1405,.T.);
#901=ORIENTED_EDGE('',*,*,#1725,.F.);
#902=ORIENTED_EDGE('',*,*,#1724,.F.);
#903=ORIENTED_EDGE('',*,*,#1726,.T.);
#904=ORIENTED_EDGE('',*,*,#1403,.F.);
#905=ORIENTED_EDGE('',*,*,#1705,.F.);
#906=ORIENTED_EDGE('',*,*,#1727,.T.);
#907=ORIENTED_EDGE('',*,*,#1703,.T.);
#908=ORIENTED_EDGE('',*,*,#1409,.T.);
#909=ORIENTED_EDGE('',*,*,#1695,.F.);
#910=ORIENTED_EDGE('',*,*,#1728,.F.);
#911=ORIENTED_EDGE('',*,*,#1696,.F.);
#912=ORIENTED_EDGE('',*,*,#1407,.F.);
#913=ORIENTED_EDGE('',*,*,#1702,.T.);
#914=ORIENTED_EDGE('',*,*,#1729,.T.);
#915=ORIENTED_EDGE('',*,*,#1697,.F.);
#916=ORIENTED_EDGE('',*,*,#1729,.F.);
#917=ORIENTED_EDGE('',*,*,#1713,.T.);
#918=ORIENTED_EDGE('',*,*,#1714,.T.);
#919=ORIENTED_EDGE('',*,*,#1730,.F.);
#920=ORIENTED_EDGE('',*,*,#1731,.T.);
#921=ORIENTED_EDGE('',*,*,#1732,.T.);
#922=ORIENTED_EDGE('',*,*,#1733,.F.);
#923=ORIENTED_EDGE('',*,*,#1734,.T.);
#924=ORIENTED_EDGE('',*,*,#1735,.T.);
#925=ORIENTED_EDGE('',*,*,#1736,.F.);
#926=ORIENTED_EDGE('',*,*,#1737,.T.);
#927=ORIENTED_EDGE('',*,*,#1738,.F.);
#928=ORIENTED_EDGE('',*,*,#1739,.F.);
#929=ORIENTED_EDGE('',*,*,#1740,.T.);
#930=ORIENTED_EDGE('',*,*,#1741,.F.);
#931=ORIENTED_EDGE('',*,*,#1742,.F.);
#932=ORIENTED_EDGE('',*,*,#1743,.F.);
#933=ORIENTED_EDGE('',*,*,#1744,.T.);
#934=ORIENTED_EDGE('',*,*,#1745,.F.);
#935=ORIENTED_EDGE('',*,*,#1746,.T.);
#936=ORIENTED_EDGE('',*,*,#1747,.F.);
#937=ORIENTED_EDGE('',*,*,#1748,.F.);
#938=ORIENTED_EDGE('',*,*,#1749,.F.);
#939=ORIENTED_EDGE('',*,*,#1750,.T.);
#940=ORIENTED_EDGE('',*,*,#1751,.T.);
#941=ORIENTED_EDGE('',*,*,#1752,.F.);
#942=ORIENTED_EDGE('',*,*,#1753,.T.);
#943=ORIENTED_EDGE('',*,*,#1754,.F.);
#944=ORIENTED_EDGE('',*,*,#1755,.T.);
#945=ORIENTED_EDGE('',*,*,#1756,.T.);
#946=ORIENTED_EDGE('',*,*,#1757,.F.);
#947=ORIENTED_EDGE('',*,*,#1758,.F.);
#948=ORIENTED_EDGE('',*,*,#1759,.T.);
#949=ORIENTED_EDGE('',*,*,#1760,.T.);
#950=ORIENTED_EDGE('',*,*,#1761,.F.);
#951=ORIENTED_EDGE('',*,*,#1762,.F.);
#952=ORIENTED_EDGE('',*,*,#1763,.T.);
#953=ORIENTED_EDGE('',*,*,#1764,.T.);
#954=ORIENTED_EDGE('',*,*,#1765,.F.);
#955=ORIENTED_EDGE('',*,*,#1766,.T.);
#956=ORIENTED_EDGE('',*,*,#1767,.T.);
#957=ORIENTED_EDGE('',*,*,#1768,.F.);
#958=ORIENTED_EDGE('',*,*,#1769,.F.);
#959=ORIENTED_EDGE('',*,*,#1770,.T.);
#960=ORIENTED_EDGE('',*,*,#1771,.T.);
#961=ORIENTED_EDGE('',*,*,#1772,.F.);
#962=ORIENTED_EDGE('',*,*,#1773,.F.);
#963=ORIENTED_EDGE('',*,*,#1774,.F.);
#964=ORIENTED_EDGE('',*,*,#1775,.T.);
#965=ORIENTED_EDGE('',*,*,#1776,.T.);
#966=ORIENTED_EDGE('',*,*,#1777,.F.);
#967=ORIENTED_EDGE('',*,*,#1778,.T.);
#968=ORIENTED_EDGE('',*,*,#1779,.T.);
#969=ORIENTED_EDGE('',*,*,#1780,.F.);
#970=ORIENTED_EDGE('',*,*,#1781,.F.);
#971=ORIENTED_EDGE('',*,*,#1782,.F.);
#972=ORIENTED_EDGE('',*,*,#1783,.T.);
#973=ORIENTED_EDGE('',*,*,#1784,.T.);
#974=ORIENTED_EDGE('',*,*,#1785,.F.);
#975=ORIENTED_EDGE('',*,*,#1692,.T.);
#976=ORIENTED_EDGE('',*,*,#1786,.F.);
#977=ORIENTED_EDGE('',*,*,#1787,.F.);
#978=ORIENTED_EDGE('',*,*,#1788,.T.);
#979=ORIENTED_EDGE('',*,*,#1691,.F.);
#980=ORIENTED_EDGE('',*,*,#1789,.T.);
#981=ORIENTED_EDGE('',*,*,#1790,.F.);
#982=ORIENTED_EDGE('',*,*,#1791,.F.);
#983=ORIENTED_EDGE('',*,*,#1792,.F.);
#984=ORIENTED_EDGE('',*,*,#1793,.T.);
#985=ORIENTED_EDGE('',*,*,#1727,.F.);
#986=ORIENTED_EDGE('',*,*,#1794,.T.);
#987=ORIENTED_EDGE('',*,*,#1795,.F.);
#988=ORIENTED_EDGE('',*,*,#1796,.F.);
#989=ORIENTED_EDGE('',*,*,#1797,.F.);
#990=ORIENTED_EDGE('',*,*,#1798,.T.);
#991=ORIENTED_EDGE('',*,*,#1799,.T.);
#992=ORIENTED_EDGE('',*,*,#1800,.F.);
#993=ORIENTED_EDGE('',*,*,#1728,.T.);
#994=ORIENTED_EDGE('',*,*,#1801,.F.);
#995=ORIENTED_EDGE('',*,*,#1802,.F.);
#996=ORIENTED_EDGE('',*,*,#1795,.T.);
#997=ORIENTED_EDGE('',*,*,#1803,.T.);
#998=ORIENTED_EDGE('',*,*,#1804,.T.);
#999=ORIENTED_EDGE('',*,*,#1805,.F.);
#1000=ORIENTED_EDGE('',*,*,#1806,.F.);
#1001=ORIENTED_EDGE('',*,*,#1804,.F.);
#1002=ORIENTED_EDGE('',*,*,#1807,.F.);
#1003=ORIENTED_EDGE('',*,*,#1799,.F.);
#1004=ORIENTED_EDGE('',*,*,#1808,.F.);
#1005=ORIENTED_EDGE('',*,*,#1809,.T.);
#1006=ORIENTED_EDGE('',*,*,#1810,.F.);
#1007=ORIENTED_EDGE('',*,*,#1809,.F.);
#1008=ORIENTED_EDGE('',*,*,#1811,.F.);
#1009=ORIENTED_EDGE('',*,*,#1812,.F.);
#1010=ORIENTED_EDGE('',*,*,#1790,.T.);
#1011=ORIENTED_EDGE('',*,*,#1813,.F.);
#1012=ORIENTED_EDGE('',*,*,#1814,.T.);
#1013=ORIENTED_EDGE('',*,*,#1815,.F.);
#1014=ORIENTED_EDGE('',*,*,#1814,.F.);
#1015=ORIENTED_EDGE('',*,*,#1816,.F.);
#1016=ORIENTED_EDGE('',*,*,#1817,.F.);
#1017=ORIENTED_EDGE('',*,*,#1784,.F.);
#1018=ORIENTED_EDGE('',*,*,#1818,.F.);
#1019=ORIENTED_EDGE('',*,*,#1819,.T.);
#1020=ORIENTED_EDGE('',*,*,#1820,.F.);
#1021=ORIENTED_EDGE('',*,*,#1821,.F.);
#1022=ORIENTED_EDGE('',*,*,#1819,.F.);
#1023=ORIENTED_EDGE('',*,*,#1816,.T.);
#1024=ORIENTED_EDGE('',*,*,#1822,.F.);
#1025=ORIENTED_EDGE('',*,*,#1821,.T.);
#1026=ORIENTED_EDGE('',*,*,#1823,.F.);
#1027=ORIENTED_EDGE('',*,*,#1811,.T.);
#1028=ORIENTED_EDGE('',*,*,#1824,.F.);
#1029=ORIENTED_EDGE('',*,*,#1815,.T.);
#1030=ORIENTED_EDGE('',*,*,#1825,.F.);
#1031=ORIENTED_EDGE('',*,*,#1820,.T.);
#1032=ORIENTED_EDGE('',*,*,#1826,.F.);
#1033=ORIENTED_EDGE('',*,*,#1806,.T.);
#1034=ORIENTED_EDGE('',*,*,#1827,.F.);
#1035=ORIENTED_EDGE('',*,*,#1810,.T.);
#1036=ORIENTED_EDGE('',*,*,#1828,.F.);
#1037=ORIENTED_EDGE('',*,*,#1805,.T.);
#1038=ORIENTED_EDGE('',*,*,#1829,.F.);
#1039=ORIENTED_EDGE('',*,*,#1830,.T.);
#1040=ORIENTED_EDGE('',*,*,#1831,.T.);
#1041=ORIENTED_EDGE('',*,*,#1830,.F.);
#1042=ORIENTED_EDGE('',*,*,#1832,.T.);
#1043=ORIENTED_EDGE('',*,*,#1831,.F.);
#1044=ORIENTED_EDGE('',*,*,#1833,.T.);
#1045=ORIENTED_EDGE('',*,*,#1832,.F.);
#1046=ORIENTED_EDGE('',*,*,#1834,.T.);
#1047=ORIENTED_EDGE('',*,*,#1833,.F.);
#1048=ORIENTED_EDGE('',*,*,#1835,.T.);
#1049=ORIENTED_EDGE('',*,*,#1834,.F.);
#1050=ORIENTED_EDGE('',*,*,#1836,.T.);
#1051=ORIENTED_EDGE('',*,*,#1835,.F.);
#1052=ORIENTED_EDGE('',*,*,#1837,.T.);
#1053=ORIENTED_EDGE('',*,*,#1836,.F.);
#1054=ORIENTED_EDGE('',*,*,#1838,.T.);
#1055=ORIENTED_EDGE('',*,*,#1839,.F.);
#1056=ORIENTED_EDGE('',*,*,#1840,.F.);
#1057=ORIENTED_EDGE('',*,*,#1841,.T.);
#1058=ORIENTED_EDGE('',*,*,#1842,.F.);
#1059=ORIENTED_EDGE('',*,*,#1843,.F.);
#1060=ORIENTED_EDGE('',*,*,#1844,.T.);
#1061=ORIENTED_EDGE('',*,*,#1845,.T.);
#1062=ORIENTED_EDGE('',*,*,#1846,.F.);
#1063=ORIENTED_EDGE('',*,*,#1847,.F.);
#1064=ORIENTED_EDGE('',*,*,#1848,.T.);
#1065=ORIENTED_EDGE('',*,*,#1843,.T.);
#1066=ORIENTED_EDGE('',*,*,#1849,.F.);
#1067=ORIENTED_EDGE('',*,*,#1850,.F.);
#1068=ORIENTED_EDGE('',*,*,#1851,.T.);
#1069=ORIENTED_EDGE('',*,*,#1847,.T.);
#1070=ORIENTED_EDGE('',*,*,#1852,.F.);
#1071=ORIENTED_EDGE('',*,*,#1845,.F.);
#1072=ORIENTED_EDGE('',*,*,#1853,.T.);
#1073=ORIENTED_EDGE('',*,*,#1850,.T.);
#1074=ORIENTED_EDGE('',*,*,#1851,.F.);
#1075=ORIENTED_EDGE('',*,*,#1853,.F.);
#1076=ORIENTED_EDGE('',*,*,#1844,.F.);
#1077=ORIENTED_EDGE('',*,*,#1848,.F.);
#1078=ORIENTED_EDGE('',*,*,#1854,.T.);
#1079=ORIENTED_EDGE('',*,*,#1774,.T.);
#1080=ORIENTED_EDGE('',*,*,#1855,.T.);
#1081=ORIENTED_EDGE('',*,*,#1762,.T.);
#1082=ORIENTED_EDGE('',*,*,#1856,.T.);
#1083=ORIENTED_EDGE('',*,*,#1857,.T.);
#1084=ORIENTED_EDGE('',*,*,#1840,.T.);
#1085=ORIENTED_EDGE('',*,*,#1858,.T.);
#1086=ORIENTED_EDGE('',*,*,#1859,.T.);
#1087=ORIENTED_EDGE('',*,*,#1730,.T.);
#1088=ORIENTED_EDGE('',*,*,#1860,.T.);
#1089=ORIENTED_EDGE('',*,*,#1740,.F.);
#1090=ORIENTED_EDGE('',*,*,#1861,.F.);
#1091=ORIENTED_EDGE('',*,*,#1734,.F.);
#1092=ORIENTED_EDGE('',*,*,#1862,.T.);
#1093=ORIENTED_EDGE('',*,*,#1741,.T.);
#1094=ORIENTED_EDGE('',*,*,#1860,.F.);
#1095=ORIENTED_EDGE('',*,*,#1733,.T.);
#1096=ORIENTED_EDGE('',*,*,#1859,.F.);
#1097=ORIENTED_EDGE('',*,*,#1737,.F.);
#1098=ORIENTED_EDGE('',*,*,#1863,.T.);
#1099=ORIENTED_EDGE('',*,*,#1731,.F.);
#1100=ORIENTED_EDGE('',*,*,#1864,.F.);
#1101=ORIENTED_EDGE('',*,*,#1865,.T.);
#1102=ORIENTED_EDGE('',*,*,#1866,.T.);
#1103=ORIENTED_EDGE('',*,*,#1867,.F.);
#1104=ORIENTED_EDGE('',*,*,#1868,.T.);
#1105=ORIENTED_EDGE('',*,*,#1869,.F.);
#1106=ORIENTED_EDGE('',*,*,#1870,.F.);
#1107=ORIENTED_EDGE('',*,*,#1867,.T.);
#1108=ORIENTED_EDGE('',*,*,#1871,.F.);
#1109=ORIENTED_EDGE('',*,*,#1864,.T.);
#1110=ORIENTED_EDGE('',*,*,#1870,.T.);
#1111=ORIENTED_EDGE('',*,*,#1872,.T.);
#1112=ORIENTED_EDGE('',*,*,#1759,.F.);
#1113=ORIENTED_EDGE('',*,*,#1873,.F.);
#1114=ORIENTED_EDGE('',*,*,#1757,.T.);
#1115=ORIENTED_EDGE('',*,*,#1874,.F.);
#1116=ORIENTED_EDGE('',*,*,#1761,.T.);
#1117=ORIENTED_EDGE('',*,*,#1875,.T.);
#1118=ORIENTED_EDGE('',*,*,#1745,.T.);
#1119=ORIENTED_EDGE('',*,*,#1876,.T.);
#1120=ORIENTED_EDGE('',*,*,#1755,.F.);
#1121=ORIENTED_EDGE('',*,*,#1877,.F.);
#1122=ORIENTED_EDGE('',*,*,#1753,.F.);
#1123=ORIENTED_EDGE('',*,*,#1878,.T.);
#1124=ORIENTED_EDGE('',*,*,#1780,.T.);
#1125=ORIENTED_EDGE('',*,*,#1879,.F.);
#1126=ORIENTED_EDGE('',*,*,#1750,.F.);
#1127=ORIENTED_EDGE('',*,*,#1877,.T.);
#1128=ORIENTED_EDGE('',*,*,#1754,.T.);
#1129=ORIENTED_EDGE('',*,*,#1873,.T.);
#1130=ORIENTED_EDGE('',*,*,#1758,.T.);
#1131=ORIENTED_EDGE('',*,*,#1874,.T.);
#1132=ORIENTED_EDGE('',*,*,#1744,.F.);
#1133=ORIENTED_EDGE('',*,*,#1880,.F.);
#1134=ORIENTED_EDGE('',*,*,#1748,.T.);
#1135=ORIENTED_EDGE('',*,*,#1881,.F.);
#1136=ORIENTED_EDGE('',*,*,#1764,.F.);
#1137=ORIENTED_EDGE('',*,*,#1882,.T.);
#1138=ORIENTED_EDGE('',*,*,#1768,.T.);
#1139=ORIENTED_EDGE('',*,*,#1883,.F.);
#1140=ORIENTED_EDGE('',*,*,#1772,.T.);
#1141=ORIENTED_EDGE('',*,*,#1884,.T.);
#1142=ORIENTED_EDGE('',*,*,#1776,.F.);
#1143=ORIENTED_EDGE('',*,*,#1885,.F.);
#1144=ORIENTED_EDGE('',*,*,#1838,.F.);
#1145=ORIENTED_EDGE('',*,*,#1886,.F.);
#1146=ORIENTED_EDGE('',*,*,#1887,.T.);
#1147=ORIENTED_EDGE('',*,*,#1746,.F.);
#1148=ORIENTED_EDGE('',*,*,#1888,.T.);
#1149=ORIENTED_EDGE('',*,*,#1778,.F.);
#1150=ORIENTED_EDGE('',*,*,#1889,.F.);
#1151=ORIENTED_EDGE('',*,*,#1837,.F.);
#1152=ORIENTED_EDGE('',*,*,#1856,.F.);
#1153=ORIENTED_EDGE('',*,*,#1765,.T.);
#1154=ORIENTED_EDGE('',*,*,#1881,.T.);
#1155=ORIENTED_EDGE('',*,*,#1747,.T.);
#1156=ORIENTED_EDGE('',*,*,#1887,.F.);
#1157=ORIENTED_EDGE('',*,*,#1890,.F.);
#1158=ORIENTED_EDGE('',*,*,#1891,.F.);
#1159=ORIENTED_EDGE('',*,*,#1773,.T.);
#1160=ORIENTED_EDGE('',*,*,#1883,.T.);
#1161=ORIENTED_EDGE('',*,*,#1767,.F.);
#1162=ORIENTED_EDGE('',*,*,#1855,.F.);
#1163=ORIENTED_EDGE('',*,*,#1777,.T.);
#1164=ORIENTED_EDGE('',*,*,#1884,.F.);
#1165=ORIENTED_EDGE('',*,*,#1771,.F.);
#1166=ORIENTED_EDGE('',*,*,#1892,.T.);
#1167=ORIENTED_EDGE('',*,*,#1769,.T.);
#1168=ORIENTED_EDGE('',*,*,#1882,.F.);
#1169=ORIENTED_EDGE('',*,*,#1763,.F.);
#1170=ORIENTED_EDGE('',*,*,#1889,.T.);
#1171=ORIENTED_EDGE('',*,*,#1781,.T.);
#1172=ORIENTED_EDGE('',*,*,#1878,.F.);
#1173=ORIENTED_EDGE('',*,*,#1775,.F.);
#1174=ORIENTED_EDGE('',*,*,#1854,.F.);
#1175=ORIENTED_EDGE('',*,*,#1893,.T.);
#1176=ORIENTED_EDGE('',*,*,#1825,.T.);
#1177=ORIENTED_EDGE('',*,*,#1823,.T.);
#1178=ORIENTED_EDGE('',*,*,#1827,.T.);
#1179=ORIENTED_EDGE('',*,*,#1828,.T.);
#1180=ORIENTED_EDGE('',*,*,#1894,.F.);
#1181=ORIENTED_EDGE('',*,*,#1796,.T.);
#1182=ORIENTED_EDGE('',*,*,#1802,.T.);
#1183=ORIENTED_EDGE('',*,*,#1826,.T.);
#1184=ORIENTED_EDGE('',*,*,#1818,.T.);
#1185=ORIENTED_EDGE('',*,*,#1783,.F.);
#1186=ORIENTED_EDGE('',*,*,#1895,.F.);
#1187=ORIENTED_EDGE('',*,*,#1701,.T.);
#1188=ORIENTED_EDGE('',*,*,#1647,.T.);
#1189=ORIENTED_EDGE('',*,*,#1651,.T.);
#1190=ORIENTED_EDGE('',*,*,#1644,.F.);
#1191=ORIENTED_EDGE('',*,*,#1896,.T.);
#1192=ORIENTED_EDGE('',*,*,#1793,.F.);
#1193=ORIENTED_EDGE('',*,*,#1897,.F.);
#1194=ORIENTED_EDGE('',*,*,#1801,.T.);
#1195=ORIENTED_EDGE('',*,*,#1808,.T.);
#1196=ORIENTED_EDGE('',*,*,#1798,.F.);
#1197=ORIENTED_EDGE('',*,*,#1898,.F.);
#1198=ORIENTED_EDGE('',*,*,#1899,.F.);
#1199=ORIENTED_EDGE('',*,*,#1791,.T.);
#1200=ORIENTED_EDGE('',*,*,#1812,.T.);
#1201=ORIENTED_EDGE('',*,*,#1824,.T.);
#1202=ORIENTED_EDGE('',*,*,#1879,.T.);
#1203=ORIENTED_EDGE('',*,*,#1779,.F.);
#1204=ORIENTED_EDGE('',*,*,#1888,.F.);
#1205=ORIENTED_EDGE('',*,*,#1749,.T.);
#1206=ORIENTED_EDGE('',*,*,#1880,.T.);
#1207=ORIENTED_EDGE('',*,*,#1743,.T.);
#1208=ORIENTED_EDGE('',*,*,#1900,.T.);
#1209=ORIENTED_EDGE('',*,*,#1901,.T.);
#1210=ORIENTED_EDGE('',*,*,#1735,.F.);
#1211=ORIENTED_EDGE('',*,*,#1861,.T.);
#1212=ORIENTED_EDGE('',*,*,#1739,.T.);
#1213=ORIENTED_EDGE('',*,*,#1902,.T.);
#1214=ORIENTED_EDGE('',*,*,#1903,.T.);
#1215=ORIENTED_EDGE('',*,*,#1865,.F.);
#1216=ORIENTED_EDGE('',*,*,#1871,.T.);
#1217=ORIENTED_EDGE('',*,*,#1869,.T.);
#1218=ORIENTED_EDGE('',*,*,#1904,.T.);
#1219=ORIENTED_EDGE('',*,*,#1905,.T.);
#1220=ORIENTED_EDGE('',*,*,#1751,.F.);
#1221=ORIENTED_EDGE('',*,*,#1906,.T.);
#1222=ORIENTED_EDGE('',*,*,#1787,.T.);
#1223=ORIENTED_EDGE('',*,*,#1899,.T.);
#1224=ORIENTED_EDGE('',*,*,#1904,.F.);
#1225=ORIENTED_EDGE('',*,*,#1868,.F.);
#1226=ORIENTED_EDGE('',*,*,#1866,.F.);
#1227=ORIENTED_EDGE('',*,*,#1903,.F.);
#1228=ORIENTED_EDGE('',*,*,#1902,.F.);
#1229=ORIENTED_EDGE('',*,*,#1738,.T.);
#1230=ORIENTED_EDGE('',*,*,#1862,.F.);
#1231=ORIENTED_EDGE('',*,*,#1732,.F.);
#1232=ORIENTED_EDGE('',*,*,#1863,.F.);
#1233=ORIENTED_EDGE('',*,*,#1736,.T.);
#1234=ORIENTED_EDGE('',*,*,#1901,.F.);
#1235=ORIENTED_EDGE('',*,*,#1895,.T.);
#1236=ORIENTED_EDGE('',*,*,#1782,.T.);
#1237=ORIENTED_EDGE('',*,*,#1907,.T.);
#1238=ORIENTED_EDGE('',*,*,#1876,.F.);
#1239=ORIENTED_EDGE('',*,*,#1752,.T.);
#1240=ORIENTED_EDGE('',*,*,#1905,.F.);
#1241=ORIENTED_EDGE('',*,*,#1898,.T.);
#1242=ORIENTED_EDGE('',*,*,#1797,.T.);
#1243=ORIENTED_EDGE('',*,*,#1897,.T.);
#1244=ORIENTED_EDGE('',*,*,#1792,.T.);
#1245=ORIENTED_EDGE('',*,*,#1894,.T.);
#1246=ORIENTED_EDGE('',*,*,#1900,.F.);
#1247=ORIENTED_EDGE('',*,*,#1742,.T.);
#1248=ORIENTED_EDGE('',*,*,#1875,.F.);
#1249=ORIENTED_EDGE('',*,*,#1760,.F.);
#1250=ORIENTED_EDGE('',*,*,#1872,.F.);
#1251=ORIENTED_EDGE('',*,*,#1756,.F.);
#1252=ORIENTED_EDGE('',*,*,#1892,.F.);
#1253=ORIENTED_EDGE('',*,*,#1770,.F.);
#1254=ORIENTED_EDGE('',*,*,#1891,.T.);
#1255=ORIENTED_EDGE('',*,*,#1766,.F.);
#1256=ORIENTED_EDGE('',*,*,#1841,.F.);
#1257=ORIENTED_EDGE('',*,*,#1857,.F.);
#1258=ORIENTED_EDGE('',*,*,#1890,.T.);
#1259=ORIENTED_EDGE('',*,*,#1886,.T.);
#1260=ORIENTED_EDGE('',*,*,#1839,.T.);
#1261=ORIENTED_EDGE('',*,*,#1885,.T.);
#1262=ORIENTED_EDGE('',*,*,#1893,.F.);
#1263=ORIENTED_EDGE('',*,*,#1858,.F.);
#1264=ORIENTED_EDGE('',*,*,#1704,.F.);
#1265=ORIENTED_EDGE('',*,*,#1800,.T.);
#1266=ORIENTED_EDGE('',*,*,#1807,.T.);
#1267=ORIENTED_EDGE('',*,*,#1829,.T.);
#1268=ORIENTED_EDGE('',*,*,#1803,.F.);
#1269=ORIENTED_EDGE('',*,*,#1794,.F.);
#1270=ORIENTED_EDGE('',*,*,#1678,.T.);
#1271=ORIENTED_EDGE('',*,*,#1785,.T.);
#1272=ORIENTED_EDGE('',*,*,#1817,.T.);
#1273=ORIENTED_EDGE('',*,*,#1822,.T.);
#1274=ORIENTED_EDGE('',*,*,#1813,.T.);
#1275=ORIENTED_EDGE('',*,*,#1789,.F.);
#1276=ORIENTED_EDGE('',*,*,#1689,.F.);
#1277=ORIENTED_EDGE('',*,*,#1400,.T.);
#1278=ORIENTED_EDGE('',*,*,#1690,.F.);
#1279=ORIENTED_EDGE('',*,*,#1908,.T.);
#1280=ORIENTED_EDGE('',*,*,#1657,.T.);
#1281=ORIENTED_EDGE('',*,*,#1681,.F.);
#1282=ORIENTED_EDGE('',*,*,#1683,.T.);
#1283=ORIENTED_EDGE('',*,*,#1685,.F.);
#1284=ORIENTED_EDGE('',*,*,#1687,.F.);
#1285=ORIENTED_EDGE('',*,*,#1655,.T.);
#1286=ORIENTED_EDGE('',*,*,#1908,.F.);
#1287=ORIENTED_EDGE('',*,*,#1788,.F.);
#1288=ORIENTED_EDGE('',*,*,#1906,.F.);
#1289=ORIENTED_EDGE('',*,*,#1907,.F.);
#1290=ORIENTED_EDGE('',*,*,#1786,.T.);
#1291=ORIENTED_EDGE('',*,*,#1666,.F.);
#1292=ORIENTED_EDGE('',*,*,#1652,.F.);
#1293=ORIENTED_EDGE('',*,*,#1658,.F.);
#1294=ORIENTED_EDGE('',*,*,#1725,.T.);
#1295=ORIENTED_EDGE('',*,*,#1404,.T.);
#1296=ORIENTED_EDGE('',*,*,#1726,.F.);
#1297=ORIENTED_EDGE('',*,*,#1896,.F.);
#1298=ORIENTED_EDGE('',*,*,#1646,.F.);
#1299=ORIENTED_EDGE('',*,*,#1718,.T.);
#1300=ORIENTED_EDGE('',*,*,#1719,.T.);
#1301=ORIENTED_EDGE('',*,*,#1721,.F.);
#1302=ORIENTED_EDGE('',*,*,#1723,.F.);
#1303=ORIENTED_EDGE('',*,*,#1842,.T.);
#1304=ORIENTED_EDGE('',*,*,#1852,.T.);
#1305=ORIENTED_EDGE('',*,*,#1849,.T.);
#1306=ORIENTED_EDGE('',*,*,#1846,.T.);
#1307=ORIENTED_EDGE('',*,*,#1643,.T.);
#1308=ORIENTED_EDGE('',*,*,#1618,.T.);
#1309=ORIENTED_EDGE('',*,*,#1621,.T.);
#1310=ORIENTED_EDGE('',*,*,#1623,.T.);
#1311=ORIENTED_EDGE('',*,*,#1625,.T.);
#1312=ORIENTED_EDGE('',*,*,#1627,.T.);
#1313=ORIENTED_EDGE('',*,*,#1629,.T.);
#1314=ORIENTED_EDGE('',*,*,#1631,.T.);
#1315=ORIENTED_EDGE('',*,*,#1633,.T.);
#1316=ORIENTED_EDGE('',*,*,#1635,.T.);
#1317=ORIENTED_EDGE('',*,*,#1637,.T.);
#1318=ORIENTED_EDGE('',*,*,#1639,.T.);
#1319=ORIENTED_EDGE('',*,*,#1641,.T.);
#1320=ORIENTED_EDGE('',*,*,#1604,.T.);
#1321=ORIENTED_EDGE('',*,*,#1579,.T.);
#1322=ORIENTED_EDGE('',*,*,#1582,.T.);
#1323=ORIENTED_EDGE('',*,*,#1584,.T.);
#1324=ORIENTED_EDGE('',*,*,#1586,.T.);
#1325=ORIENTED_EDGE('',*,*,#1588,.T.);
#1326=ORIENTED_EDGE('',*,*,#1590,.T.);
#1327=ORIENTED_EDGE('',*,*,#1592,.T.);
#1328=ORIENTED_EDGE('',*,*,#1594,.T.);
#1329=ORIENTED_EDGE('',*,*,#1596,.T.);
#1330=ORIENTED_EDGE('',*,*,#1598,.T.);
#1331=ORIENTED_EDGE('',*,*,#1600,.T.);
#1332=ORIENTED_EDGE('',*,*,#1602,.T.);
#1333=ORIENTED_EDGE('',*,*,#1564,.T.);
#1334=ORIENTED_EDGE('',*,*,#1542,.T.);
#1335=ORIENTED_EDGE('',*,*,#1546,.T.);
#1336=ORIENTED_EDGE('',*,*,#1549,.T.);
#1337=ORIENTED_EDGE('',*,*,#1552,.T.);
#1338=ORIENTED_EDGE('',*,*,#1555,.T.);
#1339=ORIENTED_EDGE('',*,*,#1558,.T.);
#1340=ORIENTED_EDGE('',*,*,#1561,.T.);
#1341=ORIENTED_EDGE('',*,*,#1528,.T.);
#1342=ORIENTED_EDGE('',*,*,#1506,.T.);
#1343=ORIENTED_EDGE('',*,*,#1510,.T.);
#1344=ORIENTED_EDGE('',*,*,#1513,.T.);
#1345=ORIENTED_EDGE('',*,*,#1516,.T.);
#1346=ORIENTED_EDGE('',*,*,#1519,.T.);
#1347=ORIENTED_EDGE('',*,*,#1522,.T.);
#1348=ORIENTED_EDGE('',*,*,#1525,.T.);
#1349=ORIENTED_EDGE('',*,*,#1492,.T.);
#1350=ORIENTED_EDGE('',*,*,#1470,.T.);
#1351=ORIENTED_EDGE('',*,*,#1474,.T.);
#1352=ORIENTED_EDGE('',*,*,#1477,.T.);
#1353=ORIENTED_EDGE('',*,*,#1480,.T.);
#1354=ORIENTED_EDGE('',*,*,#1483,.T.);
#1355=ORIENTED_EDGE('',*,*,#1486,.T.);
#1356=ORIENTED_EDGE('',*,*,#1489,.T.);
#1357=ORIENTED_EDGE('',*,*,#1456,.T.);
#1358=ORIENTED_EDGE('',*,*,#1425,.T.);
#1359=ORIENTED_EDGE('',*,*,#1429,.T.);
#1360=ORIENTED_EDGE('',*,*,#1432,.T.);
#1361=ORIENTED_EDGE('',*,*,#1435,.T.);
#1362=ORIENTED_EDGE('',*,*,#1438,.T.);
#1363=ORIENTED_EDGE('',*,*,#1441,.T.);
#1364=ORIENTED_EDGE('',*,*,#1444,.T.);
#1365=ORIENTED_EDGE('',*,*,#1447,.T.);
#1366=ORIENTED_EDGE('',*,*,#1450,.T.);
#1367=ORIENTED_EDGE('',*,*,#1453,.T.);
#1368=EDGE_CURVE('',#1909,#1910,#2264,.T.);
#1369=EDGE_CURVE('',#1910,#1911,#2265,.T.);
#1370=EDGE_CURVE('',#1911,#1912,#2266,.T.);
#1371=EDGE_CURVE('',#1912,#1909,#2267,.T.);
#1372=EDGE_CURVE('',#1913,#1914,#2268,.T.);
#1373=EDGE_CURVE('',#1912,#1914,#2269,.T.);
#1374=EDGE_CURVE('',#1911,#1913,#2270,.T.);
#1375=EDGE_CURVE('',#1915,#1916,#2271,.T.);
#1376=EDGE_CURVE('',#1916,#1917,#2272,.T.);
#1377=EDGE_CURVE('',#1917,#1918,#2273,.T.);
#1378=EDGE_CURVE('',#1918,#1915,#2274,.T.);
#1379=EDGE_CURVE('',#1919,#1920,#2275,.T.);
#1380=EDGE_CURVE('',#1918,#1920,#2276,.T.);
#1381=EDGE_CURVE('',#1917,#1919,#2277,.T.);
#1382=EDGE_CURVE('',#1921,#1909,#2278,.T.);
#1383=EDGE_CURVE('',#1914,#1919,#2279,.T.);
#1384=EDGE_CURVE('',#1922,#1916,#2280,.T.);
#1385=EDGE_CURVE('',#1921,#1922,#2281,.T.);
#1386=EDGE_CURVE('',#1923,#1910,#2282,.T.);
#1387=EDGE_CURVE('',#1923,#1921,#2283,.T.);
#1388=EDGE_CURVE('',#1924,#1915,#2284,.T.);
#1389=EDGE_CURVE('',#1920,#1913,#2285,.T.);
#1390=EDGE_CURVE('',#1924,#1923,#2286,.T.);
#1391=EDGE_CURVE('',#1922,#1924,#2287,.T.);
#1392=EDGE_CURVE('',#1925,#1925,#199,.T.);
#1393=EDGE_CURVE('',#1926,#1926,#200,.F.);
#1394=EDGE_CURVE('',#1927,#1928,#201,.T.);
#1395=EDGE_CURVE('',#1928,#1929,#2288,.T.);
#1396=EDGE_CURVE('',#1930,#1929,#202,.T.);
#1397=EDGE_CURVE('',#1927,#1930,#2289,.T.);
#1398=EDGE_CURVE('',#1931,#1932,#203,.T.);
#1399=EDGE_CURVE('',#1932,#1933,#2290,.T.);
#1400=EDGE_CURVE('',#1934,#1933,#204,.T.);
#1401=EDGE_CURVE('',#1931,#1934,#2291,.T.);
#1402=EDGE_CURVE('',#1935,#1936,#205,.T.);
#1403=EDGE_CURVE('',#1936,#1937,#2292,.T.);
#1404=EDGE_CURVE('',#1938,#1937,#206,.T.);
#1405=EDGE_CURVE('',#1935,#1938,#2293,.T.);
#1406=EDGE_CURVE('',#1939,#1940,#207,.T.);
#1407=EDGE_CURVE('',#1940,#1941,#2294,.T.);
#1408=EDGE_CURVE('',#1942,#1941,#208,.T.);
#1409=EDGE_CURVE('',#1939,#1942,#2295,.T.);
#1410=EDGE_CURVE('',#1943,#1944,#2296,.T.);
#1411=EDGE_CURVE('',#1944,#1945,#2297,.T.);
#1412=EDGE_CURVE('',#1945,#1946,#2298,.T.);
#1413=EDGE_CURVE('',#1946,#1947,#55,.T.);
#1414=EDGE_CURVE('',#1947,#1943,#56,.T.);
#1415=EDGE_CURVE('',#1948,#1947,#2299,.T.);
#1416=EDGE_CURVE('',#1948,#1949,#57,.T.);
#1417=EDGE_CURVE('',#1949,#1943,#2300,.T.);
#1418=EDGE_CURVE('',#1950,#1946,#2301,.T.);
#1419=EDGE_CURVE('',#1950,#1948,#58,.T.);
#1420=EDGE_CURVE('',#1951,#1945,#2302,.T.);
#1421=EDGE_CURVE('',#1951,#1950,#2303,.T.);
#1422=EDGE_CURVE('',#1952,#1944,#2304,.T.);
#1423=EDGE_CURVE('',#1952,#1951,#2305,.T.);
#1424=EDGE_CURVE('',#1949,#1952,#2306,.T.);
#1425=EDGE_CURVE('',#1953,#1954,#2307,.T.);
#1426=EDGE_CURVE('',#1955,#1953,#2308,.T.);
#1427=EDGE_CURVE('',#1955,#1956,#2309,.T.);
#1428=EDGE_CURVE('',#1956,#1954,#2310,.T.);
#1429=EDGE_CURVE('',#1954,#1957,#59,.T.);
#1430=EDGE_CURVE('',#1956,#1958,#60,.T.);
#1431=EDGE_CURVE('',#1958,#1957,#2311,.T.);
#1432=EDGE_CURVE('',#1957,#1959,#61,.T.);
#1433=EDGE_CURVE('',#1958,#1960,#62,.T.);
#1434=EDGE_CURVE('',#1960,#1959,#2312,.T.);
#1435=EDGE_CURVE('',#1959,#1961,#63,.T.);
#1436=EDGE_CURVE('',#1960,#1962,#64,.T.);
#1437=EDGE_CURVE('',#1962,#1961,#2313,.T.);
#1438=EDGE_CURVE('',#1961,#1963,#2314,.T.);
#1439=EDGE_CURVE('',#1962,#1964,#2315,.T.);
#1440=EDGE_CURVE('',#1964,#1963,#2316,.T.);
#1441=EDGE_CURVE('',#1963,#1965,#2317,.T.);
#1442=EDGE_CURVE('',#1964,#1966,#2318,.T.);
#1443=EDGE_CURVE('',#1966,#1965,#2319,.T.);
#1444=EDGE_CURVE('',#1965,#1967,#2320,.T.);
#1445=EDGE_CURVE('',#1966,#1968,#2321,.T.);
#1446=EDGE_CURVE('',#1968,#1967,#2322,.T.);
#1447=EDGE_CURVE('',#1967,#1969,#2323,.T.);
#1448=EDGE_CURVE('',#1968,#1970,#2324,.T.);
#1449=EDGE_CURVE('',#1970,#1969,#2325,.T.);
#1450=EDGE_CURVE('',#1969,#1971,#2326,.T.);
#1451=EDGE_CURVE('',#1970,#1972,#2327,.T.);
#1452=EDGE_CURVE('',#1972,#1971,#2328,.T.);
#1453=EDGE_CURVE('',#1971,#1973,#2329,.T.);
#1454=EDGE_CURVE('',#1972,#1974,#2330,.T.);
#1455=EDGE_CURVE('',#1974,#1973,#2331,.T.);
#1456=EDGE_CURVE('',#1973,#1953,#2332,.T.);
#1457=EDGE_CURVE('',#1974,#1955,#2333,.T.);
#1458=EDGE_CURVE('',#1975,#1976,#65,.T.);
#1459=EDGE_CURVE('',#1976,#1977,#66,.T.);
#1460=EDGE_CURVE('',#1977,#1978,#67,.T.);
#1461=EDGE_CURVE('',#1978,#1975,#68,.T.);
#1462=EDGE_CURVE('',#1979,#1978,#2334,.T.);
#1463=EDGE_CURVE('',#1979,#1980,#69,.T.);
#1464=EDGE_CURVE('',#1980,#1975,#2335,.T.);
#1465=EDGE_CURVE('',#1981,#1977,#2336,.T.);
#1466=EDGE_CURVE('',#1981,#1979,#70,.T.);
#1467=EDGE_CURVE('',#1982,#1976,#2337,.T.);
#1468=EDGE_CURVE('',#1982,#1981,#71,.T.);
#1469=EDGE_CURVE('',#1980,#1982,#72,.T.);
#1470=EDGE_CURVE('',#1983,#1984,#2338,.T.);
#1471=EDGE_CURVE('',#1985,#1983,#2339,.T.);
#1472=EDGE_CURVE('',#1985,#1986,#2340,.T.);
#1473=EDGE_CURVE('',#1986,#1984,#2341,.T.);
#1474=EDGE_CURVE('',#1984,#1987,#2342,.T.);
#1475=EDGE_CURVE('',#1986,#1988,#2343,.T.);
#1476=EDGE_CURVE('',#1988,#1987,#2344,.T.);
#1477=EDGE_CURVE('',#1987,#1989,#209,.T.);
#1478=EDGE_CURVE('',#1988,#1990,#210,.T.);
#1479=EDGE_CURVE('',#1990,#1989,#73,.T.);
#1480=EDGE_CURVE('',#1989,#1991,#74,.T.);
#1481=EDGE_CURVE('',#1990,#1992,#75,.T.);
#1482=EDGE_CURVE('',#1992,#1991,#2345,.T.);
#1483=EDGE_CURVE('',#1991,#1993,#76,.T.);
#1484=EDGE_CURVE('',#1992,#1994,#77,.T.);
#1485=EDGE_CURVE('',#1994,#1993,#2346,.T.);
#1486=EDGE_CURVE('',#1993,#1995,#78,.T.);
#1487=EDGE_CURVE('',#1994,#1996,#79,.T.);
#1488=EDGE_CURVE('',#1996,#1995,#2347,.T.);
#1489=EDGE_CURVE('',#1995,#1997,#80,.T.);
#1490=EDGE_CURVE('',#1996,#1998,#81,.T.);
#1491=EDGE_CURVE('',#1998,#1997,#2348,.T.);
#1492=EDGE_CURVE('',#1997,#1983,#2349,.T.);
#1493=EDGE_CURVE('',#1998,#1985,#2350,.T.);
#1494=EDGE_CURVE('',#1999,#2000,#82,.T.);
#1495=EDGE_CURVE('',#2000,#2001,#83,.T.);
#1496=EDGE_CURVE('',#2001,#2002,#84,.T.);
#1497=EDGE_CURVE('',#2002,#1999,#85,.T.);
#1498=EDGE_CURVE('',#2003,#2002,#2351,.T.);
#1499=EDGE_CURVE('',#2003,#2004,#86,.T.);
#1500=EDGE_CURVE('',#2004,#1999,#2352,.T.);
#1501=EDGE_CURVE('',#2005,#2001,#2353,.T.);
#1502=EDGE_CURVE('',#2005,#2003,#87,.T.);
#1503=EDGE_CURVE('',#2006,#2000,#2354,.T.);
#1504=EDGE_CURVE('',#2006,#2005,#88,.T.);
#1505=EDGE_CURVE('',#2004,#2006,#89,.T.);
#1506=EDGE_CURVE('',#2007,#2008,#2355,.T.);
#1507=EDGE_CURVE('',#2009,#2007,#2356,.T.);
#1508=EDGE_CURVE('',#2009,#2010,#2357,.T.);
#1509=EDGE_CURVE('',#2010,#2008,#2358,.T.);
#1510=EDGE_CURVE('',#2008,#2011,#2359,.T.);
#1511=EDGE_CURVE('',#2010,#2012,#2360,.T.);
#1512=EDGE_CURVE('',#2012,#2011,#2361,.T.);
#1513=EDGE_CURVE('',#2011,#2013,#211,.T.);
#1514=EDGE_CURVE('',#2012,#2014,#212,.T.);
#1515=EDGE_CURVE('',#2014,#2013,#90,.T.);
#1516=EDGE_CURVE('',#2013,#2015,#91,.T.);
#1517=EDGE_CURVE('',#2014,#2016,#92,.T.);
#1518=EDGE_CURVE('',#2016,#2015,#2362,.T.);
#1519=EDGE_CURVE('',#2015,#2017,#93,.T.);
#1520=EDGE_CURVE('',#2016,#2018,#94,.T.);
#1521=EDGE_CURVE('',#2018,#2017,#2363,.T.);
#1522=EDGE_CURVE('',#2017,#2019,#95,.T.);
#1523=EDGE_CURVE('',#2018,#2020,#96,.T.);
#1524=EDGE_CURVE('',#2020,#2019,#2364,.T.);
#1525=EDGE_CURVE('',#2019,#2021,#97,.T.);
#1526=EDGE_CURVE('',#2020,#2022,#98,.T.);
#1527=EDGE_CURVE('',#2022,#2021,#2365,.T.);
#1528=EDGE_CURVE('',#2021,#2007,#2366,.T.);
#1529=EDGE_CURVE('',#2022,#2009,#2367,.T.);
#1530=EDGE_CURVE('',#2023,#2024,#99,.T.);
#1531=EDGE_CURVE('',#2024,#2025,#100,.T.);
#1532=EDGE_CURVE('',#2025,#2026,#101,.T.);
#1533=EDGE_CURVE('',#2026,#2023,#102,.T.);
#1534=EDGE_CURVE('',#2027,#2026,#2368,.T.);
#1535=EDGE_CURVE('',#2027,#2028,#103,.T.);
#1536=EDGE_CURVE('',#2028,#2023,#2369,.T.);
#1537=EDGE_CURVE('',#2029,#2025,#2370,.T.);
#1538=EDGE_CURVE('',#2029,#2027,#104,.T.);
#1539=EDGE_CURVE('',#2030,#2024,#2371,.T.);
#1540=EDGE_CURVE('',#2030,#2029,#105,.T.);
#1541=EDGE_CURVE('',#2028,#2030,#106,.T.);
#1542=EDGE_CURVE('',#2031,#2032,#2372,.T.);
#1543=EDGE_CURVE('',#2033,#2031,#2373,.T.);
#1544=EDGE_CURVE('',#2033,#2034,#2374,.T.);
#1545=EDGE_CURVE('',#2034,#2032,#2375,.T.);
#1546=EDGE_CURVE('',#2032,#2035,#2376,.T.);
#1547=EDGE_CURVE('',#2034,#2036,#2377,.T.);
#1548=EDGE_CURVE('',#2036,#2035,#2378,.T.);
#1549=EDGE_CURVE('',#2035,#2037,#213,.T.);
#1550=EDGE_CURVE('',#2036,#2038,#214,.T.);
#1551=EDGE_CURVE('',#2038,#2037,#107,.T.);
#1552=EDGE_CURVE('',#2037,#2039,#108,.T.);
#1553=EDGE_CURVE('',#2038,#2040,#109,.T.);
#1554=EDGE_CURVE('',#2040,#2039,#2379,.T.);
#1555=EDGE_CURVE('',#2039,#2041,#110,.T.);
#1556=EDGE_CURVE('',#2040,#2042,#111,.T.);
#1557=EDGE_CURVE('',#2042,#2041,#2380,.T.);
#1558=EDGE_CURVE('',#2041,#2043,#112,.T.);
#1559=EDGE_CURVE('',#2042,#2044,#113,.T.);
#1560=EDGE_CURVE('',#2044,#2043,#2381,.T.);
#1561=EDGE_CURVE('',#2043,#2045,#114,.T.);
#1562=EDGE_CURVE('',#2044,#2046,#115,.T.);
#1563=EDGE_CURVE('',#2046,#2045,#2382,.T.);
#1564=EDGE_CURVE('',#2045,#2031,#2383,.T.);
#1565=EDGE_CURVE('',#2046,#2033,#2384,.T.);
#1566=EDGE_CURVE('',#2047,#2048,#116,.T.);
#1567=EDGE_CURVE('',#2049,#2047,#117,.T.);
#1568=EDGE_CURVE('',#2050,#2049,#215,.T.);
#1569=EDGE_CURVE('',#2051,#2050,#118,.T.);
#1570=EDGE_CURVE('',#2052,#2051,#119,.T.);
#1571=EDGE_CURVE('',#2053,#2052,#2385,.T.);
#1572=EDGE_CURVE('',#2054,#2053,#2386,.T.);
#1573=EDGE_CURVE('',#2055,#2054,#2387,.T.);
#1574=EDGE_CURVE('',#2056,#2055,#120,.T.);
#1575=EDGE_CURVE('',#2057,#2056,#121,.T.);
#1576=EDGE_CURVE('',#2058,#2057,#122,.T.);
#1577=EDGE_CURVE('',#2059,#2058,#123,.T.);
#1578=EDGE_CURVE('',#2048,#2059,#2388,.T.);
#1579=EDGE_CURVE('',#2060,#2061,#2389,.T.);
#1580=EDGE_CURVE('',#2048,#2060,#2390,.T.);
#1581=EDGE_CURVE('',#2059,#2061,#2391,.T.);
#1582=EDGE_CURVE('',#2061,#2062,#124,.T.);
#1583=EDGE_CURVE('',#2058,#2062,#2392,.T.);
#1584=EDGE_CURVE('',#2062,#2063,#125,.T.);
#1585=EDGE_CURVE('',#2057,#2063,#2393,.T.);
#1586=EDGE_CURVE('',#2063,#2064,#126,.T.);
#1587=EDGE_CURVE('',#2056,#2064,#2394,.T.);
#1588=EDGE_CURVE('',#2064,#2065,#127,.T.);
#1589=EDGE_CURVE('',#2055,#2065,#2395,.T.);
#1590=EDGE_CURVE('',#2065,#2066,#2396,.T.);
#1591=EDGE_CURVE('',#2054,#2066,#2397,.T.);
#1592=EDGE_CURVE('',#2066,#2067,#2398,.T.);
#1593=EDGE_CURVE('',#2053,#2067,#2399,.T.);
#1594=EDGE_CURVE('',#2067,#2068,#2400,.T.);
#1595=EDGE_CURVE('',#2052,#2068,#2401,.T.);
#1596=EDGE_CURVE('',#2068,#2069,#128,.T.);
#1597=EDGE_CURVE('',#2051,#2069,#2402,.T.);
#1598=EDGE_CURVE('',#2069,#2070,#129,.T.);
#1599=EDGE_CURVE('',#2070,#2050,#130,.T.);
#1600=EDGE_CURVE('',#2070,#2071,#216,.T.);
#1601=EDGE_CURVE('',#2049,#2071,#131,.T.);
#1602=EDGE_CURVE('',#2071,#2072,#132,.T.);
#1603=EDGE_CURVE('',#2047,#2072,#2403,.T.);
#1604=EDGE_CURVE('',#2072,#2060,#133,.T.);
#1605=EDGE_CURVE('',#2073,#2074,#2404,.T.);
#1606=EDGE_CURVE('',#2075,#2073,#2405,.T.);
#1607=EDGE_CURVE('',#2076,#2075,#2406,.T.);
#1608=EDGE_CURVE('',#2077,#2076,#2407,.T.);
#1609=EDGE_CURVE('',#2078,#2077,#2408,.T.);
#1610=EDGE_CURVE('',#2079,#2078,#2409,.T.);
#1611=EDGE_CURVE('',#2080,#2079,#2410,.T.);
#1612=EDGE_CURVE('',#2081,#2080,#2411,.T.);
#1613=EDGE_CURVE('',#2082,#2081,#2412,.T.);
#1614=EDGE_CURVE('',#2083,#2082,#2413,.T.);
#1615=EDGE_CURVE('',#2084,#2083,#2414,.T.);
#1616=EDGE_CURVE('',#2085,#2084,#2415,.T.);
#1617=EDGE_CURVE('',#2074,#2085,#2416,.T.);
#1618=EDGE_CURVE('',#2086,#2087,#2417,.T.);
#1619=EDGE_CURVE('',#2074,#2086,#2418,.T.);
#1620=EDGE_CURVE('',#2085,#2087,#2419,.T.);
#1621=EDGE_CURVE('',#2087,#2088,#2420,.T.);
#1622=EDGE_CURVE('',#2084,#2088,#2421,.T.);
#1623=EDGE_CURVE('',#2088,#2089,#2422,.T.);
#1624=EDGE_CURVE('',#2083,#2089,#2423,.T.);
#1625=EDGE_CURVE('',#2089,#2090,#2424,.T.);
#1626=EDGE_CURVE('',#2082,#2090,#2425,.T.);
#1627=EDGE_CURVE('',#2090,#2091,#2426,.T.);
#1628=EDGE_CURVE('',#2081,#2091,#2427,.T.);
#1629=EDGE_CURVE('',#2091,#2092,#2428,.T.);
#1630=EDGE_CURVE('',#2080,#2092,#2429,.T.);
#1631=EDGE_CURVE('',#2092,#2093,#2430,.T.);
#1632=EDGE_CURVE('',#2079,#2093,#2431,.T.);
#1633=EDGE_CURVE('',#2093,#2094,#2432,.T.);
#1634=EDGE_CURVE('',#2078,#2094,#2433,.T.);
#1635=EDGE_CURVE('',#2094,#2095,#2434,.T.);
#1636=EDGE_CURVE('',#2077,#2095,#2435,.T.);
#1637=EDGE_CURVE('',#2095,#2096,#2436,.T.);
#1638=EDGE_CURVE('',#2076,#2096,#2437,.T.);
#1639=EDGE_CURVE('',#2096,#2097,#2438,.T.);
#1640=EDGE_CURVE('',#2075,#2097,#2439,.T.);
#1641=EDGE_CURVE('',#2097,#2098,#2440,.T.);
#1642=EDGE_CURVE('',#2073,#2098,#2441,.T.);
#1643=EDGE_CURVE('',#2098,#2086,#2442,.T.);
#1644=EDGE_CURVE('',#2099,#2100,#2443,.T.);
#1645=EDGE_CURVE('',#2100,#2101,#2444,.T.);
#1646=EDGE_CURVE('',#2101,#2099,#2445,.T.);
#1647=EDGE_CURVE('',#2102,#2103,#2446,.T.);
#1648=EDGE_CURVE('',#2104,#2102,#2447,.T.);
#1649=EDGE_CURVE('',#2103,#2104,#2448,.T.);
#1650=EDGE_CURVE('',#2104,#2101,#2449,.T.);
#1651=EDGE_CURVE('',#2103,#2100,#2450,.T.);
#1652=EDGE_CURVE('',#2105,#2106,#2451,.T.);
#1653=EDGE_CURVE('',#2106,#2107,#2452,.T.);
#1654=EDGE_CURVE('',#2107,#2105,#2453,.T.);
#1655=EDGE_CURVE('',#2108,#2109,#2454,.T.);
#1656=EDGE_CURVE('',#2110,#2108,#2455,.T.);
#1657=EDGE_CURVE('',#2109,#2110,#2456,.T.);
#1658=EDGE_CURVE('',#2108,#2105,#2457,.T.);
#1659=EDGE_CURVE('',#2110,#2107,#2458,.T.);
#1660=EDGE_CURVE('',#2111,#1930,#2459,.T.);
#1661=EDGE_CURVE('',#2112,#1929,#2460,.T.);
#1662=EDGE_CURVE('',#2112,#2113,#2461,.T.);
#1663=EDGE_CURVE('',#2114,#2113,#217,.T.);
#1664=EDGE_CURVE('',#2115,#2114,#2462,.T.);
#1665=EDGE_CURVE('',#2107,#2115,#2463,.T.);
#1666=EDGE_CURVE('',#2106,#2111,#2464,.T.);
#1667=EDGE_CURVE('',#2116,#1932,#2465,.T.);
#1668=EDGE_CURVE('',#1931,#2117,#2466,.T.);
#1669=EDGE_CURVE('',#2117,#2118,#2467,.T.);
#1670=EDGE_CURVE('',#2118,#2119,#218,.T.);
#1671=EDGE_CURVE('',#2120,#2119,#2468,.T.);
#1672=EDGE_CURVE('',#2120,#2121,#2469,.T.);
#1673=EDGE_CURVE('',#2121,#2122,#2470,.T.);
#1674=EDGE_CURVE('',#2122,#2123,#219,.T.);
#1675=EDGE_CURVE('',#2124,#2123,#2471,.T.);
#1676=EDGE_CURVE('',#2124,#1928,#2472,.T.);
#1677=EDGE_CURVE('',#2125,#1927,#2473,.T.);
#1678=EDGE_CURVE('',#2116,#2125,#2474,.T.);
#1679=EDGE_CURVE('',#2122,#2114,#2475,.T.);
#1680=EDGE_CURVE('',#2121,#2115,#2476,.T.);
#1681=EDGE_CURVE('',#2126,#2110,#2477,.T.);
#1682=EDGE_CURVE('',#2120,#2126,#2478,.T.);
#1683=EDGE_CURVE('',#2126,#2127,#2479,.T.);
#1684=EDGE_CURVE('',#2119,#2127,#2480,.T.);
#1685=EDGE_CURVE('',#2128,#2127,#220,.T.);
#1686=EDGE_CURVE('',#2118,#2128,#2481,.T.);
#1687=EDGE_CURVE('',#2129,#2128,#2482,.T.);
#1688=EDGE_CURVE('',#2117,#2129,#2483,.T.);
#1689=EDGE_CURVE('',#1934,#2129,#2484,.T.);
#1690=EDGE_CURVE('',#2130,#1933,#2485,.T.);
#1691=EDGE_CURVE('',#2116,#2130,#2486,.T.);
#1692=EDGE_CURVE('',#2125,#2111,#2487,.T.);
#1693=EDGE_CURVE('',#2124,#2112,#2488,.T.);
#1694=EDGE_CURVE('',#2123,#2113,#2489,.T.);
#1695=EDGE_CURVE('',#2131,#1942,#2490,.T.);
#1696=EDGE_CURVE('',#1941,#2132,#2491,.T.);
#1697=EDGE_CURVE('',#2132,#2133,#2492,.T.);
#1698=EDGE_CURVE('',#2134,#2133,#221,.T.);
#1699=EDGE_CURVE('',#2135,#2134,#2493,.T.);
#1700=EDGE_CURVE('',#2135,#2104,#2494,.T.);
#1701=EDGE_CURVE('',#2131,#2102,#2495,.T.);
#1702=EDGE_CURVE('',#1940,#2136,#2496,.T.);
#1703=EDGE_CURVE('',#2137,#1939,#2497,.T.);
#1704=EDGE_CURVE('',#2137,#2138,#2498,.T.);
#1705=EDGE_CURVE('',#2138,#1936,#2499,.T.);
#1706=EDGE_CURVE('',#2139,#1935,#2500,.T.);
#1707=EDGE_CURVE('',#2139,#2140,#2501,.T.);
#1708=EDGE_CURVE('',#2140,#2141,#222,.T.);
#1709=EDGE_CURVE('',#2142,#2141,#2502,.T.);
#1710=EDGE_CURVE('',#2143,#2142,#2503,.T.);
#1711=EDGE_CURVE('',#2143,#2144,#2504,.T.);
#1712=EDGE_CURVE('',#2144,#2145,#223,.T.);
#1713=EDGE_CURVE('',#2136,#2145,#2505,.T.);
#1714=EDGE_CURVE('',#2145,#2133,#2506,.T.);
#1715=EDGE_CURVE('',#2144,#2134,#2507,.T.);
#1716=EDGE_CURVE('',#2143,#2135,#2508,.T.);
#1717=EDGE_CURVE('',#2142,#2146,#2509,.T.);
#1718=EDGE_CURVE('',#2101,#2146,#2510,.T.);
#1719=EDGE_CURVE('',#2146,#2147,#2511,.T.);
#1720=EDGE_CURVE('',#2141,#2147,#2512,.T.);
#1721=EDGE_CURVE('',#2148,#2147,#224,.T.);
#1722=EDGE_CURVE('',#2140,#2148,#2513,.T.);
#1723=EDGE_CURVE('',#2149,#2148,#2514,.T.);
#1724=EDGE_CURVE('',#2139,#2149,#2515,.T.);
#1725=EDGE_CURVE('',#2149,#1938,#2516,.T.);
#1726=EDGE_CURVE('',#2150,#1937,#2517,.T.);
#1727=EDGE_CURVE('',#2138,#2150,#2518,.T.);
#1728=EDGE_CURVE('',#2137,#2131,#2519,.T.);
#1729=EDGE_CURVE('',#2136,#2132,#2520,.T.);
#1730=EDGE_CURVE('',#2151,#2152,#225,.T.);
#1731=EDGE_CURVE('',#2151,#2153,#2521,.T.);
#1732=EDGE_CURVE('',#2153,#2154,#226,.T.);
#1733=EDGE_CURVE('',#2152,#2154,#2522,.T.);
#1734=EDGE_CURVE('',#2155,#2156,#227,.T.);
#1735=EDGE_CURVE('',#2156,#2157,#2523,.T.);
#1736=EDGE_CURVE('',#2158,#2157,#228,.T.);
#1737=EDGE_CURVE('',#2158,#2155,#2524,.T.);
#1738=EDGE_CURVE('',#2159,#2160,#229,.T.);
#1739=EDGE_CURVE('',#2161,#2159,#2525,.T.);
#1740=EDGE_CURVE('',#2161,#2162,#230,.T.);
#1741=EDGE_CURVE('',#2160,#2162,#2526,.T.);
#1742=EDGE_CURVE('',#2163,#2164,#231,.T.);
#1743=EDGE_CURVE('',#2165,#2163,#2527,.T.);
#1744=EDGE_CURVE('',#2165,#2166,#232,.T.);
#1745=EDGE_CURVE('',#2164,#2166,#2528,.T.);
#1746=EDGE_CURVE('',#2167,#2168,#233,.T.);
#1747=EDGE_CURVE('',#2169,#2168,#2529,.T.);
#1748=EDGE_CURVE('',#2170,#2169,#234,.T.);
#1749=EDGE_CURVE('',#2167,#2170,#2530,.T.);
#1750=EDGE_CURVE('',#2171,#2172,#235,.T.);
#1751=EDGE_CURVE('',#2172,#2173,#2531,.T.);
#1752=EDGE_CURVE('',#2174,#2173,#236,.T.);
#1753=EDGE_CURVE('',#2174,#2171,#2532,.T.);
#1754=EDGE_CURVE('',#2175,#2176,#237,.T.);
#1755=EDGE_CURVE('',#2175,#2177,#2533,.T.);
#1756=EDGE_CURVE('',#2177,#2178,#238,.T.);
#1757=EDGE_CURVE('',#2176,#2178,#2534,.T.);
#1758=EDGE_CURVE('',#2179,#2180,#239,.T.);
#1759=EDGE_CURVE('',#2179,#2181,#2535,.T.);
#1760=EDGE_CURVE('',#2181,#2182,#240,.T.);
#1761=EDGE_CURVE('',#2180,#2182,#2536,.T.);
#1762=EDGE_CURVE('',#2183,#2184,#241,.T.);
#1763=EDGE_CURVE('',#2183,#2185,#2537,.T.);
#1764=EDGE_CURVE('',#2185,#2186,#242,.T.);
#1765=EDGE_CURVE('',#2184,#2186,#2538,.T.);
#1766=EDGE_CURVE('',#2187,#2188,#243,.T.);
#1767=EDGE_CURVE('',#2188,#2189,#2539,.T.);
#1768=EDGE_CURVE('',#2190,#2189,#244,.T.);
#1769=EDGE_CURVE('',#2187,#2190,#2540,.T.);
#1770=EDGE_CURVE('',#2191,#2192,#245,.T.);
#1771=EDGE_CURVE('',#2192,#2193,#2541,.T.);
#1772=EDGE_CURVE('',#2194,#2193,#246,.T.);
#1773=EDGE_CURVE('',#2191,#2194,#2542,.T.);
#1774=EDGE_CURVE('',#2195,#2196,#247,.T.);
#1775=EDGE_CURVE('',#2195,#2197,#2543,.T.);
#1776=EDGE_CURVE('',#2197,#2198,#248,.T.);
#1777=EDGE_CURVE('',#2196,#2198,#2544,.T.);
#1778=EDGE_CURVE('',#2199,#2200,#249,.T.);
#1779=EDGE_CURVE('',#2200,#2201,#2545,.T.);
#1780=EDGE_CURVE('',#2202,#2201,#250,.T.);
#1781=EDGE_CURVE('',#2199,#2202,#2546,.T.);
#1782=EDGE_CURVE('',#2203,#2204,#251,.T.);
#1783=EDGE_CURVE('',#2203,#2205,#2547,.T.);
#1784=EDGE_CURVE('',#2205,#2206,#252,.T.);
#1785=EDGE_CURVE('',#2125,#2206,#2548,.T.);
#1786=EDGE_CURVE('',#2204,#2111,#2549,.T.);
#1787=EDGE_CURVE('',#2207,#2208,#253,.T.);
#1788=EDGE_CURVE('',#2207,#2130,#2550,.T.);
#1789=EDGE_CURVE('',#2116,#2209,#2551,.T.);
#1790=EDGE_CURVE('',#2210,#2209,#254,.T.);
#1791=EDGE_CURVE('',#2208,#2210,#2552,.T.);
#1792=EDGE_CURVE('',#2211,#2212,#255,.T.);
#1793=EDGE_CURVE('',#2211,#2150,#2553,.T.);
#1794=EDGE_CURVE('',#2138,#2213,#2554,.T.);
#1795=EDGE_CURVE('',#2214,#2213,#256,.T.);
#1796=EDGE_CURVE('',#2212,#2214,#2555,.T.);
#1797=EDGE_CURVE('',#2215,#2216,#257,.T.);
#1798=EDGE_CURVE('',#2215,#2217,#2556,.T.);
#1799=EDGE_CURVE('',#2217,#2218,#258,.T.);
#1800=EDGE_CURVE('',#2137,#2218,#2557,.T.);
#1801=EDGE_CURVE('',#2216,#2131,#2558,.T.);
#1802=EDGE_CURVE('',#2214,#2219,#2559,.T.);
#1803=EDGE_CURVE('',#2213,#2220,#2560,.T.);
#1804=EDGE_CURVE('',#2220,#2219,#259,.T.);
#1805=EDGE_CURVE('',#2221,#2220,#10,.T.);
#1806=EDGE_CURVE('',#2219,#2221,#11,.T.);
#1807=EDGE_CURVE('',#2218,#2222,#2561,.T.);
#1808=EDGE_CURVE('',#2223,#2217,#2562,.T.);
#1809=EDGE_CURVE('',#2223,#2222,#260,.T.);
#1810=EDGE_CURVE('',#2222,#2224,#12,.T.);
#1811=EDGE_CURVE('',#2224,#2223,#13,.T.);
#1812=EDGE_CURVE('',#2210,#2225,#2563,.T.);
#1813=EDGE_CURVE('',#2226,#2209,#2564,.T.);
#1814=EDGE_CURVE('',#2226,#2225,#261,.T.);
#1815=EDGE_CURVE('',#2225,#2227,#14,.T.);
#1816=EDGE_CURVE('',#2227,#2226,#15,.T.);
#1817=EDGE_CURVE('',#2206,#2228,#2565,.T.);
#1818=EDGE_CURVE('',#2229,#2205,#2566,.T.);
#1819=EDGE_CURVE('',#2229,#2228,#262,.T.);
#1820=EDGE_CURVE('',#2230,#2229,#16,.T.);
#1821=EDGE_CURVE('',#2228,#2230,#17,.T.);
#1822=EDGE_CURVE('',#2228,#2226,#2567,.T.);
#1823=EDGE_CURVE('',#2227,#2230,#2568,.T.);
#1824=EDGE_CURVE('',#2225,#2223,#2569,.T.);
#1825=EDGE_CURVE('',#2224,#2227,#2570,.T.);
#1826=EDGE_CURVE('',#2219,#2229,#2571,.T.);
#1827=EDGE_CURVE('',#2230,#2221,#2572,.T.);
#1828=EDGE_CURVE('',#2221,#2224,#2573,.T.);
#1829=EDGE_CURVE('',#2222,#2220,#2574,.T.);
#1830=EDGE_CURVE('',#2231,#2231,#263,.T.);
#1831=EDGE_CURVE('',#2232,#2232,#264,.T.);
#1832=EDGE_CURVE('',#2233,#2233,#265,.T.);
#1833=EDGE_CURVE('',#2234,#2234,#266,.T.);
#1834=EDGE_CURVE('',#2235,#2235,#267,.T.);
#1835=EDGE_CURVE('',#2236,#2236,#268,.T.);
#1836=EDGE_CURVE('',#2237,#2237,#269,.T.);
#1837=EDGE_CURVE('',#2238,#2238,#270,.T.);
#1838=EDGE_CURVE('',#2239,#2240,#271,.T.);
#1839=EDGE_CURVE('',#2241,#2240,#2575,.T.);
#1840=EDGE_CURVE('',#2242,#2241,#272,.T.);
#1841=EDGE_CURVE('',#2242,#2239,#2576,.T.);
#1842=EDGE_CURVE('',#2243,#2244,#2577,.T.);
#1843=EDGE_CURVE('',#2245,#2243,#2578,.T.);
#1844=EDGE_CURVE('',#2245,#2246,#2579,.T.);
#1845=EDGE_CURVE('',#2246,#2244,#2580,.T.);
#1846=EDGE_CURVE('',#2247,#2243,#2581,.T.);
#1847=EDGE_CURVE('',#2248,#2247,#2582,.T.);
#1848=EDGE_CURVE('',#2248,#2245,#2583,.T.);
#1849=EDGE_CURVE('',#2249,#2247,#2584,.T.);
#1850=EDGE_CURVE('',#2250,#2249,#2585,.T.);
#1851=EDGE_CURVE('',#2250,#2248,#2586,.T.);
#1852=EDGE_CURVE('',#2244,#2249,#2587,.T.);
#1853=EDGE_CURVE('',#2246,#2250,#2588,.T.);
#1854=EDGE_CURVE('',#2251,#2195,#2589,.T.);
#1855=EDGE_CURVE('',#2196,#2183,#2590,.T.);
#1856=EDGE_CURVE('',#2184,#2252,#2591,.T.);
#1857=EDGE_CURVE('',#2252,#2242,#2592,.T.);
#1858=EDGE_CURVE('',#2241,#2251,#2593,.T.);
#1859=EDGE_CURVE('',#2155,#2151,#2594,.T.);
#1860=EDGE_CURVE('',#2152,#2162,#2595,.T.);
#1861=EDGE_CURVE('',#2156,#2161,#273,.T.);
#1862=EDGE_CURVE('',#2154,#2160,#2596,.T.);
#1863=EDGE_CURVE('',#2158,#2153,#2597,.T.);
#1864=EDGE_CURVE('',#2253,#2254,#2598,.T.);
#1865=EDGE_CURVE('',#2253,#2255,#2599,.T.);
#1866=EDGE_CURVE('',#2255,#2256,#2600,.T.);
#1867=EDGE_CURVE('',#2254,#2256,#2601,.T.);
#1868=EDGE_CURVE('',#2256,#2257,#2602,.T.);
#1869=EDGE_CURVE('',#2258,#2257,#2603,.T.);
#1870=EDGE_CURVE('',#2254,#2258,#2604,.T.);
#1871=EDGE_CURVE('',#2253,#2258,#274,.T.);
#1872=EDGE_CURVE('',#2178,#2181,#2605,.T.);
#1873=EDGE_CURVE('',#2176,#2179,#2606,.T.);
#1874=EDGE_CURVE('',#2180,#2166,#2607,.T.);
#1875=EDGE_CURVE('',#2182,#2164,#2608,.T.);
#1876=EDGE_CURVE('',#2174,#2177,#2609,.T.);
#1877=EDGE_CURVE('',#2171,#2175,#2610,.T.);
#1878=EDGE_CURVE('',#2197,#2202,#2611,.T.);
#1879=EDGE_CURVE('',#2172,#2201,#275,.T.);
#1880=EDGE_CURVE('',#2170,#2165,#276,.T.);
#1881=EDGE_CURVE('',#2186,#2169,#2612,.T.);
#1882=EDGE_CURVE('',#2185,#2190,#2613,.T.);
#1883=EDGE_CURVE('',#2194,#2189,#277,.T.);
#1884=EDGE_CURVE('',#2193,#2198,#2614,.T.);
#1885=EDGE_CURVE('',#2240,#2259,#2615,.T.);
#1886=EDGE_CURVE('',#2260,#2239,#2616,.T.);
#1887=EDGE_CURVE('',#2260,#2168,#2617,.T.);
#1888=EDGE_CURVE('',#2167,#2200,#278,.T.);
#1889=EDGE_CURVE('',#2259,#2199,#2618,.T.);
#1890=EDGE_CURVE('',#2252,#2260,#2619,.T.);
#1891=EDGE_CURVE('',#2191,#2188,#279,.T.);
#1892=EDGE_CURVE('',#2192,#2187,#2620,.T.);
#1893=EDGE_CURVE('',#2251,#2259,#2621,.T.);
#1894=EDGE_CURVE('',#2212,#2261,#2622,.T.);
#1895=EDGE_CURVE('',#2261,#2203,#2623,.T.);
#1896=EDGE_CURVE('',#2099,#2150,#2624,.T.);
#1897=EDGE_CURVE('',#2216,#2211,#2625,.T.);
#1898=EDGE_CURVE('',#2262,#2215,#2626,.T.);
#1899=EDGE_CURVE('',#2208,#2262,#2627,.T.);
#1900=EDGE_CURVE('',#2163,#2261,#280,.T.);
#1901=EDGE_CURVE('',#2261,#2157,#281,.T.);
#1902=EDGE_CURVE('',#2159,#2263,#282,.T.);
#1903=EDGE_CURVE('',#2263,#2255,#283,.T.);
#1904=EDGE_CURVE('',#2257,#2262,#284,.T.);
#1905=EDGE_CURVE('',#2262,#2173,#285,.T.);
#1906=EDGE_CURVE('',#2263,#2207,#2628,.T.);
#1907=EDGE_CURVE('',#2204,#2263,#2629,.T.);
#1908=EDGE_CURVE('',#2130,#2109,#2630,.T.);
#1909=VERTEX_POINT('',#5068);
#1910=VERTEX_POINT('',#5069);
#1911=VERTEX_POINT('',#5071);
#1912=VERTEX_POINT('',#5073);
#1913=VERTEX_POINT('',#5077);
#1914=VERTEX_POINT('',#5078);
#1915=VERTEX_POINT('',#5083);
#1916=VERTEX_POINT('',#5084);
#1917=VERTEX_POINT('',#5086);
#1918=VERTEX_POINT('',#5088);
#1919=VERTEX_POINT('',#5092);
#1920=VERTEX_POINT('',#5093);
#1921=VERTEX_POINT('',#5098);
#1922=VERTEX_POINT('',#5101);
#1923=VERTEX_POINT('',#5105);
#1924=VERTEX_POINT('',#5109);
#1925=VERTEX_POINT('',#5116);
#1926=VERTEX_POINT('',#5119);
#1927=VERTEX_POINT('',#5124);
#1928=VERTEX_POINT('',#5125);
#1929=VERTEX_POINT('',#5127);
#1930=VERTEX_POINT('',#5129);
#1931=VERTEX_POINT('',#5133);
#1932=VERTEX_POINT('',#5134);
#1933=VERTEX_POINT('',#5136);
#1934=VERTEX_POINT('',#5138);
#1935=VERTEX_POINT('',#5142);
#1936=VERTEX_POINT('',#5143);
#1937=VERTEX_POINT('',#5145);
#1938=VERTEX_POINT('',#5147);
#1939=VERTEX_POINT('',#5151);
#1940=VERTEX_POINT('',#5152);
#1941=VERTEX_POINT('',#5154);
#1942=VERTEX_POINT('',#5156);
#1943=VERTEX_POINT('',#5160);
#1944=VERTEX_POINT('',#5161);
#1945=VERTEX_POINT('',#5163);
#1946=VERTEX_POINT('',#5165);
#1947=VERTEX_POINT('',#5185);
#1948=VERTEX_POINT('',#5216);
#1949=VERTEX_POINT('',#5236);
#1950=VERTEX_POINT('',#5249);
#1951=VERTEX_POINT('',#5271);
#1952=VERTEX_POINT('',#5275);
#1953=VERTEX_POINT('',#5281);
#1954=VERTEX_POINT('',#5282);
#1955=VERTEX_POINT('',#5284);
#1956=VERTEX_POINT('',#5286);
#1957=VERTEX_POINT('',#5321);
#1958=VERTEX_POINT('',#5333);
#1959=VERTEX_POINT('',#5392);
#1960=VERTEX_POINT('',#5412);
#1961=VERTEX_POINT('',#5471);
#1962=VERTEX_POINT('',#5491);
#1963=VERTEX_POINT('',#5495);
#1964=VERTEX_POINT('',#5497);
#1965=VERTEX_POINT('',#5501);
#1966=VERTEX_POINT('',#5503);
#1967=VERTEX_POINT('',#5507);
#1968=VERTEX_POINT('',#5509);
#1969=VERTEX_POINT('',#5513);
#1970=VERTEX_POINT('',#5515);
#1971=VERTEX_POINT('',#5519);
#1972=VERTEX_POINT('',#5521);
#1973=VERTEX_POINT('',#5525);
#1974=VERTEX_POINT('',#5527);
#1975=VERTEX_POINT('',#5553);
#1976=VERTEX_POINT('',#5554);
#1977=VERTEX_POINT('',#5574);
#1978=VERTEX_POINT('',#5594);
#1979=VERTEX_POINT('',#5625);
#1980=VERTEX_POINT('',#5645);
#1981=VERTEX_POINT('',#5658);
#1982=VERTEX_POINT('',#5689);
#1983=VERTEX_POINT('',#5740);
#1984=VERTEX_POINT('',#5741);
#1985=VERTEX_POINT('',#5743);
#1986=VERTEX_POINT('',#5745);
#1987=VERTEX_POINT('',#5749);
#1988=VERTEX_POINT('',#5751);
#1989=VERTEX_POINT('',#5755);
#1990=VERTEX_POINT('',#5757);
#1991=VERTEX_POINT('',#5791);
#1992=VERTEX_POINT('',#5811);
#1993=VERTEX_POINT('',#5838);
#1994=VERTEX_POINT('',#5854);
#1995=VERTEX_POINT('',#5881);
#1996=VERTEX_POINT('',#5897);
#1997=VERTEX_POINT('',#5922);
#1998=VERTEX_POINT('',#5938);
#1999=VERTEX_POINT('',#5964);
#2000=VERTEX_POINT('',#5965);
#2001=VERTEX_POINT('',#5985);
#2002=VERTEX_POINT('',#6005);
#2003=VERTEX_POINT('',#6036);
#2004=VERTEX_POINT('',#6056);
#2005=VERTEX_POINT('',#6069);
#2006=VERTEX_POINT('',#6100);
#2007=VERTEX_POINT('',#6151);
#2008=VERTEX_POINT('',#6152);
#2009=VERTEX_POINT('',#6154);
#2010=VERTEX_POINT('',#6156);
#2011=VERTEX_POINT('',#6160);
#2012=VERTEX_POINT('',#6162);
#2013=VERTEX_POINT('',#6166);
#2014=VERTEX_POINT('',#6168);
#2015=VERTEX_POINT('',#6202);
#2016=VERTEX_POINT('',#6222);
#2017=VERTEX_POINT('',#6249);
#2018=VERTEX_POINT('',#6265);
#2019=VERTEX_POINT('',#6312);
#2020=VERTEX_POINT('',#6328);
#2021=VERTEX_POINT('',#6353);
#2022=VERTEX_POINT('',#6369);
#2023=VERTEX_POINT('',#6395);
#2024=VERTEX_POINT('',#6396);
#2025=VERTEX_POINT('',#6416);
#2026=VERTEX_POINT('',#6436);
#2027=VERTEX_POINT('',#6467);
#2028=VERTEX_POINT('',#6487);
#2029=VERTEX_POINT('',#6500);
#2030=VERTEX_POINT('',#6531);
#2031=VERTEX_POINT('',#6582);
#2032=VERTEX_POINT('',#6583);
#2033=VERTEX_POINT('',#6585);
#2034=VERTEX_POINT('',#6587);
#2035=VERTEX_POINT('',#6591);
#2036=VERTEX_POINT('',#6593);
#2037=VERTEX_POINT('',#6597);
#2038=VERTEX_POINT('',#6599);
#2039=VERTEX_POINT('',#6633);
#2040=VERTEX_POINT('',#6653);
#2041=VERTEX_POINT('',#6680);
#2042=VERTEX_POINT('',#6696);
#2043=VERTEX_POINT('',#6743);
#2044=VERTEX_POINT('',#6759);
#2045=VERTEX_POINT('',#6784);
#2046=VERTEX_POINT('',#6800);
#2047=VERTEX_POINT('',#6826);
#2048=VERTEX_POINT('',#6827);
#2049=VERTEX_POINT('',#6858);
#2050=VERTEX_POINT('',#6860);
#2051=VERTEX_POINT('',#6880);
#2052=VERTEX_POINT('',#6900);
#2053=VERTEX_POINT('',#6902);
#2054=VERTEX_POINT('',#6904);
#2055=VERTEX_POINT('',#6906);
#2056=VERTEX_POINT('',#6926);
#2057=VERTEX_POINT('',#6954);
#2058=VERTEX_POINT('',#6982);
#2059=VERTEX_POINT('',#6994);
#2060=VERTEX_POINT('',#6998);
#2061=VERTEX_POINT('',#6999);
#2062=VERTEX_POINT('',#7035);
#2063=VERTEX_POINT('',#7118);
#2064=VERTEX_POINT('',#7201);
#2065=VERTEX_POINT('',#7260);
#2066=VERTEX_POINT('',#7264);
#2067=VERTEX_POINT('',#7268);
#2068=VERTEX_POINT('',#7272);
#2069=VERTEX_POINT('',#7331);
#2070=VERTEX_POINT('',#7362);
#2071=VERTEX_POINT('',#7369);
#2072=VERTEX_POINT('',#7414);
#2073=VERTEX_POINT('',#7475);
#2074=VERTEX_POINT('',#7476);
#2075=VERTEX_POINT('',#7478);
#2076=VERTEX_POINT('',#7480);
#2077=VERTEX_POINT('',#7482);
#2078=VERTEX_POINT('',#7484);
#2079=VERTEX_POINT('',#7486);
#2080=VERTEX_POINT('',#7488);
#2081=VERTEX_POINT('',#7490);
#2082=VERTEX_POINT('',#7492);
#2083=VERTEX_POINT('',#7494);
#2084=VERTEX_POINT('',#7496);
#2085=VERTEX_POINT('',#7498);
#2086=VERTEX_POINT('',#7502);
#2087=VERTEX_POINT('',#7503);
#2088=VERTEX_POINT('',#7508);
#2089=VERTEX_POINT('',#7512);
#2090=VERTEX_POINT('',#7516);
#2091=VERTEX_POINT('',#7520);
#2092=VERTEX_POINT('',#7524);
#2093=VERTEX_POINT('',#7528);
#2094=VERTEX_POINT('',#7532);
#2095=VERTEX_POINT('',#7536);
#2096=VERTEX_POINT('',#7540);
#2097=VERTEX_POINT('',#7544);
#2098=VERTEX_POINT('',#7548);
#2099=VERTEX_POINT('',#7554);
#2100=VERTEX_POINT('',#7555);
#2101=VERTEX_POINT('',#7557);
#2102=VERTEX_POINT('',#7561);
#2103=VERTEX_POINT('',#7562);
#2104=VERTEX_POINT('',#7564);
#2105=VERTEX_POINT('',#7571);
#2106=VERTEX_POINT('',#7572);
#2107=VERTEX_POINT('',#7574);
#2108=VERTEX_POINT('',#7578);
#2109=VERTEX_POINT('',#7579);
#2110=VERTEX_POINT('',#7581);
#2111=VERTEX_POINT('',#7588);
#2112=VERTEX_POINT('',#7590);
#2113=VERTEX_POINT('',#7592);
#2114=VERTEX_POINT('',#7594);
#2115=VERTEX_POINT('',#7596);
#2116=VERTEX_POINT('',#7601);
#2117=VERTEX_POINT('',#7603);
#2118=VERTEX_POINT('',#7605);
#2119=VERTEX_POINT('',#7607);
#2120=VERTEX_POINT('',#7609);
#2121=VERTEX_POINT('',#7611);
#2122=VERTEX_POINT('',#7613);
#2123=VERTEX_POINT('',#7615);
#2124=VERTEX_POINT('',#7617);
#2125=VERTEX_POINT('',#7620);
#2126=VERTEX_POINT('',#7627);
#2127=VERTEX_POINT('',#7631);
#2128=VERTEX_POINT('',#7635);
#2129=VERTEX_POINT('',#7639);
#2130=VERTEX_POINT('',#7645);
#2131=VERTEX_POINT('',#7656);
#2132=VERTEX_POINT('',#7658);
#2133=VERTEX_POINT('',#7660);
#2134=VERTEX_POINT('',#7662);
#2135=VERTEX_POINT('',#7664);
#2136=VERTEX_POINT('',#7669);
#2137=VERTEX_POINT('',#7671);
#2138=VERTEX_POINT('',#7673);
#2139=VERTEX_POINT('',#7676);
#2140=VERTEX_POINT('',#7678);
#2141=VERTEX_POINT('',#7680);
#2142=VERTEX_POINT('',#7682);
#2143=VERTEX_POINT('',#7684);
#2144=VERTEX_POINT('',#7686);
#2145=VERTEX_POINT('',#7688);
#2146=VERTEX_POINT('',#7697);
#2147=VERTEX_POINT('',#7701);
#2148=VERTEX_POINT('',#7705);
#2149=VERTEX_POINT('',#7709);
#2150=VERTEX_POINT('',#7715);
#2151=VERTEX_POINT('',#7724);
#2152=VERTEX_POINT('',#7725);
#2153=VERTEX_POINT('',#7727);
#2154=VERTEX_POINT('',#7729);
#2155=VERTEX_POINT('',#7733);
#2156=VERTEX_POINT('',#7734);
#2157=VERTEX_POINT('',#7736);
#2158=VERTEX_POINT('',#7738);
#2159=VERTEX_POINT('',#7742);
#2160=VERTEX_POINT('',#7743);
#2161=VERTEX_POINT('',#7745);
#2162=VERTEX_POINT('',#7747);
#2163=VERTEX_POINT('',#7751);
#2164=VERTEX_POINT('',#7752);
#2165=VERTEX_POINT('',#7754);
#2166=VERTEX_POINT('',#7756);
#2167=VERTEX_POINT('',#7760);
#2168=VERTEX_POINT('',#7761);
#2169=VERTEX_POINT('',#7763);
#2170=VERTEX_POINT('',#7765);
#2171=VERTEX_POINT('',#7769);
#2172=VERTEX_POINT('',#7770);
#2173=VERTEX_POINT('',#7772);
#2174=VERTEX_POINT('',#7774);
#2175=VERTEX_POINT('',#7778);
#2176=VERTEX_POINT('',#7779);
#2177=VERTEX_POINT('',#7781);
#2178=VERTEX_POINT('',#7783);
#2179=VERTEX_POINT('',#7787);
#2180=VERTEX_POINT('',#7788);
#2181=VERTEX_POINT('',#7790);
#2182=VERTEX_POINT('',#7792);
#2183=VERTEX_POINT('',#7796);
#2184=VERTEX_POINT('',#7797);
#2185=VERTEX_POINT('',#7799);
#2186=VERTEX_POINT('',#7801);
#2187=VERTEX_POINT('',#7805);
#2188=VERTEX_POINT('',#7806);
#2189=VERTEX_POINT('',#7808);
#2190=VERTEX_POINT('',#7810);
#2191=VERTEX_POINT('',#7814);
#2192=VERTEX_POINT('',#7815);
#2193=VERTEX_POINT('',#7817);
#2194=VERTEX_POINT('',#7819);
#2195=VERTEX_POINT('',#7823);
#2196=VERTEX_POINT('',#7824);
#2197=VERTEX_POINT('',#7826);
#2198=VERTEX_POINT('',#7828);
#2199=VERTEX_POINT('',#7832);
#2200=VERTEX_POINT('',#7833);
#2201=VERTEX_POINT('',#7835);
#2202=VERTEX_POINT('',#7837);
#2203=VERTEX_POINT('',#7841);
#2204=VERTEX_POINT('',#7842);
#2205=VERTEX_POINT('',#7844);
#2206=VERTEX_POINT('',#7846);
#2207=VERTEX_POINT('',#7851);
#2208=VERTEX_POINT('',#7852);
#2209=VERTEX_POINT('',#7855);
#2210=VERTEX_POINT('',#7857);
#2211=VERTEX_POINT('',#7861);
#2212=VERTEX_POINT('',#7862);
#2213=VERTEX_POINT('',#7865);
#2214=VERTEX_POINT('',#7867);
#2215=VERTEX_POINT('',#7871);
#2216=VERTEX_POINT('',#7872);
#2217=VERTEX_POINT('',#7874);
#2218=VERTEX_POINT('',#7876);
#2219=VERTEX_POINT('',#7881);
#2220=VERTEX_POINT('',#7883);
#2221=VERTEX_POINT('',#7887);
#2222=VERTEX_POINT('',#7891);
#2223=VERTEX_POINT('',#7893);
#2224=VERTEX_POINT('',#7897);
#2225=VERTEX_POINT('',#7901);
#2226=VERTEX_POINT('',#7903);
#2227=VERTEX_POINT('',#7907);
#2228=VERTEX_POINT('',#7911);
#2229=VERTEX_POINT('',#7913);
#2230=VERTEX_POINT('',#7917);
#2231=VERTEX_POINT('',#7933);
#2232=VERTEX_POINT('',#7936);
#2233=VERTEX_POINT('',#7939);
#2234=VERTEX_POINT('',#7942);
#2235=VERTEX_POINT('',#7945);
#2236=VERTEX_POINT('',#7948);
#2237=VERTEX_POINT('',#7951);
#2238=VERTEX_POINT('',#7954);
#2239=VERTEX_POINT('',#7957);
#2240=VERTEX_POINT('',#7958);
#2241=VERTEX_POINT('',#7960);
#2242=VERTEX_POINT('',#7962);
#2243=VERTEX_POINT('',#7966);
#2244=VERTEX_POINT('',#7967);
#2245=VERTEX_POINT('',#7969);
#2246=VERTEX_POINT('',#7971);
#2247=VERTEX_POINT('',#7975);
#2248=VERTEX_POINT('',#7977);
#2249=VERTEX_POINT('',#7981);
#2250=VERTEX_POINT('',#7983);
#2251=VERTEX_POINT('',#7990);
#2252=VERTEX_POINT('',#7993);
#2253=VERTEX_POINT('',#8006);
#2254=VERTEX_POINT('',#8007);
#2255=VERTEX_POINT('',#8009);
#2256=VERTEX_POINT('',#8011);
#2257=VERTEX_POINT('',#8015);
#2258=VERTEX_POINT('',#8017);
#2259=VERTEX_POINT('',#8040);
#2260=VERTEX_POINT('',#8042);
#2261=VERTEX_POINT('',#8057);
#2262=VERTEX_POINT('',#8064);
#2263=VERTEX_POINT('',#8070);
#2264=LINE('',#5067,#2631);
#2265=LINE('',#5070,#2632);
#2266=LINE('',#5072,#2633);
#2267=LINE('',#5074,#2634);
#2268=LINE('',#5076,#2635);
#2269=LINE('',#5079,#2636);
#2270=LINE('',#5080,#2637);
#2271=LINE('',#5082,#2638);
#2272=LINE('',#5085,#2639);
#2273=LINE('',#5087,#2640);
#2274=LINE('',#5089,#2641);
#2275=LINE('',#5091,#2642);
#2276=LINE('',#5094,#2643);
#2277=LINE('',#5095,#2644);
#2278=LINE('',#5097,#2645);
#2279=LINE('',#5099,#2646);
#2280=LINE('',#5100,#2647);
#2281=LINE('',#5102,#2648);
#2282=LINE('',#5104,#2649);
#2283=LINE('',#5106,#2650);
#2284=LINE('',#5108,#2651);
#2285=LINE('',#5110,#2652);
#2286=LINE('',#5111,#2653);
#2287=LINE('',#5113,#2654);
#2288=LINE('',#5126,#2655);
#2289=LINE('',#5130,#2656);
#2290=LINE('',#5135,#2657);
#2291=LINE('',#5139,#2658);
#2292=LINE('',#5144,#2659);
#2293=LINE('',#5148,#2660);
#2294=LINE('',#5153,#2661);
#2295=LINE('',#5157,#2662);
#2296=LINE('',#5159,#2663);
#2297=LINE('',#5162,#2664);
#2298=LINE('',#5164,#2665);
#2299=LINE('',#5215,#2666);
#2300=LINE('',#5237,#2667);
#2301=LINE('',#5248,#2668);
#2302=LINE('',#5270,#2669);
#2303=LINE('',#5272,#2670);
#2304=LINE('',#5274,#2671);
#2305=LINE('',#5276,#2672);
#2306=LINE('',#5278,#2673);
#2307=LINE('',#5280,#2674);
#2308=LINE('',#5283,#2675);
#2309=LINE('',#5285,#2676);
#2310=LINE('',#5287,#2677);
#2311=LINE('',#5334,#2678);
#2312=LINE('',#5413,#2679);
#2313=LINE('',#5492,#2680);
#2314=LINE('',#5494,#2681);
#2315=LINE('',#5496,#2682);
#2316=LINE('',#5498,#2683);
#2317=LINE('',#5500,#2684);
#2318=LINE('',#5502,#2685);
#2319=LINE('',#5504,#2686);
#2320=LINE('',#5506,#2687);
#2321=LINE('',#5508,#2688);
#2322=LINE('',#5510,#2689);
#2323=LINE('',#5512,#2690);
#2324=LINE('',#5514,#2691);
#2325=LINE('',#5516,#2692);
#2326=LINE('',#5518,#2693);
#2327=LINE('',#5520,#2694);
#2328=LINE('',#5522,#2695);
#2329=LINE('',#5524,#2696);
#2330=LINE('',#5526,#2697);
#2331=LINE('',#5528,#2698);
#2332=LINE('',#5530,#2699);
#2333=LINE('',#5531,#2700);
#2334=LINE('',#5624,#2701);
#2335=LINE('',#5646,#2702);
#2336=LINE('',#5657,#2703);
#2337=LINE('',#5688,#2704);
#2338=LINE('',#5739,#2705);
#2339=LINE('',#5742,#2706);
#2340=LINE('',#5744,#2707);
#2341=LINE('',#5746,#2708);
#2342=LINE('',#5748,#2709);
#2343=LINE('',#5750,#2710);
#2344=LINE('',#5752,#2711);
#2345=LINE('',#5812,#2712);
#2346=LINE('',#5855,#2713);
#2347=LINE('',#5898,#2714);
#2348=LINE('',#5939,#2715);
#2349=LINE('',#5941,#2716);
#2350=LINE('',#5942,#2717);
#2351=LINE('',#6035,#2718);
#2352=LINE('',#6057,#2719);
#2353=LINE('',#6068,#2720);
#2354=LINE('',#6099,#2721);
#2355=LINE('',#6150,#2722);
#2356=LINE('',#6153,#2723);
#2357=LINE('',#6155,#2724);
#2358=LINE('',#6157,#2725);
#2359=LINE('',#6159,#2726);
#2360=LINE('',#6161,#2727);
#2361=LINE('',#6163,#2728);
#2362=LINE('',#6223,#2729);
#2363=LINE('',#6266,#2730);
#2364=LINE('',#6329,#2731);
#2365=LINE('',#6370,#2732);
#2366=LINE('',#6372,#2733);
#2367=LINE('',#6373,#2734);
#2368=LINE('',#6466,#2735);
#2369=LINE('',#6488,#2736);
#2370=LINE('',#6499,#2737);
#2371=LINE('',#6530,#2738);
#2372=LINE('',#6581,#2739);
#2373=LINE('',#6584,#2740);
#2374=LINE('',#6586,#2741);
#2375=LINE('',#6588,#2742);
#2376=LINE('',#6590,#2743);
#2377=LINE('',#6592,#2744);
#2378=LINE('',#6594,#2745);
#2379=LINE('',#6654,#2746);
#2380=LINE('',#6697,#2747);
#2381=LINE('',#6760,#2748);
#2382=LINE('',#6801,#2749);
#2383=LINE('',#6803,#2750);
#2384=LINE('',#6804,#2751);
#2385=LINE('',#6901,#2752);
#2386=LINE('',#6903,#2753);
#2387=LINE('',#6905,#2754);
#2388=LINE('',#6995,#2755);
#2389=LINE('',#6997,#2756);
#2390=LINE('',#7000,#2757);
#2391=LINE('',#7001,#2758);
#2392=LINE('',#7036,#2759);
#2393=LINE('',#7119,#2760);
#2394=LINE('',#7202,#2761);
#2395=LINE('',#7261,#2762);
#2396=LINE('',#7263,#2763);
#2397=LINE('',#7265,#2764);
#2398=LINE('',#7267,#2765);
#2399=LINE('',#7269,#2766);
#2400=LINE('',#7271,#2767);
#2401=LINE('',#7273,#2768);
#2402=LINE('',#7332,#2769);
#2403=LINE('',#7415,#2770);
#2404=LINE('',#7474,#2771);
#2405=LINE('',#7477,#2772);
#2406=LINE('',#7479,#2773);
#2407=LINE('',#7481,#2774);
#2408=LINE('',#7483,#2775);
#2409=LINE('',#7485,#2776);
#2410=LINE('',#7487,#2777);
#2411=LINE('',#7489,#2778);
#2412=LINE('',#7491,#2779);
#2413=LINE('',#7493,#2780);
#2414=LINE('',#7495,#2781);
#2415=LINE('',#7497,#2782);
#2416=LINE('',#7499,#2783);
#2417=LINE('',#7501,#2784);
#2418=LINE('',#7504,#2785);
#2419=LINE('',#7505,#2786);
#2420=LINE('',#7507,#2787);
#2421=LINE('',#7509,#2788);
#2422=LINE('',#7511,#2789);
#2423=LINE('',#7513,#2790);
#2424=LINE('',#7515,#2791);
#2425=LINE('',#7517,#2792);
#2426=LINE('',#7519,#2793);
#2427=LINE('',#7521,#2794);
#2428=LINE('',#7523,#2795);
#2429=LINE('',#7525,#2796);
#2430=LINE('',#7527,#2797);
#2431=LINE('',#7529,#2798);
#2432=LINE('',#7531,#2799);
#2433=LINE('',#7533,#2800);
#2434=LINE('',#7535,#2801);
#2435=LINE('',#7537,#2802);
#2436=LINE('',#7539,#2803);
#2437=LINE('',#7541,#2804);
#2438=LINE('',#7543,#2805);
#2439=LINE('',#7545,#2806);
#2440=LINE('',#7547,#2807);
#2441=LINE('',#7549,#2808);
#2442=LINE('',#7551,#2809);
#2443=LINE('',#7553,#2810);
#2444=LINE('',#7556,#2811);
#2445=LINE('',#7558,#2812);
#2446=LINE('',#7560,#2813);
#2447=LINE('',#7563,#2814);
#2448=LINE('',#7565,#2815);
#2449=LINE('',#7567,#2816);
#2450=LINE('',#7568,#2817);
#2451=LINE('',#7570,#2818);
#2452=LINE('',#7573,#2819);
#2453=LINE('',#7575,#2820);
#2454=LINE('',#7577,#2821);
#2455=LINE('',#7580,#2822);
#2456=LINE('',#7582,#2823);
#2457=LINE('',#7584,#2824);
#2458=LINE('',#7585,#2825);
#2459=LINE('',#7587,#2826);
#2460=LINE('',#7589,#2827);
#2461=LINE('',#7591,#2828);
#2462=LINE('',#7595,#2829);
#2463=LINE('',#7597,#2830);
#2464=LINE('',#7598,#2831);
#2465=LINE('',#7600,#2832);
#2466=LINE('',#7602,#2833);
#2467=LINE('',#7604,#2834);
#2468=LINE('',#7608,#2835);
#2469=LINE('',#7610,#2836);
#2470=LINE('',#7612,#2837);
#2471=LINE('',#7616,#2838);
#2472=LINE('',#7618,#2839);
#2473=LINE('',#7619,#2840);
#2474=LINE('',#7621,#2841);
#2475=LINE('',#7623,#2842);
#2476=LINE('',#7624,#2843);
#2477=LINE('',#7626,#2844);
#2478=LINE('',#7628,#2845);
#2479=LINE('',#7630,#2846);
#2480=LINE('',#7632,#2847);
#2481=LINE('',#7636,#2848);
#2482=LINE('',#7638,#2849);
#2483=LINE('',#7640,#2850);
#2484=LINE('',#7642,#2851);
#2485=LINE('',#7644,#2852);
#2486=LINE('',#7646,#2853);
#2487=LINE('',#7648,#2854);
#2488=LINE('',#7650,#2855);
#2489=LINE('',#7652,#2856);
#2490=LINE('',#7655,#2857);
#2491=LINE('',#7657,#2858);
#2492=LINE('',#7659,#2859);
#2493=LINE('',#7663,#2860);
#2494=LINE('',#7665,#2861);
#2495=LINE('',#7666,#2862);
#2496=LINE('',#7668,#2863);
#2497=LINE('',#7670,#2864);
#2498=LINE('',#7672,#2865);
#2499=LINE('',#7674,#2866);
#2500=LINE('',#7675,#2867);
#2501=LINE('',#7677,#2868);
#2502=LINE('',#7681,#2869);
#2503=LINE('',#7683,#2870);
#2504=LINE('',#7685,#2871);
#2505=LINE('',#7689,#2872);
#2506=LINE('',#7691,#2873);
#2507=LINE('',#7692,#2874);
#2508=LINE('',#7694,#2875);
#2509=LINE('',#7696,#2876);
#2510=LINE('',#7698,#2877);
#2511=LINE('',#7700,#2878);
#2512=LINE('',#7702,#2879);
#2513=LINE('',#7706,#2880);
#2514=LINE('',#7708,#2881);
#2515=LINE('',#7710,#2882);
#2516=LINE('',#7712,#2883);
#2517=LINE('',#7714,#2884);
#2518=LINE('',#7716,#2885);
#2519=LINE('',#7718,#2886);
#2520=LINE('',#7720,#2887);
#2521=LINE('',#7726,#2888);
#2522=LINE('',#7730,#2889);
#2523=LINE('',#7735,#2890);
#2524=LINE('',#7739,#2891);
#2525=LINE('',#7744,#2892);
#2526=LINE('',#7748,#2893);
#2527=LINE('',#7753,#2894);
#2528=LINE('',#7757,#2895);
#2529=LINE('',#7762,#2896);
#2530=LINE('',#7766,#2897);
#2531=LINE('',#7771,#2898);
#2532=LINE('',#7775,#2899);
#2533=LINE('',#7780,#2900);
#2534=LINE('',#7784,#2901);
#2535=LINE('',#7789,#2902);
#2536=LINE('',#7793,#2903);
#2537=LINE('',#7798,#2904);
#2538=LINE('',#7802,#2905);
#2539=LINE('',#7807,#2906);
#2540=LINE('',#7811,#2907);
#2541=LINE('',#7816,#2908);
#2542=LINE('',#7820,#2909);
#2543=LINE('',#7825,#2910);
#2544=LINE('',#7829,#2911);
#2545=LINE('',#7834,#2912);
#2546=LINE('',#7838,#2913);
#2547=LINE('',#7843,#2914);
#2548=LINE('',#7847,#2915);
#2549=LINE('',#7848,#2916);
#2550=LINE('',#7853,#2917);
#2551=LINE('',#7854,#2918);
#2552=LINE('',#7858,#2919);
#2553=LINE('',#7863,#2920);
#2554=LINE('',#7864,#2921);
#2555=LINE('',#7868,#2922);
#2556=LINE('',#7873,#2923);
#2557=LINE('',#7877,#2924);
#2558=LINE('',#7878,#2925);
#2559=LINE('',#7880,#2926);
#2560=LINE('',#7882,#2927);
#2561=LINE('',#7890,#2928);
#2562=LINE('',#7892,#2929);
#2563=LINE('',#7900,#2930);
#2564=LINE('',#7902,#2931);
#2565=LINE('',#7910,#2932);
#2566=LINE('',#7912,#2933);
#2567=LINE('',#7920,#2934);
#2568=LINE('',#7921,#2935);
#2569=LINE('',#7923,#2936);
#2570=LINE('',#7924,#2937);
#2571=LINE('',#7926,#2938);
#2572=LINE('',#7927,#2939);
#2573=LINE('',#7929,#2940);
#2574=LINE('',#7930,#2941);
#2575=LINE('',#7959,#2942);
#2576=LINE('',#7963,#2943);
#2577=LINE('',#7965,#2944);
#2578=LINE('',#7968,#2945);
#2579=LINE('',#7970,#2946);
#2580=LINE('',#7972,#2947);
#2581=LINE('',#7974,#2948);
#2582=LINE('',#7976,#2949);
#2583=LINE('',#7978,#2950);
#2584=LINE('',#7980,#2951);
#2585=LINE('',#7982,#2952);
#2586=LINE('',#7984,#2953);
#2587=LINE('',#7986,#2954);
#2588=LINE('',#7987,#2955);
#2589=LINE('',#7989,#2956);
#2590=LINE('',#7991,#2957);
#2591=LINE('',#7992,#2958);
#2592=LINE('',#7994,#2959);
#2593=LINE('',#7995,#2960);
#2594=LINE('',#7997,#2961);
#2595=LINE('',#7998,#2962);
#2596=LINE('',#8001,#2963);
#2597=LINE('',#8003,#2964);
#2598=LINE('',#8005,#2965);
#2599=LINE('',#8008,#2966);
#2600=LINE('',#8010,#2967);
#2601=LINE('',#8012,#2968);
#2602=LINE('',#8014,#2969);
#2603=LINE('',#8016,#2970);
#2604=LINE('',#8018,#2971);
#2605=LINE('',#8022,#2972);
#2606=LINE('',#8023,#2973);
#2607=LINE('',#8025,#2974);
#2608=LINE('',#8026,#2975);
#2609=LINE('',#8028,#2976);
#2610=LINE('',#8029,#2977);
#2611=LINE('',#8031,#2978);
#2612=LINE('',#8034,#2979);
#2613=LINE('',#8035,#2980);
#2614=LINE('',#8037,#2981);
#2615=LINE('',#8039,#2982);
#2616=LINE('',#8041,#2983);
#2617=LINE('',#8043,#2984);
#2618=LINE('',#8045,#2985);
#2619=LINE('',#8047,#2986);
#2620=LINE('',#8051,#2987);
#2621=LINE('',#8053,#2988);
#2622=LINE('',#8056,#2989);
#2623=LINE('',#8058,#2990);
#2624=LINE('',#8060,#2991);
#2625=LINE('',#8061,#2992);
#2626=LINE('',#8063,#2993);
#2627=LINE('',#8065,#2994);
#2628=LINE('',#8075,#2995);
#2629=LINE('',#8077,#2996);
#2630=LINE('',#8085,#2997);
#2631=VECTOR('',#4158,100.);
#2632=VECTOR('',#4159,100.);
#2633=VECTOR('',#4160,100.);
#2634=VECTOR('',#4161,100.);
#2635=VECTOR('',#4164,100.);
#2636=VECTOR('',#4165,100.);
#2637=VECTOR('',#4166,100.);
#2638=VECTOR('',#4169,100.);
#2639=VECTOR('',#4170,100.);
#2640=VECTOR('',#4171,100.);
#2641=VECTOR('',#4172,100.);
#2642=VECTOR('',#4175,100.);
#2643=VECTOR('',#4176,100.);
#2644=VECTOR('',#4177,100.);
#2645=VECTOR('',#4180,100.);
#2646=VECTOR('',#4181,100.);
#2647=VECTOR('',#4182,100.);
#2648=VECTOR('',#4183,100.);
#2649=VECTOR('',#4186,100.);
#2650=VECTOR('',#4187,100.);
#2651=VECTOR('',#4190,100.);
#2652=VECTOR('',#4191,100.);
#2653=VECTOR('',#4192,100.);
#2654=VECTOR('',#4195,100.);
#2655=VECTOR('',#4212,100.);
#2656=VECTOR('',#4215,100.);
#2657=VECTOR('',#4220,100.);
#2658=VECTOR('',#4223,100.);
#2659=VECTOR('',#4228,100.);
#2660=VECTOR('',#4231,100.);
#2661=VECTOR('',#4236,100.);
#2662=VECTOR('',#4239,100.);
#2663=VECTOR('',#4242,100.);
#2664=VECTOR('',#4243,100.);
#2665=VECTOR('',#4244,100.);
#2666=VECTOR('',#4245,100.);
#2667=VECTOR('',#4246,100.);
#2668=VECTOR('',#4247,100.);
#2669=VECTOR('',#4250,100.);
#2670=VECTOR('',#4251,100.);
#2671=VECTOR('',#4254,100.);
#2672=VECTOR('',#4255,100.);
#2673=VECTOR('',#4258,100.);
#2674=VECTOR('',#4261,100.);
#2675=VECTOR('',#4262,100.);
#2676=VECTOR('',#4263,100.);
#2677=VECTOR('',#4264,100.);
#2678=VECTOR('',#4265,100.);
#2679=VECTOR('',#4266,100.);
#2680=VECTOR('',#4267,100.);
#2681=VECTOR('',#4270,100.);
#2682=VECTOR('',#4271,100.);
#2683=VECTOR('',#4272,100.);
#2684=VECTOR('',#4275,100.);
#2685=VECTOR('',#4276,100.);
#2686=VECTOR('',#4277,100.);
#2687=VECTOR('',#4280,100.);
#2688=VECTOR('',#4281,100.);
#2689=VECTOR('',#4282,100.);
#2690=VECTOR('',#4285,100.);
#2691=VECTOR('',#4286,100.);
#2692=VECTOR('',#4287,100.);
#2693=VECTOR('',#4290,100.);
#2694=VECTOR('',#4291,100.);
#2695=VECTOR('',#4292,100.);
#2696=VECTOR('',#4295,100.);
#2697=VECTOR('',#4296,100.);
#2698=VECTOR('',#4297,100.);
#2699=VECTOR('',#4300,100.);
#2700=VECTOR('',#4301,100.);
#2701=VECTOR('',#4306,100.);
#2702=VECTOR('',#4307,100.);
#2703=VECTOR('',#4308,100.);
#2704=VECTOR('',#4309,100.);
#2705=VECTOR('',#4312,100.);
#2706=VECTOR('',#4313,100.);
#2707=VECTOR('',#4314,100.);
#2708=VECTOR('',#4315,100.);
#2709=VECTOR('',#4318,100.);
#2710=VECTOR('',#4319,100.);
#2711=VECTOR('',#4320,100.);
#2712=VECTOR('',#4327,100.);
#2713=VECTOR('',#4328,100.);
#2714=VECTOR('',#4329,100.);
#2715=VECTOR('',#4330,100.);
#2716=VECTOR('',#4333,100.);
#2717=VECTOR('',#4334,100.);
#2718=VECTOR('',#4339,100.);
#2719=VECTOR('',#4340,100.);
#2720=VECTOR('',#4341,100.);
#2721=VECTOR('',#4342,100.);
#2722=VECTOR('',#4345,100.);
#2723=VECTOR('',#4346,100.);
#2724=VECTOR('',#4347,100.);
#2725=VECTOR('',#4348,100.);
#2726=VECTOR('',#4351,100.);
#2727=VECTOR('',#4352,100.);
#2728=VECTOR('',#4353,100.);
#2729=VECTOR('',#4360,100.);
#2730=VECTOR('',#4361,100.);
#2731=VECTOR('',#4362,100.);
#2732=VECTOR('',#4363,100.);
#2733=VECTOR('',#4366,100.);
#2734=VECTOR('',#4367,100.);
#2735=VECTOR('',#4372,100.);
#2736=VECTOR('',#4373,100.);
#2737=VECTOR('',#4374,100.);
#2738=VECTOR('',#4375,100.);
#2739=VECTOR('',#4378,100.);
#2740=VECTOR('',#4379,100.);
#2741=VECTOR('',#4380,100.);
#2742=VECTOR('',#4381,100.);
#2743=VECTOR('',#4384,100.);
#2744=VECTOR('',#4385,100.);
#2745=VECTOR('',#4386,100.);
#2746=VECTOR('',#4393,100.);
#2747=VECTOR('',#4394,100.);
#2748=VECTOR('',#4395,100.);
#2749=VECTOR('',#4396,100.);
#2750=VECTOR('',#4399,100.);
#2751=VECTOR('',#4400,100.);
#2752=VECTOR('',#4407,100.);
#2753=VECTOR('',#4408,100.);
#2754=VECTOR('',#4409,100.);
#2755=VECTOR('',#4410,100.);
#2756=VECTOR('',#4413,100.);
#2757=VECTOR('',#4414,100.);
#2758=VECTOR('',#4415,100.);
#2759=VECTOR('',#4416,100.);
#2760=VECTOR('',#4417,100.);
#2761=VECTOR('',#4418,100.);
#2762=VECTOR('',#4419,100.);
#2763=VECTOR('',#4422,100.);
#2764=VECTOR('',#4423,100.);
#2765=VECTOR('',#4426,100.);
#2766=VECTOR('',#4427,100.);
#2767=VECTOR('',#4430,100.);
#2768=VECTOR('',#4431,100.);
#2769=VECTOR('',#4432,100.);
#2770=VECTOR('',#4437,100.);
#2771=VECTOR('',#4440,100.);
#2772=VECTOR('',#4441,100.);
#2773=VECTOR('',#4442,100.);
#2774=VECTOR('',#4443,100.);
#2775=VECTOR('',#4444,100.);
#2776=VECTOR('',#4445,100.);
#2777=VECTOR('',#4446,100.);
#2778=VECTOR('',#4447,100.);
#2779=VECTOR('',#4448,100.);
#2780=VECTOR('',#4449,100.);
#2781=VECTOR('',#4450,100.);
#2782=VECTOR('',#4451,100.);
#2783=VECTOR('',#4452,100.);
#2784=VECTOR('',#4455,100.);
#2785=VECTOR('',#4456,100.);
#2786=VECTOR('',#4457,100.);
#2787=VECTOR('',#4460,100.);
#2788=VECTOR('',#4461,100.);
#2789=VECTOR('',#4464,100.);
#2790=VECTOR('',#4465,100.);
#2791=VECTOR('',#4468,100.);
#2792=VECTOR('',#4469,100.);
#2793=VECTOR('',#4472,100.);
#2794=VECTOR('',#4473,100.);
#2795=VECTOR('',#4476,100.);
#2796=VECTOR('',#4477,100.);
#2797=VECTOR('',#4480,100.);
#2798=VECTOR('',#4481,100.);
#2799=VECTOR('',#4484,100.);
#2800=VECTOR('',#4485,100.);
#2801=VECTOR('',#4488,100.);
#2802=VECTOR('',#4489,100.);
#2803=VECTOR('',#4492,100.);
#2804=VECTOR('',#4493,100.);
#2805=VECTOR('',#4496,100.);
#2806=VECTOR('',#4497,100.);
#2807=VECTOR('',#4500,100.);
#2808=VECTOR('',#4501,100.);
#2809=VECTOR('',#4504,100.);
#2810=VECTOR('',#4507,100.);
#2811=VECTOR('',#4508,100.);
#2812=VECTOR('',#4509,100.);
#2813=VECTOR('',#4512,100.);
#2814=VECTOR('',#4513,100.);
#2815=VECTOR('',#4514,100.);
#2816=VECTOR('',#4517,100.);
#2817=VECTOR('',#4518,100.);
#2818=VECTOR('',#4521,100.);
#2819=VECTOR('',#4522,100.);
#2820=VECTOR('',#4523,100.);
#2821=VECTOR('',#4526,100.);
#2822=VECTOR('',#4527,100.);
#2823=VECTOR('',#4528,100.);
#2824=VECTOR('',#4531,100.);
#2825=VECTOR('',#4532,100.);
#2826=VECTOR('',#4535,100.);
#2827=VECTOR('',#4536,100.);
#2828=VECTOR('',#4537,100.);
#2829=VECTOR('',#4540,100.);
#2830=VECTOR('',#4541,100.);
#2831=VECTOR('',#4542,100.);
#2832=VECTOR('',#4545,100.);
#2833=VECTOR('',#4546,100.);
#2834=VECTOR('',#4547,100.);
#2835=VECTOR('',#4550,100.);
#2836=VECTOR('',#4551,100.);
#2837=VECTOR('',#4552,100.);
#2838=VECTOR('',#4555,100.);
#2839=VECTOR('',#4556,100.);
#2840=VECTOR('',#4557,100.);
#2841=VECTOR('',#4558,100.);
#2842=VECTOR('',#4561,100.);
#2843=VECTOR('',#4562,100.);
#2844=VECTOR('',#4565,100.);
#2845=VECTOR('',#4566,100.);
#2846=VECTOR('',#4569,100.);
#2847=VECTOR('',#4570,100.);
#2848=VECTOR('',#4575,100.);
#2849=VECTOR('',#4578,100.);
#2850=VECTOR('',#4579,100.);
#2851=VECTOR('',#4582,100.);
#2852=VECTOR('',#4585,100.);
#2853=VECTOR('',#4586,100.);
#2854=VECTOR('',#4589,100.);
#2855=VECTOR('',#4592,100.);
#2856=VECTOR('',#4595,100.);
#2857=VECTOR('',#4600,100.);
#2858=VECTOR('',#4601,100.);
#2859=VECTOR('',#4602,100.);
#2860=VECTOR('',#4605,100.);
#2861=VECTOR('',#4606,100.);
#2862=VECTOR('',#4607,100.);
#2863=VECTOR('',#4610,100.);
#2864=VECTOR('',#4611,100.);
#2865=VECTOR('',#4612,100.);
#2866=VECTOR('',#4613,100.);
#2867=VECTOR('',#4614,100.);
#2868=VECTOR('',#4615,100.);
#2869=VECTOR('',#4618,100.);
#2870=VECTOR('',#4619,100.);
#2871=VECTOR('',#4620,100.);
#2872=VECTOR('',#4623,100.);
#2873=VECTOR('',#4626,100.);
#2874=VECTOR('',#4627,100.);
#2875=VECTOR('',#4630,100.);
#2876=VECTOR('',#4633,100.);
#2877=VECTOR('',#4634,100.);
#2878=VECTOR('',#4637,100.);
#2879=VECTOR('',#4638,100.);
#2880=VECTOR('',#4643,100.);
#2881=VECTOR('',#4646,100.);
#2882=VECTOR('',#4647,100.);
#2883=VECTOR('',#4650,100.);
#2884=VECTOR('',#4653,100.);
#2885=VECTOR('',#4654,100.);
#2886=VECTOR('',#4657,100.);
#2887=VECTOR('',#4660,100.);
#2888=VECTOR('',#4667,100.);
#2889=VECTOR('',#4670,100.);
#2890=VECTOR('',#4675,100.);
#2891=VECTOR('',#4678,100.);
#2892=VECTOR('',#4683,100.);
#2893=VECTOR('',#4686,100.);
#2894=VECTOR('',#4691,100.);
#2895=VECTOR('',#4694,100.);
#2896=VECTOR('',#4699,100.);
#2897=VECTOR('',#4702,100.);
#2898=VECTOR('',#4707,100.);
#2899=VECTOR('',#4710,100.);
#2900=VECTOR('',#4715,100.);
#2901=VECTOR('',#4718,100.);
#2902=VECTOR('',#4723,100.);
#2903=VECTOR('',#4726,100.);
#2904=VECTOR('',#4731,100.);
#2905=VECTOR('',#4734,100.);
#2906=VECTOR('',#4739,100.);
#2907=VECTOR('',#4742,100.);
#2908=VECTOR('',#4747,100.);
#2909=VECTOR('',#4750,100.);
#2910=VECTOR('',#4755,100.);
#2911=VECTOR('',#4758,100.);
#2912=VECTOR('',#4763,100.);
#2913=VECTOR('',#4766,100.);
#2914=VECTOR('',#4771,100.);
#2915=VECTOR('',#4774,100.);
#2916=VECTOR('',#4775,100.);
#2917=VECTOR('',#4780,100.);
#2918=VECTOR('',#4781,100.);
#2919=VECTOR('',#4784,100.);
#2920=VECTOR('',#4789,100.);
#2921=VECTOR('',#4790,100.);
#2922=VECTOR('',#4793,100.);
#2923=VECTOR('',#4798,100.);
#2924=VECTOR('',#4801,100.);
#2925=VECTOR('',#4802,100.);
#2926=VECTOR('',#4805,100.);
#2927=VECTOR('',#4806,100.);
#2928=VECTOR('',#4817,100.);
#2929=VECTOR('',#4818,100.);
#2930=VECTOR('',#4829,100.);
#2931=VECTOR('',#4830,100.);
#2932=VECTOR('',#4841,100.);
#2933=VECTOR('',#4842,100.);
#2934=VECTOR('',#4853,100.);
#2935=VECTOR('',#4854,100.);
#2936=VECTOR('',#4857,100.);
#2937=VECTOR('',#4858,100.);
#2938=VECTOR('',#4861,100.);
#2939=VECTOR('',#4862,100.);
#2940=VECTOR('',#4865,100.);
#2941=VECTOR('',#4866,100.);
#2942=VECTOR('',#4903,100.);
#2943=VECTOR('',#4906,100.);
#2944=VECTOR('',#4909,100.);
#2945=VECTOR('',#4910,100.);
#2946=VECTOR('',#4911,100.);
#2947=VECTOR('',#4912,100.);
#2948=VECTOR('',#4915,100.);
#2949=VECTOR('',#4916,100.);
#2950=VECTOR('',#4917,100.);
#2951=VECTOR('',#4920,100.);
#2952=VECTOR('',#4921,100.);
#2953=VECTOR('',#4922,100.);
#2954=VECTOR('',#4925,100.);
#2955=VECTOR('',#4926,100.);
#2956=VECTOR('',#4929,100.);
#2957=VECTOR('',#4930,100.);
#2958=VECTOR('',#4931,100.);
#2959=VECTOR('',#4932,100.);
#2960=VECTOR('',#4933,100.);
#2961=VECTOR('',#4936,100.);
#2962=VECTOR('',#4937,100.);
#2963=VECTOR('',#4942,100.);
#2964=VECTOR('',#4945,100.);
#2965=VECTOR('',#4948,100.);
#2966=VECTOR('',#4949,100.);
#2967=VECTOR('',#4950,100.);
#2968=VECTOR('',#4951,100.);
#2969=VECTOR('',#4954,100.);
#2970=VECTOR('',#4955,100.);
#2971=VECTOR('',#4956,100.);
#2972=VECTOR('',#4963,100.);
#2973=VECTOR('',#4964,100.);
#2974=VECTOR('',#4967,100.);
#2975=VECTOR('',#4968,100.);
#2976=VECTOR('',#4971,100.);
#2977=VECTOR('',#4972,100.);
#2978=VECTOR('',#4975,100.);
#2979=VECTOR('',#4980,100.);
#2980=VECTOR('',#4981,100.);
#2981=VECTOR('',#4984,100.);
#2982=VECTOR('',#4987,100.);
#2983=VECTOR('',#4988,100.);
#2984=VECTOR('',#4989,100.);
#2985=VECTOR('',#4992,100.);
#2986=VECTOR('',#4995,100.);
#2987=VECTOR('',#5002,100.);
#2988=VECTOR('',#5005,100.);
#2989=VECTOR('',#5010,100.);
#2990=VECTOR('',#5011,100.);
#2991=VECTOR('',#5014,100.);
#2992=VECTOR('',#5015,100.);
#2993=VECTOR('',#5018,100.);
#2994=VECTOR('',#5019,100.);
#2995=VECTOR('',#5036,100.);
#2996=VECTOR('',#5039,100.);
#2997=VECTOR('',#5054,100.);
#2998=EDGE_LOOP('',(#286,#287,#288,#289));
#2999=EDGE_LOOP('',(#290,#291,#292,#293));
#3000=EDGE_LOOP('',(#294,#295,#296,#297));
#3001=EDGE_LOOP('',(#298,#299,#300,#301));
#3002=EDGE_LOOP('',(#302,#303,#304,#305,#306,#307,#308,#309));
#3003=EDGE_LOOP('',(#310,#311,#312,#313));
#3004=EDGE_LOOP('',(#314,#315,#316,#317,#318,#319,#320,#321));
#3005=EDGE_LOOP('',(#322,#323,#324,#325));
#3006=EDGE_LOOP('',(#326));
#3007=EDGE_LOOP('',(#327,#328,#329,#330));
#3008=EDGE_LOOP('',(#331));
#3009=EDGE_LOOP('',(#332,#333,#334,#335));
#3010=EDGE_LOOP('',(#336));
#3011=EDGE_LOOP('',(#337));
#3012=EDGE_LOOP('',(#338,#339,#340,#341));
#3013=EDGE_LOOP('',(#342,#343,#344,#345));
#3014=EDGE_LOOP('',(#346,#347,#348,#349));
#3015=EDGE_LOOP('',(#350,#351,#352,#353));
#3016=EDGE_LOOP('',(#354,#355,#356,#357,#358));
#3017=EDGE_LOOP('',(#359,#360,#361,#362));
#3018=EDGE_LOOP('',(#363,#364,#365,#366));
#3019=EDGE_LOOP('',(#367,#368,#369,#370));
#3020=EDGE_LOOP('',(#371,#372,#373,#374));
#3021=EDGE_LOOP('',(#375,#376,#377,#378));
#3022=EDGE_LOOP('',(#379,#380,#381,#382));
#3023=EDGE_LOOP('',(#383,#384,#385,#386));
#3024=EDGE_LOOP('',(#387,#388,#389,#390));
#3025=EDGE_LOOP('',(#391,#392,#393,#394));
#3026=EDGE_LOOP('',(#395,#396,#397,#398));
#3027=EDGE_LOOP('',(#399,#400,#401,#402));
#3028=EDGE_LOOP('',(#403,#404,#405,#406));
#3029=EDGE_LOOP('',(#407,#408,#409,#410));
#3030=EDGE_LOOP('',(#411,#412,#413,#414));
#3031=EDGE_LOOP('',(#415,#416,#417,#418));
#3032=EDGE_LOOP('',(#419,#420,#421,#422));
#3033=EDGE_LOOP('',(#423,#424,#425,#426,#427));
#3034=EDGE_LOOP('',(#428,#429,#430,#431,#432,#433,#434,#435,#436,#437,#438));
#3035=EDGE_LOOP('',(#439,#440,#441,#442));
#3036=EDGE_LOOP('',(#443,#444,#445,#446));
#3037=EDGE_LOOP('',(#447,#448,#449,#450));
#3038=EDGE_LOOP('',(#451,#452,#453,#454));
#3039=EDGE_LOOP('',(#455,#456,#457,#458));
#3040=EDGE_LOOP('',(#459,#460,#461,#462));
#3041=EDGE_LOOP('',(#463,#464,#465,#466));
#3042=EDGE_LOOP('',(#467,#468,#469,#470));
#3043=EDGE_LOOP('',(#471,#472,#473,#474));
#3044=EDGE_LOOP('',(#475,#476,#477,#478));
#3045=EDGE_LOOP('',(#479,#480,#481,#482));
#3046=EDGE_LOOP('',(#483,#484,#485,#486));
#3047=EDGE_LOOP('',(#487,#488,#489,#490));
#3048=EDGE_LOOP('',(#491,#492,#493,#494));
#3049=EDGE_LOOP('',(#495,#496,#497,#498,#499,#500,#501,#502));
#3050=EDGE_LOOP('',(#503,#504,#505,#506));
#3051=EDGE_LOOP('',(#507,#508,#509,#510));
#3052=EDGE_LOOP('',(#511,#512,#513,#514));
#3053=EDGE_LOOP('',(#515,#516,#517,#518));
#3054=EDGE_LOOP('',(#519,#520,#521,#522));
#3055=EDGE_LOOP('',(#523,#524,#525,#526));
#3056=EDGE_LOOP('',(#527,#528,#529,#530));
#3057=EDGE_LOOP('',(#531,#532,#533,#534));
#3058=EDGE_LOOP('',(#535,#536,#537,#538));
#3059=EDGE_LOOP('',(#539,#540,#541,#542));
#3060=EDGE_LOOP('',(#543,#544,#545,#546));
#3061=EDGE_LOOP('',(#547,#548,#549,#550));
#3062=EDGE_LOOP('',(#551,#552,#553,#554));
#3063=EDGE_LOOP('',(#555,#556,#557,#558));
#3064=EDGE_LOOP('',(#559,#560,#561,#562,#563,#564,#565,#566));
#3065=EDGE_LOOP('',(#567,#568,#569,#570));
#3066=EDGE_LOOP('',(#571,#572,#573,#574));
#3067=EDGE_LOOP('',(#575,#576,#577,#578));
#3068=EDGE_LOOP('',(#579,#580,#581,#582));
#3069=EDGE_LOOP('',(#583,#584,#585,#586));
#3070=EDGE_LOOP('',(#587,#588,#589,#590));
#3071=EDGE_LOOP('',(#591,#592,#593,#594));
#3072=EDGE_LOOP('',(#595,#596,#597,#598));
#3073=EDGE_LOOP('',(#599,#600,#601,#602));
#3074=EDGE_LOOP('',(#603,#604,#605,#606));
#3075=EDGE_LOOP('',(#607,#608,#609,#610));
#3076=EDGE_LOOP('',(#611,#612,#613,#614));
#3077=EDGE_LOOP('',(#615,#616,#617,#618));
#3078=EDGE_LOOP('',(#619,#620,#621,#622));
#3079=EDGE_LOOP('',(#623,#624,#625,#626,#627,#628,#629,#630));
#3080=EDGE_LOOP('',(#631,#632,#633,#634,#635,#636,#637,#638,#639,#640,#641,
#642,#643));
#3081=EDGE_LOOP('',(#644,#645,#646,#647));
#3082=EDGE_LOOP('',(#648,#649,#650,#651));
#3083=EDGE_LOOP('',(#652,#653,#654,#655));
#3084=EDGE_LOOP('',(#656,#657,#658,#659));
#3085=EDGE_LOOP('',(#660,#661,#662,#663));
#3086=EDGE_LOOP('',(#664,#665,#666,#667));
#3087=EDGE_LOOP('',(#668,#669,#670,#671));
#3088=EDGE_LOOP('',(#672,#673,#674,#675));
#3089=EDGE_LOOP('',(#676,#677,#678,#679));
#3090=EDGE_LOOP('',(#680,#681,#682,#683));
#3091=EDGE_LOOP('',(#684,#685,#686,#687));
#3092=EDGE_LOOP('',(#688,#689,#690,#691));
#3093=EDGE_LOOP('',(#692,#693,#694,#695));
#3094=EDGE_LOOP('',(#696,#697,#698,#699,#700,#701,#702,#703,#704,#705,#706,
#707,#708));
#3095=EDGE_LOOP('',(#709,#710,#711,#712));
#3096=EDGE_LOOP('',(#713,#714,#715,#716));
#3097=EDGE_LOOP('',(#717,#718,#719,#720));
#3098=EDGE_LOOP('',(#721,#722,#723,#724));
#3099=EDGE_LOOP('',(#725,#726,#727,#728));
#3100=EDGE_LOOP('',(#729,#730,#731,#732));
#3101=EDGE_LOOP('',(#733,#734,#735,#736));
#3102=EDGE_LOOP('',(#737,#738,#739,#740));
#3103=EDGE_LOOP('',(#741,#742,#743,#744));
#3104=EDGE_LOOP('',(#745,#746,#747,#748));
#3105=EDGE_LOOP('',(#749,#750,#751,#752));
#3106=EDGE_LOOP('',(#753,#754,#755,#756));
#3107=EDGE_LOOP('',(#757,#758,#759,#760));
#3108=EDGE_LOOP('',(#761,#762,#763));
#3109=EDGE_LOOP('',(#764,#765,#766));
#3110=EDGE_LOOP('',(#767,#768,#769,#770));
#3111=EDGE_LOOP('',(#771,#772,#773));
#3112=EDGE_LOOP('',(#774,#775,#776));
#3113=EDGE_LOOP('',(#777,#778,#779,#780));
#3114=EDGE_LOOP('',(#781,#782,#783,#784,#785,#786,#787,#788,#789));
#3115=EDGE_LOOP('',(#790,#791,#792,#793,#794,#795,#796,#797,#798,#799,#800,
#801,#802,#803));
#3116=EDGE_LOOP('',(#804,#805,#806,#807));
#3117=EDGE_LOOP('',(#808,#809,#810,#811,#812,#813));
#3118=EDGE_LOOP('',(#814,#815,#816,#817));
#3119=EDGE_LOOP('',(#818,#819,#820,#821));
#3120=EDGE_LOOP('',(#822,#823,#824,#825));
#3121=EDGE_LOOP('',(#826,#827,#828,#829));
#3122=EDGE_LOOP('',(#830,#831,#832,#833));
#3123=EDGE_LOOP('',(#834,#835,#836,#837));
#3124=EDGE_LOOP('',(#838,#839,#840,#841));
#3125=EDGE_LOOP('',(#842,#843,#844,#845));
#3126=EDGE_LOOP('',(#846,#847,#848,#849));
#3127=EDGE_LOOP('',(#850,#851,#852,#853,#854,#855,#856,#857,#858));
#3128=EDGE_LOOP('',(#859,#860,#861,#862,#863,#864,#865,#866,#867,#868,#869,
#870,#871,#872));
#3129=EDGE_LOOP('',(#873,#874,#875,#876));
#3130=EDGE_LOOP('',(#877,#878,#879,#880));
#3131=EDGE_LOOP('',(#881,#882,#883,#884,#885,#886));
#3132=EDGE_LOOP('',(#887,#888,#889,#890));
#3133=EDGE_LOOP('',(#891,#892,#893,#894));
#3134=EDGE_LOOP('',(#895,#896,#897,#898));
#3135=EDGE_LOOP('',(#899,#900,#901,#902));
#3136=EDGE_LOOP('',(#903,#904,#905,#906));
#3137=EDGE_LOOP('',(#907,#908,#909,#910));
#3138=EDGE_LOOP('',(#911,#912,#913,#914));
#3139=EDGE_LOOP('',(#915,#916,#917,#918));
#3140=EDGE_LOOP('',(#919,#920,#921,#922));
#3141=EDGE_LOOP('',(#923,#924,#925,#926));
#3142=EDGE_LOOP('',(#927,#928,#929,#930));
#3143=EDGE_LOOP('',(#931,#932,#933,#934));
#3144=EDGE_LOOP('',(#935,#936,#937,#938));
#3145=EDGE_LOOP('',(#939,#940,#941,#942));
#3146=EDGE_LOOP('',(#943,#944,#945,#946));
#3147=EDGE_LOOP('',(#947,#948,#949,#950));
#3148=EDGE_LOOP('',(#951,#952,#953,#954));
#3149=EDGE_LOOP('',(#955,#956,#957,#958));
#3150=EDGE_LOOP('',(#959,#960,#961,#962));
#3151=EDGE_LOOP('',(#963,#964,#965,#966));
#3152=EDGE_LOOP('',(#967,#968,#969,#970));
#3153=EDGE_LOOP('',(#971,#972,#973,#974,#975,#976));
#3154=EDGE_LOOP('',(#977,#978,#979,#980,#981,#982));
#3155=EDGE_LOOP('',(#983,#984,#985,#986,#987,#988));
#3156=EDGE_LOOP('',(#989,#990,#991,#992,#993,#994));
#3157=EDGE_LOOP('',(#995,#996,#997,#998));
#3158=EDGE_LOOP('',(#999,#1000,#1001));
#3159=EDGE_LOOP('',(#1002,#1003,#1004,#1005));
#3160=EDGE_LOOP('',(#1006,#1007,#1008));
#3161=EDGE_LOOP('',(#1009,#1010,#1011,#1012));
#3162=EDGE_LOOP('',(#1013,#1014,#1015));
#3163=EDGE_LOOP('',(#1016,#1017,#1018,#1019));
#3164=EDGE_LOOP('',(#1020,#1021,#1022));
#3165=EDGE_LOOP('',(#1023,#1024,#1025,#1026));
#3166=EDGE_LOOP('',(#1027,#1028,#1029,#1030));
#3167=EDGE_LOOP('',(#1031,#1032,#1033,#1034));
#3168=EDGE_LOOP('',(#1035,#1036,#1037,#1038));
#3169=EDGE_LOOP('',(#1039));
#3170=EDGE_LOOP('',(#1040));
#3171=EDGE_LOOP('',(#1041));
#3172=EDGE_LOOP('',(#1042));
#3173=EDGE_LOOP('',(#1043));
#3174=EDGE_LOOP('',(#1044));
#3175=EDGE_LOOP('',(#1045));
#3176=EDGE_LOOP('',(#1046));
#3177=EDGE_LOOP('',(#1047));
#3178=EDGE_LOOP('',(#1048));
#3179=EDGE_LOOP('',(#1049));
#3180=EDGE_LOOP('',(#1050));
#3181=EDGE_LOOP('',(#1051));
#3182=EDGE_LOOP('',(#1052));
#3183=EDGE_LOOP('',(#1053));
#3184=EDGE_LOOP('',(#1054,#1055,#1056,#1057));
#3185=EDGE_LOOP('',(#1058,#1059,#1060,#1061));
#3186=EDGE_LOOP('',(#1062,#1063,#1064,#1065));
#3187=EDGE_LOOP('',(#1066,#1067,#1068,#1069));
#3188=EDGE_LOOP('',(#1070,#1071,#1072,#1073));
#3189=EDGE_LOOP('',(#1074,#1075,#1076,#1077));
#3190=EDGE_LOOP('',(#1078,#1079,#1080,#1081,#1082,#1083,#1084,#1085));
#3191=EDGE_LOOP('',(#1086,#1087,#1088,#1089,#1090,#1091));
#3192=EDGE_LOOP('',(#1092,#1093,#1094,#1095));
#3193=EDGE_LOOP('',(#1096,#1097,#1098,#1099));
#3194=EDGE_LOOP('',(#1100,#1101,#1102,#1103));
#3195=EDGE_LOOP('',(#1104,#1105,#1106,#1107));
#3196=EDGE_LOOP('',(#1108,#1109,#1110));
#3197=EDGE_LOOP('',(#1111,#1112,#1113,#1114));
#3198=EDGE_LOOP('',(#1115,#1116,#1117,#1118));
#3199=EDGE_LOOP('',(#1119,#1120,#1121,#1122));
#3200=EDGE_LOOP('',(#1123,#1124,#1125,#1126,#1127,#1128,#1129,#1130,#1131,
#1132,#1133,#1134,#1135,#1136,#1137,#1138,#1139,#1140,#1141,#1142));
#3201=EDGE_LOOP('',(#1143,#1144,#1145,#1146,#1147,#1148,#1149,#1150));
#3202=EDGE_LOOP('',(#1151));
#3203=EDGE_LOOP('',(#1152,#1153,#1154,#1155,#1156,#1157));
#3204=EDGE_LOOP('',(#1158,#1159,#1160,#1161));
#3205=EDGE_LOOP('',(#1162,#1163,#1164,#1165,#1166,#1167,#1168,#1169));
#3206=EDGE_LOOP('',(#1170,#1171,#1172,#1173,#1174,#1175));
#3207=EDGE_LOOP('',(#1176,#1177,#1178,#1179));
#3208=EDGE_LOOP('',(#1180,#1181,#1182,#1183,#1184,#1185,#1186));
#3209=EDGE_LOOP('',(#1187,#1188,#1189,#1190,#1191,#1192,#1193,#1194));
#3210=EDGE_LOOP('',(#1195,#1196,#1197,#1198,#1199,#1200,#1201));
#3211=EDGE_LOOP('',(#1202,#1203,#1204,#1205,#1206,#1207,#1208,#1209,#1210,
#1211,#1212,#1213,#1214,#1215,#1216,#1217,#1218,#1219,#1220));
#3212=EDGE_LOOP('',(#1221,#1222,#1223,#1224,#1225,#1226,#1227));
#3213=EDGE_LOOP('',(#1228,#1229,#1230,#1231,#1232,#1233,#1234,#1235,#1236,
#1237));
#3214=EDGE_LOOP('',(#1238,#1239,#1240,#1241,#1242,#1243,#1244,#1245,#1246,
#1247,#1248,#1249,#1250,#1251));
#3215=EDGE_LOOP('',(#1252,#1253,#1254,#1255));
#3216=EDGE_LOOP('',(#1256,#1257,#1258,#1259));
#3217=EDGE_LOOP('',(#1260,#1261,#1262,#1263));
#3218=EDGE_LOOP('',(#1264,#1265,#1266,#1267,#1268,#1269));
#3219=EDGE_LOOP('',(#1270,#1271,#1272,#1273,#1274,#1275));
#3220=EDGE_LOOP('',(#1276,#1277,#1278,#1279,#1280,#1281,#1282,#1283,#1284));
#3221=EDGE_LOOP('',(#1285,#1286,#1287,#1288,#1289,#1290,#1291,#1292,#1293));
#3222=EDGE_LOOP('',(#1294,#1295,#1296,#1297,#1298,#1299,#1300,#1301,#1302));
#3223=EDGE_LOOP('',(#1303,#1304,#1305,#1306));
#3224=EDGE_LOOP('',(#1307,#1308,#1309,#1310,#1311,#1312,#1313,#1314,#1315,
#1316,#1317,#1318,#1319));
#3225=EDGE_LOOP('',(#1320,#1321,#1322,#1323,#1324,#1325,#1326,#1327,#1328,
#1329,#1330,#1331,#1332));
#3226=EDGE_LOOP('',(#1333,#1334,#1335,#1336,#1337,#1338,#1339,#1340));
#3227=EDGE_LOOP('',(#1341,#1342,#1343,#1344,#1345,#1346,#1347,#1348));
#3228=EDGE_LOOP('',(#1349,#1350,#1351,#1352,#1353,#1354,#1355,#1356));
#3229=EDGE_LOOP('',(#1357,#1358,#1359,#1360,#1361,#1362,#1363,#1364,#1365,
#1366,#1367));
#3230=FACE_BOUND('',#2998,.T.);
#3231=FACE_BOUND('',#2999,.T.);
#3232=FACE_BOUND('',#3000,.T.);
#3233=FACE_BOUND('',#3001,.T.);
#3234=FACE_BOUND('',#3002,.T.);
#3235=FACE_BOUND('',#3003,.T.);
#3236=FACE_BOUND('',#3004,.T.);
#3237=FACE_BOUND('',#3005,.T.);
#3238=FACE_BOUND('',#3006,.T.);
#3239=FACE_BOUND('',#3007,.T.);
#3240=FACE_BOUND('',#3008,.T.);
#3241=FACE_BOUND('',#3009,.T.);
#3242=FACE_BOUND('',#3010,.T.);
#3243=FACE_BOUND('',#3011,.T.);
#3244=FACE_BOUND('',#3012,.T.);
#3245=FACE_BOUND('',#3013,.T.);
#3246=FACE_BOUND('',#3014,.T.);
#3247=FACE_BOUND('',#3015,.T.);
#3248=FACE_BOUND('',#3016,.T.);
#3249=FACE_BOUND('',#3017,.T.);
#3250=FACE_BOUND('',#3018,.T.);
#3251=FACE_BOUND('',#3019,.T.);
#3252=FACE_BOUND('',#3020,.T.);
#3253=FACE_BOUND('',#3021,.T.);
#3254=FACE_BOUND('',#3022,.T.);
#3255=FACE_BOUND('',#3023,.T.);
#3256=FACE_BOUND('',#3024,.T.);
#3257=FACE_BOUND('',#3025,.T.);
#3258=FACE_BOUND('',#3026,.T.);
#3259=FACE_BOUND('',#3027,.T.);
#3260=FACE_BOUND('',#3028,.T.);
#3261=FACE_BOUND('',#3029,.T.);
#3262=FACE_BOUND('',#3030,.T.);
#3263=FACE_BOUND('',#3031,.T.);
#3264=FACE_BOUND('',#3032,.T.);
#3265=FACE_BOUND('',#3033,.T.);
#3266=FACE_BOUND('',#3034,.T.);
#3267=FACE_BOUND('',#3035,.T.);
#3268=FACE_BOUND('',#3036,.T.);
#3269=FACE_BOUND('',#3037,.T.);
#3270=FACE_BOUND('',#3038,.T.);
#3271=FACE_BOUND('',#3039,.T.);
#3272=FACE_BOUND('',#3040,.T.);
#3273=FACE_BOUND('',#3041,.T.);
#3274=FACE_BOUND('',#3042,.T.);
#3275=FACE_BOUND('',#3043,.T.);
#3276=FACE_BOUND('',#3044,.T.);
#3277=FACE_BOUND('',#3045,.T.);
#3278=FACE_BOUND('',#3046,.T.);
#3279=FACE_BOUND('',#3047,.T.);
#3280=FACE_BOUND('',#3048,.T.);
#3281=FACE_BOUND('',#3049,.T.);
#3282=FACE_BOUND('',#3050,.T.);
#3283=FACE_BOUND('',#3051,.T.);
#3284=FACE_BOUND('',#3052,.T.);
#3285=FACE_BOUND('',#3053,.T.);
#3286=FACE_BOUND('',#3054,.T.);
#3287=FACE_BOUND('',#3055,.T.);
#3288=FACE_BOUND('',#3056,.T.);
#3289=FACE_BOUND('',#3057,.T.);
#3290=FACE_BOUND('',#3058,.T.);
#3291=FACE_BOUND('',#3059,.T.);
#3292=FACE_BOUND('',#3060,.T.);
#3293=FACE_BOUND('',#3061,.T.);
#3294=FACE_BOUND('',#3062,.T.);
#3295=FACE_BOUND('',#3063,.T.);
#3296=FACE_BOUND('',#3064,.T.);
#3297=FACE_BOUND('',#3065,.T.);
#3298=FACE_BOUND('',#3066,.T.);
#3299=FACE_BOUND('',#3067,.T.);
#3300=FACE_BOUND('',#3068,.T.);
#3301=FACE_BOUND('',#3069,.T.);
#3302=FACE_BOUND('',#3070,.T.);
#3303=FACE_BOUND('',#3071,.T.);
#3304=FACE_BOUND('',#3072,.T.);
#3305=FACE_BOUND('',#3073,.T.);
#3306=FACE_BOUND('',#3074,.T.);
#3307=FACE_BOUND('',#3075,.T.);
#3308=FACE_BOUND('',#3076,.T.);
#3309=FACE_BOUND('',#3077,.T.);
#3310=FACE_BOUND('',#3078,.T.);
#3311=FACE_BOUND('',#3079,.T.);
#3312=FACE_BOUND('',#3080,.T.);
#3313=FACE_BOUND('',#3081,.T.);
#3314=FACE_BOUND('',#3082,.T.);
#3315=FACE_BOUND('',#3083,.T.);
#3316=FACE_BOUND('',#3084,.T.);
#3317=FACE_BOUND('',#3085,.T.);
#3318=FACE_BOUND('',#3086,.T.);
#3319=FACE_BOUND('',#3087,.T.);
#3320=FACE_BOUND('',#3088,.T.);
#3321=FACE_BOUND('',#3089,.T.);
#3322=FACE_BOUND('',#3090,.T.);
#3323=FACE_BOUND('',#3091,.T.);
#3324=FACE_BOUND('',#3092,.T.);
#3325=FACE_BOUND('',#3093,.T.);
#3326=FACE_BOUND('',#3094,.T.);
#3327=FACE_BOUND('',#3095,.T.);
#3328=FACE_BOUND('',#3096,.T.);
#3329=FACE_BOUND('',#3097,.T.);
#3330=FACE_BOUND('',#3098,.T.);
#3331=FACE_BOUND('',#3099,.T.);
#3332=FACE_BOUND('',#3100,.T.);
#3333=FACE_BOUND('',#3101,.T.);
#3334=FACE_BOUND('',#3102,.T.);
#3335=FACE_BOUND('',#3103,.T.);
#3336=FACE_BOUND('',#3104,.T.);
#3337=FACE_BOUND('',#3105,.T.);
#3338=FACE_BOUND('',#3106,.T.);
#3339=FACE_BOUND('',#3107,.T.);
#3340=FACE_BOUND('',#3108,.T.);
#3341=FACE_BOUND('',#3109,.T.);
#3342=FACE_BOUND('',#3110,.T.);
#3343=FACE_BOUND('',#3111,.T.);
#3344=FACE_BOUND('',#3112,.T.);
#3345=FACE_BOUND('',#3113,.T.);
#3346=FACE_BOUND('',#3114,.T.);
#3347=FACE_BOUND('',#3115,.T.);
#3348=FACE_BOUND('',#3116,.T.);
#3349=FACE_BOUND('',#3117,.T.);
#3350=FACE_BOUND('',#3118,.T.);
#3351=FACE_BOUND('',#3119,.T.);
#3352=FACE_BOUND('',#3120,.T.);
#3353=FACE_BOUND('',#3121,.T.);
#3354=FACE_BOUND('',#3122,.T.);
#3355=FACE_BOUND('',#3123,.T.);
#3356=FACE_BOUND('',#3124,.T.);
#3357=FACE_BOUND('',#3125,.T.);
#3358=FACE_BOUND('',#3126,.T.);
#3359=FACE_BOUND('',#3127,.T.);
#3360=FACE_BOUND('',#3128,.T.);
#3361=FACE_BOUND('',#3129,.T.);
#3362=FACE_BOUND('',#3130,.T.);
#3363=FACE_BOUND('',#3131,.T.);
#3364=FACE_BOUND('',#3132,.T.);
#3365=FACE_BOUND('',#3133,.T.);
#3366=FACE_BOUND('',#3134,.T.);
#3367=FACE_BOUND('',#3135,.T.);
#3368=FACE_BOUND('',#3136,.T.);
#3369=FACE_BOUND('',#3137,.T.);
#3370=FACE_BOUND('',#3138,.T.);
#3371=FACE_BOUND('',#3139,.T.);
#3372=FACE_BOUND('',#3140,.T.);
#3373=FACE_BOUND('',#3141,.T.);
#3374=FACE_BOUND('',#3142,.T.);
#3375=FACE_BOUND('',#3143,.T.);
#3376=FACE_BOUND('',#3144,.T.);
#3377=FACE_BOUND('',#3145,.T.);
#3378=FACE_BOUND('',#3146,.T.);
#3379=FACE_BOUND('',#3147,.T.);
#3380=FACE_BOUND('',#3148,.T.);
#3381=FACE_BOUND('',#3149,.T.);
#3382=FACE_BOUND('',#3150,.T.);
#3383=FACE_BOUND('',#3151,.T.);
#3384=FACE_BOUND('',#3152,.T.);
#3385=FACE_BOUND('',#3153,.T.);
#3386=FACE_BOUND('',#3154,.T.);
#3387=FACE_BOUND('',#3155,.T.);
#3388=FACE_BOUND('',#3156,.T.);
#3389=FACE_BOUND('',#3157,.T.);
#3390=FACE_BOUND('',#3158,.T.);
#3391=FACE_BOUND('',#3159,.T.);
#3392=FACE_BOUND('',#3160,.T.);
#3393=FACE_BOUND('',#3161,.T.);
#3394=FACE_BOUND('',#3162,.T.);
#3395=FACE_BOUND('',#3163,.T.);
#3396=FACE_BOUND('',#3164,.T.);
#3397=FACE_BOUND('',#3165,.T.);
#3398=FACE_BOUND('',#3166,.T.);
#3399=FACE_BOUND('',#3167,.T.);
#3400=FACE_BOUND('',#3168,.T.);
#3401=FACE_BOUND('',#3169,.T.);
#3402=FACE_BOUND('',#3170,.T.);
#3403=FACE_BOUND('',#3171,.T.);
#3404=FACE_BOUND('',#3172,.T.);
#3405=FACE_BOUND('',#3173,.T.);
#3406=FACE_BOUND('',#3174,.T.);
#3407=FACE_BOUND('',#3175,.T.);
#3408=FACE_BOUND('',#3176,.T.);
#3409=FACE_BOUND('',#3177,.T.);
#3410=FACE_BOUND('',#3178,.T.);
#3411=FACE_BOUND('',#3179,.T.);
#3412=FACE_BOUND('',#3180,.T.);
#3413=FACE_BOUND('',#3181,.T.);
#3414=FACE_BOUND('',#3182,.T.);
#3415=FACE_BOUND('',#3183,.T.);
#3416=FACE_BOUND('',#3184,.T.);
#3417=FACE_BOUND('',#3185,.T.);
#3418=FACE_BOUND('',#3186,.T.);
#3419=FACE_BOUND('',#3187,.T.);
#3420=FACE_BOUND('',#3188,.T.);
#3421=FACE_BOUND('',#3189,.T.);
#3422=FACE_BOUND('',#3190,.T.);
#3423=FACE_BOUND('',#3191,.T.);
#3424=FACE_BOUND('',#3192,.T.);
#3425=FACE_BOUND('',#3193,.T.);
#3426=FACE_BOUND('',#3194,.T.);
#3427=FACE_BOUND('',#3195,.T.);
#3428=FACE_BOUND('',#3196,.T.);
#3429=FACE_BOUND('',#3197,.T.);
#3430=FACE_BOUND('',#3198,.T.);
#3431=FACE_BOUND('',#3199,.T.);
#3432=FACE_BOUND('',#3200,.T.);
#3433=FACE_BOUND('',#3201,.T.);
#3434=FACE_BOUND('',#3202,.T.);
#3435=FACE_BOUND('',#3203,.T.);
#3436=FACE_BOUND('',#3204,.T.);
#3437=FACE_BOUND('',#3205,.T.);
#3438=FACE_BOUND('',#3206,.T.);
#3439=FACE_BOUND('',#3207,.T.);
#3440=FACE_BOUND('',#3208,.T.);
#3441=FACE_BOUND('',#3209,.T.);
#3442=FACE_BOUND('',#3210,.T.);
#3443=FACE_BOUND('',#3211,.T.);
#3444=FACE_BOUND('',#3212,.T.);
#3445=FACE_BOUND('',#3213,.T.);
#3446=FACE_BOUND('',#3214,.T.);
#3447=FACE_BOUND('',#3215,.T.);
#3448=FACE_BOUND('',#3216,.T.);
#3449=FACE_BOUND('',#3217,.T.);
#3450=FACE_BOUND('',#3218,.T.);
#3451=FACE_BOUND('',#3219,.T.);
#3452=FACE_BOUND('',#3220,.T.);
#3453=FACE_BOUND('',#3221,.T.);
#3454=FACE_BOUND('',#3222,.T.);
#3455=FACE_BOUND('',#3223,.T.);
#3456=FACE_BOUND('',#3224,.T.);
#3457=FACE_BOUND('',#3225,.T.);
#3458=FACE_BOUND('',#3226,.T.);
#3459=FACE_BOUND('',#3227,.T.);
#3460=FACE_BOUND('',#3228,.T.);
#3461=FACE_BOUND('',#3229,.T.);
#3462=PLANE('',#3883);
#3463=PLANE('',#3884);
#3464=PLANE('',#3885);
#3465=PLANE('',#3886);
#3466=PLANE('',#3887);
#3467=PLANE('',#3888);
#3468=PLANE('',#3889);
#3469=PLANE('',#3890);
#3470=PLANE('',#3891);
#3471=PLANE('',#3893);
#3472=PLANE('',#3909);
#3473=PLANE('',#3910);
#3474=PLANE('',#3911);
#3475=PLANE('',#3912);
#3476=PLANE('',#3913);
#3477=PLANE('',#3914);
#3478=PLANE('',#3915);
#3479=PLANE('',#3916);
#3480=PLANE('',#3917);
#3481=PLANE('',#3918);
#3482=PLANE('',#3919);
#3483=PLANE('',#3920);
#3484=PLANE('',#3921);
#3485=PLANE('',#3922);
#3486=PLANE('',#3923);
#3487=PLANE('',#3924);
#3488=PLANE('',#3928);
#3489=PLANE('',#3929);
#3490=PLANE('',#3930);
#3491=PLANE('',#3931);
#3492=PLANE('',#3932);
#3493=PLANE('',#3936);
#3494=PLANE('',#3937);
#3495=PLANE('',#3938);
#3496=PLANE('',#3939);
#3497=PLANE('',#3940);
#3498=PLANE('',#3944);
#3499=PLANE('',#3945);
#3500=PLANE('',#3946);
#3501=PLANE('',#3948);
#3502=PLANE('',#3949);
#3503=PLANE('',#3950);
#3504=PLANE('',#3951);
#3505=PLANE('',#3954);
#3506=PLANE('',#3955);
#3507=PLANE('',#3956);
#3508=PLANE('',#3957);
#3509=PLANE('',#3958);
#3510=PLANE('',#3959);
#3511=PLANE('',#3960);
#3512=PLANE('',#3961);
#3513=PLANE('',#3962);
#3514=PLANE('',#3963);
#3515=PLANE('',#3964);
#3516=PLANE('',#3965);
#3517=PLANE('',#3966);
#3518=PLANE('',#3967);
#3519=PLANE('',#3968);
#3520=PLANE('',#3969);
#3521=PLANE('',#3970);
#3522=PLANE('',#3971);
#3523=PLANE('',#3972);
#3524=PLANE('',#3973);
#3525=PLANE('',#3974);
#3526=PLANE('',#3976);
#3527=PLANE('',#3979);
#3528=PLANE('',#3980);
#3529=PLANE('',#3981);
#3530=PLANE('',#3984);
#3531=PLANE('',#3985);
#3532=PLANE('',#3986);
#3533=PLANE('',#3987);
#3534=PLANE('',#3988);
#3535=PLANE('',#3989);
#3536=PLANE('',#3991);
#3537=PLANE('',#3993);
#3538=PLANE('',#3997);
#3539=PLANE('',#3998);
#3540=PLANE('',#3999);
#3541=PLANE('',#4002);
#3542=PLANE('',#4003);
#3543=PLANE('',#4004);
#3544=PLANE('',#4005);
#3545=PLANE('',#4006);
#3546=PLANE('',#4007);
#3547=PLANE('',#4059);
#3548=PLANE('',#4064);
#3549=PLANE('',#4069);
#3550=PLANE('',#4074);
#3551=PLANE('',#4079);
#3552=PLANE('',#4080);
#3553=PLANE('',#4081);
#3554=PLANE('',#4082);
#3555=PLANE('',#4083);
#3556=PLANE('',#4087);
#3557=PLANE('',#4091);
#3558=PLANE('',#4095);
#3559=PLANE('',#4102);
#3560=PLANE('',#4103);
#3561=PLANE('',#4104);
#3562=PLANE('',#4105);
#3563=PLANE('',#4106);
#3564=PLANE('',#4107);
#3565=PLANE('',#4109);
#3566=PLANE('',#4110);
#3567=PLANE('',#4111);
#3568=PLANE('',#4112);
#3569=PLANE('',#4113);
#3570=PLANE('',#4115);
#3571=PLANE('',#4116);
#3572=PLANE('',#4117);
#3573=PLANE('',#4118);
#3574=PLANE('',#4122);
#3575=PLANE('',#4124);
#3576=PLANE('',#4127);
#3577=PLANE('',#4128);
#3578=PLANE('',#4129);
#3579=PLANE('',#4130);
#3580=PLANE('',#4131);
#3581=PLANE('',#4132);
#3582=PLANE('',#4140);
#3583=PLANE('',#4141);
#3584=PLANE('',#4142);
#3585=PLANE('',#4143);
#3586=PLANE('',#4144);
#3587=PLANE('',#4145);
#3588=PLANE('',#4146);
#3589=PLANE('',#4147);
#3590=PLANE('',#4148);
#3591=PLANE('',#4149);
#3592=PLANE('',#4150);
#3593=PLANE('',#4151);
#3594=ADVANCED_FACE('',(#3230),#3462,.T.);
#3595=ADVANCED_FACE('',(#3231),#3463,.F.);
#3596=ADVANCED_FACE('',(#3232),#3464,.T.);
#3597=ADVANCED_FACE('',(#3233),#3465,.F.);
#3598=ADVANCED_FACE('',(#3234),#3466,.F.);
#3599=ADVANCED_FACE('',(#3235),#3467,.F.);
#3600=ADVANCED_FACE('',(#3236),#3468,.F.);
#3601=ADVANCED_FACE('',(#3237),#3469,.F.);
#3602=ADVANCED_FACE('',(#3238,#3239),#3470,.F.);
#3603=ADVANCED_FACE('',(#3240,#3241),#3471,.T.);
#3604=ADVANCED_FACE('',(#3242,#3243),#158,.F.);
#3605=ADVANCED_FACE('',(#3244),#159,.T.);
#3606=ADVANCED_FACE('',(#3245),#160,.T.);
#3607=ADVANCED_FACE('',(#3246),#161,.T.);
#3608=ADVANCED_FACE('',(#3247),#162,.T.);
#3609=ADVANCED_FACE('',(#3248),#3472,.T.);
#3610=ADVANCED_FACE('',(#3249),#18,.T.);
#3611=ADVANCED_FACE('',(#3250),#19,.T.);
#3612=ADVANCED_FACE('',(#3251),#3473,.T.);
#3613=ADVANCED_FACE('',(#3252),#3474,.T.);
#3614=ADVANCED_FACE('',(#3253),#3475,.T.);
#3615=ADVANCED_FACE('',(#3254),#3476,.T.);
#3616=ADVANCED_FACE('',(#3255),#20,.T.);
#3617=ADVANCED_FACE('',(#3256),#21,.T.);
#3618=ADVANCED_FACE('',(#3257),#22,.T.);
#3619=ADVANCED_FACE('',(#3258),#3477,.T.);
#3620=ADVANCED_FACE('',(#3259),#3478,.T.);
#3621=ADVANCED_FACE('',(#3260),#3479,.T.);
#3622=ADVANCED_FACE('',(#3261),#3480,.T.);
#3623=ADVANCED_FACE('',(#3262),#3481,.T.);
#3624=ADVANCED_FACE('',(#3263),#3482,.T.);
#3625=ADVANCED_FACE('',(#3264),#3483,.T.);
#3626=ADVANCED_FACE('',(#3265,#3266),#3484,.F.);
#3627=ADVANCED_FACE('',(#3267),#3485,.T.);
#3628=ADVANCED_FACE('',(#3268),#23,.T.);
#3629=ADVANCED_FACE('',(#3269),#24,.T.);
#3630=ADVANCED_FACE('',(#3270),#25,.T.);
#3631=ADVANCED_FACE('',(#3271),#26,.T.);
#3632=ADVANCED_FACE('',(#3272),#3486,.T.);
#3633=ADVANCED_FACE('',(#3273),#3487,.T.);
#3634=ADVANCED_FACE('',(#3274),#163,.T.);
#3635=ADVANCED_FACE('',(#3275),#27,.T.);
#3636=ADVANCED_FACE('',(#3276),#28,.T.);
#3637=ADVANCED_FACE('',(#3277),#29,.T.);
#3638=ADVANCED_FACE('',(#3278),#30,.T.);
#3639=ADVANCED_FACE('',(#3279),#3488,.T.);
#3640=ADVANCED_FACE('',(#3280,#3281),#3489,.F.);
#3641=ADVANCED_FACE('',(#3282),#3490,.T.);
#3642=ADVANCED_FACE('',(#3283),#31,.T.);
#3643=ADVANCED_FACE('',(#3284),#32,.T.);
#3644=ADVANCED_FACE('',(#3285),#33,.T.);
#3645=ADVANCED_FACE('',(#3286),#34,.T.);
#3646=ADVANCED_FACE('',(#3287),#3491,.T.);
#3647=ADVANCED_FACE('',(#3288),#3492,.T.);
#3648=ADVANCED_FACE('',(#3289),#164,.T.);
#3649=ADVANCED_FACE('',(#3290),#35,.T.);
#3650=ADVANCED_FACE('',(#3291),#36,.T.);
#3651=ADVANCED_FACE('',(#3292),#37,.T.);
#3652=ADVANCED_FACE('',(#3293),#38,.T.);
#3653=ADVANCED_FACE('',(#3294),#3493,.T.);
#3654=ADVANCED_FACE('',(#3295,#3296),#3494,.F.);
#3655=ADVANCED_FACE('',(#3297),#3495,.T.);
#3656=ADVANCED_FACE('',(#3298),#39,.T.);
#3657=ADVANCED_FACE('',(#3299),#40,.T.);
#3658=ADVANCED_FACE('',(#3300),#41,.T.);
#3659=ADVANCED_FACE('',(#3301),#42,.T.);
#3660=ADVANCED_FACE('',(#3302),#3496,.T.);
#3661=ADVANCED_FACE('',(#3303),#3497,.T.);
#3662=ADVANCED_FACE('',(#3304),#165,.T.);
#3663=ADVANCED_FACE('',(#3305),#43,.T.);
#3664=ADVANCED_FACE('',(#3306),#44,.T.);
#3665=ADVANCED_FACE('',(#3307),#45,.T.);
#3666=ADVANCED_FACE('',(#3308),#46,.T.);
#3667=ADVANCED_FACE('',(#3309),#3498,.T.);
#3668=ADVANCED_FACE('',(#3310,#3311),#3499,.F.);
#3669=ADVANCED_FACE('',(#3312),#3500,.F.);
#3670=ADVANCED_FACE('',(#3313),#3501,.T.);
#3671=ADVANCED_FACE('',(#3314),#47,.T.);
#3672=ADVANCED_FACE('',(#3315),#48,.T.);
#3673=ADVANCED_FACE('',(#3316),#49,.T.);
#3674=ADVANCED_FACE('',(#3317),#50,.T.);
#3675=ADVANCED_FACE('',(#3318),#3502,.T.);
#3676=ADVANCED_FACE('',(#3319),#3503,.T.);
#3677=ADVANCED_FACE('',(#3320),#3504,.T.);
#3678=ADVANCED_FACE('',(#3321),#51,.T.);
#3679=ADVANCED_FACE('',(#3322),#52,.T.);
#3680=ADVANCED_FACE('',(#3323),#166,.T.);
#3681=ADVANCED_FACE('',(#3324),#53,.T.);
#3682=ADVANCED_FACE('',(#3325),#54,.T.);
#3683=ADVANCED_FACE('',(#3326),#3505,.F.);
#3684=ADVANCED_FACE('',(#3327),#3506,.T.);
#3685=ADVANCED_FACE('',(#3328),#3507,.T.);
#3686=ADVANCED_FACE('',(#3329),#3508,.T.);
#3687=ADVANCED_FACE('',(#3330),#3509,.T.);
#3688=ADVANCED_FACE('',(#3331),#3510,.T.);
#3689=ADVANCED_FACE('',(#3332),#3511,.T.);
#3690=ADVANCED_FACE('',(#3333),#3512,.T.);
#3691=ADVANCED_FACE('',(#3334),#3513,.T.);
#3692=ADVANCED_FACE('',(#3335),#3514,.T.);
#3693=ADVANCED_FACE('',(#3336),#3515,.T.);
#3694=ADVANCED_FACE('',(#3337),#3516,.T.);
#3695=ADVANCED_FACE('',(#3338),#3517,.T.);
#3696=ADVANCED_FACE('',(#3339),#3518,.T.);
#3697=ADVANCED_FACE('',(#3340),#3519,.F.);
#3698=ADVANCED_FACE('',(#3341),#3520,.T.);
#3699=ADVANCED_FACE('',(#3342),#3521,.T.);
#3700=ADVANCED_FACE('',(#3343),#3522,.F.);
#3701=ADVANCED_FACE('',(#3344),#3523,.T.);
#3702=ADVANCED_FACE('',(#3345),#3524,.T.);
#3703=ADVANCED_FACE('',(#3346),#3525,.T.);
#3704=ADVANCED_FACE('',(#3347),#3526,.F.);
#3705=ADVANCED_FACE('',(#3348),#3527,.T.);
#3706=ADVANCED_FACE('',(#3349),#3528,.F.);
#3707=ADVANCED_FACE('',(#3350),#3529,.F.);
#3708=ADVANCED_FACE('',(#3351),#167,.F.);
#3709=ADVANCED_FACE('',(#3352),#3530,.T.);
#3710=ADVANCED_FACE('',(#3353),#3531,.F.);
#3711=ADVANCED_FACE('',(#3354),#3532,.T.);
#3712=ADVANCED_FACE('',(#3355),#3533,.F.);
#3713=ADVANCED_FACE('',(#3356),#3534,.F.);
#3714=ADVANCED_FACE('',(#3357),#3535,.F.);
#3715=ADVANCED_FACE('',(#3358),#168,.F.);
#3716=ADVANCED_FACE('',(#3359),#3536,.T.);
#3717=ADVANCED_FACE('',(#3360),#3537,.F.);
#3718=ADVANCED_FACE('',(#3361),#169,.F.);
#3719=ADVANCED_FACE('',(#3362),#3538,.F.);
#3720=ADVANCED_FACE('',(#3363),#3539,.T.);
#3721=ADVANCED_FACE('',(#3364),#3540,.T.);
#3722=ADVANCED_FACE('',(#3365),#170,.F.);
#3723=ADVANCED_FACE('',(#3366),#3541,.F.);
#3724=ADVANCED_FACE('',(#3367),#3542,.T.);
#3725=ADVANCED_FACE('',(#3368),#3543,.F.);
#3726=ADVANCED_FACE('',(#3369),#3544,.T.);
#3727=ADVANCED_FACE('',(#3370),#3545,.T.);
#3728=ADVANCED_FACE('',(#3371),#3546,.T.);
#3729=ADVANCED_FACE('',(#3372),#171,.T.);
#3730=ADVANCED_FACE('',(#3373),#172,.F.);
#3731=ADVANCED_FACE('',(#3374),#173,.F.);
#3732=ADVANCED_FACE('',(#3375),#174,.F.);
#3733=ADVANCED_FACE('',(#3376),#175,.F.);
#3734=ADVANCED_FACE('',(#3377),#176,.F.);
#3735=ADVANCED_FACE('',(#3378),#177,.T.);
#3736=ADVANCED_FACE('',(#3379),#178,.T.);
#3737=ADVANCED_FACE('',(#3380),#179,.T.);
#3738=ADVANCED_FACE('',(#3381),#180,.F.);
#3739=ADVANCED_FACE('',(#3382),#181,.F.);
#3740=ADVANCED_FACE('',(#3383),#182,.T.);
#3741=ADVANCED_FACE('',(#3384),#183,.F.);
#3742=ADVANCED_FACE('',(#3385),#184,.T.);
#3743=ADVANCED_FACE('',(#3386),#185,.T.);
#3744=ADVANCED_FACE('',(#3387),#186,.T.);
#3745=ADVANCED_FACE('',(#3388),#187,.T.);
#3746=ADVANCED_FACE('',(#3389),#3547,.T.);
#3747=ADVANCED_FACE('',(#3390),#188,.F.);
#3748=ADVANCED_FACE('',(#3391),#3548,.T.);
#3749=ADVANCED_FACE('',(#3392),#189,.F.);
#3750=ADVANCED_FACE('',(#3393),#3549,.T.);
#3751=ADVANCED_FACE('',(#3394),#190,.F.);
#3752=ADVANCED_FACE('',(#3395),#3550,.T.);
#3753=ADVANCED_FACE('',(#3396),#191,.F.);
#3754=ADVANCED_FACE('',(#3397),#3551,.F.);
#3755=ADVANCED_FACE('',(#3398),#3552,.F.);
#3756=ADVANCED_FACE('',(#3399),#3553,.F.);
#3757=ADVANCED_FACE('',(#3400),#3554,.F.);
#3758=ADVANCED_FACE('',(#3401),#3555,.T.);
#3759=ADVANCED_FACE('',(#3402,#3403),#192,.F.);
#3760=ADVANCED_FACE('',(#3404,#3405),#3556,.T.);
#3761=ADVANCED_FACE('',(#3406,#3407),#193,.T.);
#3762=ADVANCED_FACE('',(#3408,#3409),#3557,.T.);
#3763=ADVANCED_FACE('',(#3410,#3411),#194,.T.);
#3764=ADVANCED_FACE('',(#3412,#3413),#3558,.T.);
#3765=ADVANCED_FACE('',(#3414,#3415),#195,.T.);
#3766=ADVANCED_FACE('',(#3416),#196,.T.);
#3767=ADVANCED_FACE('',(#3417),#3559,.T.);
#3768=ADVANCED_FACE('',(#3418),#3560,.T.);
#3769=ADVANCED_FACE('',(#3419),#3561,.T.);
#3770=ADVANCED_FACE('',(#3420),#3562,.T.);
#3771=ADVANCED_FACE('',(#3421,#3422),#3563,.T.);
#3772=ADVANCED_FACE('',(#3423),#3564,.T.);
#3773=ADVANCED_FACE('',(#3424),#3565,.F.);
#3774=ADVANCED_FACE('',(#3425),#3566,.F.);
#3775=ADVANCED_FACE('',(#3426),#3567,.F.);
#3776=ADVANCED_FACE('',(#3427),#3568,.F.);
#3777=ADVANCED_FACE('',(#3428),#3569,.T.);
#3778=ADVANCED_FACE('',(#3429),#3570,.F.);
#3779=ADVANCED_FACE('',(#3430),#3571,.F.);
#3780=ADVANCED_FACE('',(#3431),#3572,.F.);
#3781=ADVANCED_FACE('',(#3432),#3573,.T.);
#3782=ADVANCED_FACE('',(#3433,#3434),#3574,.T.);
#3783=ADVANCED_FACE('',(#3435),#3575,.F.);
#3784=ADVANCED_FACE('',(#3436),#197,.T.);
#3785=ADVANCED_FACE('',(#3437),#3576,.T.);
#3786=ADVANCED_FACE('',(#3438),#3577,.T.);
#3787=ADVANCED_FACE('',(#3439),#3578,.F.);
#3788=ADVANCED_FACE('',(#3440),#3579,.F.);
#3789=ADVANCED_FACE('',(#3441),#3580,.F.);
#3790=ADVANCED_FACE('',(#3442),#3581,.F.);
#3791=ADVANCED_FACE('',(#3443),#198,.T.);
#3792=ADVANCED_FACE('',(#3444),#3582,.T.);
#3793=ADVANCED_FACE('',(#3445),#3583,.T.);
#3794=ADVANCED_FACE('',(#3446),#3584,.T.);
#3795=ADVANCED_FACE('',(#3447),#3585,.T.);
#3796=ADVANCED_FACE('',(#3448),#3586,.F.);
#3797=ADVANCED_FACE('',(#3449),#3587,.F.);
#3798=ADVANCED_FACE('',(#3450),#3588,.F.);
#3799=ADVANCED_FACE('',(#3451),#3589,.F.);
#3800=ADVANCED_FACE('',(#3452),#3590,.T.);
#3801=ADVANCED_FACE('',(#3453),#3591,.F.);
#3802=ADVANCED_FACE('',(#3454),#3592,.T.);
#3803=ADVANCED_FACE('',(#3455,#3456,#3457,#3458,#3459,#3460,#3461),#3593,
 .T.);
#3804=CLOSED_SHELL('',(#3594,#3595,#3596,#3597,#3598,#3599,#3600,#3601,
#3602,#3603,#3604));
#3805=CLOSED_SHELL('',(#3605,#3606,#3607,#3608,#3609,#3610,#3611,#3612,
#3613,#3614,#3615,#3616,#3617,#3618,#3619,#3620,#3621,#3622,#3623,#3624,
#3625,#3626,#3627,#3628,#3629,#3630,#3631,#3632,#3633,#3634,#3635,#3636,
#3637,#3638,#3639,#3640,#3641,#3642,#3643,#3644,#3645,#3646,#3647,#3648,
#3649,#3650,#3651,#3652,#3653,#3654,#3655,#3656,#3657,#3658,#3659,#3660,
#3661,#3662,#3663,#3664,#3665,#3666,#3667,#3668,#3669,#3670,#3671,#3672,
#3673,#3674,#3675,#3676,#3677,#3678,#3679,#3680,#3681,#3682,#3683,#3684,
#3685,#3686,#3687,#3688,#3689,#3690,#3691,#3692,#3693,#3694,#3695,#3696,
#3697,#3698,#3699,#3700,#3701,#3702,#3703,#3704,#3705,#3706,#3707,#3708,
#3709,#3710,#3711,#3712,#3713,#3714,#3715,#3716,#3717,#3718,#3719,#3720,
#3721,#3722,#3723,#3724,#3725,#3726,#3727,#3728,#3729,#3730,#3731,#3732,
#3733,#3734,#3735,#3736,#3737,#3738,#3739,#3740,#3741,#3742,#3743,#3744,
#3745,#3746,#3747,#3748,#3749,#3750,#3751,#3752,#3753,#3754,#3755,#3756,
#3757,#3758,#3759,#3760,#3761,#3762,#3763,#3764,#3765,#3766,#3767,#3768,
#3769,#3770,#3771,#3772,#3773,#3774,#3775,#3776,#3777,#3778,#3779,#3780,
#3781,#3782,#3783,#3784,#3785,#3786,#3787,#3788,#3789,#3790,#3791,#3792,
#3793,#3794,#3795,#3796,#3797,#3798,#3799,#3800,#3801,#3802,#3803));
#3806=STYLED_ITEM('',(#3808),#3872);
#3807=STYLED_ITEM('',(#3809),#3873);
#3808=PRESENTATION_STYLE_ASSIGNMENT((#3818));
#3809=PRESENTATION_STYLE_ASSIGNMENT((#3819));
#3810=PRESENTATION_STYLE_ASSIGNMENT((#3820));
#3811=PRESENTATION_STYLE_ASSIGNMENT((#3821));
#3812=PRESENTATION_STYLE_ASSIGNMENT((#3822));
#3813=PRESENTATION_STYLE_ASSIGNMENT((#3823));
#3814=PRESENTATION_STYLE_ASSIGNMENT((#3824));
#3815=PRESENTATION_STYLE_ASSIGNMENT((#3825));
#3816=PRESENTATION_STYLE_ASSIGNMENT((#3826));
#3817=PRESENTATION_STYLE_ASSIGNMENT((#3827));
#3818=SURFACE_STYLE_USAGE(.BOTH.,#3828);
#3819=SURFACE_STYLE_USAGE(.BOTH.,#3829);
#3820=SURFACE_STYLE_USAGE(.BOTH.,#3830);
#3821=SURFACE_STYLE_USAGE(.BOTH.,#3831);
#3822=SURFACE_STYLE_USAGE(.BOTH.,#3832);
#3823=SURFACE_STYLE_USAGE(.BOTH.,#3833);
#3824=SURFACE_STYLE_USAGE(.BOTH.,#3834);
#3825=SURFACE_STYLE_USAGE(.BOTH.,#3835);
#3826=SURFACE_STYLE_USAGE(.BOTH.,#3836);
#3827=SURFACE_STYLE_USAGE(.BOTH.,#3837);
#3828=SURFACE_SIDE_STYLE('',(#3838));
#3829=SURFACE_SIDE_STYLE('',(#3839));
#3830=SURFACE_SIDE_STYLE('',(#3840));
#3831=SURFACE_SIDE_STYLE('',(#3841));
#3832=SURFACE_SIDE_STYLE('',(#3842));
#3833=SURFACE_SIDE_STYLE('',(#3843));
#3834=SURFACE_SIDE_STYLE('',(#3844));
#3835=SURFACE_SIDE_STYLE('',(#3845));
#3836=SURFACE_SIDE_STYLE('',(#3846));
#3837=SURFACE_SIDE_STYLE('',(#3847));
#3838=SURFACE_STYLE_FILL_AREA(#3848);
#3839=SURFACE_STYLE_FILL_AREA(#3849);
#3840=SURFACE_STYLE_FILL_AREA(#3850);
#3841=SURFACE_STYLE_FILL_AREA(#3851);
#3842=SURFACE_STYLE_FILL_AREA(#3852);
#3843=SURFACE_STYLE_FILL_AREA(#3853);
#3844=SURFACE_STYLE_FILL_AREA(#3854);
#3845=SURFACE_STYLE_FILL_AREA(#3855);
#3846=SURFACE_STYLE_FILL_AREA(#3856);
#3847=SURFACE_STYLE_FILL_AREA(#3857);
#3848=FILL_AREA_STYLE('',(#3858));
#3849=FILL_AREA_STYLE('',(#3859));
#3850=FILL_AREA_STYLE('',(#3860));
#3851=FILL_AREA_STYLE('',(#3861));
#3852=FILL_AREA_STYLE('',(#3862));
#3853=FILL_AREA_STYLE('',(#3863));
#3854=FILL_AREA_STYLE('',(#3864));
#3855=FILL_AREA_STYLE('',(#3865));
#3856=FILL_AREA_STYLE('',(#3866));
#3857=FILL_AREA_STYLE('',(#3867));
#3858=FILL_AREA_STYLE_COLOUR('',#3868);
#3859=FILL_AREA_STYLE_COLOUR('',#3869);
#3860=FILL_AREA_STYLE_COLOUR('',#3870);
#3861=FILL_AREA_STYLE_COLOUR('',#3870);
#3862=FILL_AREA_STYLE_COLOUR('',#3870);
#3863=FILL_AREA_STYLE_COLOUR('',#3870);
#3864=FILL_AREA_STYLE_COLOUR('',#3871);
#3865=FILL_AREA_STYLE_COLOUR('',#3871);
#3866=FILL_AREA_STYLE_COLOUR('',#3871);
#3867=FILL_AREA_STYLE_COLOUR('',#3870);
#3868=COLOUR_RGB('',0.796078431372549,0.823529411764706,0.937254901960784);
#3869=COLOUR_RGB('',0.250980392156863,0.250980392156863,0.250980392156863);
#3870=COLOUR_RGB('',0.752941176470588,0.,0.752941176470588);
#3871=COLOUR_RGB('',0.752941176470588,0.752941176470588,0.752941176470588);
#3872=MANIFOLD_SOLID_BREP('base',#3804);
#3873=MANIFOLD_SOLID_BREP('#servo_MG996R',#3805);
#3874=SHAPE_DEFINITION_REPRESENTATION(#8103,#3878);
#3875=SHAPE_DEFINITION_REPRESENTATION(#8104,#3879);
#3876=SHAPE_DEFINITION_REPRESENTATION(#8105,#3880);
#3877=SHAPE_DEFINITION_REPRESENTATION(#8107,#3881);
#3878=SHAPE_REPRESENTATION('Assembly 1',(#3882,#4153),#8092);
#3879=SHAPE_REPRESENTATION('Base <1>',(#3882,#3896,#4152),#8093);
#3880=SHAPE_REPRESENTATION('base',(#3882),#8094);
#3881=SHAPE_REPRESENTATION('#servo_MG996R',(#3882),#8095);
#3882=AXIS2_PLACEMENT_3D('',#5065,#4154,#4155);
#3883=AXIS2_PLACEMENT_3D('',#5066,#4156,#4157);
#3884=AXIS2_PLACEMENT_3D('',#5075,#4162,#4163);
#3885=AXIS2_PLACEMENT_3D('',#5081,#4167,#4168);
#3886=AXIS2_PLACEMENT_3D('',#5090,#4173,#4174);
#3887=AXIS2_PLACEMENT_3D('',#5096,#4178,#4179);
#3888=AXIS2_PLACEMENT_3D('',#5103,#4184,#4185);
#3889=AXIS2_PLACEMENT_3D('',#5107,#4188,#4189);
#3890=AXIS2_PLACEMENT_3D('',#5112,#4193,#4194);
#3891=AXIS2_PLACEMENT_3D('',#5114,#4196,#4197);
#3892=AXIS2_PLACEMENT_3D('',#5115,#4198,#4199);
#3893=AXIS2_PLACEMENT_3D('',#5117,#4200,#4201);
#3894=AXIS2_PLACEMENT_3D('',#5118,#4202,#4203);
#3895=AXIS2_PLACEMENT_3D('',#5120,#4204,#4205);
#3896=AXIS2_PLACEMENT_3D('',#5121,#4206,#4207);
#3897=AXIS2_PLACEMENT_3D('',#5122,#4208,#4209);
#3898=AXIS2_PLACEMENT_3D('',#5123,#4210,#4211);
#3899=AXIS2_PLACEMENT_3D('',#5128,#4213,#4214);
#3900=AXIS2_PLACEMENT_3D('',#5131,#4216,#4217);
#3901=AXIS2_PLACEMENT_3D('',#5132,#4218,#4219);
#3902=AXIS2_PLACEMENT_3D('',#5137,#4221,#4222);
#3903=AXIS2_PLACEMENT_3D('',#5140,#4224,#4225);
#3904=AXIS2_PLACEMENT_3D('',#5141,#4226,#4227);
#3905=AXIS2_PLACEMENT_3D('',#5146,#4229,#4230);
#3906=AXIS2_PLACEMENT_3D('',#5149,#4232,#4233);
#3907=AXIS2_PLACEMENT_3D('',#5150,#4234,#4235);
#3908=AXIS2_PLACEMENT_3D('',#5155,#4237,#4238);
#3909=AXIS2_PLACEMENT_3D('',#5158,#4240,#4241);
#3910=AXIS2_PLACEMENT_3D('',#5269,#4248,#4249);
#3911=AXIS2_PLACEMENT_3D('',#5273,#4252,#4253);
#3912=AXIS2_PLACEMENT_3D('',#5277,#4256,#4257);
#3913=AXIS2_PLACEMENT_3D('',#5279,#4259,#4260);
#3914=AXIS2_PLACEMENT_3D('',#5493,#4268,#4269);
#3915=AXIS2_PLACEMENT_3D('',#5499,#4273,#4274);
#3916=AXIS2_PLACEMENT_3D('',#5505,#4278,#4279);
#3917=AXIS2_PLACEMENT_3D('',#5511,#4283,#4284);
#3918=AXIS2_PLACEMENT_3D('',#5517,#4288,#4289);
#3919=AXIS2_PLACEMENT_3D('',#5523,#4293,#4294);
#3920=AXIS2_PLACEMENT_3D('',#5529,#4298,#4299);
#3921=AXIS2_PLACEMENT_3D('',#5532,#4302,#4303);
#3922=AXIS2_PLACEMENT_3D('',#5533,#4304,#4305);
#3923=AXIS2_PLACEMENT_3D('',#5738,#4310,#4311);
#3924=AXIS2_PLACEMENT_3D('',#5747,#4316,#4317);
#3925=AXIS2_PLACEMENT_3D('',#5753,#4321,#4322);
#3926=AXIS2_PLACEMENT_3D('',#5754,#4323,#4324);
#3927=AXIS2_PLACEMENT_3D('',#5756,#4325,#4326);
#3928=AXIS2_PLACEMENT_3D('',#5940,#4331,#4332);
#3929=AXIS2_PLACEMENT_3D('',#5943,#4335,#4336);
#3930=AXIS2_PLACEMENT_3D('',#5944,#4337,#4338);
#3931=AXIS2_PLACEMENT_3D('',#6149,#4343,#4344);
#3932=AXIS2_PLACEMENT_3D('',#6158,#4349,#4350);
#3933=AXIS2_PLACEMENT_3D('',#6164,#4354,#4355);
#3934=AXIS2_PLACEMENT_3D('',#6165,#4356,#4357);
#3935=AXIS2_PLACEMENT_3D('',#6167,#4358,#4359);
#3936=AXIS2_PLACEMENT_3D('',#6371,#4364,#4365);
#3937=AXIS2_PLACEMENT_3D('',#6374,#4368,#4369);
#3938=AXIS2_PLACEMENT_3D('',#6375,#4370,#4371);
#3939=AXIS2_PLACEMENT_3D('',#6580,#4376,#4377);
#3940=AXIS2_PLACEMENT_3D('',#6589,#4382,#4383);
#3941=AXIS2_PLACEMENT_3D('',#6595,#4387,#4388);
#3942=AXIS2_PLACEMENT_3D('',#6596,#4389,#4390);
#3943=AXIS2_PLACEMENT_3D('',#6598,#4391,#4392);
#3944=AXIS2_PLACEMENT_3D('',#6802,#4397,#4398);
#3945=AXIS2_PLACEMENT_3D('',#6805,#4401,#4402);
#3946=AXIS2_PLACEMENT_3D('',#6806,#4403,#4404);
#3947=AXIS2_PLACEMENT_3D('',#6859,#4405,#4406);
#3948=AXIS2_PLACEMENT_3D('',#6996,#4411,#4412);
#3949=AXIS2_PLACEMENT_3D('',#7262,#4420,#4421);
#3950=AXIS2_PLACEMENT_3D('',#7266,#4424,#4425);
#3951=AXIS2_PLACEMENT_3D('',#7270,#4428,#4429);
#3952=AXIS2_PLACEMENT_3D('',#7367,#4433,#4434);
#3953=AXIS2_PLACEMENT_3D('',#7368,#4435,#4436);
#3954=AXIS2_PLACEMENT_3D('',#7473,#4438,#4439);
#3955=AXIS2_PLACEMENT_3D('',#7500,#4453,#4454);
#3956=AXIS2_PLACEMENT_3D('',#7506,#4458,#4459);
#3957=AXIS2_PLACEMENT_3D('',#7510,#4462,#4463);
#3958=AXIS2_PLACEMENT_3D('',#7514,#4466,#4467);
#3959=AXIS2_PLACEMENT_3D('',#7518,#4470,#4471);
#3960=AXIS2_PLACEMENT_3D('',#7522,#4474,#4475);
#3961=AXIS2_PLACEMENT_3D('',#7526,#4478,#4479);
#3962=AXIS2_PLACEMENT_3D('',#7530,#4482,#4483);
#3963=AXIS2_PLACEMENT_3D('',#7534,#4486,#4487);
#3964=AXIS2_PLACEMENT_3D('',#7538,#4490,#4491);
#3965=AXIS2_PLACEMENT_3D('',#7542,#4494,#4495);
#3966=AXIS2_PLACEMENT_3D('',#7546,#4498,#4499);
#3967=AXIS2_PLACEMENT_3D('',#7550,#4502,#4503);
#3968=AXIS2_PLACEMENT_3D('',#7552,#4505,#4506);
#3969=AXIS2_PLACEMENT_3D('',#7559,#4510,#4511);
#3970=AXIS2_PLACEMENT_3D('',#7566,#4515,#4516);
#3971=AXIS2_PLACEMENT_3D('',#7569,#4519,#4520);
#3972=AXIS2_PLACEMENT_3D('',#7576,#4524,#4525);
#3973=AXIS2_PLACEMENT_3D('',#7583,#4529,#4530);
#3974=AXIS2_PLACEMENT_3D('',#7586,#4533,#4534);
#3975=AXIS2_PLACEMENT_3D('',#7593,#4538,#4539);
#3976=AXIS2_PLACEMENT_3D('',#7599,#4543,#4544);
#3977=AXIS2_PLACEMENT_3D('',#7606,#4548,#4549);
#3978=AXIS2_PLACEMENT_3D('',#7614,#4553,#4554);
#3979=AXIS2_PLACEMENT_3D('',#7622,#4559,#4560);
#3980=AXIS2_PLACEMENT_3D('',#7625,#4563,#4564);
#3981=AXIS2_PLACEMENT_3D('',#7629,#4567,#4568);
#3982=AXIS2_PLACEMENT_3D('',#7633,#4571,#4572);
#3983=AXIS2_PLACEMENT_3D('',#7634,#4573,#4574);
#3984=AXIS2_PLACEMENT_3D('',#7637,#4576,#4577);
#3985=AXIS2_PLACEMENT_3D('',#7641,#4580,#4581);
#3986=AXIS2_PLACEMENT_3D('',#7643,#4583,#4584);
#3987=AXIS2_PLACEMENT_3D('',#7647,#4587,#4588);
#3988=AXIS2_PLACEMENT_3D('',#7649,#4590,#4591);
#3989=AXIS2_PLACEMENT_3D('',#7651,#4593,#4594);
#3990=AXIS2_PLACEMENT_3D('',#7653,#4596,#4597);
#3991=AXIS2_PLACEMENT_3D('',#7654,#4598,#4599);
#3992=AXIS2_PLACEMENT_3D('',#7661,#4603,#4604);
#3993=AXIS2_PLACEMENT_3D('',#7667,#4608,#4609);
#3994=AXIS2_PLACEMENT_3D('',#7679,#4616,#4617);
#3995=AXIS2_PLACEMENT_3D('',#7687,#4621,#4622);
#3996=AXIS2_PLACEMENT_3D('',#7690,#4624,#4625);
#3997=AXIS2_PLACEMENT_3D('',#7693,#4628,#4629);
#3998=AXIS2_PLACEMENT_3D('',#7695,#4631,#4632);
#3999=AXIS2_PLACEMENT_3D('',#7699,#4635,#4636);
#4000=AXIS2_PLACEMENT_3D('',#7703,#4639,#4640);
#4001=AXIS2_PLACEMENT_3D('',#7704,#4641,#4642);
#4002=AXIS2_PLACEMENT_3D('',#7707,#4644,#4645);
#4003=AXIS2_PLACEMENT_3D('',#7711,#4648,#4649);
#4004=AXIS2_PLACEMENT_3D('',#7713,#4651,#4652);
#4005=AXIS2_PLACEMENT_3D('',#7717,#4655,#4656);
#4006=AXIS2_PLACEMENT_3D('',#7719,#4658,#4659);
#4007=AXIS2_PLACEMENT_3D('',#7721,#4661,#4662);
#4008=AXIS2_PLACEMENT_3D('',#7722,#4663,#4664);
#4009=AXIS2_PLACEMENT_3D('',#7723,#4665,#4666);
#4010=AXIS2_PLACEMENT_3D('',#7728,#4668,#4669);
#4011=AXIS2_PLACEMENT_3D('',#7731,#4671,#4672);
#4012=AXIS2_PLACEMENT_3D('',#7732,#4673,#4674);
#4013=AXIS2_PLACEMENT_3D('',#7737,#4676,#4677);
#4014=AXIS2_PLACEMENT_3D('',#7740,#4679,#4680);
#4015=AXIS2_PLACEMENT_3D('',#7741,#4681,#4682);
#4016=AXIS2_PLACEMENT_3D('',#7746,#4684,#4685);
#4017=AXIS2_PLACEMENT_3D('',#7749,#4687,#4688);
#4018=AXIS2_PLACEMENT_3D('',#7750,#4689,#4690);
#4019=AXIS2_PLACEMENT_3D('',#7755,#4692,#4693);
#4020=AXIS2_PLACEMENT_3D('',#7758,#4695,#4696);
#4021=AXIS2_PLACEMENT_3D('',#7759,#4697,#4698);
#4022=AXIS2_PLACEMENT_3D('',#7764,#4700,#4701);
#4023=AXIS2_PLACEMENT_3D('',#7767,#4703,#4704);
#4024=AXIS2_PLACEMENT_3D('',#7768,#4705,#4706);
#4025=AXIS2_PLACEMENT_3D('',#7773,#4708,#4709);
#4026=AXIS2_PLACEMENT_3D('',#7776,#4711,#4712);
#4027=AXIS2_PLACEMENT_3D('',#7777,#4713,#4714);
#4028=AXIS2_PLACEMENT_3D('',#7782,#4716,#4717);
#4029=AXIS2_PLACEMENT_3D('',#7785,#4719,#4720);
#4030=AXIS2_PLACEMENT_3D('',#7786,#4721,#4722);
#4031=AXIS2_PLACEMENT_3D('',#7791,#4724,#4725);
#4032=AXIS2_PLACEMENT_3D('',#7794,#4727,#4728);
#4033=AXIS2_PLACEMENT_3D('',#7795,#4729,#4730);
#4034=AXIS2_PLACEMENT_3D('',#7800,#4732,#4733);
#4035=AXIS2_PLACEMENT_3D('',#7803,#4735,#4736);
#4036=AXIS2_PLACEMENT_3D('',#7804,#4737,#4738);
#4037=AXIS2_PLACEMENT_3D('',#7809,#4740,#4741);
#4038=AXIS2_PLACEMENT_3D('',#7812,#4743,#4744);
#4039=AXIS2_PLACEMENT_3D('',#7813,#4745,#4746);
#4040=AXIS2_PLACEMENT_3D('',#7818,#4748,#4749);
#4041=AXIS2_PLACEMENT_3D('',#7821,#4751,#4752);
#4042=AXIS2_PLACEMENT_3D('',#7822,#4753,#4754);
#4043=AXIS2_PLACEMENT_3D('',#7827,#4756,#4757);
#4044=AXIS2_PLACEMENT_3D('',#7830,#4759,#4760);
#4045=AXIS2_PLACEMENT_3D('',#7831,#4761,#4762);
#4046=AXIS2_PLACEMENT_3D('',#7836,#4764,#4765);
#4047=AXIS2_PLACEMENT_3D('',#7839,#4767,#4768);
#4048=AXIS2_PLACEMENT_3D('',#7840,#4769,#4770);
#4049=AXIS2_PLACEMENT_3D('',#7845,#4772,#4773);
#4050=AXIS2_PLACEMENT_3D('',#7849,#4776,#4777);
#4051=AXIS2_PLACEMENT_3D('',#7850,#4778,#4779);
#4052=AXIS2_PLACEMENT_3D('',#7856,#4782,#4783);
#4053=AXIS2_PLACEMENT_3D('',#7859,#4785,#4786);
#4054=AXIS2_PLACEMENT_3D('',#7860,#4787,#4788);
#4055=AXIS2_PLACEMENT_3D('',#7866,#4791,#4792);
#4056=AXIS2_PLACEMENT_3D('',#7869,#4794,#4795);
#4057=AXIS2_PLACEMENT_3D('',#7870,#4796,#4797);
#4058=AXIS2_PLACEMENT_3D('',#7875,#4799,#4800);
#4059=AXIS2_PLACEMENT_3D('',#7879,#4803,#4804);
#4060=AXIS2_PLACEMENT_3D('',#7884,#4807,#4808);
#4061=AXIS2_PLACEMENT_3D('',#7885,#4809,#4810);
#4062=AXIS2_PLACEMENT_3D('',#7886,#4811,#4812);
#4063=AXIS2_PLACEMENT_3D('',#7888,#4813,#4814);
#4064=AXIS2_PLACEMENT_3D('',#7889,#4815,#4816);
#4065=AXIS2_PLACEMENT_3D('',#7894,#4819,#4820);
#4066=AXIS2_PLACEMENT_3D('',#7895,#4821,#4822);
#4067=AXIS2_PLACEMENT_3D('',#7896,#4823,#4824);
#4068=AXIS2_PLACEMENT_3D('',#7898,#4825,#4826);
#4069=AXIS2_PLACEMENT_3D('',#7899,#4827,#4828);
#4070=AXIS2_PLACEMENT_3D('',#7904,#4831,#4832);
#4071=AXIS2_PLACEMENT_3D('',#7905,#4833,#4834);
#4072=AXIS2_PLACEMENT_3D('',#7906,#4835,#4836);
#4073=AXIS2_PLACEMENT_3D('',#7908,#4837,#4838);
#4074=AXIS2_PLACEMENT_3D('',#7909,#4839,#4840);
#4075=AXIS2_PLACEMENT_3D('',#7914,#4843,#4844);
#4076=AXIS2_PLACEMENT_3D('',#7915,#4845,#4846);
#4077=AXIS2_PLACEMENT_3D('',#7916,#4847,#4848);
#4078=AXIS2_PLACEMENT_3D('',#7918,#4849,#4850);
#4079=AXIS2_PLACEMENT_3D('',#7919,#4851,#4852);
#4080=AXIS2_PLACEMENT_3D('',#7922,#4855,#4856);
#4081=AXIS2_PLACEMENT_3D('',#7925,#4859,#4860);
#4082=AXIS2_PLACEMENT_3D('',#7928,#4863,#4864);
#4083=AXIS2_PLACEMENT_3D('',#7931,#4867,#4868);
#4084=AXIS2_PLACEMENT_3D('',#7932,#4869,#4870);
#4085=AXIS2_PLACEMENT_3D('',#7934,#4871,#4872);
#4086=AXIS2_PLACEMENT_3D('',#7935,#4873,#4874);
#4087=AXIS2_PLACEMENT_3D('',#7937,#4875,#4876);
#4088=AXIS2_PLACEMENT_3D('',#7938,#4877,#4878);
#4089=AXIS2_PLACEMENT_3D('',#7940,#4879,#4880);
#4090=AXIS2_PLACEMENT_3D('',#7941,#4881,#4882);
#4091=AXIS2_PLACEMENT_3D('',#7943,#4883,#4884);
#4092=AXIS2_PLACEMENT_3D('',#7944,#4885,#4886);
#4093=AXIS2_PLACEMENT_3D('',#7946,#4887,#4888);
#4094=AXIS2_PLACEMENT_3D('',#7947,#4889,#4890);
#4095=AXIS2_PLACEMENT_3D('',#7949,#4891,#4892);
#4096=AXIS2_PLACEMENT_3D('',#7950,#4893,#4894);
#4097=AXIS2_PLACEMENT_3D('',#7952,#4895,#4896);
#4098=AXIS2_PLACEMENT_3D('',#7953,#4897,#4898);
#4099=AXIS2_PLACEMENT_3D('',#7955,#4899,#4900);
#4100=AXIS2_PLACEMENT_3D('',#7956,#4901,#4902);
#4101=AXIS2_PLACEMENT_3D('',#7961,#4904,#4905);
#4102=AXIS2_PLACEMENT_3D('',#7964,#4907,#4908);
#4103=AXIS2_PLACEMENT_3D('',#7973,#4913,#4914);
#4104=AXIS2_PLACEMENT_3D('',#7979,#4918,#4919);
#4105=AXIS2_PLACEMENT_3D('',#7985,#4923,#4924);
#4106=AXIS2_PLACEMENT_3D('',#7988,#4927,#4928);
#4107=AXIS2_PLACEMENT_3D('',#7996,#4934,#4935);
#4108=AXIS2_PLACEMENT_3D('',#7999,#4938,#4939);
#4109=AXIS2_PLACEMENT_3D('',#8000,#4940,#4941);
#4110=AXIS2_PLACEMENT_3D('',#8002,#4943,#4944);
#4111=AXIS2_PLACEMENT_3D('',#8004,#4946,#4947);
#4112=AXIS2_PLACEMENT_3D('',#8013,#4952,#4953);
#4113=AXIS2_PLACEMENT_3D('',#8019,#4957,#4958);
#4114=AXIS2_PLACEMENT_3D('',#8020,#4959,#4960);
#4115=AXIS2_PLACEMENT_3D('',#8021,#4961,#4962);
#4116=AXIS2_PLACEMENT_3D('',#8024,#4965,#4966);
#4117=AXIS2_PLACEMENT_3D('',#8027,#4969,#4970);
#4118=AXIS2_PLACEMENT_3D('',#8030,#4973,#4974);
#4119=AXIS2_PLACEMENT_3D('',#8032,#4976,#4977);
#4120=AXIS2_PLACEMENT_3D('',#8033,#4978,#4979);
#4121=AXIS2_PLACEMENT_3D('',#8036,#4982,#4983);
#4122=AXIS2_PLACEMENT_3D('',#8038,#4985,#4986);
#4123=AXIS2_PLACEMENT_3D('',#8044,#4990,#4991);
#4124=AXIS2_PLACEMENT_3D('',#8046,#4993,#4994);
#4125=AXIS2_PLACEMENT_3D('',#8048,#4996,#4997);
#4126=AXIS2_PLACEMENT_3D('',#8049,#4998,#4999);
#4127=AXIS2_PLACEMENT_3D('',#8050,#5000,#5001);
#4128=AXIS2_PLACEMENT_3D('',#8052,#5003,#5004);
#4129=AXIS2_PLACEMENT_3D('',#8054,#5006,#5007);
#4130=AXIS2_PLACEMENT_3D('',#8055,#5008,#5009);
#4131=AXIS2_PLACEMENT_3D('',#8059,#5012,#5013);
#4132=AXIS2_PLACEMENT_3D('',#8062,#5016,#5017);
#4133=AXIS2_PLACEMENT_3D('',#8066,#5020,#5021);
#4134=AXIS2_PLACEMENT_3D('',#8067,#5022,#5023);
#4135=AXIS2_PLACEMENT_3D('',#8068,#5024,#5025);
#4136=AXIS2_PLACEMENT_3D('',#8069,#5026,#5027);
#4137=AXIS2_PLACEMENT_3D('',#8071,#5028,#5029);
#4138=AXIS2_PLACEMENT_3D('',#8072,#5030,#5031);
#4139=AXIS2_PLACEMENT_3D('',#8073,#5032,#5033);
#4140=AXIS2_PLACEMENT_3D('',#8074,#5034,#5035);
#4141=AXIS2_PLACEMENT_3D('',#8076,#5037,#5038);
#4142=AXIS2_PLACEMENT_3D('',#8078,#5040,#5041);
#4143=AXIS2_PLACEMENT_3D('',#8079,#5042,#5043);
#4144=AXIS2_PLACEMENT_3D('',#8080,#5044,#5045);
#4145=AXIS2_PLACEMENT_3D('',#8081,#5046,#5047);
#4146=AXIS2_PLACEMENT_3D('',#8082,#5048,#5049);
#4147=AXIS2_PLACEMENT_3D('',#8083,#5050,#5051);
#4148=AXIS2_PLACEMENT_3D('',#8084,#5052,#5053);
#4149=AXIS2_PLACEMENT_3D('',#8086,#5055,#5056);
#4150=AXIS2_PLACEMENT_3D('',#8087,#5057,#5058);
#4151=AXIS2_PLACEMENT_3D('',#8088,#5059,#5060);
#4152=AXIS2_PLACEMENT_3D('',#8089,#5061,#5062);
#4153=AXIS2_PLACEMENT_3D('',#8090,#5063,#5064);
#4154=DIRECTION('',(0.,0.,1.));
#4155=DIRECTION('',(1.,0.,0.));
#4156=DIRECTION('',(0.,-1.,0.));
#4157=DIRECTION('',(0.,0.,-1.));
#4158=DIRECTION('',(-9.25185853854297E-17,0.,-1.));
#4159=DIRECTION('',(1.,0.,0.));
#4160=DIRECTION('',(9.25185853854297E-17,0.,1.));
#4161=DIRECTION('',(-1.,0.,0.));
#4162=DIRECTION('',(-1.,0.,9.25185853854297E-17));
#4163=DIRECTION('',(9.25185853854297E-17,0.,1.));
#4164=DIRECTION('',(9.25185853854297E-17,0.,1.));
#4165=DIRECTION('',(0.,1.,0.));
#4166=DIRECTION('',(0.,1.,0.));
#4167=DIRECTION('',(0.,-1.,0.));
#4168=DIRECTION('',(0.,0.,-1.));
#4169=DIRECTION('',(-9.25185853854297E-17,0.,1.));
#4170=DIRECTION('',(-1.,0.,0.));
#4171=DIRECTION('',(9.25185853854297E-17,0.,-1.));
#4172=DIRECTION('',(1.,0.,0.));
#4173=DIRECTION('',(1.,0.,9.25185853854297E-17));
#4174=DIRECTION('',(9.25185853854297E-17,0.,-1.));
#4175=DIRECTION('',(9.25185853854297E-17,0.,-1.));
#4176=DIRECTION('',(0.,1.,0.));
#4177=DIRECTION('',(0.,1.,0.));
#4178=DIRECTION('',(0.,0.,-1.));
#4179=DIRECTION('',(-1.,0.,0.));
#4180=DIRECTION('',(0.,-1.,0.));
#4181=DIRECTION('',(1.,0.,0.));
#4182=DIRECTION('',(0.,-1.,0.));
#4183=DIRECTION('',(1.,0.,0.));
#4184=DIRECTION('',(1.,0.,0.));
#4185=DIRECTION('',(0.,0.,-1.));
#4186=DIRECTION('',(0.,-1.,0.));
#4187=DIRECTION('',(0.,0.,1.));
#4188=DIRECTION('',(0.,0.,1.));
#4189=DIRECTION('',(1.,0.,0.));
#4190=DIRECTION('',(0.,-1.,0.));
#4191=DIRECTION('',(-1.,0.,0.));
#4192=DIRECTION('',(-1.,0.,0.));
#4193=DIRECTION('',(-1.,0.,0.));
#4194=DIRECTION('',(0.,0.,1.));
#4195=DIRECTION('',(0.,0.,-1.));
#4196=DIRECTION('',(0.,-1.,0.));
#4197=DIRECTION('',(0.,0.,-1.));
#4198=DIRECTION('',(0.,-1.,0.));
#4199=DIRECTION('',(0.,0.,-1.));
#4200=DIRECTION('',(0.,-1.,0.));
#4201=DIRECTION('',(0.,0.,-1.));
#4202=DIRECTION('',(0.,-1.,0.));
#4203=DIRECTION('',(0.,0.,-1.));
#4204=DIRECTION('',(0.,-1.,0.));
#4205=DIRECTION('',(0.,0.,-1.));
#4206=DIRECTION('',(0.,-1.,-5.27355936696949E-16));
#4207=DIRECTION('',(1.,0.,0.));
#4208=DIRECTION('',(0.,-1.,0.));
#4209=DIRECTION('',(0.,0.,-1.));
#4210=DIRECTION('',(0.,1.,0.));
#4211=DIRECTION('',(0.,0.,1.));
#4212=DIRECTION('',(0.,1.,0.));
#4213=DIRECTION('',(0.,1.,0.));
#4214=DIRECTION('',(0.,0.,1.));
#4215=DIRECTION('',(0.,1.,0.));
#4216=DIRECTION('',(0.,1.,0.));
#4217=DIRECTION('',(0.,0.,1.));
#4218=DIRECTION('',(0.,1.,0.));
#4219=DIRECTION('',(0.,0.,1.));
#4220=DIRECTION('',(0.,1.,0.));
#4221=DIRECTION('',(0.,1.,0.));
#4222=DIRECTION('',(0.,0.,1.));
#4223=DIRECTION('',(0.,1.,0.));
#4224=DIRECTION('',(0.,-1.,0.));
#4225=DIRECTION('',(0.,0.,-1.));
#4226=DIRECTION('',(0.,1.,0.));
#4227=DIRECTION('',(0.,0.,1.));
#4228=DIRECTION('',(0.,1.,0.));
#4229=DIRECTION('',(0.,1.,0.));
#4230=DIRECTION('',(0.,0.,1.));
#4231=DIRECTION('',(0.,1.,0.));
#4232=DIRECTION('',(0.,1.,0.));
#4233=DIRECTION('',(0.,0.,1.));
#4234=DIRECTION('',(0.,1.,0.));
#4235=DIRECTION('',(0.,0.,1.));
#4236=DIRECTION('',(0.,1.,0.));
#4237=DIRECTION('',(0.,1.,0.));
#4238=DIRECTION('',(0.,0.,1.));
#4239=DIRECTION('',(0.,1.,0.));
#4240=DIRECTION('',(0.,1.,0.));
#4241=DIRECTION('',(0.,0.,1.));
#4242=DIRECTION('',(0.,0.,-1.));
#4243=DIRECTION('',(-1.,0.,0.));
#4244=DIRECTION('',(-0.00765841872775506,0.,0.999970673881285));
#4245=DIRECTION('',(0.,-1.,0.));
#4246=DIRECTION('',(0.,-1.,0.));
#4247=DIRECTION('',(0.,-1.,0.));
#4248=DIRECTION('',(0.999970673881285,0.,0.00765841872775506));
#4249=DIRECTION('',(0.00765841872775506,0.,-0.999970673881285));
#4250=DIRECTION('',(0.,-1.,0.));
#4251=DIRECTION('',(-0.00765841872775506,0.,0.999970673881285));
#4252=DIRECTION('',(0.,0.,1.));
#4253=DIRECTION('',(1.,0.,0.));
#4254=DIRECTION('',(0.,-1.,0.));
#4255=DIRECTION('',(-1.,0.,0.));
#4256=DIRECTION('',(-1.,0.,0.));
#4257=DIRECTION('',(0.,0.,1.));
#4258=DIRECTION('',(0.,0.,-1.));
#4259=DIRECTION('',(1.,0.,0.));
#4260=DIRECTION('',(0.,0.,-1.));
#4261=DIRECTION('',(0.,0.,1.));
#4262=DIRECTION('',(0.,-1.,0.));
#4263=DIRECTION('',(0.,0.,1.));
#4264=DIRECTION('',(0.,-1.,0.));
#4265=DIRECTION('',(0.,-1.,0.));
#4266=DIRECTION('',(0.,-1.,0.));
#4267=DIRECTION('',(0.,-1.,0.));
#4268=DIRECTION('',(0.622788232243939,0.,0.782390450976026));
#4269=DIRECTION('',(0.782390450976026,0.,-0.622788232243939));
#4270=DIRECTION('',(-0.782390450976026,0.,0.622788232243939));
#4271=DIRECTION('',(-0.782390450976026,0.,0.622788232243939));
#4272=DIRECTION('',(0.,-1.,0.));
#4273=DIRECTION('',(-1.,0.,0.));
#4274=DIRECTION('',(0.,0.,1.));
#4275=DIRECTION('',(0.,0.,-1.));
#4276=DIRECTION('',(0.,0.,-1.));
#4277=DIRECTION('',(0.,-1.,0.));
#4278=DIRECTION('',(-0.622788232243938,0.,-0.782390450976027));
#4279=DIRECTION('',(-0.782390450976027,0.,0.622788232243938));
#4280=DIRECTION('',(0.782390450976027,0.,-0.622788232243938));
#4281=DIRECTION('',(0.782390450976027,0.,-0.622788232243938));
#4282=DIRECTION('',(0.,-1.,0.));
#4283=DIRECTION('',(-1.,0.,0.));
#4284=DIRECTION('',(0.,0.,1.));
#4285=DIRECTION('',(0.,0.,-1.));
#4286=DIRECTION('',(0.,0.,-1.));
#4287=DIRECTION('',(0.,-1.,0.));
#4288=DIRECTION('',(0.,0.,1.));
#4289=DIRECTION('',(1.,0.,0.));
#4290=DIRECTION('',(-1.,0.,0.));
#4291=DIRECTION('',(-1.,0.,0.));
#4292=DIRECTION('',(0.,-1.,0.));
#4293=DIRECTION('',(-1.,0.,0.));
#4294=DIRECTION('',(0.,0.,1.));
#4295=DIRECTION('',(0.,0.,-1.));
#4296=DIRECTION('',(0.,0.,-1.));
#4297=DIRECTION('',(0.,-1.,0.));
#4298=DIRECTION('',(0.,0.,-1.));
#4299=DIRECTION('',(-1.,0.,0.));
#4300=DIRECTION('',(1.,0.,0.));
#4301=DIRECTION('',(1.,0.,0.));
#4302=DIRECTION('',(0.,-1.,0.));
#4303=DIRECTION('',(0.,0.,-1.));
#4304=DIRECTION('',(0.,1.,0.));
#4305=DIRECTION('',(0.,0.,1.));
#4306=DIRECTION('',(0.,-1.,0.));
#4307=DIRECTION('',(0.,-1.,0.));
#4308=DIRECTION('',(0.,-1.,0.));
#4309=DIRECTION('',(0.,-1.,0.));
#4310=DIRECTION('',(0.786397428722926,0.,0.617720878793951));
#4311=DIRECTION('',(0.617720878793951,0.,-0.786397428722926));
#4312=DIRECTION('',(-0.617720878793951,0.,0.786397428722926));
#4313=DIRECTION('',(0.,-1.,0.));
#4314=DIRECTION('',(-0.617720878793951,0.,0.786397428722926));
#4315=DIRECTION('',(0.,-1.,0.));
#4316=DIRECTION('',(-0.547305260353809,0.,0.836933063027772));
#4317=DIRECTION('',(0.836933063027772,0.,0.547305260353809));
#4318=DIRECTION('',(-0.836933063027772,0.,-0.547305260353809));
#4319=DIRECTION('',(-0.836933063027772,0.,-0.547305260353809));
#4320=DIRECTION('',(0.,-1.,0.));
#4321=DIRECTION('',(0.,-1.,0.));
#4322=DIRECTION('',(0.995702617984914,0.,-0.0926082962697661));
#4323=DIRECTION('',(0.,-1.,0.));
#4324=DIRECTION('',(0.,0.,-1.));
#4325=DIRECTION('',(0.,-1.,0.));
#4326=DIRECTION('',(0.,0.,-1.));
#4327=DIRECTION('',(0.,-1.,0.));
#4328=DIRECTION('',(0.,-1.,0.));
#4329=DIRECTION('',(0.,-1.,0.));
#4330=DIRECTION('',(0.,-1.,0.));
#4331=DIRECTION('',(0.547387929885783,0.,-0.836878996160949));
#4332=DIRECTION('',(-0.836878996160949,0.,-0.547387929885783));
#4333=DIRECTION('',(0.836878996160949,0.,0.547387929885783));
#4334=DIRECTION('',(0.836878996160949,0.,0.547387929885783));
#4335=DIRECTION('',(0.,-1.,0.));
#4336=DIRECTION('',(0.,0.,-1.));
#4337=DIRECTION('',(0.,1.,0.));
#4338=DIRECTION('',(0.,0.,1.));
#4339=DIRECTION('',(0.,-1.,0.));
#4340=DIRECTION('',(0.,-1.,0.));
#4341=DIRECTION('',(0.,-1.,0.));
#4342=DIRECTION('',(0.,-1.,0.));
#4343=DIRECTION('',(-0.820951938640307,0.,-0.570997298104572));
#4344=DIRECTION('',(-0.570997298104572,0.,0.820951938640307));
#4345=DIRECTION('',(0.570997298104572,0.,-0.820951938640307));
#4346=DIRECTION('',(0.,-1.,0.));
#4347=DIRECTION('',(0.570997298104572,0.,-0.820951938640307));
#4348=DIRECTION('',(0.,-1.,0.));
#4349=DIRECTION('',(0.564610999945546,0.,-0.825357146174001));
#4350=DIRECTION('',(-0.825357146174001,0.,-0.564610999945546));
#4351=DIRECTION('',(0.825357146174001,0.,0.564610999945546));
#4352=DIRECTION('',(0.825357146174001,0.,0.564610999945546));
#4353=DIRECTION('',(0.,-1.,0.));
#4354=DIRECTION('',(0.,-1.,0.));
#4355=DIRECTION('',(-0.997385194248868,0.,0.0722687642979115));
#4356=DIRECTION('',(0.,-1.,0.));
#4357=DIRECTION('',(0.,0.,-1.));
#4358=DIRECTION('',(0.,-1.,0.));
#4359=DIRECTION('',(0.,0.,-1.));
#4360=DIRECTION('',(0.,-1.,0.));
#4361=DIRECTION('',(0.,-1.,0.));
#4362=DIRECTION('',(0.,-1.,0.));
#4363=DIRECTION('',(0.,-1.,0.));
#4364=DIRECTION('',(-0.56440743436465,0.,0.825496364640035));
#4365=DIRECTION('',(0.825496364640035,0.,0.56440743436465));
#4366=DIRECTION('',(-0.825496364640035,0.,-0.56440743436465));
#4367=DIRECTION('',(-0.825496364640035,0.,-0.56440743436465));
#4368=DIRECTION('',(0.,-1.,0.));
#4369=DIRECTION('',(0.,0.,-1.));
#4370=DIRECTION('',(0.,1.,0.));
#4371=DIRECTION('',(0.,0.,1.));
#4372=DIRECTION('',(0.,-1.,0.));
#4373=DIRECTION('',(0.,-1.,0.));
#4374=DIRECTION('',(0.,-1.,0.));
#4375=DIRECTION('',(0.,-1.,0.));
#4376=DIRECTION('',(-0.820951938640307,0.,-0.570997298104572));
#4377=DIRECTION('',(-0.570997298104572,0.,0.820951938640307));
#4378=DIRECTION('',(0.570997298104572,0.,-0.820951938640307));
#4379=DIRECTION('',(0.,-1.,0.));
#4380=DIRECTION('',(0.570997298104572,0.,-0.820951938640307));
#4381=DIRECTION('',(0.,-1.,0.));
#4382=DIRECTION('',(0.564610999945546,0.,-0.825357146174001));
#4383=DIRECTION('',(-0.825357146174001,0.,-0.564610999945546));
#4384=DIRECTION('',(0.825357146174001,0.,0.564610999945546));
#4385=DIRECTION('',(0.825357146174001,0.,0.564610999945546));
#4386=DIRECTION('',(0.,-1.,0.));
#4387=DIRECTION('',(0.,-1.,0.));
#4388=DIRECTION('',(-0.997385194248869,0.,0.0722687642979093));
#4389=DIRECTION('',(0.,-1.,0.));
#4390=DIRECTION('',(0.,0.,-1.));
#4391=DIRECTION('',(0.,-1.,0.));
#4392=DIRECTION('',(0.,0.,-1.));
#4393=DIRECTION('',(0.,-1.,0.));
#4394=DIRECTION('',(0.,-1.,0.));
#4395=DIRECTION('',(0.,-1.,0.));
#4396=DIRECTION('',(0.,-1.,0.));
#4397=DIRECTION('',(-0.56440743436465,0.,0.825496364640035));
#4398=DIRECTION('',(0.825496364640035,0.,0.56440743436465));
#4399=DIRECTION('',(-0.825496364640035,0.,-0.56440743436465));
#4400=DIRECTION('',(-0.825496364640035,0.,-0.56440743436465));
#4401=DIRECTION('',(0.,-1.,0.));
#4402=DIRECTION('',(0.,0.,-1.));
#4403=DIRECTION('',(0.,-1.,0.));
#4404=DIRECTION('',(0.,0.,-1.));
#4405=DIRECTION('',(0.,-1.,0.));
#4406=DIRECTION('',(0.,0.,-1.));
#4407=DIRECTION('',(0.,0.,1.));
#4408=DIRECTION('',(1.,0.,0.));
#4409=DIRECTION('',(0.,0.,-1.));
#4410=DIRECTION('',(-0.687954310916553,0.,-0.725753998329551));
#4411=DIRECTION('',(-0.725753998329551,0.,0.687954310916553));
#4412=DIRECTION('',(0.687954310916553,0.,0.725753998329551));
#4413=DIRECTION('',(-0.687954310916553,0.,-0.725753998329551));
#4414=DIRECTION('',(0.,-1.,0.));
#4415=DIRECTION('',(0.,-1.,0.));
#4416=DIRECTION('',(0.,-1.,0.));
#4417=DIRECTION('',(0.,-1.,0.));
#4418=DIRECTION('',(0.,-1.,0.));
#4419=DIRECTION('',(0.,-1.,0.));
#4420=DIRECTION('',(-1.,0.,0.));
#4421=DIRECTION('',(0.,0.,1.));
#4422=DIRECTION('',(0.,0.,-1.));
#4423=DIRECTION('',(0.,-1.,0.));
#4424=DIRECTION('',(0.,0.,-1.));
#4425=DIRECTION('',(-1.,0.,0.));
#4426=DIRECTION('',(1.,0.,0.));
#4427=DIRECTION('',(0.,-1.,0.));
#4428=DIRECTION('',(1.,0.,0.));
#4429=DIRECTION('',(0.,0.,-1.));
#4430=DIRECTION('',(0.,0.,1.));
#4431=DIRECTION('',(0.,-1.,0.));
#4432=DIRECTION('',(0.,-1.,0.));
#4433=DIRECTION('',(0.,-1.,0.));
#4434=DIRECTION('',(-0.341705644429415,0.,-0.939807029429488));
#4435=DIRECTION('',(0.,-1.,0.));
#4436=DIRECTION('',(0.,0.,-1.));
#4437=DIRECTION('',(0.,-1.,0.));
#4438=DIRECTION('',(0.,-1.,0.));
#4439=DIRECTION('',(0.,0.,-1.));
#4440=DIRECTION('',(0.,0.,-1.));
#4441=DIRECTION('',(-0.991335792784035,0.,-0.131351992543885));
#4442=DIRECTION('',(0.893531873849379,0.,-0.448999766609313));
#4443=DIRECTION('',(0.,0.,-1.));
#4444=DIRECTION('',(-0.893829180214607,0.,-0.448407623259109));
#4445=DIRECTION('',(0.991261610664234,0.,-0.131910648635162));
#4446=DIRECTION('',(0.,0.,-1.));
#4447=DIRECTION('',(-0.991295408390988,0.,0.131656421426928));
#4448=DIRECTION('',(0.,0.,1.));
#4449=DIRECTION('',(0.893727875972725,0.,0.448609500244122));
#4450=DIRECTION('',(-0.893290255312065,0.,0.44948027739213));
#4451=DIRECTION('',(0.,0.,1.));
#4452=DIRECTION('',(0.991398777198715,0.,0.130875760050872));
#4453=DIRECTION('',(0.130875760050872,0.,-0.991398777198715));
#4454=DIRECTION('',(-0.991398777198715,0.,-0.130875760050872));
#4455=DIRECTION('',(0.991398777198715,0.,0.130875760050872));
#4456=DIRECTION('',(0.,-1.,0.));
#4457=DIRECTION('',(0.,-1.,0.));
#4458=DIRECTION('',(1.,0.,0.));
#4459=DIRECTION('',(0.,0.,-1.));
#4460=DIRECTION('',(0.,0.,1.));
#4461=DIRECTION('',(0.,-1.,0.));
#4462=DIRECTION('',(0.44948027739213,0.,0.893290255312065));
#4463=DIRECTION('',(0.893290255312065,0.,-0.44948027739213));
#4464=DIRECTION('',(-0.893290255312065,0.,0.44948027739213));
#4465=DIRECTION('',(0.,-1.,0.));
#4466=DIRECTION('',(0.448609500244122,0.,-0.893727875972725));
#4467=DIRECTION('',(-0.893727875972725,0.,-0.448609500244122));
#4468=DIRECTION('',(0.893727875972725,0.,0.448609500244122));
#4469=DIRECTION('',(0.,-1.,0.));
#4470=DIRECTION('',(1.,0.,0.));
#4471=DIRECTION('',(0.,0.,-1.));
#4472=DIRECTION('',(0.,0.,1.));
#4473=DIRECTION('',(0.,-1.,0.));
#4474=DIRECTION('',(0.131656421426928,0.,0.991295408390988));
#4475=DIRECTION('',(0.991295408390988,0.,-0.131656421426928));
#4476=DIRECTION('',(-0.991295408390988,0.,0.131656421426928));
#4477=DIRECTION('',(0.,-1.,0.));
#4478=DIRECTION('',(-1.,0.,0.));
#4479=DIRECTION('',(0.,0.,1.));
#4480=DIRECTION('',(0.,0.,-1.));
#4481=DIRECTION('',(0.,-1.,0.));
#4482=DIRECTION('',(-0.131910648635162,0.,-0.991261610664234));
#4483=DIRECTION('',(-0.991261610664234,0.,0.131910648635162));
#4484=DIRECTION('',(0.991261610664234,0.,-0.131910648635162));
#4485=DIRECTION('',(0.,-1.,0.));
#4486=DIRECTION('',(-0.448407623259109,0.,0.893829180214607));
#4487=DIRECTION('',(0.893829180214607,0.,0.448407623259109));
#4488=DIRECTION('',(-0.893829180214607,0.,-0.448407623259109));
#4489=DIRECTION('',(0.,-1.,0.));
#4490=DIRECTION('',(-1.,0.,0.));
#4491=DIRECTION('',(0.,0.,1.));
#4492=DIRECTION('',(0.,0.,-1.));
#4493=DIRECTION('',(0.,-1.,0.));
#4494=DIRECTION('',(-0.448999766609313,0.,-0.893531873849379));
#4495=DIRECTION('',(-0.893531873849379,0.,0.448999766609313));
#4496=DIRECTION('',(0.893531873849379,0.,-0.448999766609313));
#4497=DIRECTION('',(0.,-1.,0.));
#4498=DIRECTION('',(-0.131351992543885,0.,0.991335792784035));
#4499=DIRECTION('',(0.991335792784035,0.,0.131351992543885));
#4500=DIRECTION('',(-0.991335792784035,0.,-0.131351992543885));
#4501=DIRECTION('',(0.,-1.,0.));
#4502=DIRECTION('',(-1.,0.,0.));
#4503=DIRECTION('',(0.,0.,1.));
#4504=DIRECTION('',(0.,0.,-1.));
#4505=DIRECTION('',(0.,0.,-1.));
#4506=DIRECTION('',(-1.,0.,0.));
#4507=DIRECTION('',(0.,1.,0.));
#4508=DIRECTION('',(-0.976523773463931,-0.215409655911161,0.));
#4509=DIRECTION('',(1.,0.,0.));
#4510=DIRECTION('',(0.,0.,-1.));
#4511=DIRECTION('',(-1.,0.,0.));
#4512=DIRECTION('',(0.,1.,0.));
#4513=DIRECTION('',(1.,0.,0.));
#4514=DIRECTION('',(-0.976523773463931,-0.215409655911161,0.));
#4515=DIRECTION('',(-0.215409655911161,0.976523773463931,0.));
#4516=DIRECTION('',(-0.976523773463931,-0.215409655911161,0.));
#4517=DIRECTION('',(0.,0.,1.));
#4518=DIRECTION('',(0.,0.,1.));
#4519=DIRECTION('',(0.,0.,-1.));
#4520=DIRECTION('',(-1.,0.,0.));
#4521=DIRECTION('',(0.,-1.,0.));
#4522=DIRECTION('',(1.,0.,0.));
#4523=DIRECTION('',(-0.976523773463931,0.215409655911161,0.));
#4524=DIRECTION('',(0.,0.,-1.));
#4525=DIRECTION('',(-1.,0.,0.));
#4526=DIRECTION('',(0.,-1.,0.));
#4527=DIRECTION('',(-0.976523773463931,0.215409655911161,0.));
#4528=DIRECTION('',(1.,0.,0.));
#4529=DIRECTION('',(0.215409655911161,0.976523773463931,0.));
#4530=DIRECTION('',(-0.976523773463931,0.215409655911161,0.));
#4531=DIRECTION('',(0.,0.,1.));
#4532=DIRECTION('',(0.,0.,1.));
#4533=DIRECTION('',(0.,1.,0.));
#4534=DIRECTION('',(0.,0.,1.));
#4535=DIRECTION('',(1.,0.,0.));
#4536=DIRECTION('',(1.82602471155453E-16,0.,1.));
#4537=DIRECTION('',(-1.,0.,0.));
#4538=DIRECTION('',(0.,1.,0.));
#4539=DIRECTION('',(0.,0.,1.));
#4540=DIRECTION('',(-1.,0.,2.71050543121376E-16));
#4541=DIRECTION('',(1.82602471155453E-16,0.,1.));
#4542=DIRECTION('',(0.,0.,1.));
#4543=DIRECTION('',(0.,1.,0.));
#4544=DIRECTION('',(0.,0.,1.));
#4545=DIRECTION('',(1.,0.,0.));
#4546=DIRECTION('',(1.82602471155453E-16,0.,1.));
#4547=DIRECTION('',(-1.,0.,0.));
#4548=DIRECTION('',(0.,1.,0.));
#4549=DIRECTION('',(0.,0.,1.));
#4550=DIRECTION('',(-1.,0.,-2.71050543121376E-16));
#4551=DIRECTION('',(1.82602471155453E-16,0.,1.));
#4552=DIRECTION('',(-1.,0.,2.71050543121376E-16));
#4553=DIRECTION('',(0.,1.,0.));
#4554=DIRECTION('',(0.,0.,1.));
#4555=DIRECTION('',(-1.,0.,0.));
#4556=DIRECTION('',(1.82602471155453E-16,0.,1.));
#4557=DIRECTION('',(1.,0.,0.));
#4558=DIRECTION('',(0.,0.,1.));
#4559=DIRECTION('',(0.,0.,1.));
#4560=DIRECTION('',(1.,0.,0.));
#4561=DIRECTION('',(0.,1.,0.));
#4562=DIRECTION('',(0.,1.,0.));
#4563=DIRECTION('',(-1.,0.,0.));
#4564=DIRECTION('',(0.,0.,1.));
#4565=DIRECTION('',(1.82602471155453E-16,0.,1.));
#4566=DIRECTION('',(0.,1.,0.));
#4567=DIRECTION('',(0.,0.,1.));
#4568=DIRECTION('',(1.,0.,0.));
#4569=DIRECTION('',(-1.,0.,-2.71050543121376E-16));
#4570=DIRECTION('',(0.,1.,0.));
#4571=DIRECTION('',(0.,1.,0.));
#4572=DIRECTION('',(0.,0.,1.));
#4573=DIRECTION('',(0.,1.,0.));
#4574=DIRECTION('',(0.,0.,1.));
#4575=DIRECTION('',(0.,1.,0.));
#4576=DIRECTION('',(0.,0.,1.));
#4577=DIRECTION('',(1.,0.,0.));
#4578=DIRECTION('',(-1.,0.,0.));
#4579=DIRECTION('',(0.,1.,0.));
#4580=DIRECTION('',(-1.,0.,0.));
#4581=DIRECTION('',(0.,0.,1.));
#4582=DIRECTION('',(1.82602471155453E-16,0.,1.));
#4583=DIRECTION('',(0.,0.,-1.));
#4584=DIRECTION('',(-1.,0.,0.));
#4585=DIRECTION('',(1.,0.,0.));
#4586=DIRECTION('',(0.,1.,0.));
#4587=DIRECTION('',(0.,0.,-1.));
#4588=DIRECTION('',(-1.,0.,0.));
#4589=DIRECTION('',(0.,1.,0.));
#4590=DIRECTION('',(-1.,0.,0.));
#4591=DIRECTION('',(0.,0.,1.));
#4592=DIRECTION('',(0.,1.,0.));
#4593=DIRECTION('',(0.,0.,1.));
#4594=DIRECTION('',(1.,0.,0.));
#4595=DIRECTION('',(0.,1.,0.));
#4596=DIRECTION('',(0.,1.,0.));
#4597=DIRECTION('',(0.,0.,1.));
#4598=DIRECTION('',(0.,1.,0.));
#4599=DIRECTION('',(0.,0.,1.));
#4600=DIRECTION('',(-1.,0.,0.));
#4601=DIRECTION('',(-1.82602471155454E-16,0.,1.));
#4602=DIRECTION('',(1.,0.,0.));
#4603=DIRECTION('',(0.,1.,0.));
#4604=DIRECTION('',(0.,0.,1.));
#4605=DIRECTION('',(1.,0.,-2.71050543121376E-16));
#4606=DIRECTION('',(-1.82602471155454E-16,0.,1.));
#4607=DIRECTION('',(0.,0.,1.));
#4608=DIRECTION('',(0.,1.,0.));
#4609=DIRECTION('',(0.,0.,1.));
#4610=DIRECTION('',(-1.82602471155454E-16,0.,1.));
#4611=DIRECTION('',(-1.,0.,0.));
#4612=DIRECTION('',(0.,0.,1.));
#4613=DIRECTION('',(-1.,0.,0.));
#4614=DIRECTION('',(-1.82602471155454E-16,0.,1.));
#4615=DIRECTION('',(1.,0.,0.));
#4616=DIRECTION('',(0.,1.,0.));
#4617=DIRECTION('',(0.,0.,1.));
#4618=DIRECTION('',(1.,0.,2.71050543121376E-16));
#4619=DIRECTION('',(-1.82602471155454E-16,0.,1.));
#4620=DIRECTION('',(1.,0.,-2.71050543121376E-16));
#4621=DIRECTION('',(0.,1.,0.));
#4622=DIRECTION('',(0.,0.,1.));
#4623=DIRECTION('',(1.,0.,0.));
#4624=DIRECTION('',(0.,1.,0.));
#4625=DIRECTION('',(0.,0.,1.));
#4626=DIRECTION('',(0.,1.,0.));
#4627=DIRECTION('',(0.,1.,0.));
#4628=DIRECTION('',(0.,0.,1.));
#4629=DIRECTION('',(1.,0.,0.));
#4630=DIRECTION('',(0.,1.,0.));
#4631=DIRECTION('',(-1.,0.,0.));
#4632=DIRECTION('',(0.,0.,1.));
#4633=DIRECTION('',(0.,1.,0.));
#4634=DIRECTION('',(-1.82602471155454E-16,0.,1.));
#4635=DIRECTION('',(0.,0.,1.));
#4636=DIRECTION('',(1.,0.,0.));
#4637=DIRECTION('',(1.,0.,2.71050543121376E-16));
#4638=DIRECTION('',(0.,1.,0.));
#4639=DIRECTION('',(0.,1.,0.));
#4640=DIRECTION('',(0.,0.,1.));
#4641=DIRECTION('',(0.,1.,0.));
#4642=DIRECTION('',(0.,0.,1.));
#4643=DIRECTION('',(0.,1.,0.));
#4644=DIRECTION('',(0.,0.,1.));
#4645=DIRECTION('',(1.,0.,0.));
#4646=DIRECTION('',(1.,0.,0.));
#4647=DIRECTION('',(0.,1.,0.));
#4648=DIRECTION('',(-1.,0.,0.));
#4649=DIRECTION('',(0.,0.,1.));
#4650=DIRECTION('',(-1.82602471155454E-16,0.,1.));
#4651=DIRECTION('',(0.,0.,-1.));
#4652=DIRECTION('',(-1.,0.,0.));
#4653=DIRECTION('',(-1.,0.,0.));
#4654=DIRECTION('',(0.,1.,0.));
#4655=DIRECTION('',(0.,0.,-1.));
#4656=DIRECTION('',(-1.,0.,0.));
#4657=DIRECTION('',(0.,1.,0.));
#4658=DIRECTION('',(-1.,0.,0.));
#4659=DIRECTION('',(0.,0.,1.));
#4660=DIRECTION('',(0.,1.,0.));
#4661=DIRECTION('',(0.,0.,1.));
#4662=DIRECTION('',(1.,0.,0.));
#4663=DIRECTION('',(0.,-1.,0.));
#4664=DIRECTION('',(0.,0.,-1.));
#4665=DIRECTION('',(0.,1.,0.));
#4666=DIRECTION('',(0.,0.,1.));
#4667=DIRECTION('',(0.,-1.,0.));
#4668=DIRECTION('',(0.,1.,0.));
#4669=DIRECTION('',(0.,0.,1.));
#4670=DIRECTION('',(0.,-1.,0.));
#4671=DIRECTION('',(0.,-1.,0.));
#4672=DIRECTION('',(0.,0.,-1.));
#4673=DIRECTION('',(0.,1.,0.));
#4674=DIRECTION('',(0.,0.,1.));
#4675=DIRECTION('',(0.,-1.,0.));
#4676=DIRECTION('',(0.,1.,0.));
#4677=DIRECTION('',(0.,0.,1.));
#4678=DIRECTION('',(0.,1.,0.));
#4679=DIRECTION('',(0.,-1.,0.));
#4680=DIRECTION('',(0.,0.,-1.));
#4681=DIRECTION('',(0.,1.,0.));
#4682=DIRECTION('',(0.,0.,1.));
#4683=DIRECTION('',(0.,-1.,0.));
#4684=DIRECTION('',(0.,1.,0.));
#4685=DIRECTION('',(0.,0.,1.));
#4686=DIRECTION('',(0.,1.,0.));
#4687=DIRECTION('',(0.,-1.,0.));
#4688=DIRECTION('',(0.,0.,-1.));
#4689=DIRECTION('',(0.,1.,0.));
#4690=DIRECTION('',(0.,0.,1.));
#4691=DIRECTION('',(0.,-1.,0.));
#4692=DIRECTION('',(0.,1.,0.));
#4693=DIRECTION('',(0.,0.,1.));
#4694=DIRECTION('',(0.,1.,0.));
#4695=DIRECTION('',(0.,-1.,0.));
#4696=DIRECTION('',(0.,0.,-1.));
#4697=DIRECTION('',(0.,1.,0.));
#4698=DIRECTION('',(0.,0.,1.));
#4699=DIRECTION('',(0.,1.,0.));
#4700=DIRECTION('',(0.,1.,0.));
#4701=DIRECTION('',(0.,0.,1.));
#4702=DIRECTION('',(0.,-1.,0.));
#4703=DIRECTION('',(0.,-1.,0.));
#4704=DIRECTION('',(0.,0.,-1.));
#4705=DIRECTION('',(0.,1.,0.));
#4706=DIRECTION('',(0.,0.,1.));
#4707=DIRECTION('',(0.,-1.,0.));
#4708=DIRECTION('',(0.,1.,0.));
#4709=DIRECTION('',(0.,0.,1.));
#4710=DIRECTION('',(0.,1.,0.));
#4711=DIRECTION('',(0.,-1.,0.));
#4712=DIRECTION('',(0.,0.,-1.));
#4713=DIRECTION('',(0.,1.,0.));
#4714=DIRECTION('',(0.,0.,1.));
#4715=DIRECTION('',(0.,-1.,0.));
#4716=DIRECTION('',(0.,1.,0.));
#4717=DIRECTION('',(0.,0.,1.));
#4718=DIRECTION('',(0.,-1.,0.));
#4719=DIRECTION('',(0.,-1.,0.));
#4720=DIRECTION('',(0.,0.,-1.));
#4721=DIRECTION('',(0.,1.,0.));
#4722=DIRECTION('',(0.,0.,1.));
#4723=DIRECTION('',(0.,-1.,0.));
#4724=DIRECTION('',(0.,1.,0.));
#4725=DIRECTION('',(0.,0.,1.));
#4726=DIRECTION('',(0.,-1.,0.));
#4727=DIRECTION('',(0.,1.,0.));
#4728=DIRECTION('',(0.,0.,1.));
#4729=DIRECTION('',(0.,1.,0.));
#4730=DIRECTION('',(0.,0.,1.));
#4731=DIRECTION('',(0.,-1.,0.));
#4732=DIRECTION('',(0.,1.,0.));
#4733=DIRECTION('',(0.,0.,1.));
#4734=DIRECTION('',(0.,-1.,0.));
#4735=DIRECTION('',(0.,-1.,0.));
#4736=DIRECTION('',(0.,0.,-1.));
#4737=DIRECTION('',(0.,1.,0.));
#4738=DIRECTION('',(0.,0.,1.));
#4739=DIRECTION('',(0.,-1.,0.));
#4740=DIRECTION('',(0.,1.,0.));
#4741=DIRECTION('',(0.,0.,1.));
#4742=DIRECTION('',(0.,-1.,0.));
#4743=DIRECTION('',(0.,-1.,0.));
#4744=DIRECTION('',(0.,0.,-1.));
#4745=DIRECTION('',(0.,1.,0.));
#4746=DIRECTION('',(0.,0.,1.));
#4747=DIRECTION('',(0.,-1.,0.));
#4748=DIRECTION('',(0.,1.,0.));
#4749=DIRECTION('',(0.,0.,1.));
#4750=DIRECTION('',(0.,-1.,0.));
#4751=DIRECTION('',(0.,-1.,0.));
#4752=DIRECTION('',(0.,0.,-1.));
#4753=DIRECTION('',(0.,1.,0.));
#4754=DIRECTION('',(0.,0.,1.));
#4755=DIRECTION('',(0.,-1.,0.));
#4756=DIRECTION('',(0.,1.,0.));
#4757=DIRECTION('',(0.,0.,1.));
#4758=DIRECTION('',(0.,-1.,0.));
#4759=DIRECTION('',(0.,-1.,0.));
#4760=DIRECTION('',(0.,0.,-1.));
#4761=DIRECTION('',(0.,1.,0.));
#4762=DIRECTION('',(0.,0.,1.));
#4763=DIRECTION('',(0.,-1.,0.));
#4764=DIRECTION('',(0.,1.,0.));
#4765=DIRECTION('',(0.,0.,1.));
#4766=DIRECTION('',(0.,-1.,0.));
#4767=DIRECTION('',(0.,-1.,0.));
#4768=DIRECTION('',(0.,0.,-1.));
#4769=DIRECTION('',(0.,1.,0.));
#4770=DIRECTION('',(0.,0.,1.));
#4771=DIRECTION('',(0.,-1.,0.));
#4772=DIRECTION('',(0.,1.,0.));
#4773=DIRECTION('',(0.,0.,1.));
#4774=DIRECTION('',(0.,-1.,0.));
#4775=DIRECTION('',(0.,-1.,0.));
#4776=DIRECTION('',(0.,-1.,0.));
#4777=DIRECTION('',(0.,0.,-1.));
#4778=DIRECTION('',(0.,1.,0.));
#4779=DIRECTION('',(0.,0.,1.));
#4780=DIRECTION('',(0.,-1.,0.));
#4781=DIRECTION('',(0.,-1.,0.));
#4782=DIRECTION('',(0.,-1.,0.));
#4783=DIRECTION('',(0.,0.,-1.));
#4784=DIRECTION('',(0.,-1.,0.));
#4785=DIRECTION('',(0.,-1.,0.));
#4786=DIRECTION('',(0.,0.,-1.));
#4787=DIRECTION('',(0.,1.,0.));
#4788=DIRECTION('',(0.,0.,1.));
#4789=DIRECTION('',(0.,-1.,0.));
#4790=DIRECTION('',(0.,-1.,0.));
#4791=DIRECTION('',(0.,-1.,0.));
#4792=DIRECTION('',(0.,0.,-1.));
#4793=DIRECTION('',(0.,-1.,0.));
#4794=DIRECTION('',(0.,-1.,0.));
#4795=DIRECTION('',(0.,0.,-1.));
#4796=DIRECTION('',(0.,1.,0.));
#4797=DIRECTION('',(0.,0.,1.));
#4798=DIRECTION('',(0.,-1.,0.));
#4799=DIRECTION('',(0.,1.,0.));
#4800=DIRECTION('',(0.,0.,1.));
#4801=DIRECTION('',(0.,-1.,0.));
#4802=DIRECTION('',(0.,-1.,0.));
#4803=DIRECTION('',(0.,-1.,0.));
#4804=DIRECTION('',(0.,0.,-1.));
#4805=DIRECTION('',(1.,0.,0.));
#4806=DIRECTION('',(-1.73472347597681E-16,0.,-1.));
#4807=DIRECTION('',(0.,-1.,0.));
#4808=DIRECTION('',(0.,0.,-1.));
#4809=DIRECTION('',(0.,-1.,0.));
#4810=DIRECTION('',(0.,0.,-1.));
#4811=DIRECTION('',(0.707106781186544,0.707106781186551,-1.22663473334669E-16));
#4812=DIRECTION('',(0.707106781186551,-0.707106781186544,-1.22663473334671E-16));
#4813=DIRECTION('',(0.,0.70710678118655,-0.707106781186545));
#4814=DIRECTION('',(0.,-0.707106781186545,-0.70710678118655));
#4815=DIRECTION('',(0.,-1.,0.));
#4816=DIRECTION('',(0.,0.,-1.));
#4817=DIRECTION('',(1.73472347597681E-16,0.,1.));
#4818=DIRECTION('',(-1.,0.,0.));
#4819=DIRECTION('',(0.,-1.,0.));
#4820=DIRECTION('',(0.,0.,1.));
#4821=DIRECTION('',(0.,-1.,0.));
#4822=DIRECTION('',(0.,0.,-1.));
#4823=DIRECTION('',(0.707106781186544,0.707106781186551,-1.22663473334669E-16));
#4824=DIRECTION('',(0.707106781186551,-0.707106781186544,-1.22663473334671E-16));
#4825=DIRECTION('',(0.,0.70710678118655,0.707106781186545));
#4826=DIRECTION('',(0.,-0.707106781186545,0.70710678118655));
#4827=DIRECTION('',(0.,-1.,0.));
#4828=DIRECTION('',(0.,0.,-1.));
#4829=DIRECTION('',(-1.,0.,0.));
#4830=DIRECTION('',(0.,0.,-1.));
#4831=DIRECTION('',(0.,-1.,0.));
#4832=DIRECTION('',(0.,0.,-1.));
#4833=DIRECTION('',(0.,-1.,0.));
#4834=DIRECTION('',(0.,0.,-1.));
#4835=DIRECTION('',(0.,0.70710678118655,0.707106781186545));
#4836=DIRECTION('',(0.,-0.707106781186545,0.70710678118655));
#4837=DIRECTION('',(-0.707106781186545,0.70710678118655,0.));
#4838=DIRECTION('',(-0.70710678118655,-0.707106781186545,0.));
#4839=DIRECTION('',(0.,-1.,0.));
#4840=DIRECTION('',(0.,0.,-1.));
#4841=DIRECTION('',(0.,0.,-1.));
#4842=DIRECTION('',(1.,0.,0.));
#4843=DIRECTION('',(0.,-1.,0.));
#4844=DIRECTION('',(0.,0.,1.));
#4845=DIRECTION('',(0.,-1.,0.));
#4846=DIRECTION('',(0.,0.,-1.));
#4847=DIRECTION('',(0.,0.70710678118655,-0.707106781186545));
#4848=DIRECTION('',(0.,-0.707106781186545,-0.70710678118655));
#4849=DIRECTION('',(-0.707106781186545,0.70710678118655,0.));
#4850=DIRECTION('',(-0.70710678118655,-0.707106781186545,0.));
#4851=DIRECTION('',(-0.707106781186548,0.707106781186548,0.));
#4852=DIRECTION('',(0.,0.,-1.));
#4853=DIRECTION('',(0.,0.,-1.));
#4854=DIRECTION('',(0.,0.,1.));
#4855=DIRECTION('',(0.,0.707106781186548,0.707106781186548));
#4856=DIRECTION('',(-1.,0.,0.));
#4857=DIRECTION('',(-1.,0.,0.));
#4858=DIRECTION('',(1.,0.,0.));
#4859=DIRECTION('',(0.,0.707106781186548,-0.707106781186548));
#4860=DIRECTION('',(1.,0.,0.));
#4861=DIRECTION('',(1.,0.,0.));
#4862=DIRECTION('',(-1.,0.,0.));
#4863=DIRECTION('',(0.707106781186548,0.707106781186548,0.));
#4864=DIRECTION('',(8.67361737988405E-17,-8.67361737988405E-17,1.));
#4865=DIRECTION('',(-1.73472347597681E-16,0.,-1.));
#4866=DIRECTION('',(1.73472347597681E-16,0.,1.));
#4867=DIRECTION('',(0.,1.,0.));
#4868=DIRECTION('',(0.,0.,1.));
#4869=DIRECTION('',(0.,1.,0.));
#4870=DIRECTION('',(0.,0.,1.));
#4871=DIRECTION('',(0.,1.,0.));
#4872=DIRECTION('',(0.,0.,1.));
#4873=DIRECTION('',(0.,1.,0.));
#4874=DIRECTION('',(0.,0.,1.));
#4875=DIRECTION('',(0.,1.,0.));
#4876=DIRECTION('',(0.,0.,1.));
#4877=DIRECTION('',(0.,1.,0.));
#4878=DIRECTION('',(0.,0.,1.));
#4879=DIRECTION('',(0.,-1.,0.));
#4880=DIRECTION('',(0.,0.,-1.));
#4881=DIRECTION('',(0.,1.,0.));
#4882=DIRECTION('',(0.,0.,1.));
#4883=DIRECTION('',(0.,1.,0.));
#4884=DIRECTION('',(0.,0.,1.));
#4885=DIRECTION('',(0.,1.,0.));
#4886=DIRECTION('',(0.,0.,1.));
#4887=DIRECTION('',(0.,-1.,0.));
#4888=DIRECTION('',(0.,0.,-1.));
#4889=DIRECTION('',(0.,1.,0.));
#4890=DIRECTION('',(0.,0.,1.));
#4891=DIRECTION('',(0.,1.,0.));
#4892=DIRECTION('',(0.,0.,1.));
#4893=DIRECTION('',(0.,1.,0.));
#4894=DIRECTION('',(0.,0.,1.));
#4895=DIRECTION('',(0.,-1.,0.));
#4896=DIRECTION('',(0.,0.,-1.));
#4897=DIRECTION('',(0.,1.,0.));
#4898=DIRECTION('',(0.,0.,1.));
#4899=DIRECTION('',(0.,-1.,0.));
#4900=DIRECTION('',(0.,0.,-1.));
#4901=DIRECTION('',(0.,1.,0.));
#4902=DIRECTION('',(0.,0.,1.));
#4903=DIRECTION('',(0.,-1.,0.));
#4904=DIRECTION('',(0.,1.,0.));
#4905=DIRECTION('',(0.,0.,1.));
#4906=DIRECTION('',(0.,-1.,0.));
#4907=DIRECTION('',(0.,0.,-1.));
#4908=DIRECTION('',(-1.,0.,0.));
#4909=DIRECTION('',(1.,0.,0.));
#4910=DIRECTION('',(0.,-1.,0.));
#4911=DIRECTION('',(1.,0.,0.));
#4912=DIRECTION('',(0.,-1.,0.));
#4913=DIRECTION('',(1.,0.,0.));
#4914=DIRECTION('',(0.,0.,-1.));
#4915=DIRECTION('',(0.,0.,1.));
#4916=DIRECTION('',(0.,-1.,0.));
#4917=DIRECTION('',(0.,0.,1.));
#4918=DIRECTION('',(0.,0.,1.));
#4919=DIRECTION('',(1.,0.,0.));
#4920=DIRECTION('',(-1.,0.,0.));
#4921=DIRECTION('',(0.,-1.,0.));
#4922=DIRECTION('',(-1.,0.,0.));
#4923=DIRECTION('',(-1.,0.,0.));
#4924=DIRECTION('',(0.,0.,1.));
#4925=DIRECTION('',(0.,0.,-1.));
#4926=DIRECTION('',(0.,0.,-1.));
#4927=DIRECTION('',(0.,1.,0.));
#4928=DIRECTION('',(0.,0.,1.));
#4929=DIRECTION('',(-1.,0.,0.));
#4930=DIRECTION('',(0.,0.,1.));
#4931=DIRECTION('',(1.,0.,-1.35525271560688E-16));
#4932=DIRECTION('',(-9.74563750548768E-17,0.,-1.));
#4933=DIRECTION('',(-9.74563750548768E-17,0.,-1.));
#4934=DIRECTION('',(0.,1.,0.));
#4935=DIRECTION('',(0.,0.,1.));
#4936=DIRECTION('',(1.,0.,2.34026775848473E-16));
#4937=DIRECTION('',(3.59528181549597E-16,0.,-1.));
#4938=DIRECTION('',(0.,1.,0.));
#4939=DIRECTION('',(0.,0.,1.));
#4940=DIRECTION('',(-1.,0.,0.));
#4941=DIRECTION('',(0.,0.,1.));
#4942=DIRECTION('',(-3.59528181549597E-16,0.,-1.));
#4943=DIRECTION('',(0.,0.,-1.));
#4944=DIRECTION('',(-1.,0.,0.));
#4945=DIRECTION('',(1.,0.,-7.19056363099194E-16));
#4946=DIRECTION('',(-1.,0.,0.));
#4947=DIRECTION('',(0.,0.,1.));
#4948=DIRECTION('',(3.59528181549597E-16,0.,-1.));
#4949=DIRECTION('',(0.,-1.,0.));
#4950=DIRECTION('',(-3.59528181549597E-16,0.,-1.));
#4951=DIRECTION('',(0.,-1.,0.));
#4952=DIRECTION('',(0.,0.,1.));
#4953=DIRECTION('',(1.,0.,0.));
#4954=DIRECTION('',(-1.,0.,-3.59528181549597E-16));
#4955=DIRECTION('',(0.,-1.,0.));
#4956=DIRECTION('',(-1.,0.,1.17013387924237E-16));
#4957=DIRECTION('',(0.,1.,0.));
#4958=DIRECTION('',(0.,0.,1.));
#4959=DIRECTION('',(0.,1.,0.));
#4960=DIRECTION('',(0.,0.,1.));
#4961=DIRECTION('',(1.,0.,0.));
#4962=DIRECTION('',(0.,0.,-1.));
#4963=DIRECTION('',(1.79764090774799E-16,0.,1.));
#4964=DIRECTION('',(1.79764090774799E-16,0.,1.));
#4965=DIRECTION('',(0.,0.,-1.));
#4966=DIRECTION('',(-1.,0.,0.));
#4967=DIRECTION('',(1.,0.,2.34026775848473E-16));
#4968=DIRECTION('',(1.,0.,-7.19056363099194E-16));
#4969=DIRECTION('',(0.,0.,1.));
#4970=DIRECTION('',(1.,0.,0.));
#4971=DIRECTION('',(-1.,0.,-3.59528181549597E-16));
#4972=DIRECTION('',(-1.,0.,1.17013387924237E-16));
#4973=DIRECTION('',(0.,1.,0.));
#4974=DIRECTION('',(0.,0.,1.));
#4975=DIRECTION('',(1.,0.,8.83242672925298E-17));
#4976=DIRECTION('',(0.,1.,0.));
#4977=DIRECTION('',(0.,0.,1.));
#4978=DIRECTION('',(0.,1.,0.));
#4979=DIRECTION('',(0.,0.,1.));
#4980=DIRECTION('',(1.,0.,8.83242672925298E-17));
#4981=DIRECTION('',(0.,0.,-1.));
#4982=DIRECTION('',(0.,1.,0.));
#4983=DIRECTION('',(0.,0.,1.));
#4984=DIRECTION('',(0.,0.,-1.));
#4985=DIRECTION('',(0.,1.,0.));
#4986=DIRECTION('',(0.,0.,1.));
#4987=DIRECTION('',(-9.74563750548768E-17,0.,-1.));
#4988=DIRECTION('',(-9.74563750548768E-17,0.,-1.));
#4989=DIRECTION('',(1.,0.,8.83242672925298E-17));
#4990=DIRECTION('',(0.,1.,0.));
#4991=DIRECTION('',(0.,0.,1.));
#4992=DIRECTION('',(1.,0.,8.83242672925298E-17));
#4993=DIRECTION('',(8.83242672925298E-17,0.,-1.));
#4994=DIRECTION('',(-1.,0.,-8.83242672925298E-17));
#4995=DIRECTION('',(0.,-1.,0.));
#4996=DIRECTION('',(0.,-1.,0.));
#4997=DIRECTION('',(0.,0.,-1.));
#4998=DIRECTION('',(0.,1.,0.));
#4999=DIRECTION('',(0.,0.,1.));
#5000=DIRECTION('',(-1.,0.,0.));
#5001=DIRECTION('',(0.,0.,1.));
#5002=DIRECTION('',(0.,0.,1.));
#5003=DIRECTION('',(8.83242672925298E-17,0.,-1.));
#5004=DIRECTION('',(-1.,0.,-8.83242672925298E-17));
#5005=DIRECTION('',(0.,-1.,0.));
#5006=DIRECTION('',(0.,1.,0.));
#5007=DIRECTION('',(0.,0.,1.));
#5008=DIRECTION('',(0.,0.,-1.));
#5009=DIRECTION('',(-1.,0.,0.));
#5010=DIRECTION('',(1.,0.,0.));
#5011=DIRECTION('',(1.,0.,0.));
#5012=DIRECTION('',(1.,0.,0.));
#5013=DIRECTION('',(0.,0.,-1.));
#5014=DIRECTION('',(0.,0.,1.));
#5015=DIRECTION('',(1.73472347597681E-16,0.,1.));
#5016=DIRECTION('',(0.,0.,1.));
#5017=DIRECTION('',(1.,0.,0.));
#5018=DIRECTION('',(-1.,0.,0.));
#5019=DIRECTION('',(-1.,0.,0.));
#5020=DIRECTION('',(0.,-1.,0.));
#5021=DIRECTION('',(0.,0.,-1.));
#5022=DIRECTION('',(0.,1.,0.));
#5023=DIRECTION('',(0.,0.,1.));
#5024=DIRECTION('',(0.,1.,0.));
#5025=DIRECTION('',(0.,0.,1.));
#5026=DIRECTION('',(0.,1.,0.));
#5027=DIRECTION('',(0.,0.,1.));
#5028=DIRECTION('',(0.,1.,0.));
#5029=DIRECTION('',(0.,0.,1.));
#5030=DIRECTION('',(0.,1.,0.));
#5031=DIRECTION('',(0.,0.,1.));
#5032=DIRECTION('',(0.,1.,0.));
#5033=DIRECTION('',(0.,0.,1.));
#5034=DIRECTION('',(0.,1.,0.));
#5035=DIRECTION('',(0.,0.,1.));
#5036=DIRECTION('',(0.,0.,-1.));
#5037=DIRECTION('',(0.,1.,0.));
#5038=DIRECTION('',(0.,0.,1.));
#5039=DIRECTION('',(0.,0.,-1.));
#5040=DIRECTION('',(0.,1.,0.));
#5041=DIRECTION('',(0.,0.,1.));
#5042=DIRECTION('',(0.,1.,0.));
#5043=DIRECTION('',(0.,0.,1.));
#5044=DIRECTION('',(-1.,0.,9.74563750548768E-17));
#5045=DIRECTION('',(9.74563750548768E-17,0.,1.));
#5046=DIRECTION('',(-1.,0.,9.74563750548768E-17));
#5047=DIRECTION('',(9.74563750548768E-17,0.,1.));
#5048=DIRECTION('',(1.,0.,0.));
#5049=DIRECTION('',(0.,0.,-1.));
#5050=DIRECTION('',(-1.,0.,0.));
#5051=DIRECTION('',(0.,0.,1.));
#5052=DIRECTION('',(0.,1.,0.));
#5053=DIRECTION('',(0.,0.,1.));
#5054=DIRECTION('',(0.,0.,1.));
#5055=DIRECTION('',(-1.,0.,0.));
#5056=DIRECTION('',(0.,0.,1.));
#5057=DIRECTION('',(0.,1.,0.));
#5058=DIRECTION('',(0.,0.,1.));
#5059=DIRECTION('',(0.,1.,0.));
#5060=DIRECTION('',(0.,0.,1.));
#5061=DIRECTION('',(1.,4.9085474972908E-31,1.29427583162764E-46));
#5062=DIRECTION('',(-4.9085474972908E-31,1.,5.27355936696951E-16));
#5063=DIRECTION('',(0.,0.,1.));
#5064=DIRECTION('',(1.,0.,0.));
#5065=CARTESIAN_POINT('',(0.,0.,0.));
#5066=CARTESIAN_POINT('',(0.,-5.,0.));
#5067=CARTESIAN_POINT('',(-12.5,-5.,15.));
#5068=CARTESIAN_POINT('',(-12.5,-5.,15.));
#5069=CARTESIAN_POINT('',(-12.5,-5.,-15.));
#5070=CARTESIAN_POINT('',(-12.5,-5.,-15.));
#5071=CARTESIAN_POINT('',(-11.5,-5.,-15.));
#5072=CARTESIAN_POINT('',(-11.5,-5.,15.));
#5073=CARTESIAN_POINT('',(-11.5,-5.,15.));
#5074=CARTESIAN_POINT('',(-12.5,-5.,15.));
#5075=CARTESIAN_POINT('',(-11.5,-5.,15.));
#5076=CARTESIAN_POINT('',(-11.5,0.,15.));
#5077=CARTESIAN_POINT('',(-11.5,0.,-15.));
#5078=CARTESIAN_POINT('',(-11.5,0.,15.));
#5079=CARTESIAN_POINT('',(-11.5,-5.,15.));
#5080=CARTESIAN_POINT('',(-11.5,-5.,-15.));
#5081=CARTESIAN_POINT('',(0.,-5.,0.));
#5082=CARTESIAN_POINT('',(12.5,-5.,15.));
#5083=CARTESIAN_POINT('',(12.5,-5.,-15.));
#5084=CARTESIAN_POINT('',(12.5,-5.,15.));
#5085=CARTESIAN_POINT('',(12.5,-5.,15.));
#5086=CARTESIAN_POINT('',(11.5,-5.,15.));
#5087=CARTESIAN_POINT('',(11.5,-5.,15.));
#5088=CARTESIAN_POINT('',(11.5,-5.,-15.));
#5089=CARTESIAN_POINT('',(12.5,-5.,-15.));
#5090=CARTESIAN_POINT('',(11.5,-5.,15.));
#5091=CARTESIAN_POINT('',(11.5,0.,15.));
#5092=CARTESIAN_POINT('',(11.5,0.,15.));
#5093=CARTESIAN_POINT('',(11.5,0.,-15.));
#5094=CARTESIAN_POINT('',(11.5,-5.,-15.));
#5095=CARTESIAN_POINT('',(11.5,-5.,15.));
#5096=CARTESIAN_POINT('',(-12.5,1.,15.));
#5097=CARTESIAN_POINT('',(-12.5,1.,15.));
#5098=CARTESIAN_POINT('',(-12.5,1.,15.));
#5099=CARTESIAN_POINT('',(-12.5,0.,15.));
#5100=CARTESIAN_POINT('',(12.5,1.,15.));
#5101=CARTESIAN_POINT('',(12.5,1.,15.));
#5102=CARTESIAN_POINT('',(-12.5,1.,15.));
#5103=CARTESIAN_POINT('',(-12.5,1.,15.));
#5104=CARTESIAN_POINT('',(-12.5,1.,-15.));
#5105=CARTESIAN_POINT('',(-12.5,1.,-15.));
#5106=CARTESIAN_POINT('',(-12.5,1.,15.));
#5107=CARTESIAN_POINT('',(-12.5,1.,-15.));
#5108=CARTESIAN_POINT('',(12.5,1.,-15.));
#5109=CARTESIAN_POINT('',(12.5,1.,-15.));
#5110=CARTESIAN_POINT('',(-12.5,0.,-15.));
#5111=CARTESIAN_POINT('',(-12.5,1.,-15.));
#5112=CARTESIAN_POINT('',(12.5,1.,15.));
#5113=CARTESIAN_POINT('',(12.5,1.,15.));
#5114=CARTESIAN_POINT('',(0.,1.,0.));
#5115=CARTESIAN_POINT('',(-0.0323450134770889,1.,0.0539083557951459));
#5116=CARTESIAN_POINT('',(-0.0323450134770889,1.,-0.446091644204854));
#5117=CARTESIAN_POINT('',(0.,0.,0.));
#5118=CARTESIAN_POINT('',(-0.0323450134770889,0.,0.0539083557951459));
#5119=CARTESIAN_POINT('',(-0.0323450134770889,0.,-0.446091644204854));
#5120=CARTESIAN_POINT('',(-0.0323450134770889,1.,0.0539083557951459));
#5121=CARTESIAN_POINT('',(0.035542687929441,0.0496702988799055,-0.920322165394438));
#5122=CARTESIAN_POINT('',(2.53,3.04,0.8));
#5123=CARTESIAN_POINT('',(2.53,3.04,0.8));
#5124=CARTESIAN_POINT('',(2.53,3.04,0.95));
#5125=CARTESIAN_POINT('',(2.68,3.04,0.8));
#5126=CARTESIAN_POINT('',(2.68,3.04,0.8));
#5127=CARTESIAN_POINT('',(2.68,3.28,0.8));
#5128=CARTESIAN_POINT('',(2.53,3.28,0.8));
#5129=CARTESIAN_POINT('',(2.53,3.28,0.95));
#5130=CARTESIAN_POINT('',(2.53,3.28,0.95));
#5131=CARTESIAN_POINT('',(2.53,3.04,-0.8));
#5132=CARTESIAN_POINT('',(2.53,3.04,-0.8));
#5133=CARTESIAN_POINT('',(2.68,3.04,-0.8));
#5134=CARTESIAN_POINT('',(2.53,3.04,-0.95));
#5135=CARTESIAN_POINT('',(2.53,3.04,-0.95));
#5136=CARTESIAN_POINT('',(2.53,3.28,-0.95));
#5137=CARTESIAN_POINT('',(2.53,3.28,-0.8));
#5138=CARTESIAN_POINT('',(2.68,3.28,-0.8));
#5139=CARTESIAN_POINT('',(2.68,3.04,-0.8));
#5140=CARTESIAN_POINT('',(-2.53,3.04,0.8));
#5141=CARTESIAN_POINT('',(-2.53,3.04,0.8));
#5142=CARTESIAN_POINT('',(-2.68,3.04,0.8));
#5143=CARTESIAN_POINT('',(-2.53,3.04,0.95));
#5144=CARTESIAN_POINT('',(-2.53,3.04,0.95));
#5145=CARTESIAN_POINT('',(-2.53,3.28,0.95));
#5146=CARTESIAN_POINT('',(-2.53,3.28,0.8));
#5147=CARTESIAN_POINT('',(-2.68,3.28,0.8));
#5148=CARTESIAN_POINT('',(-2.68,3.28,0.8));
#5149=CARTESIAN_POINT('',(-2.53,3.04,-0.8));
#5150=CARTESIAN_POINT('',(-2.53,3.04,-0.8));
#5151=CARTESIAN_POINT('',(-2.53,3.04,-0.95));
#5152=CARTESIAN_POINT('',(-2.68,3.04,-0.8));
#5153=CARTESIAN_POINT('',(-2.68,3.04,-0.8));
#5154=CARTESIAN_POINT('',(-2.68,3.28,-0.8));
#5155=CARTESIAN_POINT('',(-2.53,3.28,-0.8));
#5156=CARTESIAN_POINT('',(-2.53,3.28,-0.95));
#5157=CARTESIAN_POINT('',(-2.53,3.04,-0.95));
#5158=CARTESIAN_POINT('',(0.,4.,0.));
#5159=CARTESIAN_POINT('',(-0.666197607495622,4.,0.543074252136752));
#5160=CARTESIAN_POINT('',(-0.666197607495622,4.,0.543074252136752));
#5161=CARTESIAN_POINT('',(-0.666197607495622,4.,0.503386752136752));
#5162=CARTESIAN_POINT('',(-0.666197607495622,4.,0.503386752136752));
#5163=CARTESIAN_POINT('',(-0.736753163051178,4.,0.503386752136752));
#5164=CARTESIAN_POINT('',(-0.736753163051178,4.,0.503386752136752));
#5165=CARTESIAN_POINT('',(-0.737049971277673,4.,0.542141426282051));
#5166=CARTESIAN_POINT('',(-0.737049971277673,4.,0.542141426282051));
#5167=CARTESIAN_POINT('',(-0.737050771774299,4.,0.543950876247411));
#5168=CARTESIAN_POINT('',(-0.737052323364754,4.,0.547458105639554));
#5169=CARTESIAN_POINT('',(-0.736810795070218,4.,0.552532098327588));
#5170=CARTESIAN_POINT('',(-0.736536032224357,4.,0.557256504735783));
#5171=CARTESIAN_POINT('',(-0.736115763169061,4.,0.561613256141934));
#5172=CARTESIAN_POINT('',(-0.735574131148155,4.,0.565604292374091));
#5173=CARTESIAN_POINT('',(-0.734896626867375,4.,0.569227639756252));
#5174=CARTESIAN_POINT('',(-0.734107256792953,4.,0.572489143942535));
#5175=CARTESIAN_POINT('',(-0.73288567022401,4.,0.576293178054052));
#5176=CARTESIAN_POINT('',(-0.730949183962401,4.,0.580539665900858));
#5177=CARTESIAN_POINT('',(-0.728136548002066,4.,0.585160412320533));
#5178=CARTESIAN_POINT('',(-0.724575974480176,4.,0.589082001373613));
#5179=CARTESIAN_POINT('',(-0.720569223336411,4.,0.592463171224417));
#5180=CARTESIAN_POINT('',(-0.71607327899003,4.,0.595067533162262));
#5181=CARTESIAN_POINT('',(-0.711287699470436,4.,0.596963051726794));
#5182=CARTESIAN_POINT('',(-0.706253800257552,4.,0.598152595250343));
#5183=CARTESIAN_POINT('',(-0.702796264936231,4.,0.598294015165111));
#5184=CARTESIAN_POINT('',(-0.701051373521263,4.,0.598365384615384));
#5185=CARTESIAN_POINT('',(-0.701051373521263,4.,0.598365384615384));
#5186=CARTESIAN_POINT('',(-0.701051373521263,4.,0.598365384615384));
#5187=CARTESIAN_POINT('',(-0.699348703923609,4.,0.598293795782827));
#5188=CARTESIAN_POINT('',(-0.695974634071215,4.,0.598151932838875));
#5189=CARTESIAN_POINT('',(-0.691048640534512,4.,0.596960746940861));
#5190=CARTESIAN_POINT('',(-0.686366158910694,4.,0.595037155875314));
#5191=CARTESIAN_POINT('',(-0.682016440421849,4.,0.592339836016895));
#5192=CARTESIAN_POINT('',(-0.67803517234046,4.,0.589080538670532));
#5193=CARTESIAN_POINT('',(-0.674675785448316,4.,0.585209638428898));
#5194=CARTESIAN_POINT('',(-0.671862494726071,4.,0.580922078572872));
#5195=CARTESIAN_POINT('',(-0.670077833663411,4.,0.576911888942491));
#5196=CARTESIAN_POINT('',(-0.668981488044065,4.,0.573329995691784));
#5197=CARTESIAN_POINT('',(-0.668210950974943,4.,0.570219577822869));
#5198=CARTESIAN_POINT('',(-0.66758666441718,4.,0.566691713160517));
#5199=CARTESIAN_POINT('',(-0.667101293413811,4.,0.562754856388201));
#5200=CARTESIAN_POINT('',(-0.666664514975746,4.,0.558416129931521));
#5201=CARTESIAN_POINT('',(-0.66638131940569,4.,0.553663653520094));
#5202=CARTESIAN_POINT('',(-0.666210155955404,4.,0.548502915219343));
#5203=CARTESIAN_POINT('',(-0.666201887659325,4.,0.544925918961722));
#5204=CARTESIAN_POINT('',(-0.666197607495622,4.,0.543074252136752));
#5205=CARTESIAN_POINT('',(-0.666197607495684,4.,0.543074252163714));
#5206=CARTESIAN_POINT('',(-0.666197607495684,4.01,0.543074252163714));
#5207=CARTESIAN_POINT('',(-0.666226180479449,4.,0.555435378933193));
#5208=CARTESIAN_POINT('',(-0.666226180479449,4.01,0.555435378933193));
#5209=CARTESIAN_POINT('',(-0.665150026768713,4.,0.582418040714136));
#5210=CARTESIAN_POINT('',(-0.665150026768713,4.01,0.582418040714136));
#5211=CARTESIAN_POINT('',(-0.688677185957602,4.,0.597845111248544));
#5212=CARTESIAN_POINT('',(-0.688677185957602,4.01,0.597845111248544));
#5213=CARTESIAN_POINT('',(-0.701051190416498,4.,0.598365376916735));
#5214=CARTESIAN_POINT('',(-0.701051190416498,4.01,0.598365376916735));
#5215=CARTESIAN_POINT('',(-0.701051373521263,4.01,0.598365384615384));
#5216=CARTESIAN_POINT('',(-0.701051191628214,4.01,0.598365375374561));
#5217=CARTESIAN_POINT('',(-0.701051373521263,4.01,0.598365384615384));
#5218=CARTESIAN_POINT('',(-0.699348703923609,4.01,0.598293795782827));
#5219=CARTESIAN_POINT('',(-0.695974634071215,4.01,0.598151932838875));
#5220=CARTESIAN_POINT('',(-0.691048640534512,4.01,0.596960746940861));
#5221=CARTESIAN_POINT('',(-0.686366158910694,4.01,0.595037155875314));
#5222=CARTESIAN_POINT('',(-0.682016440421849,4.01,0.592339836016895));
#5223=CARTESIAN_POINT('',(-0.67803517234046,4.01,0.589080538670532));
#5224=CARTESIAN_POINT('',(-0.674675785448316,4.01,0.585209638428898));
#5225=CARTESIAN_POINT('',(-0.671862494726071,4.01,0.580922078572872));
#5226=CARTESIAN_POINT('',(-0.670077833663411,4.01,0.576911888942491));
#5227=CARTESIAN_POINT('',(-0.668981488044065,4.01,0.573329995691784));
#5228=CARTESIAN_POINT('',(-0.668210950974943,4.01,0.570219577822869));
#5229=CARTESIAN_POINT('',(-0.66758666441718,4.01,0.566691713160517));
#5230=CARTESIAN_POINT('',(-0.667101293413811,4.01,0.562754856388201));
#5231=CARTESIAN_POINT('',(-0.666664514975746,4.01,0.558416129931521));
#5232=CARTESIAN_POINT('',(-0.66638131940569,4.01,0.553663653520094));
#5233=CARTESIAN_POINT('',(-0.666210155955404,4.01,0.548502915219343));
#5234=CARTESIAN_POINT('',(-0.666201887659325,4.01,0.544925918961722));
#5235=CARTESIAN_POINT('',(-0.666197607495622,4.01,0.543074252136752));
#5236=CARTESIAN_POINT('',(-0.666197607495622,4.01,0.543074252136752));
#5237=CARTESIAN_POINT('',(-0.666197607495622,4.01,0.543074252136752));
#5238=CARTESIAN_POINT('',(-0.701051193388049,4.,0.598365391983183));
#5239=CARTESIAN_POINT('',(-0.701051193388049,4.01,0.598365391983183));
#5240=CARTESIAN_POINT('',(-0.713687008151875,4.,0.597848562600155));
#5241=CARTESIAN_POINT('',(-0.713687008151875,4.01,0.597848562600155));
#5242=CARTESIAN_POINT('',(-0.737557308240348,4.,0.582275568642236));
#5243=CARTESIAN_POINT('',(-0.737557308240348,4.01,0.582275568642236));
#5244=CARTESIAN_POINT('',(-0.737055556439196,3.99999999999999,0.554766176961399));
#5245=CARTESIAN_POINT('',(-0.737055556439196,4.00999999999999,0.554766176961399));
#5246=CARTESIAN_POINT('',(-0.737049971277707,4.,0.542141426358916));
#5247=CARTESIAN_POINT('',(-0.737049971277707,4.01,0.542141426358916));
#5248=CARTESIAN_POINT('',(-0.737049971277673,4.01,0.542141426282051));
#5249=CARTESIAN_POINT('',(-0.737049971277673,4.01,0.542141426282051));
#5250=CARTESIAN_POINT('',(-0.737049971277673,4.01,0.542141426282051));
#5251=CARTESIAN_POINT('',(-0.737050771774299,4.01,0.543950876247411));
#5252=CARTESIAN_POINT('',(-0.737052323364754,4.01,0.547458105639554));
#5253=CARTESIAN_POINT('',(-0.736810795070218,4.01,0.552532098327588));
#5254=CARTESIAN_POINT('',(-0.736536032224357,4.01,0.557256504735783));
#5255=CARTESIAN_POINT('',(-0.736115763169061,4.01,0.561613256141934));
#5256=CARTESIAN_POINT('',(-0.735574131148155,4.01,0.565604292374091));
#5257=CARTESIAN_POINT('',(-0.734896626867375,4.01,0.569227639756252));
#5258=CARTESIAN_POINT('',(-0.734107256792953,4.01,0.572489143942535));
#5259=CARTESIAN_POINT('',(-0.73288567022401,4.01,0.576293178054052));
#5260=CARTESIAN_POINT('',(-0.730949183962401,4.01,0.580539665900858));
#5261=CARTESIAN_POINT('',(-0.728136548002066,4.01,0.585160412320533));
#5262=CARTESIAN_POINT('',(-0.724575974480176,4.01,0.589082001373613));
#5263=CARTESIAN_POINT('',(-0.720569223336411,4.01,0.592463171224417));
#5264=CARTESIAN_POINT('',(-0.71607327899003,4.01,0.595067533162262));
#5265=CARTESIAN_POINT('',(-0.711287699470436,4.01,0.596963051726794));
#5266=CARTESIAN_POINT('',(-0.706253800257552,4.01,0.598152595250343));
#5267=CARTESIAN_POINT('',(-0.702796264936231,4.01,0.598294015165111));
#5268=CARTESIAN_POINT('',(-0.701051373521263,4.01,0.598365384615384));
#5269=CARTESIAN_POINT('',(-0.736753163051178,4.01,0.503386752136752));
#5270=CARTESIAN_POINT('',(-0.736753163051178,4.01,0.503386752136752));
#5271=CARTESIAN_POINT('',(-0.736753163051178,4.01,0.503386752136752));
#5272=CARTESIAN_POINT('',(-0.736753163051178,4.01,0.503386752136752));
#5273=CARTESIAN_POINT('',(-0.758462564760579,4.01,0.503386752136752));
#5274=CARTESIAN_POINT('',(-0.666197607495622,4.01,0.503386752136752));
#5275=CARTESIAN_POINT('',(-0.666197607495622,4.01,0.503386752136752));
#5276=CARTESIAN_POINT('',(-0.666197607495622,4.01,0.503386752136752));
#5277=CARTESIAN_POINT('',(-0.666197607495622,4.01,0.543074252136752));
#5278=CARTESIAN_POINT('',(-0.666197607495622,4.01,0.543074252136752));
#5279=CARTESIAN_POINT('',(-0.64448820578622,4.01,0.484391025641025));
#5280=CARTESIAN_POINT('',(-0.64448820578622,4.,0.484391025641025));
#5281=CARTESIAN_POINT('',(-0.64448820578622,4.,0.484391025641025));
#5282=CARTESIAN_POINT('',(-0.64448820578622,4.,0.526749799679487));
#5283=CARTESIAN_POINT('',(-0.64448820578622,4.01,0.484391025641025));
#5284=CARTESIAN_POINT('',(-0.64448820578622,4.01,0.484391025641025));
#5285=CARTESIAN_POINT('',(-0.64448820578622,4.01,0.484391025641025));
#5286=CARTESIAN_POINT('',(-0.64448820578622,4.01,0.526749799679487));
#5287=CARTESIAN_POINT('',(-0.64448820578622,4.01,0.526749799679487));
#5288=CARTESIAN_POINT('',(-0.64448820578622,4.01,0.526749799679487));
#5289=CARTESIAN_POINT('',(-0.64448820578622,4.,0.526749799679487));
#5290=CARTESIAN_POINT('',(-0.644497615034068,4.01,0.529576525070547));
#5291=CARTESIAN_POINT('',(-0.644497615034068,4.,0.529576525070547));
#5292=CARTESIAN_POINT('',(-0.644515681832228,4.01,0.535004150946714));
#5293=CARTESIAN_POINT('',(-0.644515681832228,4.,0.535004150946714));
#5294=CARTESIAN_POINT('',(-0.644616420827149,4.01,0.54277977253513));
#5295=CARTESIAN_POINT('',(-0.644616420827149,4.,0.54277977253513));
#5296=CARTESIAN_POINT('',(-0.644905155672362,4.01,0.549845030306094));
#5297=CARTESIAN_POINT('',(-0.644905155672362,4.,0.549845030306094));
#5298=CARTESIAN_POINT('',(-0.645153627149311,4.01,0.556196230112416));
#5299=CARTESIAN_POINT('',(-0.645153627149311,4.,0.556196230112416));
#5300=CARTESIAN_POINT('',(-0.645606711219806,4.01,0.561833255437173));
#5301=CARTESIAN_POINT('',(-0.645606711219806,4.,0.561833255437173));
#5302=CARTESIAN_POINT('',(-0.646039759878956,4.01,0.56677339159193));
#5303=CARTESIAN_POINT('',(-0.646039759878956,4.,0.56677339159193));
#5304=CARTESIAN_POINT('',(-0.646606643173683,4.01,0.570993885678908));
#5305=CARTESIAN_POINT('',(-0.646606643173683,4.,0.570993885678908));
#5306=CARTESIAN_POINT('',(-0.647133113991128,4.01,0.573548753829112));
#5307=CARTESIAN_POINT('',(-0.647133113991128,4.,0.573548753829112));
#5308=CARTESIAN_POINT('',(-0.64737148570075,4.01,0.574705528846154));
#5309=CARTESIAN_POINT('',(-0.64737148570075,4.,0.574705528846154));
#5310=CARTESIAN_POINT('',(-0.64448820578622,4.,0.526749799679487));
#5311=CARTESIAN_POINT('',(-0.644497615034068,4.,0.529576525070547));
#5312=CARTESIAN_POINT('',(-0.644515681832228,4.,0.535004150946714));
#5313=CARTESIAN_POINT('',(-0.644616420827149,4.,0.54277977253513));
#5314=CARTESIAN_POINT('',(-0.644905155672362,4.,0.549845030306094));
#5315=CARTESIAN_POINT('',(-0.645153627149311,4.,0.556196230112416));
#5316=CARTESIAN_POINT('',(-0.645606711219806,4.,0.561833255437173));
#5317=CARTESIAN_POINT('',(-0.646039759878956,4.,0.56677339159193));
#5318=CARTESIAN_POINT('',(-0.646606643173683,4.,0.570993885678908));
#5319=CARTESIAN_POINT('',(-0.647133113991128,4.,0.573548753829112));
#5320=CARTESIAN_POINT('',(-0.64737148570075,4.,0.574705528846154));
#5321=CARTESIAN_POINT('',(-0.64737148570075,4.,0.574705528846154));
#5322=CARTESIAN_POINT('',(-0.64448820578622,4.01,0.526749799679487));
#5323=CARTESIAN_POINT('',(-0.644497615034068,4.01,0.529576525070547));
#5324=CARTESIAN_POINT('',(-0.644515681832228,4.01,0.535004150946714));
#5325=CARTESIAN_POINT('',(-0.644616420827149,4.01,0.54277977253513));
#5326=CARTESIAN_POINT('',(-0.644905155672362,4.01,0.549845030306094));
#5327=CARTESIAN_POINT('',(-0.645153627149311,4.01,0.556196230112416));
#5328=CARTESIAN_POINT('',(-0.645606711219806,4.01,0.561833255437173));
#5329=CARTESIAN_POINT('',(-0.646039759878956,4.01,0.56677339159193));
#5330=CARTESIAN_POINT('',(-0.646606643173683,4.01,0.570993885678908));
#5331=CARTESIAN_POINT('',(-0.647133113991128,4.01,0.573548753829112));
#5332=CARTESIAN_POINT('',(-0.64737148570075,4.01,0.574705528846154));
#5333=CARTESIAN_POINT('',(-0.64737148570075,4.01,0.574705528846154));
#5334=CARTESIAN_POINT('',(-0.64737148570075,4.01,0.574705528846154));
#5335=CARTESIAN_POINT('',(-0.64737148570075,4.01,0.574705528846154));
#5336=CARTESIAN_POINT('',(-0.64737148570075,4.,0.574705528846154));
#5337=CARTESIAN_POINT('',(-0.647754060962586,4.01,0.576254147201955));
#5338=CARTESIAN_POINT('',(-0.647754060962586,4.,0.576254147201955));
#5339=CARTESIAN_POINT('',(-0.648511050117424,4.01,0.579318347680308));
#5340=CARTESIAN_POINT('',(-0.648511050117424,4.,0.579318347680308));
#5341=CARTESIAN_POINT('',(-0.650111855694058,4.01,0.583729694040138));
#5342=CARTESIAN_POINT('',(-0.650111855694058,4.,0.583729694040138));
#5343=CARTESIAN_POINT('',(-0.65196129070189,4.01,0.58793511551731));
#5344=CARTESIAN_POINT('',(-0.65196129070189,4.,0.58793511551731));
#5345=CARTESIAN_POINT('',(-0.654150381119443,4.01,0.591918830396283));
#5346=CARTESIAN_POINT('',(-0.654150381119443,4.,0.591918830396283));
#5347=CARTESIAN_POINT('',(-0.656640944492143,4.01,0.595681208233257));
#5348=CARTESIAN_POINT('',(-0.656640944492143,4.,0.595681208233257));
#5349=CARTESIAN_POINT('',(-0.659447532272837,4.01,0.59921661572493));
#5350=CARTESIAN_POINT('',(-0.659447532272837,4.,0.59921661572493));
#5351=CARTESIAN_POINT('',(-0.662584437348979,4.01,0.602504839941852));
#5352=CARTESIAN_POINT('',(-0.662584437348979,4.,0.602504839941852));
#5353=CARTESIAN_POINT('',(-0.665971556363449,4.01,0.605571182163339));
#5354=CARTESIAN_POINT('',(-0.665971556363449,4.,0.605571182163339));
#5355=CARTESIAN_POINT('',(-0.669638442959272,4.01,0.608350722704107));
#5356=CARTESIAN_POINT('',(-0.669638442959272,4.,0.608350722704107));
#5357=CARTESIAN_POINT('',(-0.673531680522411,4.01,0.61075605136728));
#5358=CARTESIAN_POINT('',(-0.673531680522411,4.,0.61075605136728));
#5359=CARTESIAN_POINT('',(-0.677626919140906,4.01,0.612815722227501));
#5360=CARTESIAN_POINT('',(-0.677626919140906,4.,0.612815722227501));
#5361=CARTESIAN_POINT('',(-0.681938419943995,4.01,0.61446001941575));
#5362=CARTESIAN_POINT('',(-0.681938419943995,4.,0.61446001941575));
#5363=CARTESIAN_POINT('',(-0.686429736283509,4.01,0.615782806091402));
#5364=CARTESIAN_POINT('',(-0.686429736283509,4.,0.615782806091402));
#5365=CARTESIAN_POINT('',(-0.691140085809538,4.01,0.616715811705435));
#5366=CARTESIAN_POINT('',(-0.691140085809538,4.,0.616715811705435));
#5367=CARTESIAN_POINT('',(-0.696048411247017,4.01,0.617275264674788));
#5368=CARTESIAN_POINT('',(-0.696048411247017,4.,0.617275264674788));
#5369=CARTESIAN_POINT('',(-0.699396244082047,4.01,0.617332227769949));
#5370=CARTESIAN_POINT('',(-0.699396244082047,4.,0.617332227769949));
#5371=CARTESIAN_POINT('',(-0.701093774696477,4.01,0.617361111111111));
#5372=CARTESIAN_POINT('',(-0.701093774696477,4.,0.617361111111111));
#5373=CARTESIAN_POINT('',(-0.64737148570075,4.,0.574705528846154));
#5374=CARTESIAN_POINT('',(-0.647754060962586,4.,0.576254147201955));
#5375=CARTESIAN_POINT('',(-0.648511050117424,4.,0.579318347680308));
#5376=CARTESIAN_POINT('',(-0.650111855694058,4.,0.583729694040138));
#5377=CARTESIAN_POINT('',(-0.65196129070189,4.,0.58793511551731));
#5378=CARTESIAN_POINT('',(-0.654150381119443,4.,0.591918830396283));
#5379=CARTESIAN_POINT('',(-0.656640944492143,4.,0.595681208233257));
#5380=CARTESIAN_POINT('',(-0.659447532272837,4.,0.59921661572493));
#5381=CARTESIAN_POINT('',(-0.662584437348979,4.,0.602504839941852));
#5382=CARTESIAN_POINT('',(-0.665971556363449,4.,0.605571182163339));
#5383=CARTESIAN_POINT('',(-0.669638442959272,4.,0.608350722704107));
#5384=CARTESIAN_POINT('',(-0.673531680522411,4.,0.61075605136728));
#5385=CARTESIAN_POINT('',(-0.677626919140906,4.,0.612815722227501));
#5386=CARTESIAN_POINT('',(-0.681938419943995,4.,0.61446001941575));
#5387=CARTESIAN_POINT('',(-0.686429736283509,4.,0.615782806091402));
#5388=CARTESIAN_POINT('',(-0.691140085809538,4.,0.616715811705435));
#5389=CARTESIAN_POINT('',(-0.696048411247017,4.,0.617275264674788));
#5390=CARTESIAN_POINT('',(-0.699396244082047,4.,0.617332227769949));
#5391=CARTESIAN_POINT('',(-0.701093774696477,4.,0.617361111111111));
#5392=CARTESIAN_POINT('',(-0.701093774696477,4.,0.617361111111111));
#5393=CARTESIAN_POINT('',(-0.64737148570075,4.01,0.574705528846154));
#5394=CARTESIAN_POINT('',(-0.647754060962586,4.01,0.576254147201955));
#5395=CARTESIAN_POINT('',(-0.648511050117424,4.01,0.579318347680308));
#5396=CARTESIAN_POINT('',(-0.650111855694058,4.01,0.583729694040138));
#5397=CARTESIAN_POINT('',(-0.65196129070189,4.01,0.58793511551731));
#5398=CARTESIAN_POINT('',(-0.654150381119443,4.01,0.591918830396283));
#5399=CARTESIAN_POINT('',(-0.656640944492143,4.01,0.595681208233257));
#5400=CARTESIAN_POINT('',(-0.659447532272837,4.01,0.59921661572493));
#5401=CARTESIAN_POINT('',(-0.662584437348979,4.01,0.602504839941852));
#5402=CARTESIAN_POINT('',(-0.665971556363449,4.01,0.605571182163339));
#5403=CARTESIAN_POINT('',(-0.669638442959272,4.01,0.608350722704107));
#5404=CARTESIAN_POINT('',(-0.673531680522411,4.01,0.61075605136728));
#5405=CARTESIAN_POINT('',(-0.677626919140906,4.01,0.612815722227501));
#5406=CARTESIAN_POINT('',(-0.681938419943995,4.01,0.61446001941575));
#5407=CARTESIAN_POINT('',(-0.686429736283509,4.01,0.615782806091402));
#5408=CARTESIAN_POINT('',(-0.691140085809538,4.01,0.616715811705435));
#5409=CARTESIAN_POINT('',(-0.696048411247017,4.01,0.617275264674788));
#5410=CARTESIAN_POINT('',(-0.699396244082047,4.01,0.617332227769949));
#5411=CARTESIAN_POINT('',(-0.701093774696477,4.01,0.617361111111111));
#5412=CARTESIAN_POINT('',(-0.701093774696477,4.01,0.617361111111111));
#5413=CARTESIAN_POINT('',(-0.701093774696477,4.01,0.617361111111111));
#5414=CARTESIAN_POINT('',(-0.701093774696477,4.01,0.617361111111111));
#5415=CARTESIAN_POINT('',(-0.701093774696477,4.,0.617361111111111));
#5416=CARTESIAN_POINT('',(-0.70391409141118,4.01,0.61727227400727));
#5417=CARTESIAN_POINT('',(-0.70391409141118,4.,0.61727227400727));
#5418=CARTESIAN_POINT('',(-0.709417259801739,4.01,0.617098929808297));
#5419=CARTESIAN_POINT('',(-0.709417259801739,4.,0.617098929808297));
#5420=CARTESIAN_POINT('',(-0.717403753488272,4.01,0.615482665142903));
#5421=CARTESIAN_POINT('',(-0.717403753488272,4.,0.615482665142903));
#5422=CARTESIAN_POINT('',(-0.724853939717426,4.01,0.61283534576533));
#5423=CARTESIAN_POINT('',(-0.724853939717426,4.,0.61283534576533));
#5424=CARTESIAN_POINT('',(-0.731757450413899,4.01,0.609186789167773));
#5425=CARTESIAN_POINT('',(-0.731757450413899,4.,0.609186789167773));
#5426=CARTESIAN_POINT('',(-0.737983354494989,4.01,0.604542645676977));
#5427=CARTESIAN_POINT('',(-0.737983354494989,4.,0.604542645676977));
#5428=CARTESIAN_POINT('',(-0.743433273558652,4.01,0.598961441258516));
#5429=CARTESIAN_POINT('',(-0.743433273558652,4.,0.598961441258516));
#5430=CARTESIAN_POINT('',(-0.748035978516144,4.01,0.592471678736225));
#5431=CARTESIAN_POINT('',(-0.748035978516144,4.,0.592471678736225));
#5432=CARTESIAN_POINT('',(-0.751193839786106,4.01,0.586401770909018));
#5433=CARTESIAN_POINT('',(-0.751193839786106,4.,0.586401770909018));
#5434=CARTESIAN_POINT('',(-0.753225743076811,4.01,0.58103738864217));
#5435=CARTESIAN_POINT('',(-0.753225743076811,4.,0.58103738864217));
#5436=CARTESIAN_POINT('',(-0.754662574650561,4.01,0.576608132414326));
#5437=CARTESIAN_POINT('',(-0.754662574650561,4.,0.576608132414326));
#5438=CARTESIAN_POINT('',(-0.75575398705269,4.01,0.571772893826143));
#5439=CARTESIAN_POINT('',(-0.75575398705269,4.,0.571772893826143));
#5440=CARTESIAN_POINT('',(-0.756745928429839,4.01,0.56660104172446));
#5441=CARTESIAN_POINT('',(-0.756745928429839,4.,0.56660104172446));
#5442=CARTESIAN_POINT('',(-0.757502859390275,4.01,0.561052628202296));
#5443=CARTESIAN_POINT('',(-0.757502859390275,4.,0.561052628202296));
#5444=CARTESIAN_POINT('',(-0.758040424231329,4.01,0.555138826404644));
#5445=CARTESIAN_POINT('',(-0.758040424231329,4.,0.555138826404644));
#5446=CARTESIAN_POINT('',(-0.758386082514464,4.01,0.548844845564909));
#5447=CARTESIAN_POINT('',(-0.758386082514464,4.,0.548844845564909));
#5448=CARTESIAN_POINT('',(-0.758436584669199,4.01,0.5445304885502));
#5449=CARTESIAN_POINT('',(-0.758436584669199,4.,0.5445304885502));
#5450=CARTESIAN_POINT('',(-0.758462564760579,4.01,0.542311030982906));
#5451=CARTESIAN_POINT('',(-0.758462564760579,4.,0.542311030982906));
#5452=CARTESIAN_POINT('',(-0.701093774696477,4.,0.617361111111111));
#5453=CARTESIAN_POINT('',(-0.70391409141118,4.,0.61727227400727));
#5454=CARTESIAN_POINT('',(-0.709417259801739,4.,0.617098929808297));
#5455=CARTESIAN_POINT('',(-0.717403753488272,4.,0.615482665142903));
#5456=CARTESIAN_POINT('',(-0.724853939717426,4.,0.61283534576533));
#5457=CARTESIAN_POINT('',(-0.731757450413899,4.,0.609186789167773));
#5458=CARTESIAN_POINT('',(-0.737983354494989,4.,0.604542645676977));
#5459=CARTESIAN_POINT('',(-0.743433273558652,4.,0.598961441258516));
#5460=CARTESIAN_POINT('',(-0.748035978516144,4.,0.592471678736225));
#5461=CARTESIAN_POINT('',(-0.751193839786106,4.,0.586401770909018));
#5462=CARTESIAN_POINT('',(-0.753225743076811,4.,0.58103738864217));
#5463=CARTESIAN_POINT('',(-0.754662574650561,4.,0.576608132414326));
#5464=CARTESIAN_POINT('',(-0.75575398705269,4.,0.571772893826143));
#5465=CARTESIAN_POINT('',(-0.756745928429839,4.,0.56660104172446));
#5466=CARTESIAN_POINT('',(-0.757502859390275,4.,0.561052628202296));
#5467=CARTESIAN_POINT('',(-0.758040424231329,4.,0.555138826404644));
#5468=CARTESIAN_POINT('',(-0.758386082514464,4.,0.548844845564909));
#5469=CARTESIAN_POINT('',(-0.758436584669199,4.,0.5445304885502));
#5470=CARTESIAN_POINT('',(-0.758462564760579,4.,0.542311030982906));
#5471=CARTESIAN_POINT('',(-0.758462564760579,4.,0.542311030982906));
#5472=CARTESIAN_POINT('',(-0.701093774696477,4.01,0.617361111111111));
#5473=CARTESIAN_POINT('',(-0.70391409141118,4.01,0.61727227400727));
#5474=CARTESIAN_POINT('',(-0.709417259801739,4.01,0.617098929808297));
#5475=CARTESIAN_POINT('',(-0.717403753488272,4.01,0.615482665142903));
#5476=CARTESIAN_POINT('',(-0.724853939717426,4.01,0.61283534576533));
#5477=CARTESIAN_POINT('',(-0.731757450413899,4.01,0.609186789167773));
#5478=CARTESIAN_POINT('',(-0.737983354494989,4.01,0.604542645676977));
#5479=CARTESIAN_POINT('',(-0.743433273558652,4.01,0.598961441258516));
#5480=CARTESIAN_POINT('',(-0.748035978516144,4.01,0.592471678736225));
#5481=CARTESIAN_POINT('',(-0.751193839786106,4.01,0.586401770909018));
#5482=CARTESIAN_POINT('',(-0.753225743076811,4.01,0.58103738864217));
#5483=CARTESIAN_POINT('',(-0.754662574650561,4.01,0.576608132414326));
#5484=CARTESIAN_POINT('',(-0.75575398705269,4.01,0.571772893826143));
#5485=CARTESIAN_POINT('',(-0.756745928429839,4.01,0.56660104172446));
#5486=CARTESIAN_POINT('',(-0.757502859390275,4.01,0.561052628202296));
#5487=CARTESIAN_POINT('',(-0.758040424231329,4.01,0.555138826404644));
#5488=CARTESIAN_POINT('',(-0.758386082514464,4.01,0.548844845564909));
#5489=CARTESIAN_POINT('',(-0.758436584669199,4.01,0.5445304885502));
#5490=CARTESIAN_POINT('',(-0.758462564760579,4.01,0.542311030982906));
#5491=CARTESIAN_POINT('',(-0.758462564760579,4.01,0.542311030982906));
#5492=CARTESIAN_POINT('',(-0.758462564760579,4.01,0.542311030982906));
#5493=CARTESIAN_POINT('',(-0.758462564760579,4.01,0.542311030982906));
#5494=CARTESIAN_POINT('',(-0.758462564760579,4.,0.542311030982906));
#5495=CARTESIAN_POINT('',(-0.856154872452887,4.,0.620074786324786));
#5496=CARTESIAN_POINT('',(-0.758462564760579,4.01,0.542311030982906));
#5497=CARTESIAN_POINT('',(-0.856154872452887,4.01,0.620074786324787));
#5498=CARTESIAN_POINT('',(-0.856154872452887,4.01,0.620074786324786));
#5499=CARTESIAN_POINT('',(-0.856154872452887,4.01,0.620074786324786));
#5500=CARTESIAN_POINT('',(-0.856154872452887,4.,0.620074786324786));
#5501=CARTESIAN_POINT('',(-0.856154872452887,4.,0.59658453525641));
#5502=CARTESIAN_POINT('',(-0.856154872452887,4.01,0.620074786324786));
#5503=CARTESIAN_POINT('',(-0.856154872452887,4.01,0.59658453525641));
#5504=CARTESIAN_POINT('',(-0.856154872452887,4.01,0.59658453525641));
#5505=CARTESIAN_POINT('',(-0.856154872452887,4.01,0.59658453525641));
#5506=CARTESIAN_POINT('',(-0.856154872452887,4.,0.59658453525641));
#5507=CARTESIAN_POINT('',(-0.758462564760579,4.,0.51882077991453));
#5508=CARTESIAN_POINT('',(-0.856154872452887,4.01,0.59658453525641));
#5509=CARTESIAN_POINT('',(-0.758462564760579,4.01,0.51882077991453));
#5510=CARTESIAN_POINT('',(-0.758462564760579,4.01,0.51882077991453));
#5511=CARTESIAN_POINT('',(-0.758462564760579,4.01,0.51882077991453));
#5512=CARTESIAN_POINT('',(-0.758462564760579,4.,0.51882077991453));
#5513=CARTESIAN_POINT('',(-0.758462564760579,4.,0.503386752136752));
#5514=CARTESIAN_POINT('',(-0.758462564760579,4.01,0.51882077991453));
#5515=CARTESIAN_POINT('',(-0.758462564760579,4.01,0.503386752136752));
#5516=CARTESIAN_POINT('',(-0.758462564760579,4.01,0.503386752136752));
#5517=CARTESIAN_POINT('',(-0.758462564760579,4.01,0.503386752136752));
#5518=CARTESIAN_POINT('',(-0.758462564760579,4.,0.503386752136752));
#5519=CARTESIAN_POINT('',(-0.856154872452887,4.,0.503386752136752));
#5520=CARTESIAN_POINT('',(-0.758462564760579,4.01,0.503386752136752));
#5521=CARTESIAN_POINT('',(-0.856154872452887,4.01,0.503386752136752));
#5522=CARTESIAN_POINT('',(-0.856154872452887,4.01,0.503386752136752));
#5523=CARTESIAN_POINT('',(-0.856154872452887,4.01,0.620074786324786));
#5524=CARTESIAN_POINT('',(-0.856154872452887,4.,0.503386752136752));
#5525=CARTESIAN_POINT('',(-0.856154872452887,4.,0.484391025641025));
#5526=CARTESIAN_POINT('',(-0.856154872452887,4.01,0.503386752136752));
#5527=CARTESIAN_POINT('',(-0.856154872452887,4.01,0.484391025641025));
#5528=CARTESIAN_POINT('',(-0.856154872452887,4.01,0.484391025641025));
#5529=CARTESIAN_POINT('',(-0.856154872452887,4.01,0.484391025641025));
#5530=CARTESIAN_POINT('',(-0.856154872452887,4.,0.484391025641025));
#5531=CARTESIAN_POINT('',(-0.856154872452887,4.01,0.484391025641025));
#5532=CARTESIAN_POINT('',(0.,4.01,0.));
#5533=CARTESIAN_POINT('',(0.,4.,0.));
#5534=CARTESIAN_POINT('',(-0.797895657709297,4.,0.424690170940171));
#5535=CARTESIAN_POINT('',(-0.796450438567999,4.,0.424657279204098));
#5536=CARTESIAN_POINT('',(-0.793613943404382,4.,0.424592723423158));
#5537=CARTESIAN_POINT('',(-0.789462367929285,4.,0.42384842227634));
#5538=CARTESIAN_POINT('',(-0.785437200474666,4.,0.422843119706218));
#5539=CARTESIAN_POINT('',(-0.781629114431723,4.,0.421218458611948));
#5540=CARTESIAN_POINT('',(-0.777932800904549,4.,0.419283354635855));
#5541=CARTESIAN_POINT('',(-0.774453903294432,4.,0.416818159287507));
#5542=CARTESIAN_POINT('',(-0.771093863808446,4.,0.413991752480482));
#5543=CARTESIAN_POINT('',(-0.76797637875986,4.,0.410718499147107));
#5544=CARTESIAN_POINT('',(-0.765124873207197,4.,0.407157492546115));
#5545=CARTESIAN_POINT('',(-0.762607941693823,4.,0.403370621538715));
#5546=CARTESIAN_POINT('',(-0.760483700938277,4.,0.399408980144422));
#5547=CARTESIAN_POINT('',(-0.758711323303252,4.,0.395276395271099));
#5548=CARTESIAN_POINT('',(-0.757432282518209,4.,0.390925566067306));
#5549=CARTESIAN_POINT('',(-0.756425158136319,4.,0.38642672112216));
#5550=CARTESIAN_POINT('',(-0.755889216977756,4.,0.381722324236634));
#5551=CARTESIAN_POINT('',(-0.755796261144555,4.,0.378530595996002));
#5552=CARTESIAN_POINT('',(-0.755748889546904,4.,0.376904046474359));
#5553=CARTESIAN_POINT('',(-0.797895657709297,4.,0.424690170940171));
#5554=CARTESIAN_POINT('',(-0.755748889546904,4.,0.376904046474359));
#5555=CARTESIAN_POINT('',(-0.755748889546904,4.,0.376904046474359));
#5556=CARTESIAN_POINT('',(-0.755796565975497,4.,0.375291666068356));
#5557=CARTESIAN_POINT('',(-0.755890106735747,4.,0.372128188990912));
#5558=CARTESIAN_POINT('',(-0.756418425623643,4.,0.367492765724985));
#5559=CARTESIAN_POINT('',(-0.757419445073412,4.,0.363117483971559));
#5560=CARTESIAN_POINT('',(-0.758714286775241,4.,0.358952370877685));
#5561=CARTESIAN_POINT('',(-0.760477304359013,4.,0.355040837856427));
#5562=CARTESIAN_POINT('',(-0.762593425284712,4.,0.351338265938872));
#5563=CARTESIAN_POINT('',(-0.765109354730984,4.,0.347881395373029));
#5564=CARTESIAN_POINT('',(-0.76799704070285,4.,0.344730934802376));
#5565=CARTESIAN_POINT('',(-0.771112457140123,4.,0.341838033914418));
#5566=CARTESIAN_POINT('',(-0.774469338601021,4.,0.339349666741617));
#5567=CARTESIAN_POINT('',(-0.7779651264872,4.,0.337200860451887));
#5568=CARTESIAN_POINT('',(-0.781632676963142,4.,0.335454342241578));
#5569=CARTESIAN_POINT('',(-0.785469637436793,4.,0.334094189415102));
#5570=CARTESIAN_POINT('',(-0.78945861301315,4.,0.333110358099857));
#5571=CARTESIAN_POINT('',(-0.793626284630808,4.,0.332562818879434));
#5572=CARTESIAN_POINT('',(-0.796452488793927,4.,0.332471728128196));
#5573=CARTESIAN_POINT('',(-0.797895657709297,4.,0.332425213675214));
#5574=CARTESIAN_POINT('',(-0.797895657709297,4.,0.332425213675214));
#5575=CARTESIAN_POINT('',(-0.797895657709297,4.,0.332425213675214));
#5576=CARTESIAN_POINT('',(-0.799325863955772,4.,0.332463191234155));
#5577=CARTESIAN_POINT('',(-0.802130285488393,4.,0.33253765957347));
#5578=CARTESIAN_POINT('',(-0.806263955630077,4.,0.33321071657031));
#5579=CARTESIAN_POINT('',(-0.810238252743269,4.,0.334246157681381));
#5580=CARTESIAN_POINT('',(-0.814056083662173,4.,0.335761769108679));
#5581=CARTESIAN_POINT('',(-0.817696622716898,4.,0.33766278899326));
#5582=CARTESIAN_POINT('',(-0.82118572972002,4.,0.340002203574985));
#5583=CARTESIAN_POINT('',(-0.824525812933453,4.,0.342740400916296));
#5584=CARTESIAN_POINT('',(-0.827632647313429,4.,0.345923500996805));
#5585=CARTESIAN_POINT('',(-0.830482311306102,4.,0.349356165826569));
#5586=CARTESIAN_POINT('',(-0.833019657474875,4.,0.352986436245738));
#5587=CARTESIAN_POINT('',(-0.835150349763868,4.,0.356802769403738));
#5588=CARTESIAN_POINT('',(-0.83683482996277,4.,0.360826941663436));
#5589=CARTESIAN_POINT('',(-0.838214459402628,4.,0.365002611468933));
#5590=CARTESIAN_POINT('',(-0.839185988110912,4.,0.369361633595897));
#5591=CARTESIAN_POINT('',(-0.839735091893145,4.,0.373907838095547));
#5592=CARTESIAN_POINT('',(-0.839826308848449,4.,0.376987397873622));
#5593=CARTESIAN_POINT('',(-0.839872821170836,4.,0.378557692307692));
#5594=CARTESIAN_POINT('',(-0.839872821170836,4.,0.378557692307692));
#5595=CARTESIAN_POINT('',(-0.839872821170836,4.,0.378557692307692));
#5596=CARTESIAN_POINT('',(-0.839826312495032,4.,0.380127989314326));
#5597=CARTESIAN_POINT('',(-0.839735102691171,4.,0.383207554137543));
#5598=CARTESIAN_POINT('',(-0.839185947071422,4.,0.387753722067273));
#5599=CARTESIAN_POINT('',(-0.838214609992477,4.,0.392112879383389));
#5600=CARTESIAN_POINT('',(-0.836834284073626,4.,0.396288057842387));
#5601=CARTESIAN_POINT('',(-0.835152374836761,4.,0.400314043844073));
#5602=CARTESIAN_POINT('',(-0.83300630625506,4.,0.404133717606855));
#5603=CARTESIAN_POINT('',(-0.830497738542321,4.,0.407798647472688));
#5604=CARTESIAN_POINT('',(-0.827627742699308,4.,0.411229060376635));
#5605=CARTESIAN_POINT('',(-0.824543367998737,4.,0.41442546492324));
#5606=CARTESIAN_POINT('',(-0.821155487569288,4.,0.417099527685456));
#5607=CARTESIAN_POINT('',(-0.817724353638373,4.,0.419512849672127));
#5608=CARTESIAN_POINT('',(-0.814041576309749,4.,0.421340856718288));
#5609=CARTESIAN_POINT('',(-0.810240551049953,4.,0.42287334732511));
#5610=CARTESIAN_POINT('',(-0.806263339922751,4.,0.423903564208495));
#5611=CARTESIAN_POINT('',(-0.802130446682126,4.,0.424578014029119));
#5612=CARTESIAN_POINT('',(-0.79932591839746,4.,0.424652290983977));
#5613=CARTESIAN_POINT('',(-0.797895657709297,4.,0.424690170940171));
#5614=CARTESIAN_POINT('',(-0.797895658236602,4.,0.424690170926205));
#5615=CARTESIAN_POINT('',(-0.797895658236602,4.01,0.424690170926205));
#5616=CARTESIAN_POINT('',(-0.809459500198024,4.00000000000001,0.42438390659932));
#5617=CARTESIAN_POINT('',(-0.809459500198024,4.01000000000001,0.42438390659932));
#5618=CARTESIAN_POINT('',(-0.832055319804418,4.,0.413583764917454));
#5619=CARTESIAN_POINT('',(-0.832055319804418,4.01,0.413583764917454));
#5620=CARTESIAN_POINT('',(-0.839530589365838,3.99999999999999,0.390112645596742));
#5621=CARTESIAN_POINT('',(-0.839530589365838,4.00999999999999,0.390112645596742));
#5622=CARTESIAN_POINT('',(-0.83987281353687,4.,0.378557950057304));
#5623=CARTESIAN_POINT('',(-0.83987281353687,4.01,0.378557950057304));
#5624=CARTESIAN_POINT('',(-0.839872821170836,4.01,0.378557692307692));
#5625=CARTESIAN_POINT('',(-0.839872812123784,4.01,0.37855794979896));
#5626=CARTESIAN_POINT('',(-0.839872821170836,4.01,0.378557692307692));
#5627=CARTESIAN_POINT('',(-0.839826312495032,4.01,0.380127989314326));
#5628=CARTESIAN_POINT('',(-0.839735102691171,4.01,0.383207554137543));
#5629=CARTESIAN_POINT('',(-0.839185947071422,4.01,0.387753722067273));
#5630=CARTESIAN_POINT('',(-0.838214609992477,4.01,0.392112879383389));
#5631=CARTESIAN_POINT('',(-0.836834284073626,4.01,0.396288057842387));
#5632=CARTESIAN_POINT('',(-0.835152374836761,4.01,0.400314043844073));
#5633=CARTESIAN_POINT('',(-0.83300630625506,4.01,0.404133717606855));
#5634=CARTESIAN_POINT('',(-0.830497738542321,4.01,0.407798647472688));
#5635=CARTESIAN_POINT('',(-0.827627742699308,4.01,0.411229060376635));
#5636=CARTESIAN_POINT('',(-0.824543367998737,4.01,0.41442546492324));
#5637=CARTESIAN_POINT('',(-0.821155487569288,4.01,0.417099527685456));
#5638=CARTESIAN_POINT('',(-0.817724353638373,4.01,0.419512849672127));
#5639=CARTESIAN_POINT('',(-0.814041576309749,4.01,0.421340856718288));
#5640=CARTESIAN_POINT('',(-0.810240551049953,4.01,0.42287334732511));
#5641=CARTESIAN_POINT('',(-0.806263339922751,4.01,0.423903564208495));
#5642=CARTESIAN_POINT('',(-0.802130446682126,4.01,0.424578014029119));
#5643=CARTESIAN_POINT('',(-0.79932591839746,4.01,0.424652290983977));
#5644=CARTESIAN_POINT('',(-0.797895657709297,4.01,0.424690170940171));
#5645=CARTESIAN_POINT('',(-0.797895657709297,4.01,0.424690170940171));
#5646=CARTESIAN_POINT('',(-0.797895657709297,4.01,0.424690170940171));
#5647=CARTESIAN_POINT('',(-0.839872828775049,4.,0.378557949032216));
#5648=CARTESIAN_POINT('',(-0.839872828775049,4.01,0.378557949032216));
#5649=CARTESIAN_POINT('',(-0.839530637076419,4.,0.3670052745544));
#5650=CARTESIAN_POINT('',(-0.839530637076419,4.01,0.3670052745544));
#5651=CARTESIAN_POINT('',(-0.832018746654642,4.,0.343571247013538));
#5652=CARTESIAN_POINT('',(-0.832018746654642,4.01,0.343571247013538));
#5653=CARTESIAN_POINT('',(-0.809457318291666,4.,0.33273222089991));
#5654=CARTESIAN_POINT('',(-0.809457318291666,4.01,0.33273222089991));
#5655=CARTESIAN_POINT('',(-0.79789592014246,4.,0.332425220643839));
#5656=CARTESIAN_POINT('',(-0.79789592014246,4.01,0.332425220643839));
#5657=CARTESIAN_POINT('',(-0.797895657709297,4.01,0.332425213675214));
#5658=CARTESIAN_POINT('',(-0.797895919485425,4.01,0.332425221913288));
#5659=CARTESIAN_POINT('',(-0.797895657709297,4.01,0.332425213675214));
#5660=CARTESIAN_POINT('',(-0.799325863955772,4.01,0.332463191234155));
#5661=CARTESIAN_POINT('',(-0.802130285488393,4.01,0.33253765957347));
#5662=CARTESIAN_POINT('',(-0.806263955630077,4.01,0.33321071657031));
#5663=CARTESIAN_POINT('',(-0.810238252743269,4.01,0.334246157681381));
#5664=CARTESIAN_POINT('',(-0.814056083662173,4.01,0.335761769108679));
#5665=CARTESIAN_POINT('',(-0.817696622716898,4.01,0.33766278899326));
#5666=CARTESIAN_POINT('',(-0.82118572972002,4.01,0.340002203574985));
#5667=CARTESIAN_POINT('',(-0.824525812933453,4.01,0.342740400916296));
#5668=CARTESIAN_POINT('',(-0.827632647313429,4.01,0.345923500996805));
#5669=CARTESIAN_POINT('',(-0.830482311306102,4.01,0.349356165826569));
#5670=CARTESIAN_POINT('',(-0.833019657474875,4.01,0.352986436245738));
#5671=CARTESIAN_POINT('',(-0.835150349763868,4.01,0.356802769403738));
#5672=CARTESIAN_POINT('',(-0.83683482996277,4.01,0.360826941663436));
#5673=CARTESIAN_POINT('',(-0.838214459402628,4.01,0.365002611468933));
#5674=CARTESIAN_POINT('',(-0.839185988110912,4.01,0.369361633595897));
#5675=CARTESIAN_POINT('',(-0.839735091893145,4.01,0.373907838095547));
#5676=CARTESIAN_POINT('',(-0.839826308848449,4.01,0.376987397873622));
#5677=CARTESIAN_POINT('',(-0.839872821170836,4.01,0.378557692307692));
#5678=CARTESIAN_POINT('',(-0.79789591865062,4.,0.332425205264873));
#5679=CARTESIAN_POINT('',(-0.79789591865062,4.01,0.332425205264873));
#5680=CARTESIAN_POINT('',(-0.786474202232462,4.00000000000001,0.332793336039898));
#5681=CARTESIAN_POINT('',(-0.786474202232462,4.01,0.332793336039898));
#5682=CARTESIAN_POINT('',(-0.763299339849349,3.99999999999999,0.341942000016997));
#5683=CARTESIAN_POINT('',(-0.763299339849349,4.00999999999999,0.341942000016997));
#5684=CARTESIAN_POINT('',(-0.756086586392058,4.00000000000001,0.365483397107932));
#5685=CARTESIAN_POINT('',(-0.756086586392058,4.01000000000001,0.365483397107932));
#5686=CARTESIAN_POINT('',(-0.755748897256325,4.,0.376903785747621));
#5687=CARTESIAN_POINT('',(-0.755748897256325,4.01,0.376903785747621));
#5688=CARTESIAN_POINT('',(-0.755748889546904,4.01,0.376904046474359));
#5689=CARTESIAN_POINT('',(-0.755748898631641,4.01,0.376903785898823));
#5690=CARTESIAN_POINT('',(-0.755748889546904,4.01,0.376904046474359));
#5691=CARTESIAN_POINT('',(-0.755796565975497,4.01,0.375291666068356));
#5692=CARTESIAN_POINT('',(-0.755890106735747,4.01,0.372128188990912));
#5693=CARTESIAN_POINT('',(-0.756418425623643,4.01,0.367492765724985));
#5694=CARTESIAN_POINT('',(-0.757419445073412,4.01,0.363117483971559));
#5695=CARTESIAN_POINT('',(-0.758714286775241,4.01,0.358952370877685));
#5696=CARTESIAN_POINT('',(-0.760477304359013,4.01,0.355040837856427));
#5697=CARTESIAN_POINT('',(-0.762593425284712,4.01,0.351338265938872));
#5698=CARTESIAN_POINT('',(-0.765109354730984,4.01,0.347881395373029));
#5699=CARTESIAN_POINT('',(-0.76799704070285,4.01,0.344730934802376));
#5700=CARTESIAN_POINT('',(-0.771112457140123,4.01,0.341838033914418));
#5701=CARTESIAN_POINT('',(-0.774469338601021,4.01,0.339349666741617));
#5702=CARTESIAN_POINT('',(-0.7779651264872,4.01,0.337200860451887));
#5703=CARTESIAN_POINT('',(-0.781632676963142,4.01,0.335454342241578));
#5704=CARTESIAN_POINT('',(-0.785469637436793,4.01,0.334094189415102));
#5705=CARTESIAN_POINT('',(-0.78945861301315,4.01,0.333110358099857));
#5706=CARTESIAN_POINT('',(-0.793626284630808,4.01,0.332562818879434));
#5707=CARTESIAN_POINT('',(-0.796452488793927,4.01,0.332471728128196));
#5708=CARTESIAN_POINT('',(-0.797895657709297,4.01,0.332425213675214));
#5709=CARTESIAN_POINT('',(-0.755748881978057,4.,0.376903786590685));
#5710=CARTESIAN_POINT('',(-0.755748881978057,4.01,0.376903786590685));
#5711=CARTESIAN_POINT('',(-0.756092571623852,4.,0.388704702259167));
#5712=CARTESIAN_POINT('',(-0.756092571623852,4.01,0.388704702259167));
#5713=CARTESIAN_POINT('',(-0.763225850100347,4.,0.412743473623329));
#5714=CARTESIAN_POINT('',(-0.763225850100347,4.01,0.412743473623329));
#5715=CARTESIAN_POINT('',(-0.786076983661631,4.,0.424421189789562));
#5716=CARTESIAN_POINT('',(-0.786076983661631,4.01,0.424421189789562));
#5717=CARTESIAN_POINT('',(-0.797895656939634,4.,0.424690170922654));
#5718=CARTESIAN_POINT('',(-0.797895656939634,4.01,0.424690170922654));
#5719=CARTESIAN_POINT('',(-0.797895657709297,4.01,0.424690170940171));
#5720=CARTESIAN_POINT('',(-0.796450438567999,4.01,0.424657279204098));
#5721=CARTESIAN_POINT('',(-0.793613943404382,4.01,0.424592723423158));
#5722=CARTESIAN_POINT('',(-0.789462367929285,4.01,0.42384842227634));
#5723=CARTESIAN_POINT('',(-0.785437200474666,4.01,0.422843119706218));
#5724=CARTESIAN_POINT('',(-0.781629114431723,4.01,0.421218458611948));
#5725=CARTESIAN_POINT('',(-0.777932800904549,4.01,0.419283354635855));
#5726=CARTESIAN_POINT('',(-0.774453903294432,4.01,0.416818159287507));
#5727=CARTESIAN_POINT('',(-0.771093863808446,4.01,0.413991752480482));
#5728=CARTESIAN_POINT('',(-0.76797637875986,4.01,0.410718499147107));
#5729=CARTESIAN_POINT('',(-0.765124873207197,4.01,0.407157492546115));
#5730=CARTESIAN_POINT('',(-0.762607941693823,4.01,0.403370621538715));
#5731=CARTESIAN_POINT('',(-0.760483700938277,4.01,0.399408980144422));
#5732=CARTESIAN_POINT('',(-0.758711323303252,4.01,0.395276395271099));
#5733=CARTESIAN_POINT('',(-0.757432282518209,4.01,0.390925566067306));
#5734=CARTESIAN_POINT('',(-0.756425158136319,4.01,0.38642672112216));
#5735=CARTESIAN_POINT('',(-0.755889216977756,4.01,0.381722324236634));
#5736=CARTESIAN_POINT('',(-0.755796261144555,4.01,0.378530595996002));
#5737=CARTESIAN_POINT('',(-0.755748889546904,4.01,0.376904046474359));
#5738=CARTESIAN_POINT('',(-0.63906085535887,4.01,0.400267094017094));
#5739=CARTESIAN_POINT('',(-0.63906085535887,4.,0.400267094017094));
#5740=CARTESIAN_POINT('',(-0.63906085535887,4.,0.400267094017094));
#5741=CARTESIAN_POINT('',(-0.650551573841776,4.,0.414895499465812));
#5742=CARTESIAN_POINT('',(-0.63906085535887,4.01,0.400267094017094));
#5743=CARTESIAN_POINT('',(-0.63906085535887,4.01,0.400267094017094));
#5744=CARTESIAN_POINT('',(-0.63906085535887,4.01,0.400267094017094));
#5745=CARTESIAN_POINT('',(-0.650551573841776,4.01,0.414895499465812));
#5746=CARTESIAN_POINT('',(-0.650551573841776,4.01,0.414895499465812));
#5747=CARTESIAN_POINT('',(-0.650551573841776,4.01,0.414895499465812));
#5748=CARTESIAN_POINT('',(-0.650551573841776,4.,0.414895499465812));
#5749=CARTESIAN_POINT('',(-0.736074744247759,4.,0.358968349358974));
#5750=CARTESIAN_POINT('',(-0.650551573841776,4.01,0.414895499465812));
#5751=CARTESIAN_POINT('',(-0.736099131194472,4.01,0.358954913491509));
#5752=CARTESIAN_POINT('',(-0.736102115854132,4.01,0.35895044992972));
#5753=CARTESIAN_POINT('',(-0.858006844893457,4.01,0.381364983571163));
#5754=CARTESIAN_POINT('',(-0.858006844893457,4.,0.381364983571163));
#5755=CARTESIAN_POINT('',(-0.734039487837502,4.,0.380889756944444));
#5756=CARTESIAN_POINT('',(-0.858006844893457,4.01,0.381364983571163));
#5757=CARTESIAN_POINT('',(-0.734049489556838,4.01,0.380889948678897));
#5758=CARTESIAN_POINT('',(-0.734059483029578,4.00999999999996,0.380889833595652));
#5759=CARTESIAN_POINT('',(-0.734059483029578,4.00666666666663,0.380889833595652));
#5760=CARTESIAN_POINT('',(-0.734059483029578,4.00333333333329,0.380889833595652));
#5761=CARTESIAN_POINT('',(-0.734059483029578,3.99999999999996,0.380889833595652));
#5762=CARTESIAN_POINT('',(-0.734039504330693,4.01,0.380890370579839));
#5763=CARTESIAN_POINT('',(-0.734039504330693,4.,0.380890370579839));
#5764=CARTESIAN_POINT('',(-0.734482713437518,4.01000000000001,0.397380132281661));
#5765=CARTESIAN_POINT('',(-0.734482713437518,4.00000000000001,0.397380132281661));
#5766=CARTESIAN_POINT('',(-0.747046201100585,4.01,0.430645263636269));
#5767=CARTESIAN_POINT('',(-0.747046201100585,4.,0.430645263636269));
#5768=CARTESIAN_POINT('',(-0.780263730267585,4.01,0.44323546367268));
#5769=CARTESIAN_POINT('',(-0.780263730267585,4.,0.44323546367268));
#5770=CARTESIAN_POINT('',(-0.796751060371244,4.01,0.443685903839596));
#5771=CARTESIAN_POINT('',(-0.796751060371244,4.,0.443685903839596));
#5772=CARTESIAN_POINT('',(-0.734039487837502,4.,0.380889756944444));
#5773=CARTESIAN_POINT('',(-0.734097309830532,4.,0.383041046008523));
#5774=CARTESIAN_POINT('',(-0.734211130703123,4.,0.387275794512288));
#5775=CARTESIAN_POINT('',(-0.735087058816392,4.,0.39349315826281));
#5776=CARTESIAN_POINT('',(-0.736467434632725,4.,0.399467536771664));
#5777=CARTESIAN_POINT('',(-0.738479613921021,4.,0.405174167608063));
#5778=CARTESIAN_POINT('',(-0.741049994399122,4.,0.410633533653856));
#5779=CARTESIAN_POINT('',(-0.744130583220846,4.,0.415876964275658));
#5780=CARTESIAN_POINT('',(-0.747880450556708,4.,0.420805895363034));
#5781=CARTESIAN_POINT('',(-0.752069331216017,4.,0.425483800010611));
#5782=CARTESIAN_POINT('',(-0.756708882183105,4.,0.429730867329137));
#5783=CARTESIAN_POINT('',(-0.761631724926757,4.,0.433491038308092));
#5784=CARTESIAN_POINT('',(-0.766832730587124,4.,0.436649515712964));
#5785=CARTESIAN_POINT('',(-0.772309264860234,4.,0.439212129067751));
#5786=CARTESIAN_POINT('',(-0.778052885795562,4.,0.441202090773432));
#5787=CARTESIAN_POINT('',(-0.78405624470748,4.,0.442652772164165));
#5788=CARTESIAN_POINT('',(-0.79032348131483,4.,0.443510299920412));
#5789=CARTESIAN_POINT('',(-0.794585732866642,4.,0.443626746263659));
#5790=CARTESIAN_POINT('',(-0.796750825978528,4.,0.443685897435897));
#5791=CARTESIAN_POINT('',(-0.796750825978528,4.,0.443685897435897));
#5792=CARTESIAN_POINT('',(-0.734039487837502,4.01,0.380889756944444));
#5793=CARTESIAN_POINT('',(-0.734097309830532,4.01,0.383041046008523));
#5794=CARTESIAN_POINT('',(-0.734211130703123,4.01,0.387275794512288));
#5795=CARTESIAN_POINT('',(-0.735087058816392,4.01,0.39349315826281));
#5796=CARTESIAN_POINT('',(-0.736467434632725,4.01,0.399467536771664));
#5797=CARTESIAN_POINT('',(-0.738479613921021,4.01,0.405174167608063));
#5798=CARTESIAN_POINT('',(-0.741049994399122,4.01,0.410633533653856));
#5799=CARTESIAN_POINT('',(-0.744130583220846,4.01,0.415876964275658));
#5800=CARTESIAN_POINT('',(-0.747880450556708,4.01,0.420805895363034));
#5801=CARTESIAN_POINT('',(-0.752069331216017,4.01,0.425483800010611));
#5802=CARTESIAN_POINT('',(-0.756708882183105,4.01,0.429730867329137));
#5803=CARTESIAN_POINT('',(-0.761631724926757,4.01,0.433491038308092));
#5804=CARTESIAN_POINT('',(-0.766832730587124,4.01,0.436649515712964));
#5805=CARTESIAN_POINT('',(-0.772309264860234,4.01,0.439212129067751));
#5806=CARTESIAN_POINT('',(-0.778052885795562,4.01,0.441202090773432));
#5807=CARTESIAN_POINT('',(-0.78405624470748,4.01,0.442652772164165));
#5808=CARTESIAN_POINT('',(-0.79032348131483,4.01,0.443510299920412));
#5809=CARTESIAN_POINT('',(-0.794585732866642,4.01,0.443626746263659));
#5810=CARTESIAN_POINT('',(-0.796750825978528,4.01,0.443685897435897));
#5811=CARTESIAN_POINT('',(-0.796751061207946,4.01,0.44368588718957));
#5812=CARTESIAN_POINT('',(-0.796750825978528,4.01,0.443685897435897));
#5813=CARTESIAN_POINT('',(-0.79675106181775,4.01,0.443685888635858));
#5814=CARTESIAN_POINT('',(-0.79675106181775,4.,0.443685888635858));
#5815=CARTESIAN_POINT('',(-0.81396434452465,4.00999999999999,0.443043596970326));
#5816=CARTESIAN_POINT('',(-0.81396434452465,3.99999999999999,0.443043596970326));
#5817=CARTESIAN_POINT('',(-0.848897008728617,4.01000000000001,0.4301131766944));
#5818=CARTESIAN_POINT('',(-0.848897008728617,4.00000000000001,0.4301131766944));
#5819=CARTESIAN_POINT('',(-0.86094720437083,4.01,0.394756330482561));
#5820=CARTESIAN_POINT('',(-0.86094720437083,4.,0.394756330482561));
#5821=CARTESIAN_POINT('',(-0.861582230868774,4.01,0.377539847521832));
#5822=CARTESIAN_POINT('',(-0.861582230868775,4.,0.377539847521832));
#5823=CARTESIAN_POINT('',(-0.796750825978528,4.,0.443685897435897));
#5824=CARTESIAN_POINT('',(-0.799711171042236,4.,0.443575435939899));
#5825=CARTESIAN_POINT('',(-0.805532994818242,4.,0.443358202019564));
#5826=CARTESIAN_POINT('',(-0.814047886086022,4.,0.441776831345314));
#5827=CARTESIAN_POINT('',(-0.82209473241163,4.,0.439047738886854));
#5828=CARTESIAN_POINT('',(-0.82970515657254,4.,0.435396540437516));
#5829=CARTESIAN_POINT('',(-0.836657732832702,4.,0.430659397546417));
#5830=CARTESIAN_POINT('',(-0.842940997441421,4.,0.425045622775697));
#5831=CARTESIAN_POINT('',(-0.848417785573618,4.,0.418502150259633));
#5832=CARTESIAN_POINT('',(-0.853116093967991,4.,0.411183930871863));
#5833=CARTESIAN_POINT('',(-0.856848894071267,4.,0.403263344760506));
#5834=CARTESIAN_POINT('',(-0.859608629378283,4.,0.394958351136302));
#5835=CARTESIAN_POINT('',(-0.861257641359777,4.,0.386339936603105));
#5836=CARTESIAN_POINT('',(-0.861473531376455,4.,0.380486847313838));
#5837=CARTESIAN_POINT('',(-0.861582222880238,4.,0.377540064102564));
#5838=CARTESIAN_POINT('',(-0.861582222880238,4.,0.377540064102564));
#5839=CARTESIAN_POINT('',(-0.796750825978528,4.01,0.443685897435897));
#5840=CARTESIAN_POINT('',(-0.799711171042236,4.01,0.443575435939899));
#5841=CARTESIAN_POINT('',(-0.805532994818242,4.01,0.443358202019564));
#5842=CARTESIAN_POINT('',(-0.814047886086022,4.01,0.441776831345314));
#5843=CARTESIAN_POINT('',(-0.82209473241163,4.01,0.439047738886854));
#5844=CARTESIAN_POINT('',(-0.82970515657254,4.01,0.435396540437516));
#5845=CARTESIAN_POINT('',(-0.836657732832702,4.01,0.430659397546417));
#5846=CARTESIAN_POINT('',(-0.842940997441421,4.01,0.425045622775697));
#5847=CARTESIAN_POINT('',(-0.848417785573618,4.01,0.418502150259633));
#5848=CARTESIAN_POINT('',(-0.853116093967991,4.01,0.411183930871863));
#5849=CARTESIAN_POINT('',(-0.856848894071267,4.01,0.403263344760506));
#5850=CARTESIAN_POINT('',(-0.859608629378283,4.01,0.394958351136302));
#5851=CARTESIAN_POINT('',(-0.861257641359777,4.01,0.386339936603105));
#5852=CARTESIAN_POINT('',(-0.861473531376455,4.01,0.380486847313838));
#5853=CARTESIAN_POINT('',(-0.861582222880238,4.01,0.377540064102564));
#5854=CARTESIAN_POINT('',(-0.861582214238442,4.01,0.377539846229478));
#5855=CARTESIAN_POINT('',(-0.861582222880238,4.01,0.377540064102564));
#5856=CARTESIAN_POINT('',(-0.861582215783303,4.01,0.377539845386516));
#5857=CARTESIAN_POINT('',(-0.861582215783303,4.,0.377539845386516));
#5858=CARTESIAN_POINT('',(-0.861034225527973,4.01,0.360651672300683));
#5859=CARTESIAN_POINT('',(-0.861034225527973,4.,0.360651672300683));
#5860=CARTESIAN_POINT('',(-0.848425115227269,4.01,0.326382515594989));
#5861=CARTESIAN_POINT('',(-0.848425115227269,4.,0.326382515594989));
#5862=CARTESIAN_POINT('',(-0.814025768299421,4.01,0.313953220049234));
#5863=CARTESIAN_POINT('',(-0.814025768299421,4.,0.313953220049234));
#5864=CARTESIAN_POINT('',(-0.797132229074595,4.01,0.313429480747094));
#5865=CARTESIAN_POINT('',(-0.797132229074595,4.,0.313429480747094));
#5866=CARTESIAN_POINT('',(-0.861582222880237,4.,0.377540064102564));
#5867=CARTESIAN_POINT('',(-0.861489803051933,4.,0.374691834513886));
#5868=CARTESIAN_POINT('',(-0.861306735553503,4.,0.369049990384589));
#5869=CARTESIAN_POINT('',(-0.859675934945436,4.,0.360750681813433));
#5870=CARTESIAN_POINT('',(-0.857032708793105,4.,0.352776078450401));
#5871=CARTESIAN_POINT('',(-0.853391129977509,4.,0.345182235129746));
#5872=CARTESIAN_POINT('',(-0.848791619882173,4.,0.338147181751197));
#5873=CARTESIAN_POINT('',(-0.843253615070736,4.,0.331855258368096));
#5874=CARTESIAN_POINT('',(-0.836899511806655,4.,0.326328355903232));
#5875=CARTESIAN_POINT('',(-0.829709818026843,4.,0.321753058511932));
#5876=CARTESIAN_POINT('',(-0.822033776985507,4.,0.318024178719983));
#5877=CARTESIAN_POINT('',(-0.813956914418208,4.,0.315394145880416));
#5878=CARTESIAN_POINT('',(-0.805641780389171,4.,0.313693296778045));
#5879=CARTESIAN_POINT('',(-0.799981571155911,4.,0.313517817028401));
#5880=CARTESIAN_POINT('',(-0.797132436555451,4.,0.313429487179487));
#5881=CARTESIAN_POINT('',(-0.797132436555451,4.,0.313429487179487));
#5882=CARTESIAN_POINT('',(-0.861582222880237,4.01,0.377540064102564));
#5883=CARTESIAN_POINT('',(-0.861489803051933,4.01,0.374691834513886));
#5884=CARTESIAN_POINT('',(-0.861306735553503,4.01,0.369049990384589));
#5885=CARTESIAN_POINT('',(-0.859675934945436,4.01,0.360750681813433));
#5886=CARTESIAN_POINT('',(-0.857032708793105,4.01,0.352776078450401));
#5887=CARTESIAN_POINT('',(-0.853391129977509,4.01,0.345182235129746));
#5888=CARTESIAN_POINT('',(-0.848791619882173,4.01,0.338147181751197));
#5889=CARTESIAN_POINT('',(-0.843253615070736,4.01,0.331855258368096));
#5890=CARTESIAN_POINT('',(-0.836899511806655,4.01,0.326328355903232));
#5891=CARTESIAN_POINT('',(-0.829709818026843,4.01,0.321753058511932));
#5892=CARTESIAN_POINT('',(-0.822033776985507,4.01,0.318024178719983));
#5893=CARTESIAN_POINT('',(-0.813956914418208,4.01,0.315394145880416));
#5894=CARTESIAN_POINT('',(-0.805641780389171,4.01,0.313693296778045));
#5895=CARTESIAN_POINT('',(-0.799981571155911,4.01,0.313517817028401));
#5896=CARTESIAN_POINT('',(-0.797132436555451,4.01,0.313429487179487));
#5897=CARTESIAN_POINT('',(-0.797132227641819,4.01,0.313429497377349));
#5898=CARTESIAN_POINT('',(-0.797132436555451,4.01,0.313429487179487));
#5899=CARTESIAN_POINT('',(-0.797132227292454,4.01,0.313429494546363));
#5900=CARTESIAN_POINT('',(-0.797132227292454,4.,0.313429494546363));
#5901=CARTESIAN_POINT('',(-0.77485303104165,4.01,0.314213809399748));
#5902=CARTESIAN_POINT('',(-0.77485303104165,4.,0.314213809399748));
#5903=CARTESIAN_POINT('',(-0.754202377914007,4.01,0.324737762677095));
#5904=CARTESIAN_POINT('',(-0.754202377914007,4.,0.324737762677095));
#5905=CARTESIAN_POINT('',(-0.73565073255527,4.01,0.337089342909005));
#5906=CARTESIAN_POINT('',(-0.73565073255527,4.,0.337089342909005));
#5907=CARTESIAN_POINT('',(-0.797132436555451,4.,0.313429487179487));
#5908=CARTESIAN_POINT('',(-0.794953391162848,4.,0.313506198100558));
#5909=CARTESIAN_POINT('',(-0.790506176691371,4.,0.313662757445059));
#5910=CARTESIAN_POINT('',(-0.783751262018121,4.,0.314597085575693));
#5911=CARTESIAN_POINT('',(-0.776866618380175,4.,0.316310757521446));
#5912=CARTESIAN_POINT('',(-0.771030324116792,4.,0.318165325111593));
#5913=CARTESIAN_POINT('',(-0.766196815057613,4.,0.320005615993281));
#5914=CARTESIAN_POINT('',(-0.762379920635839,4.,0.32171197604353));
#5915=CARTESIAN_POINT('',(-0.758349157569157,4.,0.323619894494989));
#5916=CARTESIAN_POINT('',(-0.754180791861146,4.,0.325856240616257));
#5917=CARTESIAN_POINT('',(-0.749755724275078,4.,0.328226947979325));
#5918=CARTESIAN_POINT('',(-0.745237828572835,4.,0.33099620320737));
#5919=CARTESIAN_POINT('',(-0.740462097252865,4.,0.333885963589373));
#5920=CARTESIAN_POINT('',(-0.73728248952329,4.,0.336002928377046));
#5921=CARTESIAN_POINT('',(-0.735650732495622,4.,0.337089342948718));
#5922=CARTESIAN_POINT('',(-0.735650732495622,4.,0.337089342948718));
#5923=CARTESIAN_POINT('',(-0.797132436555451,4.01,0.313429487179487));
#5924=CARTESIAN_POINT('',(-0.794953391162848,4.01,0.313506198100558));
#5925=CARTESIAN_POINT('',(-0.790506176691371,4.01,0.313662757445059));
#5926=CARTESIAN_POINT('',(-0.783751262018121,4.01,0.314597085575693));
#5927=CARTESIAN_POINT('',(-0.776866618380175,4.01,0.316310757521446));
#5928=CARTESIAN_POINT('',(-0.771030324116792,4.01,0.318165325111593));
#5929=CARTESIAN_POINT('',(-0.766196815057613,4.01,0.320005615993281));
#5930=CARTESIAN_POINT('',(-0.762379920635839,4.01,0.32171197604353));
#5931=CARTESIAN_POINT('',(-0.758349157569157,4.01,0.323619894494989));
#5932=CARTESIAN_POINT('',(-0.754180791861146,4.01,0.325856240616257));
#5933=CARTESIAN_POINT('',(-0.749755724275078,4.01,0.328226947979325));
#5934=CARTESIAN_POINT('',(-0.745237828572835,4.01,0.33099620320737));
#5935=CARTESIAN_POINT('',(-0.740462097252865,4.01,0.333885963589373));
#5936=CARTESIAN_POINT('',(-0.73728248952329,4.01,0.336002928377046));
#5937=CARTESIAN_POINT('',(-0.735650732495622,4.01,0.337089342948718));
#5938=CARTESIAN_POINT('',(-0.735650732495622,4.01,0.337089342948718));
#5939=CARTESIAN_POINT('',(-0.735650732495622,4.01,0.337089342948718));
#5940=CARTESIAN_POINT('',(-0.735650732495622,4.01,0.337089342948718));
#5941=CARTESIAN_POINT('',(-0.735650732495622,4.,0.337089342948718));
#5942=CARTESIAN_POINT('',(-0.735650732495622,4.01,0.337089342948718));
#5943=CARTESIAN_POINT('',(0.,4.01,0.));
#5944=CARTESIAN_POINT('',(0.,4.,0.));
#5945=CARTESIAN_POINT('',(-0.702832222880237,4.,0.161463675213675));
#5946=CARTESIAN_POINT('',(-0.704262375851111,4.,0.161500319316743));
#5947=CARTESIAN_POINT('',(-0.707082899267487,4.,0.161572588194885));
#5948=CARTESIAN_POINT('',(-0.711227114456602,4.,0.162269745001153));
#5949=CARTESIAN_POINT('',(-0.715199686187814,4.,0.163435621924813));
#5950=CARTESIAN_POINT('',(-0.719039241324961,4.,0.164997080307919));
#5951=CARTESIAN_POINT('',(-0.722708444175366,4.,0.16705336695001));
#5952=CARTESIAN_POINT('',(-0.726189898919734,4.,0.169576666326835));
#5953=CARTESIAN_POINT('',(-0.729523071382537,4.,0.172534287444598));
#5954=CARTESIAN_POINT('',(-0.73265617419395,4.,0.175886693603409));
#5955=CARTESIAN_POINT('',(-0.735531948620335,4.,0.179555672860308));
#5956=CARTESIAN_POINT('',(-0.73804354791378,4.,0.183474333220814));
#5957=CARTESIAN_POINT('',(-0.740164595743003,4.,0.18757521383258));
#5958=CARTESIAN_POINT('',(-0.741866479437391,4.,0.191872750552105));
#5959=CARTESIAN_POINT('',(-0.743233946703752,4.,0.196335095115502));
#5960=CARTESIAN_POINT('',(-0.74421206111274,4.,0.201002353061721));
#5961=CARTESIAN_POINT('',(-0.744753460101524,4.,0.205859089326651));
#5962=CARTESIAN_POINT('',(-0.744846829107836,4.,0.209149597752558));
#5963=CARTESIAN_POINT('',(-0.744894188692203,4.,0.210818643162393));
#5964=CARTESIAN_POINT('',(-0.702832222880237,4.,0.161463675213675));
#5965=CARTESIAN_POINT('',(-0.744894188692203,4.,0.210818643162393));
#5966=CARTESIAN_POINT('',(-0.744894188692203,4.,0.210818643162393));
#5967=CARTESIAN_POINT('',(-0.744848203578496,4.,0.212501938301776));
#5968=CARTESIAN_POINT('',(-0.744758686195158,4.,0.215778741686914));
#5969=CARTESIAN_POINT('',(-0.744213841566304,4.,0.22057917834202));
#5970=CARTESIAN_POINT('',(-0.74324779574031,4.,0.22511030873997));
#5971=CARTESIAN_POINT('',(-0.741861698869225,4.,0.229384236674157));
#5972=CARTESIAN_POINT('',(-0.740189128891733,4.,0.233443815980172));
#5973=CARTESIAN_POINT('',(-0.738059642114963,4.,0.237224565352417));
#5974=CARTESIAN_POINT('',(-0.735518636097523,4.,0.240729648949842));
#5975=CARTESIAN_POINT('',(-0.732663554198378,4.,0.243982537871253));
#5976=CARTESIAN_POINT('',(-0.729491542716676,4.,0.246871122617975));
#5977=CARTESIAN_POINT('',(-0.726171574837621,4.,0.24944396304507));
#5978=CARTESIAN_POINT('',(-0.722689076996635,4.,0.251630816408095));
#5979=CARTESIAN_POINT('',(-0.719000436849056,4.,0.253358214593449));
#5980=CARTESIAN_POINT('',(-0.71519544376532,4.,0.254778472252826));
#5981=CARTESIAN_POINT('',(-0.711212823235329,4.,0.255759275838774));
#5982=CARTESIAN_POINT('',(-0.707073324718478,4.,0.256302614087617));
#5983=CARTESIAN_POINT('',(-0.704261263020158,4.,0.256395237903369));
#5984=CARTESIAN_POINT('',(-0.702832222880237,4.,0.256442307692308));
#5985=CARTESIAN_POINT('',(-0.702832222880237,4.,0.256442307692308));
#5986=CARTESIAN_POINT('',(-0.702832222880237,4.,0.256442307692308));
#5987=CARTESIAN_POINT('',(-0.701402582860127,4.,0.256401812329155));
#5988=CARTESIAN_POINT('',(-0.698585301838531,4.,0.256322011248836));
#5989=CARTESIAN_POINT('',(-0.69443971959626,4.,0.255681678850083));
#5990=CARTESIAN_POINT('',(-0.690466674387365,4.,0.254555492994264));
#5991=CARTESIAN_POINT('',(-0.686645419018858,4.,0.253043429044196));
#5992=CARTESIAN_POINT('',(-0.683003593666344,4.,0.251055300250407));
#5993=CARTESIAN_POINT('',(-0.679517443634181,4.,0.248660711173556));
#5994=CARTESIAN_POINT('',(-0.676143878425124,4.,0.245871613631663));
#5995=CARTESIAN_POINT('',(-0.673056641381999,4.,0.242598418040847));
#5996=CARTESIAN_POINT('',(-0.670174055398564,4.,0.239076771178622));
#5997=CARTESIAN_POINT('',(-0.667675159544455,4.,0.235290216534363));
#5998=CARTESIAN_POINT('',(-0.665542076255366,4.,0.231332679218509));
#5999=CARTESIAN_POINT('',(-0.66379692818133,4.,0.227201005820167));
#6000=CARTESIAN_POINT('',(-0.662432392396879,4.,0.222886596096094));
#6001=CARTESIAN_POINT('',(-0.661451818084124,4.,0.218389216865477));
#6002=CARTESIAN_POINT('',(-0.660909188676088,4.,0.213686901213789));
#6003=CARTESIAN_POINT('',(-0.66081715746534,4.,0.210494885251303));
#6004=CARTESIAN_POINT('',(-0.660770257068272,4.,0.208868189102564));
#6005=CARTESIAN_POINT('',(-0.660770257068272,4.,0.208868189102564));
#6006=CARTESIAN_POINT('',(-0.660770257068272,4.,0.208868189102564));
#6007=CARTESIAN_POINT('',(-0.660817224683652,4.,0.207255636157386));
#6008=CARTESIAN_POINT('',(-0.660909374758216,4.,0.2040918205595));
#6009=CARTESIAN_POINT('',(-0.661450882726284,4.,0.1994313663934));
#6010=CARTESIAN_POINT('',(-0.662438637828551,4.,0.194964183895424));
#6011=CARTESIAN_POINT('',(-0.66379758716619,4.,0.19066305662672));
#6012=CARTESIAN_POINT('',(-0.665532583955725,4.,0.186540091909199));
#6013=CARTESIAN_POINT('',(-0.66767514337845,4.,0.182614034734792));
#6014=CARTESIAN_POINT('',(-0.670187403152439,4.,0.178866937327749));
#6015=CARTESIAN_POINT('',(-0.67305297073402,4.,0.175346294854378));
#6016=CARTESIAN_POINT('',(-0.676158699673454,4.,0.172080117508222));
#6017=CARTESIAN_POINT('',(-0.679502703154899,4.,0.169241900840491));
#6018=CARTESIAN_POINT('',(-0.68300543934435,4.,0.166852860491119));
#6019=CARTESIAN_POINT('',(-0.686644928503653,4.,0.164861975070988));
#6020=CARTESIAN_POINT('',(-0.690466805303315,4.,0.163350644387964));
#6021=CARTESIAN_POINT('',(-0.694439684135798,4.,0.162224262213793));
#6022=CARTESIAN_POINT('',(-0.698585311079414,4.,0.161583982561066));
#6023=CARTESIAN_POINT('',(-0.701402585970884,4.,0.161504174247412));
#6024=CARTESIAN_POINT('',(-0.702832222880237,4.,0.161463675213675));
#6025=CARTESIAN_POINT('',(-0.702832653168702,4.,0.161463663024379));
#6026=CARTESIAN_POINT('',(-0.702832653168702,4.01,0.161463663024379));
#6027=CARTESIAN_POINT('',(-0.691095228252591,4.,0.161796163091043));
#6028=CARTESIAN_POINT('',(-0.691095228252591,4.01,0.161796163091043));
#6029=CARTESIAN_POINT('',(-0.668392280570111,4.,0.17327805282194));
#6030=CARTESIAN_POINT('',(-0.668392280570111,4.01,0.17327805282194));
#6031=CARTESIAN_POINT('',(-0.661111989399444,4.,0.197135392575541));
#6032=CARTESIAN_POINT('',(-0.661111989399444,4.01,0.197135392575541));
#6033=CARTESIAN_POINT('',(-0.66077026474518,4.,0.208867925529037));
#6034=CARTESIAN_POINT('',(-0.66077026474518,4.01,0.208867925529037));
#6035=CARTESIAN_POINT('',(-0.660770257068272,4.01,0.208868189102564));
#6036=CARTESIAN_POINT('',(-0.660770266148668,4.01,0.208867925739676));
#6037=CARTESIAN_POINT('',(-0.660770257068272,4.01,0.208868189102564));
#6038=CARTESIAN_POINT('',(-0.660817224683652,4.01,0.207255636157386));
#6039=CARTESIAN_POINT('',(-0.660909374758216,4.01,0.2040918205595));
#6040=CARTESIAN_POINT('',(-0.661450882726284,4.01,0.1994313663934));
#6041=CARTESIAN_POINT('',(-0.662438637828551,4.01,0.194964183895424));
#6042=CARTESIAN_POINT('',(-0.66379758716619,4.01,0.19066305662672));
#6043=CARTESIAN_POINT('',(-0.665532583955725,4.01,0.186540091909199));
#6044=CARTESIAN_POINT('',(-0.66767514337845,4.01,0.182614034734792));
#6045=CARTESIAN_POINT('',(-0.670187403152439,4.01,0.178866937327749));
#6046=CARTESIAN_POINT('',(-0.67305297073402,4.01,0.175346294854378));
#6047=CARTESIAN_POINT('',(-0.676158699673454,4.01,0.172080117508222));
#6048=CARTESIAN_POINT('',(-0.679502703154899,4.01,0.169241900840491));
#6049=CARTESIAN_POINT('',(-0.68300543934435,4.01,0.166852860491119));
#6050=CARTESIAN_POINT('',(-0.686644928503653,4.01,0.164861975070988));
#6051=CARTESIAN_POINT('',(-0.690466805303315,4.01,0.163350644387964));
#6052=CARTESIAN_POINT('',(-0.694439684135798,4.01,0.162224262213793));
#6053=CARTESIAN_POINT('',(-0.698585311079414,4.01,0.161583982561066));
#6054=CARTESIAN_POINT('',(-0.701402585970884,4.01,0.161504174247412));
#6055=CARTESIAN_POINT('',(-0.702832222880237,4.01,0.161463675213675));
#6056=CARTESIAN_POINT('',(-0.702832654379238,4.01,0.161463688000117));
#6057=CARTESIAN_POINT('',(-0.702832222880237,4.01,0.161463675213675));
#6058=CARTESIAN_POINT('',(-0.660770249495833,4.,0.208867926459632));
#6059=CARTESIAN_POINT('',(-0.660770249495833,4.01,0.208867926459632));
#6060=CARTESIAN_POINT('',(-0.661109345103418,4.,0.220629138589963));
#6061=CARTESIAN_POINT('',(-0.661109345103418,4.01,0.220629138589963));
#6062=CARTESIAN_POINT('',(-0.668261615540655,4.00000000000001,0.244609725903781));
#6063=CARTESIAN_POINT('',(-0.668261615540655,4.01000000000001,0.244609725903781));
#6064=CARTESIAN_POINT('',(-0.691066011344834,3.99999999999998,0.256109023084984));
#6065=CARTESIAN_POINT('',(-0.691066011344834,4.00999999999998,0.256109023084984));
#6066=CARTESIAN_POINT('',(-0.702831971858567,4.,0.256442300581977));
#6067=CARTESIAN_POINT('',(-0.702831971858567,4.01,0.256442300581977));
#6068=CARTESIAN_POINT('',(-0.702832222880237,4.01,0.256442307692308));
#6069=CARTESIAN_POINT('',(-0.70283197230148,4.01,0.256442299270177));
#6070=CARTESIAN_POINT('',(-0.702832222880237,4.01,0.256442307692308));
#6071=CARTESIAN_POINT('',(-0.701402582860127,4.01,0.256401812329155));
#6072=CARTESIAN_POINT('',(-0.698585301838531,4.01,0.256322011248836));
#6073=CARTESIAN_POINT('',(-0.69443971959626,4.01,0.255681678850083));
#6074=CARTESIAN_POINT('',(-0.690466674387365,4.01,0.254555492994264));
#6075=CARTESIAN_POINT('',(-0.686645419018858,4.01,0.253043429044196));
#6076=CARTESIAN_POINT('',(-0.683003593666344,4.01,0.251055300250407));
#6077=CARTESIAN_POINT('',(-0.679517443634181,4.01,0.248660711173556));
#6078=CARTESIAN_POINT('',(-0.676143878425124,4.01,0.245871613631663));
#6079=CARTESIAN_POINT('',(-0.673056641381999,4.01,0.242598418040847));
#6080=CARTESIAN_POINT('',(-0.670174055398564,4.01,0.239076771178622));
#6081=CARTESIAN_POINT('',(-0.667675159544455,4.01,0.235290216534363));
#6082=CARTESIAN_POINT('',(-0.665542076255366,4.01,0.231332679218509));
#6083=CARTESIAN_POINT('',(-0.66379692818133,4.01,0.227201005820167));
#6084=CARTESIAN_POINT('',(-0.662432392396879,4.01,0.222886596096094));
#6085=CARTESIAN_POINT('',(-0.661451818084124,4.01,0.218389216865477));
#6086=CARTESIAN_POINT('',(-0.660909188676088,4.01,0.213686901213789));
#6087=CARTESIAN_POINT('',(-0.66081715746534,4.01,0.210494885251303));
#6088=CARTESIAN_POINT('',(-0.660770257068272,4.01,0.208868189102564));
#6089=CARTESIAN_POINT('',(-0.702831973151992,4.,0.256442315917868));
#6090=CARTESIAN_POINT('',(-0.702831973151992,4.01,0.256442315917868));
#6091=CARTESIAN_POINT('',(-0.714405839111685,4.,0.256061095395987));
#6092=CARTESIAN_POINT('',(-0.714405839111685,4.01,0.256061095395987));
#6093=CARTESIAN_POINT('',(-0.737811925867516,4.,0.246409286586362));
#6094=CARTESIAN_POINT('',(-0.737811925867516,4.01,0.246409286586362));
#6095=CARTESIAN_POINT('',(-0.744577968409406,4.,0.222393955613312));
#6096=CARTESIAN_POINT('',(-0.744577968409406,4.01,0.222393955613312));
#6097=CARTESIAN_POINT('',(-0.744894177394631,4.,0.210819056712471));
#6098=CARTESIAN_POINT('',(-0.744894177394631,4.01,0.210819056712471));
#6099=CARTESIAN_POINT('',(-0.744894188692203,4.01,0.210818643162393));
#6100=CARTESIAN_POINT('',(-0.74489417540914,4.01,0.210819056445022));
#6101=CARTESIAN_POINT('',(-0.744894188692203,4.01,0.210818643162393));
#6102=CARTESIAN_POINT('',(-0.744848203578496,4.01,0.212501938301776));
#6103=CARTESIAN_POINT('',(-0.744758686195158,4.01,0.215778741686914));
#6104=CARTESIAN_POINT('',(-0.744213841566304,4.01,0.22057917834202));
#6105=CARTESIAN_POINT('',(-0.74324779574031,4.01,0.22511030873997));
#6106=CARTESIAN_POINT('',(-0.741861698869225,4.01,0.229384236674157));
#6107=CARTESIAN_POINT('',(-0.740189128891733,4.01,0.233443815980172));
#6108=CARTESIAN_POINT('',(-0.738059642114963,4.01,0.237224565352417));
#6109=CARTESIAN_POINT('',(-0.735518636097523,4.01,0.240729648949842));
#6110=CARTESIAN_POINT('',(-0.732663554198378,4.01,0.243982537871253));
#6111=CARTESIAN_POINT('',(-0.729491542716676,4.01,0.246871122617975));
#6112=CARTESIAN_POINT('',(-0.726171574837621,4.01,0.24944396304507));
#6113=CARTESIAN_POINT('',(-0.722689076996635,4.01,0.251630816408095));
#6114=CARTESIAN_POINT('',(-0.719000436849056,4.01,0.253358214593449));
#6115=CARTESIAN_POINT('',(-0.71519544376532,4.01,0.254778472252826));
#6116=CARTESIAN_POINT('',(-0.711212823235329,4.01,0.255759275838774));
#6117=CARTESIAN_POINT('',(-0.707073324718478,4.01,0.256302614087617));
#6118=CARTESIAN_POINT('',(-0.704261263020158,4.01,0.256395237903369));
#6119=CARTESIAN_POINT('',(-0.702832222880237,4.01,0.256442307692308));
#6120=CARTESIAN_POINT('',(-0.744894200391352,4.,0.210819055463559));
#6121=CARTESIAN_POINT('',(-0.744894200391352,4.01,0.210819055463559));
#6122=CARTESIAN_POINT('',(-0.744553672006182,4.,0.19881816175258));
#6123=CARTESIAN_POINT('',(-0.744553672006182,4.01,0.19881816175258));
#6124=CARTESIAN_POINT('',(-0.737787478711798,4.,0.174316655552622));
#6125=CARTESIAN_POINT('',(-0.737787478711798,4.01,0.174316655552622));
#6126=CARTESIAN_POINT('',(-0.714842753647131,4.,0.161771415118952));
#6127=CARTESIAN_POINT('',(-0.714842753647131,4.01,0.161771415118952));
#6128=CARTESIAN_POINT('',(-0.702832655067713,4.,0.161463686287401));
#6129=CARTESIAN_POINT('',(-0.702832655067713,4.01,0.161463686287401));
#6130=CARTESIAN_POINT('',(-0.702832222880237,4.01,0.161463675213675));
#6131=CARTESIAN_POINT('',(-0.704262375851111,4.01,0.161500319316743));
#6132=CARTESIAN_POINT('',(-0.707082899267487,4.01,0.161572588194885));
#6133=CARTESIAN_POINT('',(-0.711227114456602,4.01,0.162269745001153));
#6134=CARTESIAN_POINT('',(-0.715199686187814,4.01,0.163435621924813));
#6135=CARTESIAN_POINT('',(-0.719039241324961,4.01,0.164997080307919));
#6136=CARTESIAN_POINT('',(-0.722708444175366,4.01,0.16705336695001));
#6137=CARTESIAN_POINT('',(-0.726189898919734,4.01,0.169576666326835));
#6138=CARTESIAN_POINT('',(-0.729523071382537,4.01,0.172534287444598));
#6139=CARTESIAN_POINT('',(-0.73265617419395,4.01,0.175886693603409));
#6140=CARTESIAN_POINT('',(-0.735531948620335,4.01,0.179555672860308));
#6141=CARTESIAN_POINT('',(-0.73804354791378,4.01,0.183474333220814));
#6142=CARTESIAN_POINT('',(-0.740164595743003,4.01,0.18757521383258));
#6143=CARTESIAN_POINT('',(-0.741866479437391,4.01,0.191872750552105));
#6144=CARTESIAN_POINT('',(-0.743233946703752,4.01,0.196335095115502));
#6145=CARTESIAN_POINT('',(-0.74421206111274,4.01,0.201002353061721));
#6146=CARTESIAN_POINT('',(-0.744753460101524,4.01,0.205859089326651));
#6147=CARTESIAN_POINT('',(-0.744846829107836,4.01,0.209149597752558));
#6148=CARTESIAN_POINT('',(-0.744894188692203,4.01,0.210818643162393));
#6149=CARTESIAN_POINT('',(-0.861582222880237,4.01,0.185886752136752));
#6150=CARTESIAN_POINT('',(-0.861582222880237,4.,0.185886752136752));
#6151=CARTESIAN_POINT('',(-0.861582222880237,4.,0.185886752136752));
#6152=CARTESIAN_POINT('',(-0.851024330252032,4.,0.170707131410256));
#6153=CARTESIAN_POINT('',(-0.861582222880237,4.01,0.185886752136752));
#6154=CARTESIAN_POINT('',(-0.861582222880237,4.01,0.185886752136752));
#6155=CARTESIAN_POINT('',(-0.861582222880237,4.01,0.185886752136752));
#6156=CARTESIAN_POINT('',(-0.851024330252032,4.01,0.170707131410256));
#6157=CARTESIAN_POINT('',(-0.851024330252032,4.01,0.170707131410256));
#6158=CARTESIAN_POINT('',(-0.851024330252032,4.01,0.170707131410256));
#6159=CARTESIAN_POINT('',(-0.851024330252032,4.,0.170707131410256));
#6160=CARTESIAN_POINT('',(-0.764992345743485,4.,0.229559962606838));
#6161=CARTESIAN_POINT('',(-0.851024330252032,4.01,0.170707131410256));
#6162=CARTESIAN_POINT('',(-0.764974792061004,4.01,0.229570143358811));
#6163=CARTESIAN_POINT('',(-0.76497279897235,4.01,0.22957333417822));
#6164=CARTESIAN_POINT('',(-0.59962674014624,4.01,0.206388959534265));
#6165=CARTESIAN_POINT('',(-0.59962674014624,4.,0.206388959534265));
#6166=CARTESIAN_POINT('',(-0.766603590401605,4.,0.207299345619658));
#6167=CARTESIAN_POINT('',(-0.59962674014624,4.01,0.206388959534265));
#6168=CARTESIAN_POINT('',(-0.766595707388364,4.01,0.20729918004126));
#6169=CARTESIAN_POINT('',(-0.766587830675069,4.01,0.207299259694958));
#6170=CARTESIAN_POINT('',(-0.766587830675069,4.00666666666667,0.207299259694958));
#6171=CARTESIAN_POINT('',(-0.766587830675069,4.00333333333333,0.207299259694958));
#6172=CARTESIAN_POINT('',(-0.766587830675069,4.,0.207299259694958));
#6173=CARTESIAN_POINT('',(-0.766603577801711,4.01,0.207298855155468));
#6174=CARTESIAN_POINT('',(-0.766603577801711,4.,0.207298855155468));
#6175=CARTESIAN_POINT('',(-0.766173060378355,4.01,0.190540510042328));
#6176=CARTESIAN_POINT('',(-0.766173060378355,4.,0.190540510042328));
#6177=CARTESIAN_POINT('',(-0.754166291168167,4.01,0.156561393387066));
#6178=CARTESIAN_POINT('',(-0.754166291168167,4.00000000000001,0.156561393387066));
#6179=CARTESIAN_POINT('',(-0.720650986248464,4.01,0.142895463905204));
#6180=CARTESIAN_POINT('',(-0.720650986248464,4.,0.142895463905204));
#6181=CARTESIAN_POINT('',(-0.703892002088915,4.01,0.142467942336072));
#6182=CARTESIAN_POINT('',(-0.703892002088915,4.,0.142467942336072));
#6183=CARTESIAN_POINT('',(-0.766603590401605,4.,0.207299345619658));
#6184=CARTESIAN_POINT('',(-0.766546508902791,4.,0.205077388002576));
#6185=CARTESIAN_POINT('',(-0.766434462912276,4.,0.200715879505711));
#6186=CARTESIAN_POINT('',(-0.76555138252245,4.,0.194302614936108));
#6187=CARTESIAN_POINT('',(-0.764175881579281,4.,0.188131102445893));
#6188=CARTESIAN_POINT('',(-0.762170994932705,4.,0.182224849460654));
#6189=CARTESIAN_POINT('',(-0.759608697155279,4.,0.176589117462124));
#6190=CARTESIAN_POINT('',(-0.756487484171768,4.,0.171204240218826));
#6191=CARTESIAN_POINT('',(-0.752795737881964,4.,0.166077347974299));
#6192=CARTESIAN_POINT('',(-0.748573141008386,4.,0.161268768642605));
#6193=CARTESIAN_POINT('',(-0.743935774165839,4.,0.156895703499207));
#6194=CARTESIAN_POINT('',(-0.739027834278393,4.,0.152999608825287));
#6195=CARTESIAN_POINT('',(-0.733792037927463,4.,0.149761650064375));
#6196=CARTESIAN_POINT('',(-0.728335261017472,4.,0.147071874309202));
#6197=CARTESIAN_POINT('',(-0.722579054704448,4.,0.145031985321952));
#6198=CARTESIAN_POINT('',(-0.716588924536146,4.,0.143546536524798));
#6199=CARTESIAN_POINT('',(-0.710322887079763,4.,0.142631994167377));
#6200=CARTESIAN_POINT('',(-0.706057795846299,4.,0.142523191719731));
#6201=CARTESIAN_POINT('',(-0.703892252260579,4.,0.142467948717949));
#6202=CARTESIAN_POINT('',(-0.703892252260579,4.,0.142467948717949));
#6203=CARTESIAN_POINT('',(-0.766603590401605,4.01,0.207299345619658));
#6204=CARTESIAN_POINT('',(-0.766546508902791,4.01,0.205077388002576));
#6205=CARTESIAN_POINT('',(-0.766434462912276,4.01,0.200715879505711));
#6206=CARTESIAN_POINT('',(-0.76555138252245,4.01,0.194302614936108));
#6207=CARTESIAN_POINT('',(-0.764175881579281,4.01,0.188131102445893));
#6208=CARTESIAN_POINT('',(-0.762170994932705,4.01,0.182224849460654));
#6209=CARTESIAN_POINT('',(-0.759608697155279,4.01,0.176589117462124));
#6210=CARTESIAN_POINT('',(-0.756487484171768,4.01,0.171204240218826));
#6211=CARTESIAN_POINT('',(-0.752795737881964,4.01,0.166077347974299));
#6212=CARTESIAN_POINT('',(-0.748573141008386,4.01,0.161268768642605));
#6213=CARTESIAN_POINT('',(-0.743935774165839,4.01,0.156895703499207));
#6214=CARTESIAN_POINT('',(-0.739027834278393,4.01,0.152999608825287));
#6215=CARTESIAN_POINT('',(-0.733792037927463,4.01,0.149761650064375));
#6216=CARTESIAN_POINT('',(-0.728335261017472,4.01,0.147071874309202));
#6217=CARTESIAN_POINT('',(-0.722579054704448,4.01,0.145031985321952));
#6218=CARTESIAN_POINT('',(-0.716588924536146,4.01,0.143546536524798));
#6219=CARTESIAN_POINT('',(-0.710322887079763,4.01,0.142631994167377));
#6220=CARTESIAN_POINT('',(-0.706057795846299,4.01,0.142523191719731));
#6221=CARTESIAN_POINT('',(-0.703892252260579,4.01,0.142467948717949));
#6222=CARTESIAN_POINT('',(-0.703892001205773,4.01,0.142467958985631));
#6223=CARTESIAN_POINT('',(-0.703892252260579,4.01,0.142467948717949));
#6224=CARTESIAN_POINT('',(-0.70389200041522,4.01,0.142467957638132));
#6225=CARTESIAN_POINT('',(-0.70389200041522,4.,0.142467957638132));
#6226=CARTESIAN_POINT('',(-0.686522680246159,4.01,0.143083166582587));
#6227=CARTESIAN_POINT('',(-0.686522680246159,4.,0.143083166582587));
#6228=CARTESIAN_POINT('',(-0.651580632888614,4.01,0.156836593981644));
#6229=CARTESIAN_POINT('',(-0.651580632888614,4.,0.156836593981644));
#6230=CARTESIAN_POINT('',(-0.639695163075512,4.01,0.19247840713056));
#6231=CARTESIAN_POINT('',(-0.639695163075512,4.,0.19247840713056));
#6232=CARTESIAN_POINT('',(-0.63906084802132,4.01,0.209843617007577));
#6233=CARTESIAN_POINT('',(-0.63906084802132,4.,0.209843617007577));
#6234=CARTESIAN_POINT('',(-0.703892252260579,4.,0.142467948717949));
#6235=CARTESIAN_POINT('',(-0.700930814691328,4.,0.142572840726387));
#6236=CARTESIAN_POINT('',(-0.695118113496358,4.,0.142778722460691));
#6237=CARTESIAN_POINT('',(-0.686625214132938,4.,0.144435680409294));
#6238=CARTESIAN_POINT('',(-0.678594789828448,4.,0.147160758065428));
#6239=CARTESIAN_POINT('',(-0.671047954291197,4.,0.150960378946002));
#6240=CARTESIAN_POINT('',(-0.664093268633608,4.,0.155746145432505));
#6241=CARTESIAN_POINT('',(-0.657827414653584,4.,0.161497950646904));
#6242=CARTESIAN_POINT('',(-0.652339511587643,4.,0.168180809439497));
#6243=CARTESIAN_POINT('',(-0.647622122143891,4.,0.175642483929541));
#6244=CARTESIAN_POINT('',(-0.64382814849957,4.,0.183707166614052));
#6245=CARTESIAN_POINT('',(-0.641031771755836,4.,0.192153794983512));
#6246=CARTESIAN_POINT('',(-0.639386895099165,4.,0.200917648911553));
#6247=CARTESIAN_POINT('',(-0.639170035878795,4.,0.206854455630209));
#6248=CARTESIAN_POINT('',(-0.63906085535887,4.,0.209843416132479));
#6249=CARTESIAN_POINT('',(-0.63906085535887,4.,0.209843416132479));
#6250=CARTESIAN_POINT('',(-0.703892252260579,4.01,0.142467948717949));
#6251=CARTESIAN_POINT('',(-0.700930814691328,4.01,0.142572840726387));
#6252=CARTESIAN_POINT('',(-0.695118113496358,4.01,0.142778722460691));
#6253=CARTESIAN_POINT('',(-0.686625214132938,4.01,0.144435680409294));
#6254=CARTESIAN_POINT('',(-0.678594789828448,4.01,0.147160758065428));
#6255=CARTESIAN_POINT('',(-0.671047954291197,4.01,0.150960378946002));
#6256=CARTESIAN_POINT('',(-0.664093268633608,4.01,0.155746145432505));
#6257=CARTESIAN_POINT('',(-0.657827414653584,4.01,0.161497950646904));
#6258=CARTESIAN_POINT('',(-0.652339511587643,4.01,0.168180809439497));
#6259=CARTESIAN_POINT('',(-0.647622122143891,4.01,0.175642483929541));
#6260=CARTESIAN_POINT('',(-0.64382814849957,4.01,0.183707166614052));
#6261=CARTESIAN_POINT('',(-0.641031771755836,4.01,0.192153794983512));
#6262=CARTESIAN_POINT('',(-0.639386895099165,4.01,0.200917648911553));
#6263=CARTESIAN_POINT('',(-0.639170035878795,4.01,0.206854455630209));
#6264=CARTESIAN_POINT('',(-0.63906085535887,4.01,0.209843416132479));
#6265=CARTESIAN_POINT('',(-0.639060864653073,4.01,0.209843618267684));
#6266=CARTESIAN_POINT('',(-0.63906085535887,4.01,0.209843416132479));
#6267=CARTESIAN_POINT('',(-0.63906085535887,4.01,0.209843416132479));
#6268=CARTESIAN_POINT('',(-0.63906085535887,4.,0.209843416132479));
#6269=CARTESIAN_POINT('',(-0.639171138920437,4.01,0.212775925308073));
#6270=CARTESIAN_POINT('',(-0.639171138920437,4.,0.212775925308073));
#6271=CARTESIAN_POINT('',(-0.639389048843248,4.01,0.218570287033622));
#6272=CARTESIAN_POINT('',(-0.639389048843248,4.,0.218570287033622));
#6273=CARTESIAN_POINT('',(-0.640998970744348,4.01,0.227102304052208));
#6274=CARTESIAN_POINT('',(-0.640998970744348,4.,0.227102304052208));
#6275=CARTESIAN_POINT('',(-0.643683409339115,4.01,0.235281378018419));
#6276=CARTESIAN_POINT('',(-0.643683409339115,4.,0.235281378018419));
#6277=CARTESIAN_POINT('',(-0.647410177491641,4.01,0.243043157406363));
#6278=CARTESIAN_POINT('',(-0.647410177491641,4.,0.243043157406363));
#6279=CARTESIAN_POINT('',(-0.652111871340143,4.01,0.250192578325667));
#6280=CARTESIAN_POINT('',(-0.652111871340143,4.,0.250192578325667));
#6281=CARTESIAN_POINT('',(-0.657668127667033,4.01,0.256646283870987));
#6282=CARTESIAN_POINT('',(-0.657668127667033,4.,0.256646283870987));
#6283=CARTESIAN_POINT('',(-0.664141552958372,4.01,0.262231378470704));
#6284=CARTESIAN_POINT('',(-0.664141552958372,4.,0.262231378470704));
#6285=CARTESIAN_POINT('',(-0.671355080001636,4.01,0.266938261332376));
#6286=CARTESIAN_POINT('',(-0.671355080001636,4.,0.266938261332376));
#6287=CARTESIAN_POINT('',(-0.679106287883497,4.01,0.270716106620515));
#6288=CARTESIAN_POINT('',(-0.679106287883497,4.,0.270716106620515));
#6289=CARTESIAN_POINT('',(-0.687196988567724,4.01,0.273441934128473));
#6290=CARTESIAN_POINT('',(-0.687196988567724,4.,0.273441934128473));
#6291=CARTESIAN_POINT('',(-0.695569245806016,4.01,0.275119877502167));
#6292=CARTESIAN_POINT('',(-0.695569245806016,4.,0.275119877502167));
#6293=CARTESIAN_POINT('',(-0.701241576835515,4.01,0.275331323012915));
#6294=CARTESIAN_POINT('',(-0.701241576835515,4.,0.275331323012915));
#6295=CARTESIAN_POINT('',(-0.704104258136648,4.01,0.275438034188034));
#6296=CARTESIAN_POINT('',(-0.704104258136648,4.,0.275438034188034));
#6297=CARTESIAN_POINT('',(-0.63906085535887,4.,0.209843416132479));
#6298=CARTESIAN_POINT('',(-0.639171138920437,4.,0.212775925308073));
#6299=CARTESIAN_POINT('',(-0.639389048843248,4.,0.218570287033622));
#6300=CARTESIAN_POINT('',(-0.640998970744348,4.,0.227102304052208));
#6301=CARTESIAN_POINT('',(-0.643683409339115,4.,0.235281378018419));
#6302=CARTESIAN_POINT('',(-0.647410177491641,4.,0.243043157406363));
#6303=CARTESIAN_POINT('',(-0.652111871340143,4.,0.250192578325667));
#6304=CARTESIAN_POINT('',(-0.657668127667033,4.,0.256646283870987));
#6305=CARTESIAN_POINT('',(-0.664141552958372,4.,0.262231378470704));
#6306=CARTESIAN_POINT('',(-0.671355080001636,4.,0.266938261332376));
#6307=CARTESIAN_POINT('',(-0.679106287883497,4.,0.270716106620515));
#6308=CARTESIAN_POINT('',(-0.687196988567724,4.,0.273441934128473));
#6309=CARTESIAN_POINT('',(-0.695569245806016,4.,0.275119877502167));
#6310=CARTESIAN_POINT('',(-0.701241576835515,4.,0.275331323012915));
#6311=CARTESIAN_POINT('',(-0.704104258136648,4.,0.275438034188034));
#6312=CARTESIAN_POINT('',(-0.704104258136648,4.,0.275438034188034));
#6313=CARTESIAN_POINT('',(-0.63906085535887,4.01,0.209843416132479));
#6314=CARTESIAN_POINT('',(-0.639171138920437,4.01,0.212775925308073));
#6315=CARTESIAN_POINT('',(-0.639389048843248,4.01,0.218570287033622));
#6316=CARTESIAN_POINT('',(-0.640998970744348,4.01,0.227102304052208));
#6317=CARTESIAN_POINT('',(-0.643683409339115,4.01,0.235281378018419));
#6318=CARTESIAN_POINT('',(-0.647410177491641,4.01,0.243043157406363));
#6319=CARTESIAN_POINT('',(-0.652111871340143,4.01,0.250192578325667));
#6320=CARTESIAN_POINT('',(-0.657668127667033,4.01,0.256646283870987));
#6321=CARTESIAN_POINT('',(-0.664141552958372,4.01,0.262231378470704));
#6322=CARTESIAN_POINT('',(-0.671355080001636,4.01,0.266938261332376));
#6323=CARTESIAN_POINT('',(-0.679106287883497,4.01,0.270716106620515));
#6324=CARTESIAN_POINT('',(-0.687196988567724,4.01,0.273441934128473));
#6325=CARTESIAN_POINT('',(-0.695569245806016,4.01,0.275119877502167));
#6326=CARTESIAN_POINT('',(-0.701241576835515,4.01,0.275331323012915));
#6327=CARTESIAN_POINT('',(-0.704104258136648,4.01,0.275438034188034));
#6328=CARTESIAN_POINT('',(-0.704104458346291,4.01,0.275438024972937));
#6329=CARTESIAN_POINT('',(-0.704104258136648,4.01,0.275438034188034));
#6330=CARTESIAN_POINT('',(-0.704104458862535,4.01,0.275438027830579));
#6331=CARTESIAN_POINT('',(-0.704104458862535,4.,0.275438027830579));
#6332=CARTESIAN_POINT('',(-0.72671002617757,4.01,0.27472205704365));
#6333=CARTESIAN_POINT('',(-0.72671002617757,4.,0.27472205704365));
#6334=CARTESIAN_POINT('',(-0.747512981033694,4.00999999999998,0.263676472771998));
#6335=CARTESIAN_POINT('',(-0.747512981033694,3.99999999999998,0.263676472771998));
#6336=CARTESIAN_POINT('',(-0.76626438098291,4.01,0.251057358451602));
#6337=CARTESIAN_POINT('',(-0.76626438098291,4.,0.251057358451602));
#6338=CARTESIAN_POINT('',(-0.704104258136648,4.,0.275438034188034));
#6339=CARTESIAN_POINT('',(-0.706326559095917,4.,0.27536764875856));
#6340=CARTESIAN_POINT('',(-0.710833940709653,4.,0.27522488952095));
#6341=CARTESIAN_POINT('',(-0.717675607499619,4.,0.274199318223008));
#6342=CARTESIAN_POINT('',(-0.724665967642689,4.,0.272538286038246));
#6343=CARTESIAN_POINT('',(-0.730590425184745,4.,0.270611559530626));
#6344=CARTESIAN_POINT('',(-0.735433888894879,4.,0.268638586107607));
#6345=CARTESIAN_POINT('',(-0.739320891030352,4.,0.266941101653367));
#6346=CARTESIAN_POINT('',(-0.743377281955322,4.,0.264965359560052));
#6347=CARTESIAN_POINT('',(-0.74757324879709,4.,0.262618467371861));
#6348=CARTESIAN_POINT('',(-0.752019187079049,4.,0.260164876697608));
#6349=CARTESIAN_POINT('',(-0.756618002808915,4.,0.257375098732886));
#6350=CARTESIAN_POINT('',(-0.7613953944205,4.,0.254334036364821));
#6351=CARTESIAN_POINT('',(-0.764615479516725,4.,0.252167018325596));
#6352=CARTESIAN_POINT('',(-0.766264380999896,4.,0.251057358440171));
#6353=CARTESIAN_POINT('',(-0.766264380999896,4.,0.251057358440171));
#6354=CARTESIAN_POINT('',(-0.704104258136648,4.01,0.275438034188034));
#6355=CARTESIAN_POINT('',(-0.706326559095917,4.01,0.27536764875856));
#6356=CARTESIAN_POINT('',(-0.710833940709653,4.01,0.27522488952095));
#6357=CARTESIAN_POINT('',(-0.717675607499619,4.01,0.274199318223008));
#6358=CARTESIAN_POINT('',(-0.724665967642689,4.01,0.272538286038246));
#6359=CARTESIAN_POINT('',(-0.730590425184745,4.01,0.270611559530626));
#6360=CARTESIAN_POINT('',(-0.735433888894879,4.01,0.268638586107607));
#6361=CARTESIAN_POINT('',(-0.739320891030352,4.01,0.266941101653367));
#6362=CARTESIAN_POINT('',(-0.743377281955322,4.01,0.264965359560052));
#6363=CARTESIAN_POINT('',(-0.74757324879709,4.01,0.262618467371861));
#6364=CARTESIAN_POINT('',(-0.752019187079049,4.01,0.260164876697608));
#6365=CARTESIAN_POINT('',(-0.756618002808915,4.01,0.257375098732886));
#6366=CARTESIAN_POINT('',(-0.7613953944205,4.01,0.254334036364821));
#6367=CARTESIAN_POINT('',(-0.764615479516725,4.01,0.252167018325596));
#6368=CARTESIAN_POINT('',(-0.766264380999896,4.01,0.251057358440171));
#6369=CARTESIAN_POINT('',(-0.766264380999896,4.01,0.251057358440171));
#6370=CARTESIAN_POINT('',(-0.766264380999896,4.01,0.251057358440171));
#6371=CARTESIAN_POINT('',(-0.766264380999896,4.01,0.251057358440171));
#6372=CARTESIAN_POINT('',(-0.766264380999896,4.,0.251057358440171));
#6373=CARTESIAN_POINT('',(-0.766264380999896,4.01,0.251057358440171));
#6374=CARTESIAN_POINT('',(0.,4.01,0.));
#6375=CARTESIAN_POINT('',(0.,4.,0.));
#6376=CARTESIAN_POINT('',(-0.702832222880237,4.,-0.00135683760683757));
#6377=CARTESIAN_POINT('',(-0.704262375851111,4.,-0.00132019350376933));
#6378=CARTESIAN_POINT('',(-0.707082899267487,4.,-0.00124792462562764));
#6379=CARTESIAN_POINT('',(-0.711227114456602,4.,-0.000550767819359552));
#6380=CARTESIAN_POINT('',(-0.715199686187814,4.,0.000615109104299942));
#6381=CARTESIAN_POINT('',(-0.719039241324961,4.,0.0021765674874066));
#6382=CARTESIAN_POINT('',(-0.722708444175366,4.,0.00423285412949738));
#6383=CARTESIAN_POINT('',(-0.726189898919735,4.,0.00675615350632252));
#6384=CARTESIAN_POINT('',(-0.729523071382537,4.,0.00971377462408479));
#6385=CARTESIAN_POINT('',(-0.73265617419395,4.,0.0130661807828963));
#6386=CARTESIAN_POINT('',(-0.735531948620334,4.,0.0167351600397954));
#6387=CARTESIAN_POINT('',(-0.73804354791378,4.,0.0206538204003014));
#6388=CARTESIAN_POINT('',(-0.740164595743002,4.,0.0247547010120671));
#6389=CARTESIAN_POINT('',(-0.741866479437392,4.,0.0290522377315925));
#6390=CARTESIAN_POINT('',(-0.743233946703752,4.,0.0335145822949896));
#6391=CARTESIAN_POINT('',(-0.74421206111274,4.,0.0381818402412082));
#6392=CARTESIAN_POINT('',(-0.744753460101524,4.,0.043038576506138));
#6393=CARTESIAN_POINT('',(-0.744846829107836,4.,0.0463290849320451));
#6394=CARTESIAN_POINT('',(-0.744894188692203,4.,0.0479981303418804));
#6395=CARTESIAN_POINT('',(-0.702832222880237,4.,-0.00135683760683757));
#6396=CARTESIAN_POINT('',(-0.744894188692203,4.,0.0479981303418804));
#6397=CARTESIAN_POINT('',(-0.744894188692203,4.,0.0479981303418804));
#6398=CARTESIAN_POINT('',(-0.744848203578496,4.,0.0496814254812634));
#6399=CARTESIAN_POINT('',(-0.744758686195158,4.,0.0529582288664011));
#6400=CARTESIAN_POINT('',(-0.744213841566304,4.,0.0577586655215067));
#6401=CARTESIAN_POINT('',(-0.743247795740311,4.,0.0622897959194576));
#6402=CARTESIAN_POINT('',(-0.741861698869225,4.,0.0665637238536446));
#6403=CARTESIAN_POINT('',(-0.740189128891733,4.,0.0706233031596596));
#6404=CARTESIAN_POINT('',(-0.738059642114963,4.,0.0744040525319039));
#6405=CARTESIAN_POINT('',(-0.735518636097522,4.,0.0779091361293289));
#6406=CARTESIAN_POINT('',(-0.732663554198378,4.,0.0811620250507406));
#6407=CARTESIAN_POINT('',(-0.729491542716676,4.,0.0840506097974618));
#6408=CARTESIAN_POINT('',(-0.726171574837621,4.,0.0866234502245568));
#6409=CARTESIAN_POINT('',(-0.722689076996635,4.,0.0888103035875817));
#6410=CARTESIAN_POINT('',(-0.719000436849056,4.,0.0905377017729362));
#6411=CARTESIAN_POINT('',(-0.715195443765319,4.,0.0919579594323134));
#6412=CARTESIAN_POINT('',(-0.711212823235329,4.,0.0929387630182616));
#6413=CARTESIAN_POINT('',(-0.707073324718478,4.,0.0934821012671045));
#6414=CARTESIAN_POINT('',(-0.704261263020158,4.,0.0935747250828564));
#6415=CARTESIAN_POINT('',(-0.702832222880237,4.,0.0936217948717949));
#6416=CARTESIAN_POINT('',(-0.702832222880237,4.,0.0936217948717949));
#6417=CARTESIAN_POINT('',(-0.702832222880237,4.,0.0936217948717949));
#6418=CARTESIAN_POINT('',(-0.701402582860127,4.,0.0935812995086424));
#6419=CARTESIAN_POINT('',(-0.698585301838531,4.,0.0935014984283234));
#6420=CARTESIAN_POINT('',(-0.69443971959626,4.,0.0928611660295705));
#6421=CARTESIAN_POINT('',(-0.690466674387365,4.,0.0917349801737514));
#6422=CARTESIAN_POINT('',(-0.686645419018858,4.,0.0902229162236833));
#6423=CARTESIAN_POINT('',(-0.683003593666344,4.,0.0882347874298941));
#6424=CARTESIAN_POINT('',(-0.679517443634181,4.,0.0858401983530435));
#6425=CARTESIAN_POINT('',(-0.676143878425124,4.,0.0830511008111503));
#6426=CARTESIAN_POINT('',(-0.673056641381998,4.,0.079777905220334));
#6427=CARTESIAN_POINT('',(-0.670174055398564,4.,0.0762562583581089));
#6428=CARTESIAN_POINT('',(-0.667675159544455,4.,0.0724697037138506));
#6429=CARTESIAN_POINT('',(-0.665542076255366,4.,0.0685121663979957));
#6430=CARTESIAN_POINT('',(-0.66379692818133,4.,0.0643804929996545));
#6431=CARTESIAN_POINT('',(-0.662432392396879,4.,0.0600660832755807));
#6432=CARTESIAN_POINT('',(-0.661451818084124,4.,0.0555687040449644));
#6433=CARTESIAN_POINT('',(-0.660909188676088,4.,0.0508663883932761));
#6434=CARTESIAN_POINT('',(-0.660817157465339,4.,0.0476743724307906));
#6435=CARTESIAN_POINT('',(-0.660770257068272,4.,0.0460476762820513));
#6436=CARTESIAN_POINT('',(-0.660770257068272,4.,0.0460476762820513));
#6437=CARTESIAN_POINT('',(-0.660770257068272,4.,0.0460476762820513));
#6438=CARTESIAN_POINT('',(-0.660817224683652,4.,0.044435123336873));
#6439=CARTESIAN_POINT('',(-0.660909374758216,4.,0.0412713077389868));
#6440=CARTESIAN_POINT('',(-0.661450882726285,4.,0.0366108535728869));
#6441=CARTESIAN_POINT('',(-0.662438637828551,4.,0.0321436710749108));
#6442=CARTESIAN_POINT('',(-0.66379758716619,4.,0.0278425438062068));
#6443=CARTESIAN_POINT('',(-0.665532583955725,4.,0.0237195790886861));
#6444=CARTESIAN_POINT('',(-0.667675143378451,4.,0.0197935219142794));
#6445=CARTESIAN_POINT('',(-0.670187403152439,4.,0.0160464245072361));
#6446=CARTESIAN_POINT('',(-0.67305297073402,4.,0.012525782033865));
#6447=CARTESIAN_POINT('',(-0.676158699673454,4.,0.00925960468770874));
#6448=CARTESIAN_POINT('',(-0.679502703154899,4.,0.00642138801997819));
#6449=CARTESIAN_POINT('',(-0.68300543934435,4.,0.00403234767060605));
#6450=CARTESIAN_POINT('',(-0.686644928503653,4.,0.00204146225047504));
#6451=CARTESIAN_POINT('',(-0.690466805303315,4.,0.000530131567450953));
#6452=CARTESIAN_POINT('',(-0.694439684135798,4.,-0.000596250606719851));
#6453=CARTESIAN_POINT('',(-0.698585311079414,4.,-0.00123653025944664));
#6454=CARTESIAN_POINT('',(-0.701402585970884,4.,-0.00131633857310129));
#6455=CARTESIAN_POINT('',(-0.702832222880237,4.,-0.00135683760683757));
#6456=CARTESIAN_POINT('',(-0.702832653168705,4.,-0.00135684979613338));
#6457=CARTESIAN_POINT('',(-0.702832653168705,4.01,-0.00135684979613338));
#6458=CARTESIAN_POINT('',(-0.691095228252595,4.00000000000001,-0.00102434972947679));
#6459=CARTESIAN_POINT('',(-0.691095228252595,4.01,-0.00102434972947679));
#6460=CARTESIAN_POINT('',(-0.668392280570117,4.,0.010457540001426));
#6461=CARTESIAN_POINT('',(-0.668392280570117,4.01,0.010457540001426));
#6462=CARTESIAN_POINT('',(-0.661111989399444,3.99999999999999,0.0343148797550184));
#6463=CARTESIAN_POINT('',(-0.661111989399444,4.00999999999999,0.0343148797550184));
#6464=CARTESIAN_POINT('',(-0.66077026474518,4.,0.0460474127085155));
#6465=CARTESIAN_POINT('',(-0.66077026474518,4.01,0.0460474127085155));
#6466=CARTESIAN_POINT('',(-0.660770257068272,4.01,0.0460476762820513));
#6467=CARTESIAN_POINT('',(-0.660770266148668,4.01,0.0460474129191542));
#6468=CARTESIAN_POINT('',(-0.660770257068272,4.01,0.0460476762820513));
#6469=CARTESIAN_POINT('',(-0.660817224683652,4.01,0.044435123336873));
#6470=CARTESIAN_POINT('',(-0.660909374758216,4.01,0.0412713077389868));
#6471=CARTESIAN_POINT('',(-0.661450882726285,4.01,0.0366108535728869));
#6472=CARTESIAN_POINT('',(-0.662438637828551,4.01,0.0321436710749108));
#6473=CARTESIAN_POINT('',(-0.66379758716619,4.01,0.0278425438062068));
#6474=CARTESIAN_POINT('',(-0.665532583955725,4.01,0.0237195790886861));
#6475=CARTESIAN_POINT('',(-0.667675143378451,4.01,0.0197935219142794));
#6476=CARTESIAN_POINT('',(-0.670187403152439,4.01,0.0160464245072361));
#6477=CARTESIAN_POINT('',(-0.67305297073402,4.01,0.012525782033865));
#6478=CARTESIAN_POINT('',(-0.676158699673454,4.01,0.00925960468770874));
#6479=CARTESIAN_POINT('',(-0.679502703154899,4.01,0.00642138801997819));
#6480=CARTESIAN_POINT('',(-0.68300543934435,4.01,0.00403234767060605));
#6481=CARTESIAN_POINT('',(-0.686644928503653,4.01,0.00204146225047504));
#6482=CARTESIAN_POINT('',(-0.690466805303315,4.01,0.000530131567450953));
#6483=CARTESIAN_POINT('',(-0.694439684135798,4.01,-0.000596250606719851));
#6484=CARTESIAN_POINT('',(-0.698585311079414,4.01,-0.00123653025944664));
#6485=CARTESIAN_POINT('',(-0.701402585970884,4.01,-0.00131633857310129));
#6486=CARTESIAN_POINT('',(-0.702832222880237,4.01,-0.00135683760683757));
#6487=CARTESIAN_POINT('',(-0.702832654379241,4.01,-0.00135682482039612));
#6488=CARTESIAN_POINT('',(-0.702832222880237,4.01,-0.00135683760683757));
#6489=CARTESIAN_POINT('',(-0.660770249495833,4.,0.0460474136391104));
#6490=CARTESIAN_POINT('',(-0.660770249495833,4.01,0.0460474136391104));
#6491=CARTESIAN_POINT('',(-0.661109345103413,4.,0.0578086257694456));
#6492=CARTESIAN_POINT('',(-0.661109345103413,4.01,0.0578086257694456));
#6493=CARTESIAN_POINT('',(-0.668261615540651,4.,0.0817892130832628));
#6494=CARTESIAN_POINT('',(-0.668261615540651,4.01,0.0817892130832628));
#6495=CARTESIAN_POINT('',(-0.691066011344835,4.,0.0932885102644752));
#6496=CARTESIAN_POINT('',(-0.691066011344835,4.01,0.0932885102644752));
#6497=CARTESIAN_POINT('',(-0.702831971858569,4.,0.093621787761464));
#6498=CARTESIAN_POINT('',(-0.702831971858569,4.01,0.093621787761464));
#6499=CARTESIAN_POINT('',(-0.702832222880237,4.01,0.0936217948717949));
#6500=CARTESIAN_POINT('',(-0.702831972301482,4.01,0.0936217864496639));
#6501=CARTESIAN_POINT('',(-0.702832222880237,4.01,0.0936217948717949));
#6502=CARTESIAN_POINT('',(-0.701402582860127,4.01,0.0935812995086424));
#6503=CARTESIAN_POINT('',(-0.698585301838531,4.01,0.0935014984283234));
#6504=CARTESIAN_POINT('',(-0.69443971959626,4.01,0.0928611660295705));
#6505=CARTESIAN_POINT('',(-0.690466674387365,4.01,0.0917349801737514));
#6506=CARTESIAN_POINT('',(-0.686645419018858,4.01,0.0902229162236833));
#6507=CARTESIAN_POINT('',(-0.683003593666344,4.01,0.0882347874298941));
#6508=CARTESIAN_POINT('',(-0.679517443634181,4.01,0.0858401983530435));
#6509=CARTESIAN_POINT('',(-0.676143878425124,4.01,0.0830511008111503));
#6510=CARTESIAN_POINT('',(-0.673056641381998,4.01,0.079777905220334));
#6511=CARTESIAN_POINT('',(-0.670174055398564,4.01,0.0762562583581089));
#6512=CARTESIAN_POINT('',(-0.667675159544455,4.01,0.0724697037138506));
#6513=CARTESIAN_POINT('',(-0.665542076255366,4.01,0.0685121663979957));
#6514=CARTESIAN_POINT('',(-0.66379692818133,4.01,0.0643804929996545));
#6515=CARTESIAN_POINT('',(-0.662432392396879,4.01,0.0600660832755807));
#6516=CARTESIAN_POINT('',(-0.661451818084124,4.01,0.0555687040449644));
#6517=CARTESIAN_POINT('',(-0.660909188676088,4.01,0.0508663883932761));
#6518=CARTESIAN_POINT('',(-0.660817157465339,4.01,0.0476743724307906));
#6519=CARTESIAN_POINT('',(-0.660770257068272,4.01,0.0460476762820513));
#6520=CARTESIAN_POINT('',(-0.702831973151993,4.,0.0936218030973551));
#6521=CARTESIAN_POINT('',(-0.702831973151993,4.01,0.0936218030973551));
#6522=CARTESIAN_POINT('',(-0.714405839111685,4.,0.093240582575477));
#6523=CARTESIAN_POINT('',(-0.714405839111685,4.00999999999999,0.093240582575477));
#6524=CARTESIAN_POINT('',(-0.737811925867516,4.,0.0835887737658458));
#6525=CARTESIAN_POINT('',(-0.737811925867516,4.01,0.0835887737658458));
#6526=CARTESIAN_POINT('',(-0.744577968409406,4.,0.0595734427927998));
#6527=CARTESIAN_POINT('',(-0.744577968409406,4.01,0.0595734427927998));
#6528=CARTESIAN_POINT('',(-0.744894177394631,4.,0.0479985438919585));
#6529=CARTESIAN_POINT('',(-0.744894177394631,4.01,0.0479985438919585));
#6530=CARTESIAN_POINT('',(-0.744894188692203,4.01,0.0479981303418804));
#6531=CARTESIAN_POINT('',(-0.74489417540914,4.01,0.0479985436245095));
#6532=CARTESIAN_POINT('',(-0.744894188692203,4.01,0.0479981303418804));
#6533=CARTESIAN_POINT('',(-0.744848203578496,4.01,0.0496814254812634));
#6534=CARTESIAN_POINT('',(-0.744758686195158,4.01,0.0529582288664011));
#6535=CARTESIAN_POINT('',(-0.744213841566304,4.01,0.0577586655215067));
#6536=CARTESIAN_POINT('',(-0.743247795740311,4.01,0.0622897959194576));
#6537=CARTESIAN_POINT('',(-0.741861698869225,4.01,0.0665637238536446));
#6538=CARTESIAN_POINT('',(-0.740189128891733,4.01,0.0706233031596596));
#6539=CARTESIAN_POINT('',(-0.738059642114963,4.01,0.0744040525319039));
#6540=CARTESIAN_POINT('',(-0.735518636097522,4.01,0.0779091361293289));
#6541=CARTESIAN_POINT('',(-0.732663554198378,4.01,0.0811620250507406));
#6542=CARTESIAN_POINT('',(-0.729491542716676,4.01,0.0840506097974618));
#6543=CARTESIAN_POINT('',(-0.726171574837621,4.01,0.0866234502245568));
#6544=CARTESIAN_POINT('',(-0.722689076996635,4.01,0.0888103035875817));
#6545=CARTESIAN_POINT('',(-0.719000436849056,4.01,0.0905377017729362));
#6546=CARTESIAN_POINT('',(-0.715195443765319,4.01,0.0919579594323134));
#6547=CARTESIAN_POINT('',(-0.711212823235329,4.01,0.0929387630182616));
#6548=CARTESIAN_POINT('',(-0.707073324718478,4.01,0.0934821012671045));
#6549=CARTESIAN_POINT('',(-0.704261263020158,4.01,0.0935747250828564));
#6550=CARTESIAN_POINT('',(-0.702832222880237,4.01,0.0936217948717949));
#6551=CARTESIAN_POINT('',(-0.744894200391353,4.,0.047998542643046));
#6552=CARTESIAN_POINT('',(-0.744894200391353,4.01,0.047998542643046));
#6553=CARTESIAN_POINT('',(-0.744553672006182,4.00000000000001,0.0359976489320659));
#6554=CARTESIAN_POINT('',(-0.744553672006182,4.01000000000001,0.0359976489320659));
#6555=CARTESIAN_POINT('',(-0.737787478711798,4.00000000000001,0.0114961427321115));
#6556=CARTESIAN_POINT('',(-0.737787478711798,4.01,0.0114961427321115));
#6557=CARTESIAN_POINT('',(-0.714842753647134,3.99999999999999,-0.00104909770155894));
#6558=CARTESIAN_POINT('',(-0.714842753647134,4.00999999999999,-0.00104909770155894));
#6559=CARTESIAN_POINT('',(-0.702832655067716,4.,-0.00135682653311119));
#6560=CARTESIAN_POINT('',(-0.702832655067716,4.01,-0.00135682653311119));
#6561=CARTESIAN_POINT('',(-0.702832222880237,4.01,-0.00135683760683757));
#6562=CARTESIAN_POINT('',(-0.704262375851111,4.01,-0.00132019350376933));
#6563=CARTESIAN_POINT('',(-0.707082899267487,4.01,-0.00124792462562764));
#6564=CARTESIAN_POINT('',(-0.711227114456602,4.01,-0.000550767819359552));
#6565=CARTESIAN_POINT('',(-0.715199686187814,4.01,0.000615109104299942));
#6566=CARTESIAN_POINT('',(-0.719039241324961,4.01,0.0021765674874066));
#6567=CARTESIAN_POINT('',(-0.722708444175366,4.01,0.00423285412949738));
#6568=CARTESIAN_POINT('',(-0.726189898919735,4.01,0.00675615350632252));
#6569=CARTESIAN_POINT('',(-0.729523071382537,4.01,0.00971377462408479));
#6570=CARTESIAN_POINT('',(-0.73265617419395,4.01,0.0130661807828963));
#6571=CARTESIAN_POINT('',(-0.735531948620334,4.01,0.0167351600397954));
#6572=CARTESIAN_POINT('',(-0.73804354791378,4.01,0.0206538204003014));
#6573=CARTESIAN_POINT('',(-0.740164595743002,4.01,0.0247547010120671));
#6574=CARTESIAN_POINT('',(-0.741866479437392,4.01,0.0290522377315925));
#6575=CARTESIAN_POINT('',(-0.743233946703752,4.01,0.0335145822949896));
#6576=CARTESIAN_POINT('',(-0.74421206111274,4.01,0.0381818402412082));
#6577=CARTESIAN_POINT('',(-0.744753460101524,4.01,0.043038576506138));
#6578=CARTESIAN_POINT('',(-0.744846829107836,4.01,0.0463290849320451));
#6579=CARTESIAN_POINT('',(-0.744894188692203,4.01,0.0479981303418804));
#6580=CARTESIAN_POINT('',(-0.861582222880237,4.01,0.0230662393162393));
#6581=CARTESIAN_POINT('',(-0.861582222880237,4.,0.0230662393162393));
#6582=CARTESIAN_POINT('',(-0.861582222880237,4.,0.0230662393162393));
#6583=CARTESIAN_POINT('',(-0.851024330252032,4.,0.00788661858974358));
#6584=CARTESIAN_POINT('',(-0.861582222880237,4.01,0.0230662393162393));
#6585=CARTESIAN_POINT('',(-0.861582222880237,4.01,0.0230662393162396));
#6586=CARTESIAN_POINT('',(-0.861582222880237,4.01,0.0230662393162393));
#6587=CARTESIAN_POINT('',(-0.851024330252032,4.01,0.00788661858974366));
#6588=CARTESIAN_POINT('',(-0.851024330252032,4.01,0.00788661858974363));
#6589=CARTESIAN_POINT('',(-0.851024330252032,4.01,0.00788661858974363));
#6590=CARTESIAN_POINT('',(-0.851024330252032,4.,0.00788661858974363));
#6591=CARTESIAN_POINT('',(-0.764992345743485,4.,0.0667394497863248));
#6592=CARTESIAN_POINT('',(-0.851024330252032,4.01,0.00788661858974363));
#6593=CARTESIAN_POINT('',(-0.764974792108553,4.01,0.0667496305677833));
#6594=CARTESIAN_POINT('',(-0.764972799099645,4.01,0.0667528214366417));
#6595=CARTESIAN_POINT('',(-0.599626740145226,4.01,0.0435684467136788));
#6596=CARTESIAN_POINT('',(-0.599626740145226,4.,0.0435684467136788));
#6597=CARTESIAN_POINT('',(-0.766603590401605,4.,0.0444788327991453));
#6598=CARTESIAN_POINT('',(-0.599626740145226,4.01,0.0435684467136788));
#6599=CARTESIAN_POINT('',(-0.766595707388365,4.01,0.0444786672207479));
#6600=CARTESIAN_POINT('',(-0.766587830675071,4.01,0.0444787468744454));
#6601=CARTESIAN_POINT('',(-0.766587830675071,4.00666666666667,0.0444787468744454));
#6602=CARTESIAN_POINT('',(-0.766587830675071,4.00333333333333,0.0444787468744454));
#6603=CARTESIAN_POINT('',(-0.766587830675071,4.,0.0444787468744454));
#6604=CARTESIAN_POINT('',(-0.766603577801711,4.01,0.0444783423349554));
#6605=CARTESIAN_POINT('',(-0.766603577801711,4.,0.0444783423349554));
#6606=CARTESIAN_POINT('',(-0.766173060378355,4.01,0.0277199972218114));
#6607=CARTESIAN_POINT('',(-0.766173060378355,4.,0.0277199972218114));
#6608=CARTESIAN_POINT('',(-0.754166291168167,4.01,-0.00625911943344413));
#6609=CARTESIAN_POINT('',(-0.754166291168167,4.,-0.00625911943344413));
#6610=CARTESIAN_POINT('',(-0.720650986248464,4.01,-0.019925048915309));
#6611=CARTESIAN_POINT('',(-0.720650986248464,4.,-0.019925048915309));
#6612=CARTESIAN_POINT('',(-0.703892002088915,4.01,-0.0203525704844415));
#6613=CARTESIAN_POINT('',(-0.703892002088915,4.,-0.0203525704844415));
#6614=CARTESIAN_POINT('',(-0.766603590401605,4.,0.0444788327991453));
#6615=CARTESIAN_POINT('',(-0.766546508902791,4.,0.0422568751820628));
#6616=CARTESIAN_POINT('',(-0.766434462912276,4.,0.037895366685198));
#6617=CARTESIAN_POINT('',(-0.76555138252245,4.,0.0314821021155952));
#6618=CARTESIAN_POINT('',(-0.764175881579281,4.,0.02531058962538));
#6619=CARTESIAN_POINT('',(-0.762170994932705,4.,0.019404336640141));
#6620=CARTESIAN_POINT('',(-0.75960869715528,4.,0.013768604641611));
#6621=CARTESIAN_POINT('',(-0.756487484171768,4.,0.00838372739831322));
#6622=CARTESIAN_POINT('',(-0.752795737881964,4.,0.00325683515378636));
#6623=CARTESIAN_POINT('',(-0.748573141008386,4.,-0.00155174417790744));
#6624=CARTESIAN_POINT('',(-0.743935774165839,4.,-0.00592480932130573));
#6625=CARTESIAN_POINT('',(-0.739027834278393,4.,-0.00982090399522555));
#6626=CARTESIAN_POINT('',(-0.733792037927463,4.,-0.0130588627561381));
#6627=CARTESIAN_POINT('',(-0.728335261017472,4.,-0.0157486385113112));
#6628=CARTESIAN_POINT('',(-0.722579054704448,4.,-0.0177885274985611));
#6629=CARTESIAN_POINT('',(-0.716588924536146,4.,-0.0192739762957147));
#6630=CARTESIAN_POINT('',(-0.710322887079763,4.,-0.0201885186531358));
#6631=CARTESIAN_POINT('',(-0.706057795846299,4.,-0.020297321100782));
#6632=CARTESIAN_POINT('',(-0.703892252260579,4.,-0.0203525641025641));
#6633=CARTESIAN_POINT('',(-0.703892252260579,4.,-0.0203525641025641));
#6634=CARTESIAN_POINT('',(-0.766603590401605,4.01,0.0444788327991453));
#6635=CARTESIAN_POINT('',(-0.766546508902791,4.01,0.0422568751820628));
#6636=CARTESIAN_POINT('',(-0.766434462912276,4.01,0.037895366685198));
#6637=CARTESIAN_POINT('',(-0.76555138252245,4.01,0.0314821021155952));
#6638=CARTESIAN_POINT('',(-0.764175881579281,4.01,0.02531058962538));
#6639=CARTESIAN_POINT('',(-0.762170994932705,4.01,0.019404336640141));
#6640=CARTESIAN_POINT('',(-0.75960869715528,4.01,0.013768604641611));
#6641=CARTESIAN_POINT('',(-0.756487484171768,4.01,0.00838372739831322));
#6642=CARTESIAN_POINT('',(-0.752795737881964,4.01,0.00325683515378636));
#6643=CARTESIAN_POINT('',(-0.748573141008386,4.01,-0.00155174417790744));
#6644=CARTESIAN_POINT('',(-0.743935774165839,4.01,-0.00592480932130573));
#6645=CARTESIAN_POINT('',(-0.739027834278393,4.01,-0.00982090399522555));
#6646=CARTESIAN_POINT('',(-0.733792037927463,4.01,-0.0130588627561381));
#6647=CARTESIAN_POINT('',(-0.728335261017472,4.01,-0.0157486385113112));
#6648=CARTESIAN_POINT('',(-0.722579054704448,4.01,-0.0177885274985611));
#6649=CARTESIAN_POINT('',(-0.716588924536146,4.01,-0.0192739762957147));
#6650=CARTESIAN_POINT('',(-0.710322887079763,4.01,-0.0201885186531358));
#6651=CARTESIAN_POINT('',(-0.706057795846299,4.01,-0.020297321100782));
#6652=CARTESIAN_POINT('',(-0.703892252260579,4.01,-0.0203525641025641));
#6653=CARTESIAN_POINT('',(-0.703892001205773,4.01,-0.0203525538348816));
#6654=CARTESIAN_POINT('',(-0.703892252260579,4.01,-0.0203525641025641));
#6655=CARTESIAN_POINT('',(-0.70389200041522,4.01,-0.0203525551823809));
#6656=CARTESIAN_POINT('',(-0.70389200041522,4.,-0.0203525551823809));
#6657=CARTESIAN_POINT('',(-0.686522680246158,4.00999999999999,-0.0197373462379248));
#6658=CARTESIAN_POINT('',(-0.686522680246158,3.99999999999999,-0.0197373462379248));
#6659=CARTESIAN_POINT('',(-0.651580632888614,4.01000000000001,-0.00598391883887086));
#6660=CARTESIAN_POINT('',(-0.651580632888614,4.00000000000001,-0.00598391883887086));
#6661=CARTESIAN_POINT('',(-0.639695163075512,4.01,0.0296578943100499));
#6662=CARTESIAN_POINT('',(-0.639695163075512,4.,0.0296578943100499));
#6663=CARTESIAN_POINT('',(-0.63906084802132,4.01,0.0470231041870642));
#6664=CARTESIAN_POINT('',(-0.63906084802132,4.,0.0470231041870642));
#6665=CARTESIAN_POINT('',(-0.703892252260579,4.,-0.0203525641025641));
#6666=CARTESIAN_POINT('',(-0.700930814691328,4.,-0.0202476720941259));
#6667=CARTESIAN_POINT('',(-0.695118113496358,4.,-0.0200417903598215));
#6668=CARTESIAN_POINT('',(-0.686625214132938,4.,-0.0183848324112183));
#6669=CARTESIAN_POINT('',(-0.678594789828448,4.,-0.0156597547550852));
#6670=CARTESIAN_POINT('',(-0.671047954291197,4.,-0.0118601338745105));
#6671=CARTESIAN_POINT('',(-0.664093268633609,4.,-0.00707436738800805));
#6672=CARTESIAN_POINT('',(-0.657827414653584,4.,-0.00132256217360925));
#6673=CARTESIAN_POINT('',(-0.652339511587643,4.,0.00536029661898458));
#6674=CARTESIAN_POINT('',(-0.647622122143891,4.,0.0128219711090285));
#6675=CARTESIAN_POINT('',(-0.64382814849957,4.,0.0208866537935392));
#6676=CARTESIAN_POINT('',(-0.641031771755836,4.,0.029333282162999));
#6677=CARTESIAN_POINT('',(-0.639386895099165,4.,0.0380971360910397));
#6678=CARTESIAN_POINT('',(-0.639170035878795,4.,0.0440339428096962));
#6679=CARTESIAN_POINT('',(-0.63906085535887,4.,0.0470229033119658));
#6680=CARTESIAN_POINT('',(-0.63906085535887,4.,0.0470229033119658));
#6681=CARTESIAN_POINT('',(-0.703892252260579,4.01,-0.0203525641025641));
#6682=CARTESIAN_POINT('',(-0.700930814691328,4.01,-0.0202476720941259));
#6683=CARTESIAN_POINT('',(-0.695118113496358,4.01,-0.0200417903598215));
#6684=CARTESIAN_POINT('',(-0.686625214132938,4.01,-0.0183848324112183));
#6685=CARTESIAN_POINT('',(-0.678594789828448,4.01,-0.0156597547550852));
#6686=CARTESIAN_POINT('',(-0.671047954291197,4.01,-0.0118601338745105));
#6687=CARTESIAN_POINT('',(-0.664093268633609,4.01,-0.00707436738800805));
#6688=CARTESIAN_POINT('',(-0.657827414653584,4.01,-0.00132256217360925));
#6689=CARTESIAN_POINT('',(-0.652339511587643,4.01,0.00536029661898458));
#6690=CARTESIAN_POINT('',(-0.647622122143891,4.01,0.0128219711090285));
#6691=CARTESIAN_POINT('',(-0.64382814849957,4.01,0.0208866537935392));
#6692=CARTESIAN_POINT('',(-0.641031771755836,4.01,0.029333282162999));
#6693=CARTESIAN_POINT('',(-0.639386895099165,4.01,0.0380971360910397));
#6694=CARTESIAN_POINT('',(-0.639170035878795,4.01,0.0440339428096962));
#6695=CARTESIAN_POINT('',(-0.63906085535887,4.01,0.0470229033119658));
#6696=CARTESIAN_POINT('',(-0.639060864653073,4.01,0.0470231054471713));
#6697=CARTESIAN_POINT('',(-0.63906085535887,4.01,0.0470229033119658));
#6698=CARTESIAN_POINT('',(-0.63906085535887,4.01,0.0470229033119658));
#6699=CARTESIAN_POINT('',(-0.63906085535887,4.,0.0470229033119658));
#6700=CARTESIAN_POINT('',(-0.639171138920437,4.01,0.0499554124875598));
#6701=CARTESIAN_POINT('',(-0.639171138920437,4.,0.0499554124875598));
#6702=CARTESIAN_POINT('',(-0.639389048843248,4.01,0.0557497742131087));
#6703=CARTESIAN_POINT('',(-0.639389048843248,4.,0.0557497742131087));
#6704=CARTESIAN_POINT('',(-0.640998970744348,4.01,0.0642817912316955));
#6705=CARTESIAN_POINT('',(-0.640998970744348,4.,0.0642817912316955));
#6706=CARTESIAN_POINT('',(-0.643683409339115,4.01,0.0724608651979066));
#6707=CARTESIAN_POINT('',(-0.643683409339115,4.,0.0724608651979066));
#6708=CARTESIAN_POINT('',(-0.647410177491641,4.01,0.0802226445858498));
#6709=CARTESIAN_POINT('',(-0.647410177491641,4.,0.0802226445858498));
#6710=CARTESIAN_POINT('',(-0.652111871340143,4.01,0.0873720655051545));
#6711=CARTESIAN_POINT('',(-0.652111871340143,4.,0.0873720655051545));
#6712=CARTESIAN_POINT('',(-0.657668127667033,4.01,0.0938257710504744));
#6713=CARTESIAN_POINT('',(-0.657668127667033,4.,0.0938257710504744));
#6714=CARTESIAN_POINT('',(-0.664141552958372,4.01,0.099410865650191));
#6715=CARTESIAN_POINT('',(-0.664141552958372,4.,0.099410865650191));
#6716=CARTESIAN_POINT('',(-0.671355080001636,4.01,0.104117748511863));
#6717=CARTESIAN_POINT('',(-0.671355080001636,4.,0.104117748511863));
#6718=CARTESIAN_POINT('',(-0.679106287883497,4.01,0.107895593800002));
#6719=CARTESIAN_POINT('',(-0.679106287883497,4.,0.107895593800002));
#6720=CARTESIAN_POINT('',(-0.687196988567724,4.01,0.11062142130796));
#6721=CARTESIAN_POINT('',(-0.687196988567724,4.,0.11062142130796));
#6722=CARTESIAN_POINT('',(-0.695569245806016,4.01,0.112299364681655));
#6723=CARTESIAN_POINT('',(-0.695569245806016,4.,0.112299364681655));
#6724=CARTESIAN_POINT('',(-0.701241576835515,4.01,0.112510810192402));
#6725=CARTESIAN_POINT('',(-0.701241576835515,4.,0.112510810192402));
#6726=CARTESIAN_POINT('',(-0.704104258136648,4.01,0.112617521367521));
#6727=CARTESIAN_POINT('',(-0.704104258136648,4.,0.112617521367521));
#6728=CARTESIAN_POINT('',(-0.63906085535887,4.,0.0470229033119658));
#6729=CARTESIAN_POINT('',(-0.639171138920437,4.,0.0499554124875598));
#6730=CARTESIAN_POINT('',(-0.639389048843248,4.,0.0557497742131087));
#6731=CARTESIAN_POINT('',(-0.640998970744348,4.,0.0642817912316955));
#6732=CARTESIAN_POINT('',(-0.643683409339115,4.,0.0724608651979066));
#6733=CARTESIAN_POINT('',(-0.647410177491641,4.,0.0802226445858498));
#6734=CARTESIAN_POINT('',(-0.652111871340143,4.,0.0873720655051545));
#6735=CARTESIAN_POINT('',(-0.657668127667033,4.,0.0938257710504744));
#6736=CARTESIAN_POINT('',(-0.664141552958372,4.,0.099410865650191));
#6737=CARTESIAN_POINT('',(-0.671355080001636,4.,0.104117748511863));
#6738=CARTESIAN_POINT('',(-0.679106287883497,4.,0.107895593800002));
#6739=CARTESIAN_POINT('',(-0.687196988567724,4.,0.11062142130796));
#6740=CARTESIAN_POINT('',(-0.695569245806016,4.,0.112299364681655));
#6741=CARTESIAN_POINT('',(-0.701241576835515,4.,0.112510810192402));
#6742=CARTESIAN_POINT('',(-0.704104258136648,4.,0.112617521367521));
#6743=CARTESIAN_POINT('',(-0.704104258136648,4.,0.112617521367521));
#6744=CARTESIAN_POINT('',(-0.63906085535887,4.01,0.0470229033119658));
#6745=CARTESIAN_POINT('',(-0.639171138920437,4.01,0.0499554124875598));
#6746=CARTESIAN_POINT('',(-0.639389048843248,4.01,0.0557497742131087));
#6747=CARTESIAN_POINT('',(-0.640998970744348,4.01,0.0642817912316955));
#6748=CARTESIAN_POINT('',(-0.643683409339115,4.01,0.0724608651979066));
#6749=CARTESIAN_POINT('',(-0.647410177491641,4.01,0.0802226445858498));
#6750=CARTESIAN_POINT('',(-0.652111871340143,4.01,0.0873720655051545));
#6751=CARTESIAN_POINT('',(-0.657668127667033,4.01,0.0938257710504744));
#6752=CARTESIAN_POINT('',(-0.664141552958372,4.01,0.099410865650191));
#6753=CARTESIAN_POINT('',(-0.671355080001636,4.01,0.104117748511863));
#6754=CARTESIAN_POINT('',(-0.679106287883497,4.01,0.107895593800002));
#6755=CARTESIAN_POINT('',(-0.687196988567724,4.01,0.11062142130796));
#6756=CARTESIAN_POINT('',(-0.695569245806016,4.01,0.112299364681655));
#6757=CARTESIAN_POINT('',(-0.701241576835515,4.01,0.112510810192402));
#6758=CARTESIAN_POINT('',(-0.704104258136648,4.01,0.112617521367521));
#6759=CARTESIAN_POINT('',(-0.704104458346292,4.01,0.112617512152424));
#6760=CARTESIAN_POINT('',(-0.704104258136648,4.01,0.112617521367521));
#6761=CARTESIAN_POINT('',(-0.704104458862536,4.01,0.112617515010066));
#6762=CARTESIAN_POINT('',(-0.704104458862536,4.,0.112617515010066));
#6763=CARTESIAN_POINT('',(-0.726710026177559,4.01,0.111901544223137));
#6764=CARTESIAN_POINT('',(-0.726710026177559,4.,0.111901544223137));
#6765=CARTESIAN_POINT('',(-0.747512981033695,4.00999999999998,0.100855959951485));
#6766=CARTESIAN_POINT('',(-0.747512981033695,3.99999999999998,0.100855959951485));
#6767=CARTESIAN_POINT('',(-0.76626438098291,4.01,0.0882368456310893));
#6768=CARTESIAN_POINT('',(-0.76626438098291,4.,0.0882368456310893));
#6769=CARTESIAN_POINT('',(-0.704104258136648,4.,0.112617521367521));
#6770=CARTESIAN_POINT('',(-0.706326559095916,4.,0.112547135938047));
#6771=CARTESIAN_POINT('',(-0.710833940709653,4.,0.112404376700437));
#6772=CARTESIAN_POINT('',(-0.717675607499619,4.,0.111378805402495));
#6773=CARTESIAN_POINT('',(-0.724665967642689,4.,0.109717773217733));
#6774=CARTESIAN_POINT('',(-0.730590425184745,4.,0.107791046710113));
#6775=CARTESIAN_POINT('',(-0.735433888894879,4.,0.105818073287095));
#6776=CARTESIAN_POINT('',(-0.739320891030352,4.,0.104120588832854));
#6777=CARTESIAN_POINT('',(-0.743377281955323,4.,0.102144846739539));
#6778=CARTESIAN_POINT('',(-0.74757324879709,4.,0.0997979545513485));
#6779=CARTESIAN_POINT('',(-0.752019187079049,4.,0.0973443638770955));
#6780=CARTESIAN_POINT('',(-0.756618002808915,4.,0.0945545859123732));
#6781=CARTESIAN_POINT('',(-0.7613953944205,4.,0.0915135235443085));
#6782=CARTESIAN_POINT('',(-0.764615479516725,4.,0.0893465055050832));
#6783=CARTESIAN_POINT('',(-0.766264380999896,4.,0.0882368456196582));
#6784=CARTESIAN_POINT('',(-0.766264380999896,4.,0.0882368456196582));
#6785=CARTESIAN_POINT('',(-0.704104258136648,4.01,0.112617521367521));
#6786=CARTESIAN_POINT('',(-0.706326559095916,4.01,0.112547135938047));
#6787=CARTESIAN_POINT('',(-0.710833940709653,4.01,0.112404376700437));
#6788=CARTESIAN_POINT('',(-0.717675607499619,4.01,0.111378805402495));
#6789=CARTESIAN_POINT('',(-0.724665967642689,4.01,0.109717773217733));
#6790=CARTESIAN_POINT('',(-0.730590425184745,4.01,0.107791046710113));
#6791=CARTESIAN_POINT('',(-0.735433888894879,4.01,0.105818073287095));
#6792=CARTESIAN_POINT('',(-0.739320891030352,4.01,0.104120588832854));
#6793=CARTESIAN_POINT('',(-0.743377281955323,4.01,0.102144846739539));
#6794=CARTESIAN_POINT('',(-0.74757324879709,4.01,0.0997979545513485));
#6795=CARTESIAN_POINT('',(-0.752019187079049,4.01,0.0973443638770955));
#6796=CARTESIAN_POINT('',(-0.756618002808915,4.01,0.0945545859123732));
#6797=CARTESIAN_POINT('',(-0.7613953944205,4.01,0.0915135235443085));
#6798=CARTESIAN_POINT('',(-0.764615479516725,4.01,0.0893465055050832));
#6799=CARTESIAN_POINT('',(-0.766264380999896,4.01,0.0882368456196582));
#6800=CARTESIAN_POINT('',(-0.766264380999896,4.01,0.0882368456196582));
#6801=CARTESIAN_POINT('',(-0.766264380999896,4.01,0.0882368456196582));
#6802=CARTESIAN_POINT('',(-0.766264380999896,4.01,0.0882368456196582));
#6803=CARTESIAN_POINT('',(-0.766264380999896,4.,0.0882368456196582));
#6804=CARTESIAN_POINT('',(-0.766264380999896,4.01,0.0882368456196582));
#6805=CARTESIAN_POINT('',(0.,4.01,0.));
#6806=CARTESIAN_POINT('',(0.,4.01,0.));
#6807=CARTESIAN_POINT('',(-0.63906085535887,4.01,-0.237573784722222));
#6808=CARTESIAN_POINT('',(-0.639095813225265,4.01,-0.235382217764908));
#6809=CARTESIAN_POINT('',(-0.639165130566341,4.01,-0.231036598025019));
#6810=CARTESIAN_POINT('',(-0.639648083914563,4.01,-0.224570371674859));
#6811=CARTESIAN_POINT('',(-0.640405076868188,4.01,-0.218216822812764));
#6812=CARTESIAN_POINT('',(-0.641463604746999,4.01,-0.2119440795597));
#6813=CARTESIAN_POINT('',(-0.642863865495488,4.01,-0.205776025908249));
#6814=CARTESIAN_POINT('',(-0.644570378168318,4.01,-0.199693974563446));
#6815=CARTESIAN_POINT('',(-0.646546190086545,4.01,-0.193709428785374));
#6816=CARTESIAN_POINT('',(-0.648904426889934,4.01,-0.187829508119532));
#6817=CARTESIAN_POINT('',(-0.651580624836022,4.01,-0.182014235736596));
#6818=CARTESIAN_POINT('',(-0.654593176356048,4.01,-0.176231396608384));
#6819=CARTESIAN_POINT('',(-0.657993443387827,4.01,-0.170500716874156));
#6820=CARTESIAN_POINT('',(-0.661791563929021,4.01,-0.16481226746945));
#6821=CARTESIAN_POINT('',(-0.665922293887818,4.01,-0.159130174991045));
#6822=CARTESIAN_POINT('',(-0.670503778137382,4.01,-0.153544313319818));
#6823=CARTESIAN_POINT('',(-0.675355344758678,4.01,-0.147919849539625));
#6824=CARTESIAN_POINT('',(-0.678843743505345,4.01,-0.144303263633625));
#6825=CARTESIAN_POINT('',(-0.680614007068272,4.01,-0.142467948717949));
#6826=CARTESIAN_POINT('',(-0.63906085535887,4.01,-0.237573784722222));
#6827=CARTESIAN_POINT('',(-0.680614007068272,4.01,-0.142467948717949));
#6828=CARTESIAN_POINT('',(-0.75201320088703,4.01,-0.351443970535988));
#6829=CARTESIAN_POINT('',(-0.751421046181062,4.01,-0.351436293747638));
#6830=CARTESIAN_POINT('',(-0.750828891475094,4.01,-0.35142861695929));
#6831=CARTESIAN_POINT('',(-0.750236736769126,4.01,-0.35142094017094));
#6832=CARTESIAN_POINT('',(-0.747747184809079,4.01,-0.351388665221017));
#6833=CARTESIAN_POINT('',(-0.742799721573704,4.01,-0.351324525516071));
#6834=CARTESIAN_POINT('',(-0.735454061184507,4.01,-0.350550170221516));
#6835=CARTESIAN_POINT('',(-0.728240650472041,4.01,-0.349432522936833));
#6836=CARTESIAN_POINT('',(-0.721152808507608,4.01,-0.347813655642443));
#6837=CARTESIAN_POINT('',(-0.714222009572746,4.01,-0.34568362557672));
#6838=CARTESIAN_POINT('',(-0.70739497009285,4.01,-0.343125565016065));
#6839=CARTESIAN_POINT('',(-0.700699081942033,4.01,-0.340129259760419));
#6840=CARTESIAN_POINT('',(-0.694193297766349,4.01,-0.336633016171015));
#6841=CARTESIAN_POINT('',(-0.687881321466823,4.01,-0.332826165832588));
#6842=CARTESIAN_POINT('',(-0.681956396996552,4.01,-0.328549979191034));
#6843=CARTESIAN_POINT('',(-0.676316018014788,4.01,-0.32401502015776));
#6844=CARTESIAN_POINT('',(-0.671062352883519,4.01,-0.319093072591845));
#6845=CARTESIAN_POINT('',(-0.666172522965581,4.01,-0.313812019303131));
#6846=CARTESIAN_POINT('',(-0.661628410604382,4.01,-0.308201102169754));
#6847=CARTESIAN_POINT('',(-0.657418401634253,4.01,-0.302263063133984));
#6848=CARTESIAN_POINT('',(-0.653610293937212,4.01,-0.295977311811761));
#6849=CARTESIAN_POINT('',(-0.650189523220419,4.01,-0.289438184973436));
#6850=CARTESIAN_POINT('',(-0.647190561537918,4.01,-0.282661216666933));
#6851=CARTESIAN_POINT('',(-0.644712045413465,4.01,-0.275648513570079));
#6852=CARTESIAN_POINT('',(-0.642609060054669,4.01,-0.268452603745624));
#6853=CARTESIAN_POINT('',(-0.641053906215979,4.01,-0.261019021689515));
#6854=CARTESIAN_POINT('',(-0.639926101164915,4.01,-0.253401710615153));
#6855=CARTESIAN_POINT('',(-0.639154388701966,4.01,-0.245560965754882));
#6856=CARTESIAN_POINT('',(-0.639092324661181,4.01,-0.240261072551483));
#6857=CARTESIAN_POINT('',(-0.63906085535887,4.01,-0.237573784722222));
#6858=CARTESIAN_POINT('',(-0.750237262727204,4.01,-0.351386215795216));
#6859=CARTESIAN_POINT('',(-0.751769194543126,4.01,-0.244574429240856));
#6860=CARTESIAN_POINT('',(-0.821539124164178,4.01,-0.325452275587972));
#6861=CARTESIAN_POINT('',(-0.861582222880237,4.01,-0.233757678952991));
#6862=CARTESIAN_POINT('',(-0.861547804596205,4.01,-0.236147101425001));
#6863=CARTESIAN_POINT('',(-0.86147992064726,4.01,-0.24085981263819));
#6864=CARTESIAN_POINT('',(-0.860997481064648,4.01,-0.247820073526426));
#6865=CARTESIAN_POINT('',(-0.860254798593371,4.01,-0.254588424866124));
#6866=CARTESIAN_POINT('',(-0.859133260173549,4.01,-0.261163880641849));
#6867=CARTESIAN_POINT('',(-0.857759564422122,4.01,-0.267570628002183));
#6868=CARTESIAN_POINT('',(-0.856000510476875,4.01,-0.273776669566571));
#6869=CARTESIAN_POINT('',(-0.853964355802038,4.01,-0.279805646347557));
#6870=CARTESIAN_POINT('',(-0.851648379358649,4.01,-0.285666876907802));
#6871=CARTESIAN_POINT('',(-0.848964950598219,4.01,-0.291307161403704));
#6872=CARTESIAN_POINT('',(-0.845982891448236,4.01,-0.296751622192018));
#6873=CARTESIAN_POINT('',(-0.842717578679211,4.01,-0.302030354557932));
#6874=CARTESIAN_POINT('',(-0.839112541818691,4.01,-0.307107401201692));
#6875=CARTESIAN_POINT('',(-0.835194745417928,4.01,-0.312009215452823));
#6876=CARTESIAN_POINT('',(-0.830956336984391,4.01,-0.316704190375625));
#6877=CARTESIAN_POINT('',(-0.82641027402868,4.01,-0.321218609668273));
#6878=CARTESIAN_POINT('',(-0.823182114876724,4.01,-0.324046504368144));
#6879=CARTESIAN_POINT('',(-0.821555513478528,4.01,-0.325471420940171));
#6880=CARTESIAN_POINT('',(-0.861582222880237,4.01,-0.233757678952991));
#6881=CARTESIAN_POINT('',(-0.753035214333229,4.01,-0.128899572649573));
#6882=CARTESIAN_POINT('',(-0.757081524371442,4.01,-0.129002735861061));
#6883=CARTESIAN_POINT('',(-0.765000884039717,4.01,-0.129204644901298));
#6884=CARTESIAN_POINT('',(-0.776550038514003,4.01,-0.130620931705135));
#6885=CARTESIAN_POINT('',(-0.78745823139525,4.01,-0.132907930304099));
#6886=CARTESIAN_POINT('',(-0.797736950491195,4.01,-0.136032149164338));
#6887=CARTESIAN_POINT('',(-0.807371629672159,4.01,-0.140076511354018));
#6888=CARTESIAN_POINT('',(-0.816372051100705,4.01,-0.144997611884063));
#6889=CARTESIAN_POINT('',(-0.824680069419797,4.01,-0.15087421158665));
#6890=CARTESIAN_POINT('',(-0.832363509162071,4.01,-0.157496985906516));
#6891=CARTESIAN_POINT('',(-0.839217228183963,4.01,-0.164929507163099));
#6892=CARTESIAN_POINT('',(-0.845241015859706,4.01,-0.172970942752219));
#6893=CARTESIAN_POINT('',(-0.850315126406707,4.01,-0.181634578457347));
#6894=CARTESIAN_POINT('',(-0.854443271228278,4.01,-0.190912219196001));
#6895=CARTESIAN_POINT('',(-0.857665079492177,4.01,-0.200773493027791));
#6896=CARTESIAN_POINT('',(-0.859949360558276,4.01,-0.211241218852552));
#6897=CARTESIAN_POINT('',(-0.861317934532142,4.01,-0.222301201370119));
#6898=CARTESIAN_POINT('',(-0.861492794143534,4.01,-0.229881086115331));
#6899=CARTESIAN_POINT('',(-0.861582222880237,4.01,-0.233757678952991));
#6900=CARTESIAN_POINT('',(-0.753035214333229,4.01,-0.128899572649573));
#6901=CARTESIAN_POINT('',(-0.753035214333229,4.01,-0.218450854700855));
#6902=CARTESIAN_POINT('',(-0.753035214333229,4.01,-0.218450854700855));
#6903=CARTESIAN_POINT('',(-0.774744616042631,4.01,-0.218450854700855));
#6904=CARTESIAN_POINT('',(-0.774744616042631,4.01,-0.218450854700855));
#6905=CARTESIAN_POINT('',(-0.774744616042631,4.01,-0.147895299145299));
#6906=CARTESIAN_POINT('',(-0.774744616042631,4.01,-0.147895299145299));
#6907=CARTESIAN_POINT('',(-0.839872821170836,4.01,-0.232104033119658));
#6908=CARTESIAN_POINT('',(-0.839815454896086,4.01,-0.229359723537539));
#6909=CARTESIAN_POINT('',(-0.839702806895509,4.01,-0.223970825814295));
#6910=CARTESIAN_POINT('',(-0.83882588453262,4.01,-0.216049264915616));
#6911=CARTESIAN_POINT('',(-0.837456293089104,4.01,-0.208441173864666));
#6912=CARTESIAN_POINT('',(-0.835450544694865,4.01,-0.201167934148091));
#6913=CARTESIAN_POINT('',(-0.832892184337924,4.01,-0.19422108575374));
#6914=CARTESIAN_POINT('',(-0.829808160140526,4.01,-0.187575207356985));
#6915=CARTESIAN_POINT('',(-0.826080287882067,4.01,-0.18128245497829));
#6916=CARTESIAN_POINT('',(-0.821872481826647,4.01,-0.175324539501119));
#6917=CARTESIAN_POINT('',(-0.817185572490472,4.01,-0.169834459301739));
#6918=CARTESIAN_POINT('',(-0.812123862320761,4.01,-0.164889385631299));
#6919=CARTESIAN_POINT('',(-0.806736874917664,4.01,-0.160542751395652));
#6920=CARTESIAN_POINT('',(-0.80097702910379,4.01,-0.156830713142812));
#6921=CARTESIAN_POINT('',(-0.794936429100978,4.01,-0.153632816417971));
#6922=CARTESIAN_POINT('',(-0.788507503705135,4.01,-0.151082633440077));
#6923=CARTESIAN_POINT('',(-0.781763142713526,4.01,-0.149109995235903));
#6924=CARTESIAN_POINT('',(-0.777100549725052,4.01,-0.14830304048019));
#6925=CARTESIAN_POINT('',(-0.774744616042631,4.01,-0.147895299145299));
#6926=CARTESIAN_POINT('',(-0.839872821170836,4.01,-0.232104033119658));
#6927=CARTESIAN_POINT('',(-0.749388713264853,4.01,-0.332425213675214));
#6928=CARTESIAN_POINT('',(-0.751340220390994,4.01,-0.332379103464));
#6929=CARTESIAN_POINT('',(-0.755237905726616,4.01,-0.332287008953218));
#6930=CARTESIAN_POINT('',(-0.761056983933719,4.01,-0.331708871099796));
#6931=CARTESIAN_POINT('',(-0.766778481592387,4.01,-0.330602267571649));
#6932=CARTESIAN_POINT('',(-0.772466050625448,4.01,-0.329239101514814));
#6933=CARTESIAN_POINT('',(-0.778046007870923,4.01,-0.32734053666752));
#6934=CARTESIAN_POINT('',(-0.783580838348848,4.01,-0.325102033004936));
#6935=CARTESIAN_POINT('',(-0.789019906368635,4.01,-0.322418622893309));
#6936=CARTESIAN_POINT('',(-0.79433012155728,4.01,-0.319321790731026));
#6937=CARTESIAN_POINT('',(-0.799502079294813,4.01,-0.315923386677767));
#6938=CARTESIAN_POINT('',(-0.804374051977962,4.01,-0.312116955951978));
#6939=CARTESIAN_POINT('',(-0.809010676970841,4.01,-0.308073448707051));
#6940=CARTESIAN_POINT('',(-0.813309071226324,4.01,-0.303645759998265));
#6941=CARTESIAN_POINT('',(-0.81738419180478,4.01,-0.298975813793625));
#6942=CARTESIAN_POINT('',(-0.821123768816423,4.01,-0.29392410062663));
#6943=CARTESIAN_POINT('',(-0.824599832738397,4.01,-0.288589951643497));
#6944=CARTESIAN_POINT('',(-0.827768574638965,4.01,-0.282965229832378));
#6945=CARTESIAN_POINT('',(-0.830599376555768,4.01,-0.277110966309236));
#6946=CARTESIAN_POINT('',(-0.833116631227316,4.01,-0.271108296007027));
#6947=CARTESIAN_POINT('',(-0.835189714957925,4.01,-0.264938042395413));
#6948=CARTESIAN_POINT('',(-0.836879305057818,4.01,-0.25863263211685));
#6949=CARTESIAN_POINT('',(-0.838264227794424,4.01,-0.252199581877414));
#6950=CARTESIAN_POINT('',(-0.839155192081917,4.01,-0.245606237618445));
#6951=CARTESIAN_POINT('',(-0.83980173280825,4.01,-0.23890107858755));
#6952=CARTESIAN_POINT('',(-0.839849005236025,4.01,-0.234381170837829));
#6953=CARTESIAN_POINT('',(-0.839872821170836,4.01,-0.232104033119658));
#6954=CARTESIAN_POINT('',(-0.749388713264853,4.01,-0.332425213675214));
#6955=CARTESIAN_POINT('',(-0.660770257068272,4.01,-0.238209802350427));
#6956=CARTESIAN_POINT('',(-0.660795307317248,4.01,-0.240260822691904));
#6957=CARTESIAN_POINT('',(-0.660845342846271,4.01,-0.244357543962718));
#6958=CARTESIAN_POINT('',(-0.661482467042428,4.01,-0.250442947149217));
#6959=CARTESIAN_POINT('',(-0.662401644106471,4.01,-0.256463714873717));
#6960=CARTESIAN_POINT('',(-0.663717914343016,4.01,-0.262399084699453));
#6961=CARTESIAN_POINT('',(-0.665427526902731,4.01,-0.26827265485887));
#6962=CARTESIAN_POINT('',(-0.667491628811363,4.01,-0.274071359358466));
#6963=CARTESIAN_POINT('',(-0.669976368209889,4.01,-0.279784005091978));
#6964=CARTESIAN_POINT('',(-0.672809194917399,4.01,-0.285380545182963));
#6965=CARTESIAN_POINT('',(-0.675901704783949,4.01,-0.290833845598337));
#6966=CARTESIAN_POINT('',(-0.67935071974225,4.01,-0.295962767722349));
#6967=CARTESIAN_POINT('',(-0.683050324848968,4.01,-0.30078839883298));
#6968=CARTESIAN_POINT('',(-0.687048222028791,4.01,-0.305277715207318));
#6969=CARTESIAN_POINT('',(-0.691280871167461,4.01,-0.309488135931963));
#6970=CARTESIAN_POINT('',(-0.695805863856588,4.01,-0.31336495578379));
#6971=CARTESIAN_POINT('',(-0.700590356351178,4.01,-0.316927619946505));
#6972=CARTESIAN_POINT('',(-0.705633906771937,4.01,-0.320135073881711));
#6973=CARTESIAN_POINT('',(-0.710821865506721,4.01,-0.322998923234572));
#6974=CARTESIAN_POINT('',(-0.716106910221494,4.01,-0.325532104131513));
#6975=CARTESIAN_POINT('',(-0.721483532588374,4.01,-0.327637884101407));
#6976=CARTESIAN_POINT('',(-0.726920590498399,4.01,-0.32938536197102));
#6977=CARTESIAN_POINT('',(-0.732429420189693,4.01,-0.330754387113528));
#6978=CARTESIAN_POINT('',(-0.738010165816416,4.01,-0.331733835547639));
#6979=CARTESIAN_POINT('',(-0.743681876610102,4.01,-0.332282121618784));
#6980=CARTESIAN_POINT('',(-0.747479562694935,4.01,-0.332377344023845));
#6981=CARTESIAN_POINT('',(-0.749388713264853,4.01,-0.332425213675214));
#6982=CARTESIAN_POINT('',(-0.660770257068272,4.01,-0.238209802350427));
#6983=CARTESIAN_POINT('',(-0.696048034846049,4.01,-0.15875));
#6984=CARTESIAN_POINT('',(-0.69328109666595,4.01,-0.161714177597478));
#6985=CARTESIAN_POINT('',(-0.687827888533727,4.01,-0.167556114181453));
#6986=CARTESIAN_POINT('',(-0.680662192014689,4.01,-0.177018625742332));
#6987=CARTESIAN_POINT('',(-0.674631460061721,4.01,-0.186944475042213));
#6988=CARTESIAN_POINT('',(-0.669639163409211,4.01,-0.197186029391901));
#6989=CARTESIAN_POINT('',(-0.665691926064898,4.01,-0.20756046244448));
#6990=CARTESIAN_POINT('',(-0.662896786899263,4.01,-0.217901372117846));
#6991=CARTESIAN_POINT('',(-0.661086510198255,4.01,-0.228097111669839));
#6992=CARTESIAN_POINT('',(-0.660874795159336,4.01,-0.234867032654118));
#6993=CARTESIAN_POINT('',(-0.660770257068272,4.01,-0.238209802350427));
#6994=CARTESIAN_POINT('',(-0.696048034846049,4.01,-0.15875));
#6995=CARTESIAN_POINT('',(-0.680614007068272,4.01,-0.142467948717949));
#6996=CARTESIAN_POINT('',(-0.680614007068272,4.01,-0.142467948717949));
#6997=CARTESIAN_POINT('',(-0.680614007068272,4.,-0.142467948717949));
#6998=CARTESIAN_POINT('',(-0.680614007068272,4.,-0.142467948717949));
#6999=CARTESIAN_POINT('',(-0.696048034846049,4.,-0.15875));
#7000=CARTESIAN_POINT('',(-0.680614007068272,4.01,-0.142467948717949));
#7001=CARTESIAN_POINT('',(-0.696048034846049,4.01,-0.15875));
#7002=CARTESIAN_POINT('',(-0.660770257068272,4.,-0.238209802350427));
#7003=CARTESIAN_POINT('',(-0.660770257068272,4.01,-0.238209802350427));
#7004=CARTESIAN_POINT('',(-0.660874795159336,4.,-0.234867032654118));
#7005=CARTESIAN_POINT('',(-0.660874795159336,4.01,-0.234867032654118));
#7006=CARTESIAN_POINT('',(-0.661086510198255,4.,-0.228097111669839));
#7007=CARTESIAN_POINT('',(-0.661086510198255,4.01,-0.228097111669839));
#7008=CARTESIAN_POINT('',(-0.662896786899263,4.,-0.217901372117846));
#7009=CARTESIAN_POINT('',(-0.662896786899263,4.01,-0.217901372117846));
#7010=CARTESIAN_POINT('',(-0.665691926064898,4.,-0.20756046244448));
#7011=CARTESIAN_POINT('',(-0.665691926064898,4.01,-0.20756046244448));
#7012=CARTESIAN_POINT('',(-0.669639163409211,4.,-0.197186029391901));
#7013=CARTESIAN_POINT('',(-0.669639163409211,4.01,-0.197186029391901));
#7014=CARTESIAN_POINT('',(-0.674631460061721,4.,-0.186944475042213));
#7015=CARTESIAN_POINT('',(-0.674631460061721,4.01,-0.186944475042213));
#7016=CARTESIAN_POINT('',(-0.680662192014689,4.,-0.177018625742332));
#7017=CARTESIAN_POINT('',(-0.680662192014689,4.01,-0.177018625742332));
#7018=CARTESIAN_POINT('',(-0.687827888533727,4.,-0.167556114181453));
#7019=CARTESIAN_POINT('',(-0.687827888533727,4.01,-0.167556114181453));
#7020=CARTESIAN_POINT('',(-0.69328109666595,4.,-0.161714177597478));
#7021=CARTESIAN_POINT('',(-0.69328109666595,4.01,-0.161714177597478));
#7022=CARTESIAN_POINT('',(-0.696048034846049,4.,-0.15875));
#7023=CARTESIAN_POINT('',(-0.696048034846049,4.01,-0.15875));
#7024=CARTESIAN_POINT('',(-0.696048034846049,4.,-0.15875));
#7025=CARTESIAN_POINT('',(-0.69328109666595,4.,-0.161714177597478));
#7026=CARTESIAN_POINT('',(-0.687827888533727,4.,-0.167556114181453));
#7027=CARTESIAN_POINT('',(-0.680662192014689,4.,-0.177018625742332));
#7028=CARTESIAN_POINT('',(-0.674631460061721,4.,-0.186944475042213));
#7029=CARTESIAN_POINT('',(-0.669639163409211,4.,-0.197186029391901));
#7030=CARTESIAN_POINT('',(-0.665691926064898,4.,-0.20756046244448));
#7031=CARTESIAN_POINT('',(-0.662896786899263,4.,-0.217901372117846));
#7032=CARTESIAN_POINT('',(-0.661086510198255,4.,-0.228097111669839));
#7033=CARTESIAN_POINT('',(-0.660874795159336,4.,-0.234867032654118));
#7034=CARTESIAN_POINT('',(-0.660770257068272,4.,-0.238209802350427));
#7035=CARTESIAN_POINT('',(-0.660770257068272,4.,-0.238209802350427));
#7036=CARTESIAN_POINT('',(-0.660770257068272,4.01,-0.238209802350427));
#7037=CARTESIAN_POINT('',(-0.749388713264853,4.,-0.332425213675214));
#7038=CARTESIAN_POINT('',(-0.749388713264853,4.01,-0.332425213675214));
#7039=CARTESIAN_POINT('',(-0.747479562694935,4.,-0.332377344023845));
#7040=CARTESIAN_POINT('',(-0.747479562694935,4.01,-0.332377344023845));
#7041=CARTESIAN_POINT('',(-0.743681876610102,4.,-0.332282121618784));
#7042=CARTESIAN_POINT('',(-0.743681876610102,4.01,-0.332282121618784));
#7043=CARTESIAN_POINT('',(-0.738010165816416,4.,-0.331733835547639));
#7044=CARTESIAN_POINT('',(-0.738010165816416,4.01,-0.331733835547639));
#7045=CARTESIAN_POINT('',(-0.732429420189693,4.,-0.330754387113528));
#7046=CARTESIAN_POINT('',(-0.732429420189693,4.01,-0.330754387113528));
#7047=CARTESIAN_POINT('',(-0.726920590498399,4.,-0.32938536197102));
#7048=CARTESIAN_POINT('',(-0.726920590498399,4.01,-0.32938536197102));
#7049=CARTESIAN_POINT('',(-0.721483532588374,4.,-0.327637884101407));
#7050=CARTESIAN_POINT('',(-0.721483532588374,4.01,-0.327637884101407));
#7051=CARTESIAN_POINT('',(-0.716106910221494,4.,-0.325532104131513));
#7052=CARTESIAN_POINT('',(-0.716106910221494,4.01,-0.325532104131513));
#7053=CARTESIAN_POINT('',(-0.710821865506721,4.,-0.322998923234572));
#7054=CARTESIAN_POINT('',(-0.710821865506721,4.01,-0.322998923234572));
#7055=CARTESIAN_POINT('',(-0.705633906771937,4.,-0.320135073881711));
#7056=CARTESIAN_POINT('',(-0.705633906771937,4.01,-0.320135073881711));
#7057=CARTESIAN_POINT('',(-0.700590356351178,4.,-0.316927619946505));
#7058=CARTESIAN_POINT('',(-0.700590356351178,4.01,-0.316927619946505));
#7059=CARTESIAN_POINT('',(-0.695805863856588,4.,-0.31336495578379));
#7060=CARTESIAN_POINT('',(-0.695805863856588,4.01,-0.31336495578379));
#7061=CARTESIAN_POINT('',(-0.691280871167461,4.,-0.309488135931963));
#7062=CARTESIAN_POINT('',(-0.691280871167461,4.01,-0.309488135931963));
#7063=CARTESIAN_POINT('',(-0.687048222028791,4.,-0.305277715207318));
#7064=CARTESIAN_POINT('',(-0.687048222028791,4.01,-0.305277715207318));
#7065=CARTESIAN_POINT('',(-0.683050324848968,4.,-0.30078839883298));
#7066=CARTESIAN_POINT('',(-0.683050324848968,4.01,-0.30078839883298));
#7067=CARTESIAN_POINT('',(-0.67935071974225,4.,-0.295962767722349));
#7068=CARTESIAN_POINT('',(-0.67935071974225,4.01,-0.295962767722349));
#7069=CARTESIAN_POINT('',(-0.675901704783949,4.,-0.290833845598337));
#7070=CARTESIAN_POINT('',(-0.675901704783949,4.01,-0.290833845598337));
#7071=CARTESIAN_POINT('',(-0.672809194917399,4.,-0.285380545182963));
#7072=CARTESIAN_POINT('',(-0.672809194917399,4.01,-0.285380545182963));
#7073=CARTESIAN_POINT('',(-0.669976368209889,4.,-0.279784005091978));
#7074=CARTESIAN_POINT('',(-0.669976368209889,4.01,-0.279784005091978));
#7075=CARTESIAN_POINT('',(-0.667491628811363,4.,-0.274071359358466));
#7076=CARTESIAN_POINT('',(-0.667491628811363,4.01,-0.274071359358466));
#7077=CARTESIAN_POINT('',(-0.665427526902731,4.,-0.26827265485887));
#7078=CARTESIAN_POINT('',(-0.665427526902731,4.01,-0.26827265485887));
#7079=CARTESIAN_POINT('',(-0.663717914343016,4.,-0.262399084699453));
#7080=CARTESIAN_POINT('',(-0.663717914343016,4.01,-0.262399084699453));
#7081=CARTESIAN_POINT('',(-0.662401644106471,4.,-0.256463714873717));
#7082=CARTESIAN_POINT('',(-0.662401644106471,4.01,-0.256463714873717));
#7083=CARTESIAN_POINT('',(-0.661482467042428,4.,-0.250442947149217));
#7084=CARTESIAN_POINT('',(-0.661482467042428,4.01,-0.250442947149217));
#7085=CARTESIAN_POINT('',(-0.660845342846271,4.,-0.244357543962718));
#7086=CARTESIAN_POINT('',(-0.660845342846271,4.01,-0.244357543962718));
#7087=CARTESIAN_POINT('',(-0.660795307317248,4.,-0.240260822691904));
#7088=CARTESIAN_POINT('',(-0.660795307317248,4.01,-0.240260822691904));
#7089=CARTESIAN_POINT('',(-0.660770257068272,4.,-0.238209802350427));
#7090=CARTESIAN_POINT('',(-0.660770257068272,4.01,-0.238209802350427));
#7091=CARTESIAN_POINT('',(-0.660770257068272,4.,-0.238209802350427));
#7092=CARTESIAN_POINT('',(-0.660795307317248,4.,-0.240260822691904));
#7093=CARTESIAN_POINT('',(-0.660845342846271,4.,-0.244357543962718));
#7094=CARTESIAN_POINT('',(-0.661482467042428,4.,-0.250442947149217));
#7095=CARTESIAN_POINT('',(-0.662401644106471,4.,-0.256463714873717));
#7096=CARTESIAN_POINT('',(-0.663717914343016,4.,-0.262399084699453));
#7097=CARTESIAN_POINT('',(-0.665427526902731,4.,-0.26827265485887));
#7098=CARTESIAN_POINT('',(-0.667491628811363,4.,-0.274071359358466));
#7099=CARTESIAN_POINT('',(-0.669976368209889,4.,-0.279784005091978));
#7100=CARTESIAN_POINT('',(-0.672809194917399,4.,-0.285380545182963));
#7101=CARTESIAN_POINT('',(-0.675901704783949,4.,-0.290833845598337));
#7102=CARTESIAN_POINT('',(-0.67935071974225,4.,-0.295962767722349));
#7103=CARTESIAN_POINT('',(-0.683050324848968,4.,-0.30078839883298));
#7104=CARTESIAN_POINT('',(-0.687048222028791,4.,-0.305277715207318));
#7105=CARTESIAN_POINT('',(-0.691280871167461,4.,-0.309488135931963));
#7106=CARTESIAN_POINT('',(-0.695805863856588,4.,-0.31336495578379));
#7107=CARTESIAN_POINT('',(-0.700590356351178,4.,-0.316927619946505));
#7108=CARTESIAN_POINT('',(-0.705633906771937,4.,-0.320135073881711));
#7109=CARTESIAN_POINT('',(-0.710821865506721,4.,-0.322998923234572));
#7110=CARTESIAN_POINT('',(-0.716106910221494,4.,-0.325532104131513));
#7111=CARTESIAN_POINT('',(-0.721483532588374,4.,-0.327637884101407));
#7112=CARTESIAN_POINT('',(-0.726920590498399,4.,-0.32938536197102));
#7113=CARTESIAN_POINT('',(-0.732429420189693,4.,-0.330754387113528));
#7114=CARTESIAN_POINT('',(-0.738010165816416,4.,-0.331733835547639));
#7115=CARTESIAN_POINT('',(-0.743681876610102,4.,-0.332282121618784));
#7116=CARTESIAN_POINT('',(-0.747479562694935,4.,-0.332377344023845));
#7117=CARTESIAN_POINT('',(-0.749388713264853,4.,-0.332425213675214));
#7118=CARTESIAN_POINT('',(-0.749388713264853,4.,-0.332425213675214));
#7119=CARTESIAN_POINT('',(-0.749388713264853,4.01,-0.332425213675214));
#7120=CARTESIAN_POINT('',(-0.839872821170836,4.,-0.232104033119658));
#7121=CARTESIAN_POINT('',(-0.839872821170836,4.01,-0.232104033119658));
#7122=CARTESIAN_POINT('',(-0.839849005236025,4.,-0.234381170837829));
#7123=CARTESIAN_POINT('',(-0.839849005236025,4.01,-0.234381170837829));
#7124=CARTESIAN_POINT('',(-0.83980173280825,4.,-0.23890107858755));
#7125=CARTESIAN_POINT('',(-0.83980173280825,4.01,-0.23890107858755));
#7126=CARTESIAN_POINT('',(-0.839155192081917,4.,-0.245606237618445));
#7127=CARTESIAN_POINT('',(-0.839155192081917,4.01,-0.245606237618445));
#7128=CARTESIAN_POINT('',(-0.838264227794424,4.,-0.252199581877414));
#7129=CARTESIAN_POINT('',(-0.838264227794424,4.01,-0.252199581877414));
#7130=CARTESIAN_POINT('',(-0.836879305057818,4.,-0.25863263211685));
#7131=CARTESIAN_POINT('',(-0.836879305057818,4.01,-0.25863263211685));
#7132=CARTESIAN_POINT('',(-0.835189714957925,4.,-0.264938042395413));
#7133=CARTESIAN_POINT('',(-0.835189714957925,4.01,-0.264938042395413));
#7134=CARTESIAN_POINT('',(-0.833116631227316,4.,-0.271108296007027));
#7135=CARTESIAN_POINT('',(-0.833116631227316,4.01,-0.271108296007027));
#7136=CARTESIAN_POINT('',(-0.830599376555768,4.,-0.277110966309236));
#7137=CARTESIAN_POINT('',(-0.830599376555768,4.01,-0.277110966309236));
#7138=CARTESIAN_POINT('',(-0.827768574638965,4.,-0.282965229832378));
#7139=CARTESIAN_POINT('',(-0.827768574638965,4.01,-0.282965229832378));
#7140=CARTESIAN_POINT('',(-0.824599832738397,4.,-0.288589951643497));
#7141=CARTESIAN_POINT('',(-0.824599832738397,4.01,-0.288589951643497));
#7142=CARTESIAN_POINT('',(-0.821123768816423,4.,-0.29392410062663));
#7143=CARTESIAN_POINT('',(-0.821123768816423,4.01,-0.29392410062663));
#7144=CARTESIAN_POINT('',(-0.81738419180478,4.,-0.298975813793625));
#7145=CARTESIAN_POINT('',(-0.81738419180478,4.01,-0.298975813793625));
#7146=CARTESIAN_POINT('',(-0.813309071226324,4.,-0.303645759998265));
#7147=CARTESIAN_POINT('',(-0.813309071226324,4.01,-0.303645759998265));
#7148=CARTESIAN_POINT('',(-0.809010676970841,4.,-0.308073448707051));
#7149=CARTESIAN_POINT('',(-0.809010676970841,4.01,-0.308073448707051));
#7150=CARTESIAN_POINT('',(-0.804374051977962,4.,-0.312116955951978));
#7151=CARTESIAN_POINT('',(-0.804374051977962,4.01,-0.312116955951978));
#7152=CARTESIAN_POINT('',(-0.799502079294813,4.,-0.315923386677767));
#7153=CARTESIAN_POINT('',(-0.799502079294813,4.01,-0.315923386677767));
#7154=CARTESIAN_POINT('',(-0.79433012155728,4.,-0.319321790731026));
#7155=CARTESIAN_POINT('',(-0.79433012155728,4.01,-0.319321790731026));
#7156=CARTESIAN_POINT('',(-0.789019906368635,4.,-0.322418622893309));
#7157=CARTESIAN_POINT('',(-0.789019906368635,4.01,-0.322418622893309));
#7158=CARTESIAN_POINT('',(-0.783580838348848,4.,-0.325102033004936));
#7159=CARTESIAN_POINT('',(-0.783580838348848,4.01,-0.325102033004936));
#7160=CARTESIAN_POINT('',(-0.778046007870923,4.,-0.32734053666752));
#7161=CARTESIAN_POINT('',(-0.778046007870923,4.01,-0.32734053666752));
#7162=CARTESIAN_POINT('',(-0.772466050625448,4.,-0.329239101514814));
#7163=CARTESIAN_POINT('',(-0.772466050625448,4.01,-0.329239101514814));
#7164=CARTESIAN_POINT('',(-0.766778481592387,4.,-0.330602267571649));
#7165=CARTESIAN_POINT('',(-0.766778481592387,4.01,-0.330602267571649));
#7166=CARTESIAN_POINT('',(-0.761056983933719,4.,-0.331708871099796));
#7167=CARTESIAN_POINT('',(-0.761056983933719,4.01,-0.331708871099796));
#7168=CARTESIAN_POINT('',(-0.755237905726616,4.,-0.332287008953218));
#7169=CARTESIAN_POINT('',(-0.755237905726616,4.01,-0.332287008953218));
#7170=CARTESIAN_POINT('',(-0.751340220390994,4.,-0.332379103464));
#7171=CARTESIAN_POINT('',(-0.751340220390994,4.01,-0.332379103464));
#7172=CARTESIAN_POINT('',(-0.749388713264853,4.,-0.332425213675214));
#7173=CARTESIAN_POINT('',(-0.749388713264853,4.01,-0.332425213675214));
#7174=CARTESIAN_POINT('',(-0.749388713264853,4.,-0.332425213675214));
#7175=CARTESIAN_POINT('',(-0.751340220390994,4.,-0.332379103464));
#7176=CARTESIAN_POINT('',(-0.755237905726616,4.,-0.332287008953218));
#7177=CARTESIAN_POINT('',(-0.761056983933719,4.,-0.331708871099796));
#7178=CARTESIAN_POINT('',(-0.766778481592387,4.,-0.330602267571649));
#7179=CARTESIAN_POINT('',(-0.772466050625448,4.,-0.329239101514814));
#7180=CARTESIAN_POINT('',(-0.778046007870923,4.,-0.32734053666752));
#7181=CARTESIAN_POINT('',(-0.783580838348848,4.,-0.325102033004936));
#7182=CARTESIAN_POINT('',(-0.789019906368635,4.,-0.322418622893309));
#7183=CARTESIAN_POINT('',(-0.79433012155728,4.,-0.319321790731026));
#7184=CARTESIAN_POINT('',(-0.799502079294813,4.,-0.315923386677767));
#7185=CARTESIAN_POINT('',(-0.804374051977962,4.,-0.312116955951978));
#7186=CARTESIAN_POINT('',(-0.809010676970841,4.,-0.308073448707051));
#7187=CARTESIAN_POINT('',(-0.813309071226324,4.,-0.303645759998265));
#7188=CARTESIAN_POINT('',(-0.81738419180478,4.,-0.298975813793625));
#7189=CARTESIAN_POINT('',(-0.821123768816423,4.,-0.29392410062663));
#7190=CARTESIAN_POINT('',(-0.824599832738397,4.,-0.288589951643497));
#7191=CARTESIAN_POINT('',(-0.827768574638965,4.,-0.282965229832378));
#7192=CARTESIAN_POINT('',(-0.830599376555768,4.,-0.277110966309236));
#7193=CARTESIAN_POINT('',(-0.833116631227316,4.,-0.271108296007027));
#7194=CARTESIAN_POINT('',(-0.835189714957925,4.,-0.264938042395413));
#7195=CARTESIAN_POINT('',(-0.836879305057818,4.,-0.25863263211685));
#7196=CARTESIAN_POINT('',(-0.838264227794424,4.,-0.252199581877414));
#7197=CARTESIAN_POINT('',(-0.839155192081917,4.,-0.245606237618445));
#7198=CARTESIAN_POINT('',(-0.83980173280825,4.,-0.23890107858755));
#7199=CARTESIAN_POINT('',(-0.839849005236025,4.,-0.234381170837829));
#7200=CARTESIAN_POINT('',(-0.839872821170836,4.,-0.232104033119658));
#7201=CARTESIAN_POINT('',(-0.839872821170836,4.,-0.232104033119658));
#7202=CARTESIAN_POINT('',(-0.839872821170836,4.01,-0.232104033119658));
#7203=CARTESIAN_POINT('',(-0.774744616042631,4.,-0.147895299145299));
#7204=CARTESIAN_POINT('',(-0.774744616042631,4.01,-0.147895299145299));
#7205=CARTESIAN_POINT('',(-0.777100549725052,4.,-0.14830304048019));
#7206=CARTESIAN_POINT('',(-0.777100549725052,4.01,-0.14830304048019));
#7207=CARTESIAN_POINT('',(-0.781763142713526,4.,-0.149109995235903));
#7208=CARTESIAN_POINT('',(-0.781763142713526,4.01,-0.149109995235903));
#7209=CARTESIAN_POINT('',(-0.788507503705135,4.,-0.151082633440077));
#7210=CARTESIAN_POINT('',(-0.788507503705135,4.01,-0.151082633440077));
#7211=CARTESIAN_POINT('',(-0.794936429100978,4.,-0.153632816417971));
#7212=CARTESIAN_POINT('',(-0.794936429100978,4.01,-0.153632816417971));
#7213=CARTESIAN_POINT('',(-0.80097702910379,4.,-0.156830713142812));
#7214=CARTESIAN_POINT('',(-0.80097702910379,4.01,-0.156830713142812));
#7215=CARTESIAN_POINT('',(-0.806736874917664,4.,-0.160542751395652));
#7216=CARTESIAN_POINT('',(-0.806736874917664,4.01,-0.160542751395652));
#7217=CARTESIAN_POINT('',(-0.812123862320761,4.,-0.164889385631299));
#7218=CARTESIAN_POINT('',(-0.812123862320761,4.01,-0.164889385631299));
#7219=CARTESIAN_POINT('',(-0.817185572490472,4.,-0.169834459301739));
#7220=CARTESIAN_POINT('',(-0.817185572490472,4.01,-0.169834459301739));
#7221=CARTESIAN_POINT('',(-0.821872481826647,4.,-0.175324539501119));
#7222=CARTESIAN_POINT('',(-0.821872481826647,4.01,-0.175324539501119));
#7223=CARTESIAN_POINT('',(-0.826080287882067,4.,-0.18128245497829));
#7224=CARTESIAN_POINT('',(-0.826080287882067,4.01,-0.18128245497829));
#7225=CARTESIAN_POINT('',(-0.829808160140526,4.,-0.187575207356985));
#7226=CARTESIAN_POINT('',(-0.829808160140526,4.01,-0.187575207356985));
#7227=CARTESIAN_POINT('',(-0.832892184337924,4.,-0.19422108575374));
#7228=CARTESIAN_POINT('',(-0.832892184337924,4.01,-0.19422108575374));
#7229=CARTESIAN_POINT('',(-0.835450544694865,4.,-0.201167934148091));
#7230=CARTESIAN_POINT('',(-0.835450544694865,4.01,-0.201167934148091));
#7231=CARTESIAN_POINT('',(-0.837456293089104,4.,-0.208441173864666));
#7232=CARTESIAN_POINT('',(-0.837456293089104,4.01,-0.208441173864666));
#7233=CARTESIAN_POINT('',(-0.83882588453262,4.,-0.216049264915616));
#7234=CARTESIAN_POINT('',(-0.83882588453262,4.01,-0.216049264915616));
#7235=CARTESIAN_POINT('',(-0.839702806895509,4.,-0.223970825814295));
#7236=CARTESIAN_POINT('',(-0.839702806895509,4.01,-0.223970825814295));
#7237=CARTESIAN_POINT('',(-0.839815454896086,4.,-0.229359723537539));
#7238=CARTESIAN_POINT('',(-0.839815454896086,4.01,-0.229359723537539));
#7239=CARTESIAN_POINT('',(-0.839872821170836,4.,-0.232104033119658));
#7240=CARTESIAN_POINT('',(-0.839872821170836,4.01,-0.232104033119658));
#7241=CARTESIAN_POINT('',(-0.839872821170836,4.,-0.232104033119658));
#7242=CARTESIAN_POINT('',(-0.839815454896086,4.,-0.229359723537539));
#7243=CARTESIAN_POINT('',(-0.839702806895509,4.,-0.223970825814295));
#7244=CARTESIAN_POINT('',(-0.83882588453262,4.,-0.216049264915616));
#7245=CARTESIAN_POINT('',(-0.837456293089104,4.,-0.208441173864666));
#7246=CARTESIAN_POINT('',(-0.835450544694865,4.,-0.201167934148091));
#7247=CARTESIAN_POINT('',(-0.832892184337924,4.,-0.19422108575374));
#7248=CARTESIAN_POINT('',(-0.829808160140526,4.,-0.187575207356985));
#7249=CARTESIAN_POINT('',(-0.826080287882067,4.,-0.18128245497829));
#7250=CARTESIAN_POINT('',(-0.821872481826647,4.,-0.175324539501119));
#7251=CARTESIAN_POINT('',(-0.817185572490472,4.,-0.169834459301739));
#7252=CARTESIAN_POINT('',(-0.812123862320761,4.,-0.164889385631299));
#7253=CARTESIAN_POINT('',(-0.806736874917664,4.,-0.160542751395652));
#7254=CARTESIAN_POINT('',(-0.80097702910379,4.,-0.156830713142812));
#7255=CARTESIAN_POINT('',(-0.794936429100978,4.,-0.153632816417971));
#7256=CARTESIAN_POINT('',(-0.788507503705135,4.,-0.151082633440077));
#7257=CARTESIAN_POINT('',(-0.781763142713526,4.,-0.149109995235903));
#7258=CARTESIAN_POINT('',(-0.777100549725052,4.,-0.14830304048019));
#7259=CARTESIAN_POINT('',(-0.774744616042631,4.,-0.147895299145299));
#7260=CARTESIAN_POINT('',(-0.774744616042631,4.,-0.147895299145299));
#7261=CARTESIAN_POINT('',(-0.774744616042631,4.01,-0.147895299145299));
#7262=CARTESIAN_POINT('',(-0.774744616042631,4.01,-0.147895299145299));
#7263=CARTESIAN_POINT('',(-0.774744616042631,4.,-0.147895299145299));
#7264=CARTESIAN_POINT('',(-0.774744616042631,4.,-0.218450854700855));
#7265=CARTESIAN_POINT('',(-0.774744616042631,4.01,-0.218450854700855));
#7266=CARTESIAN_POINT('',(-0.774744616042631,4.01,-0.218450854700855));
#7267=CARTESIAN_POINT('',(-0.774744616042631,4.,-0.218450854700855));
#7268=CARTESIAN_POINT('',(-0.753035214333229,4.,-0.218450854700855));
#7269=CARTESIAN_POINT('',(-0.753035214333229,4.01,-0.218450854700855));
#7270=CARTESIAN_POINT('',(-0.753035214333229,4.01,-0.218450854700855));
#7271=CARTESIAN_POINT('',(-0.753035214333229,4.,-0.218450854700855));
#7272=CARTESIAN_POINT('',(-0.753035214333229,4.,-0.128899572649573));
#7273=CARTESIAN_POINT('',(-0.753035214333229,4.01,-0.128899572649573));
#7274=CARTESIAN_POINT('',(-0.753035214333229,4.01,-0.128899572649573));
#7275=CARTESIAN_POINT('',(-0.753035214333229,4.,-0.128899572649573));
#7276=CARTESIAN_POINT('',(-0.757081524371442,4.01,-0.129002735861061));
#7277=CARTESIAN_POINT('',(-0.757081524371442,4.,-0.129002735861061));
#7278=CARTESIAN_POINT('',(-0.765000884039717,4.01,-0.129204644901298));
#7279=CARTESIAN_POINT('',(-0.765000884039717,4.,-0.129204644901298));
#7280=CARTESIAN_POINT('',(-0.776550038514003,4.01,-0.130620931705135));
#7281=CARTESIAN_POINT('',(-0.776550038514003,4.,-0.130620931705135));
#7282=CARTESIAN_POINT('',(-0.78745823139525,4.01,-0.132907930304099));
#7283=CARTESIAN_POINT('',(-0.78745823139525,4.,-0.132907930304099));
#7284=CARTESIAN_POINT('',(-0.797736950491195,4.01,-0.136032149164338));
#7285=CARTESIAN_POINT('',(-0.797736950491195,4.,-0.136032149164338));
#7286=CARTESIAN_POINT('',(-0.807371629672159,4.01,-0.140076511354018));
#7287=CARTESIAN_POINT('',(-0.807371629672159,4.,-0.140076511354018));
#7288=CARTESIAN_POINT('',(-0.816372051100705,4.01,-0.144997611884063));
#7289=CARTESIAN_POINT('',(-0.816372051100705,4.,-0.144997611884063));
#7290=CARTESIAN_POINT('',(-0.824680069419797,4.01,-0.15087421158665));
#7291=CARTESIAN_POINT('',(-0.824680069419797,4.,-0.15087421158665));
#7292=CARTESIAN_POINT('',(-0.832363509162071,4.01,-0.157496985906516));
#7293=CARTESIAN_POINT('',(-0.832363509162071,4.,-0.157496985906516));
#7294=CARTESIAN_POINT('',(-0.839217228183963,4.01,-0.164929507163099));
#7295=CARTESIAN_POINT('',(-0.839217228183963,4.,-0.164929507163099));
#7296=CARTESIAN_POINT('',(-0.845241015859706,4.01,-0.172970942752219));
#7297=CARTESIAN_POINT('',(-0.845241015859706,4.,-0.172970942752219));
#7298=CARTESIAN_POINT('',(-0.850315126406707,4.01,-0.181634578457347));
#7299=CARTESIAN_POINT('',(-0.850315126406707,4.,-0.181634578457347));
#7300=CARTESIAN_POINT('',(-0.854443271228278,4.01,-0.190912219196001));
#7301=CARTESIAN_POINT('',(-0.854443271228278,4.,-0.190912219196001));
#7302=CARTESIAN_POINT('',(-0.857665079492177,4.01,-0.200773493027791));
#7303=CARTESIAN_POINT('',(-0.857665079492177,4.,-0.200773493027791));
#7304=CARTESIAN_POINT('',(-0.859949360558276,4.01,-0.211241218852552));
#7305=CARTESIAN_POINT('',(-0.859949360558276,4.,-0.211241218852552));
#7306=CARTESIAN_POINT('',(-0.861317934532142,4.01,-0.222301201370119));
#7307=CARTESIAN_POINT('',(-0.861317934532142,4.,-0.222301201370119));
#7308=CARTESIAN_POINT('',(-0.861492794143534,4.01,-0.229881086115331));
#7309=CARTESIAN_POINT('',(-0.861492794143534,4.,-0.229881086115331));
#7310=CARTESIAN_POINT('',(-0.861582222880237,4.01,-0.233757678952991));
#7311=CARTESIAN_POINT('',(-0.861582222880237,4.,-0.233757678952991));
#7312=CARTESIAN_POINT('',(-0.753035214333229,4.,-0.128899572649573));
#7313=CARTESIAN_POINT('',(-0.757081524371442,4.,-0.129002735861061));
#7314=CARTESIAN_POINT('',(-0.765000884039717,4.,-0.129204644901298));
#7315=CARTESIAN_POINT('',(-0.776550038514003,4.,-0.130620931705135));
#7316=CARTESIAN_POINT('',(-0.78745823139525,4.,-0.132907930304099));
#7317=CARTESIAN_POINT('',(-0.797736950491195,4.,-0.136032149164338));
#7318=CARTESIAN_POINT('',(-0.807371629672159,4.,-0.140076511354018));
#7319=CARTESIAN_POINT('',(-0.816372051100705,4.,-0.144997611884063));
#7320=CARTESIAN_POINT('',(-0.824680069419797,4.,-0.15087421158665));
#7321=CARTESIAN_POINT('',(-0.832363509162071,4.,-0.157496985906516));
#7322=CARTESIAN_POINT('',(-0.839217228183963,4.,-0.164929507163099));
#7323=CARTESIAN_POINT('',(-0.845241015859706,4.,-0.172970942752219));
#7324=CARTESIAN_POINT('',(-0.850315126406707,4.,-0.181634578457347));
#7325=CARTESIAN_POINT('',(-0.854443271228278,4.,-0.190912219196001));
#7326=CARTESIAN_POINT('',(-0.857665079492177,4.,-0.200773493027791));
#7327=CARTESIAN_POINT('',(-0.859949360558276,4.,-0.211241218852552));
#7328=CARTESIAN_POINT('',(-0.861317934532142,4.,-0.222301201370119));
#7329=CARTESIAN_POINT('',(-0.861492794143534,4.,-0.229881086115331));
#7330=CARTESIAN_POINT('',(-0.861582222880237,4.,-0.233757678952991));
#7331=CARTESIAN_POINT('',(-0.861582222880237,4.,-0.233757678952991));
#7332=CARTESIAN_POINT('',(-0.861582222880237,4.01,-0.233757678952991));
#7333=CARTESIAN_POINT('',(-0.861582222879025,4.01,-0.233757679037077));
#7334=CARTESIAN_POINT('',(-0.861582222879025,4.,-0.233757679037078));
#7335=CARTESIAN_POINT('',(-0.861333667963543,4.00999999999999,-0.251013120942224));
#7336=CARTESIAN_POINT('',(-0.861333667963543,3.99999999999999,-0.251013120942224));
#7337=CARTESIAN_POINT('',(-0.856361090706735,4.01000000000001,-0.286067710284589));
#7338=CARTESIAN_POINT('',(-0.856361090706735,4.00000000000001,-0.286067710284589));
#7339=CARTESIAN_POINT('',(-0.83453699674048,4.01,-0.31409953188729));
#7340=CARTESIAN_POINT('',(-0.83453699674048,4.,-0.31409953188729));
#7341=CARTESIAN_POINT('',(-0.821555801795057,4.01,-0.325471168372455));
#7342=CARTESIAN_POINT('',(-0.821555801795057,4.,-0.325471168372455));
#7343=CARTESIAN_POINT('',(-0.861582222880237,4.,-0.233757678952991));
#7344=CARTESIAN_POINT('',(-0.861547804596205,4.,-0.236147101425001));
#7345=CARTESIAN_POINT('',(-0.86147992064726,4.,-0.24085981263819));
#7346=CARTESIAN_POINT('',(-0.860997481064648,4.,-0.247820073526426));
#7347=CARTESIAN_POINT('',(-0.860254798593371,4.,-0.254588424866124));
#7348=CARTESIAN_POINT('',(-0.859133260173549,4.,-0.261163880641849));
#7349=CARTESIAN_POINT('',(-0.857759564422122,4.,-0.267570628002183));
#7350=CARTESIAN_POINT('',(-0.856000510476875,4.,-0.273776669566571));
#7351=CARTESIAN_POINT('',(-0.853964355802038,4.,-0.279805646347557));
#7352=CARTESIAN_POINT('',(-0.851648379358649,4.,-0.285666876907802));
#7353=CARTESIAN_POINT('',(-0.848964950598219,4.,-0.291307161403704));
#7354=CARTESIAN_POINT('',(-0.845982891448236,4.,-0.296751622192018));
#7355=CARTESIAN_POINT('',(-0.842717578679211,4.,-0.302030354557932));
#7356=CARTESIAN_POINT('',(-0.839112541818691,4.,-0.307107401201692));
#7357=CARTESIAN_POINT('',(-0.835194745417928,4.,-0.312009215452823));
#7358=CARTESIAN_POINT('',(-0.830956336984391,4.,-0.316704190375625));
#7359=CARTESIAN_POINT('',(-0.82641027402868,4.,-0.321218609668273));
#7360=CARTESIAN_POINT('',(-0.823182114876724,4.,-0.324046504368144));
#7361=CARTESIAN_POINT('',(-0.821555513478528,4.,-0.325471420940171));
#7362=CARTESIAN_POINT('',(-0.821555513478528,4.,-0.325471420940171));
#7363=CARTESIAN_POINT('',(-0.821522590691563,4.,-0.32543325651963));
#7364=CARTESIAN_POINT('',(-0.821522590691563,4.00333333333333,-0.32543325651963));
#7365=CARTESIAN_POINT('',(-0.821522590691563,4.00666666666667,-0.32543325651963));
#7366=CARTESIAN_POINT('',(-0.821522590691563,4.01,-0.32543325651963));
#7367=CARTESIAN_POINT('',(-0.751769194543126,4.01,-0.244574429240856));
#7368=CARTESIAN_POINT('',(-0.751769194543126,4.,-0.244574429240856));
#7369=CARTESIAN_POINT('',(-0.750237266718143,4.,-0.351386215835965));
#7370=CARTESIAN_POINT('',(-0.750237732856139,4.01,-0.351351490673735));
#7371=CARTESIAN_POINT('',(-0.750237732856139,4.00666666666667,-0.351351490673735));
#7372=CARTESIAN_POINT('',(-0.750237732856139,4.00333333333333,-0.351351490673735));
#7373=CARTESIAN_POINT('',(-0.750237732856139,4.,-0.351351490673735));
#7374=CARTESIAN_POINT('',(-0.750236832485659,4.01,-0.351420941411825));
#7375=CARTESIAN_POINT('',(-0.750236832485659,4.,-0.351420941411825));
#7376=CARTESIAN_POINT('',(-0.720629081269706,4.01,-0.351037101788004));
#7377=CARTESIAN_POINT('',(-0.720629081269706,4.,-0.351037101788004));
#7378=CARTESIAN_POINT('',(-0.660711155642612,4.01,-0.327416458784868));
#7379=CARTESIAN_POINT('',(-0.660711155642612,4.,-0.327416458784868));
#7380=CARTESIAN_POINT('',(-0.639407556498471,4.01,-0.267179962311871));
#7381=CARTESIAN_POINT('',(-0.639407556498471,4.,-0.267179962311871));
#7382=CARTESIAN_POINT('',(-0.639060855361343,4.01,-0.237573784933393));
#7383=CARTESIAN_POINT('',(-0.639060855361343,4.,-0.237573784933393));
#7384=CARTESIAN_POINT('',(-0.75201320088703,4.,-0.351443970535988));
#7385=CARTESIAN_POINT('',(-0.751421046181062,4.,-0.351436293747638));
#7386=CARTESIAN_POINT('',(-0.750828891475094,4.,-0.35142861695929));
#7387=CARTESIAN_POINT('',(-0.750236736769126,4.,-0.35142094017094));
#7388=CARTESIAN_POINT('',(-0.747747184809079,4.,-0.351388665221017));
#7389=CARTESIAN_POINT('',(-0.742799721573704,4.,-0.351324525516071));
#7390=CARTESIAN_POINT('',(-0.735454061184507,4.,-0.350550170221516));
#7391=CARTESIAN_POINT('',(-0.728240650472041,4.,-0.349432522936833));
#7392=CARTESIAN_POINT('',(-0.721152808507608,4.,-0.347813655642443));
#7393=CARTESIAN_POINT('',(-0.714222009572746,4.,-0.34568362557672));
#7394=CARTESIAN_POINT('',(-0.70739497009285,4.,-0.343125565016065));
#7395=CARTESIAN_POINT('',(-0.700699081942033,4.,-0.340129259760419));
#7396=CARTESIAN_POINT('',(-0.694193297766349,4.,-0.336633016171015));
#7397=CARTESIAN_POINT('',(-0.687881321466823,4.,-0.332826165832588));
#7398=CARTESIAN_POINT('',(-0.681956396996552,4.,-0.328549979191034));
#7399=CARTESIAN_POINT('',(-0.676316018014788,4.,-0.32401502015776));
#7400=CARTESIAN_POINT('',(-0.671062352883519,4.,-0.319093072591845));
#7401=CARTESIAN_POINT('',(-0.666172522965581,4.,-0.313812019303131));
#7402=CARTESIAN_POINT('',(-0.661628410604382,4.,-0.308201102169754));
#7403=CARTESIAN_POINT('',(-0.657418401634253,4.,-0.302263063133984));
#7404=CARTESIAN_POINT('',(-0.653610293937212,4.,-0.295977311811761));
#7405=CARTESIAN_POINT('',(-0.650189523220419,4.,-0.289438184973436));
#7406=CARTESIAN_POINT('',(-0.647190561537918,4.,-0.282661216666933));
#7407=CARTESIAN_POINT('',(-0.644712045413465,4.,-0.275648513570079));
#7408=CARTESIAN_POINT('',(-0.642609060054669,4.,-0.268452603745624));
#7409=CARTESIAN_POINT('',(-0.641053906215979,4.,-0.261019021689515));
#7410=CARTESIAN_POINT('',(-0.639926101164915,4.,-0.253401710615153));
#7411=CARTESIAN_POINT('',(-0.639154388701966,4.,-0.245560965754882));
#7412=CARTESIAN_POINT('',(-0.639092324661181,4.,-0.240261072551483));
#7413=CARTESIAN_POINT('',(-0.63906085535887,4.,-0.237573784722222));
#7414=CARTESIAN_POINT('',(-0.63906085535887,4.,-0.237573784722222));
#7415=CARTESIAN_POINT('',(-0.63906085535887,4.01,-0.237573784722222));
#7416=CARTESIAN_POINT('',(-0.63906085535887,4.01,-0.237573784722222));
#7417=CARTESIAN_POINT('',(-0.63906085535887,4.,-0.237573784722222));
#7418=CARTESIAN_POINT('',(-0.639095813225265,4.01,-0.235382217764908));
#7419=CARTESIAN_POINT('',(-0.639095813225265,4.,-0.235382217764908));
#7420=CARTESIAN_POINT('',(-0.639165130566341,4.01,-0.231036598025019));
#7421=CARTESIAN_POINT('',(-0.639165130566341,4.,-0.231036598025019));
#7422=CARTESIAN_POINT('',(-0.639648083914563,4.01,-0.224570371674859));
#7423=CARTESIAN_POINT('',(-0.639648083914563,4.,-0.224570371674859));
#7424=CARTESIAN_POINT('',(-0.640405076868188,4.01,-0.218216822812764));
#7425=CARTESIAN_POINT('',(-0.640405076868188,4.,-0.218216822812764));
#7426=CARTESIAN_POINT('',(-0.641463604746999,4.01,-0.2119440795597));
#7427=CARTESIAN_POINT('',(-0.641463604746999,4.,-0.2119440795597));
#7428=CARTESIAN_POINT('',(-0.642863865495488,4.01,-0.205776025908249));
#7429=CARTESIAN_POINT('',(-0.642863865495488,4.,-0.205776025908249));
#7430=CARTESIAN_POINT('',(-0.644570378168318,4.01,-0.199693974563446));
#7431=CARTESIAN_POINT('',(-0.644570378168318,4.,-0.199693974563446));
#7432=CARTESIAN_POINT('',(-0.646546190086545,4.01,-0.193709428785374));
#7433=CARTESIAN_POINT('',(-0.646546190086545,4.,-0.193709428785374));
#7434=CARTESIAN_POINT('',(-0.648904426889934,4.01,-0.187829508119532));
#7435=CARTESIAN_POINT('',(-0.648904426889934,4.,-0.187829508119532));
#7436=CARTESIAN_POINT('',(-0.651580624836022,4.01,-0.182014235736596));
#7437=CARTESIAN_POINT('',(-0.651580624836022,4.,-0.182014235736596));
#7438=CARTESIAN_POINT('',(-0.654593176356048,4.01,-0.176231396608384));
#7439=CARTESIAN_POINT('',(-0.654593176356048,4.,-0.176231396608384));
#7440=CARTESIAN_POINT('',(-0.657993443387827,4.01,-0.170500716874156));
#7441=CARTESIAN_POINT('',(-0.657993443387827,4.,-0.170500716874156));
#7442=CARTESIAN_POINT('',(-0.661791563929021,4.01,-0.16481226746945));
#7443=CARTESIAN_POINT('',(-0.661791563929021,4.,-0.16481226746945));
#7444=CARTESIAN_POINT('',(-0.665922293887818,4.01,-0.159130174991045));
#7445=CARTESIAN_POINT('',(-0.665922293887818,4.,-0.159130174991045));
#7446=CARTESIAN_POINT('',(-0.670503778137382,4.01,-0.153544313319818));
#7447=CARTESIAN_POINT('',(-0.670503778137382,4.,-0.153544313319818));
#7448=CARTESIAN_POINT('',(-0.675355344758678,4.01,-0.147919849539625));
#7449=CARTESIAN_POINT('',(-0.675355344758678,4.,-0.147919849539625));
#7450=CARTESIAN_POINT('',(-0.678843743505345,4.01,-0.144303263633625));
#7451=CARTESIAN_POINT('',(-0.678843743505345,4.,-0.144303263633625));
#7452=CARTESIAN_POINT('',(-0.680614007068272,4.01,-0.142467948717949));
#7453=CARTESIAN_POINT('',(-0.680614007068272,4.,-0.142467948717949));
#7454=CARTESIAN_POINT('',(-0.63906085535887,4.,-0.237573784722222));
#7455=CARTESIAN_POINT('',(-0.639095813225265,4.,-0.235382217764908));
#7456=CARTESIAN_POINT('',(-0.639165130566341,4.,-0.231036598025019));
#7457=CARTESIAN_POINT('',(-0.639648083914563,4.,-0.224570371674859));
#7458=CARTESIAN_POINT('',(-0.640405076868188,4.,-0.218216822812764));
#7459=CARTESIAN_POINT('',(-0.641463604746999,4.,-0.2119440795597));
#7460=CARTESIAN_POINT('',(-0.642863865495488,4.,-0.205776025908249));
#7461=CARTESIAN_POINT('',(-0.644570378168318,4.,-0.199693974563446));
#7462=CARTESIAN_POINT('',(-0.646546190086545,4.,-0.193709428785374));
#7463=CARTESIAN_POINT('',(-0.648904426889934,4.,-0.187829508119532));
#7464=CARTESIAN_POINT('',(-0.651580624836022,4.,-0.182014235736596));
#7465=CARTESIAN_POINT('',(-0.654593176356048,4.,-0.176231396608384));
#7466=CARTESIAN_POINT('',(-0.657993443387827,4.,-0.170500716874156));
#7467=CARTESIAN_POINT('',(-0.661791563929021,4.,-0.16481226746945));
#7468=CARTESIAN_POINT('',(-0.665922293887818,4.,-0.159130174991045));
#7469=CARTESIAN_POINT('',(-0.670503778137382,4.,-0.153544313319818));
#7470=CARTESIAN_POINT('',(-0.675355344758678,4.,-0.147919849539625));
#7471=CARTESIAN_POINT('',(-0.678843743505345,4.,-0.144303263633625));
#7472=CARTESIAN_POINT('',(-0.680614007068272,4.,-0.142467948717949));
#7473=CARTESIAN_POINT('',(0.,4.01,0.));
#7474=CARTESIAN_POINT('',(-0.856154872452887,4.01,-0.600951856303419));
#7475=CARTESIAN_POINT('',(-0.856154872452887,4.01,-0.600951856303419));
#7476=CARTESIAN_POINT('',(-0.856154872452887,4.01,-0.620074786324786));
#7477=CARTESIAN_POINT('',(-0.703510641683656,4.01,-0.580726495726495));
#7478=CARTESIAN_POINT('',(-0.703510641683656,4.01,-0.580726495726495));
#7479=CARTESIAN_POINT('',(-0.856154872452887,4.01,-0.504022769764957));
#7480=CARTESIAN_POINT('',(-0.856154872452887,4.01,-0.504022769764957));
#7481=CARTESIAN_POINT('',(-0.856154872452887,4.01,-0.499740251068376));
#7482=CARTESIAN_POINT('',(-0.856154872452887,4.01,-0.499740251068376));
#7483=CARTESIAN_POINT('',(-0.703849851085366,4.01,-0.423333333333333));
#7484=CARTESIAN_POINT('',(-0.703849851085366,4.01,-0.423333333333333));
#7485=CARTESIAN_POINT('',(-0.856154872452887,4.01,-0.403065571581196));
#7486=CARTESIAN_POINT('',(-0.856154872452887,4.01,-0.403065571581196));
#7487=CARTESIAN_POINT('',(-0.856154872452887,4.01,-0.383985042735043));
#7488=CARTESIAN_POINT('',(-0.856154872452887,4.01,-0.383985042735043));
#7489=CARTESIAN_POINT('',(-0.64448820578622,4.01,-0.412097021901709));
#7490=CARTESIAN_POINT('',(-0.64448820578622,4.01,-0.412097021901709));
#7491=CARTESIAN_POINT('',(-0.64448820578622,4.01,-0.414853098290598));
#7492=CARTESIAN_POINT('',(-0.64448820578622,4.01,-0.414853098290597));
#7493=CARTESIAN_POINT('',(-0.818163419461434,4.01,-0.502029914529914));
#7494=CARTESIAN_POINT('',(-0.818163419461434,4.01,-0.502029914529914));
#7495=CARTESIAN_POINT('',(-0.64448820578622,4.01,-0.589418736645299));
#7496=CARTESIAN_POINT('',(-0.64448820578622,4.01,-0.589418736645299));
#7497=CARTESIAN_POINT('',(-0.64448820578622,4.01,-0.592132411858974));
#7498=CARTESIAN_POINT('',(-0.64448820578622,4.01,-0.592132411858974));
#7499=CARTESIAN_POINT('',(-0.856154872452887,4.01,-0.620074786324786));
#7500=CARTESIAN_POINT('',(-0.856154872452887,4.01,-0.620074786324786));
#7501=CARTESIAN_POINT('',(-0.856154872452887,4.,-0.620074786324786));
#7502=CARTESIAN_POINT('',(-0.856154872452887,4.,-0.620074786324786));
#7503=CARTESIAN_POINT('',(-0.64448820578622,4.,-0.592132411858974));
#7504=CARTESIAN_POINT('',(-0.856154872452887,4.01,-0.620074786324786));
#7505=CARTESIAN_POINT('',(-0.64448820578622,4.01,-0.592132411858974));
#7506=CARTESIAN_POINT('',(-0.64448820578622,4.01,0.484391025641025));
#7507=CARTESIAN_POINT('',(-0.64448820578622,4.,-0.592132411858974));
#7508=CARTESIAN_POINT('',(-0.64448820578622,4.,-0.589418736645299));
#7509=CARTESIAN_POINT('',(-0.64448820578622,4.01,-0.589418736645299));
#7510=CARTESIAN_POINT('',(-0.64448820578622,4.01,-0.589418736645299));
#7511=CARTESIAN_POINT('',(-0.64448820578622,4.,-0.589418736645299));
#7512=CARTESIAN_POINT('',(-0.818163419461434,4.,-0.502029914529914));
#7513=CARTESIAN_POINT('',(-0.818163419461434,4.01,-0.502029914529914));
#7514=CARTESIAN_POINT('',(-0.818163419461434,4.01,-0.502029914529914));
#7515=CARTESIAN_POINT('',(-0.818163419461434,4.,-0.502029914529914));
#7516=CARTESIAN_POINT('',(-0.64448820578622,4.,-0.414853098290597));
#7517=CARTESIAN_POINT('',(-0.64448820578622,4.01,-0.414853098290598));
#7518=CARTESIAN_POINT('',(-0.64448820578622,4.01,0.484391025641025));
#7519=CARTESIAN_POINT('',(-0.64448820578622,4.,-0.414853098290598));
#7520=CARTESIAN_POINT('',(-0.64448820578622,4.,-0.412097021901709));
#7521=CARTESIAN_POINT('',(-0.64448820578622,4.01,-0.412097021901709));
#7522=CARTESIAN_POINT('',(-0.64448820578622,4.01,-0.412097021901709));
#7523=CARTESIAN_POINT('',(-0.64448820578622,4.,-0.412097021901709));
#7524=CARTESIAN_POINT('',(-0.856154872452887,4.,-0.383985042735043));
#7525=CARTESIAN_POINT('',(-0.856154872452887,4.01,-0.383985042735043));
#7526=CARTESIAN_POINT('',(-0.856154872452887,4.01,0.620074786324786));
#7527=CARTESIAN_POINT('',(-0.856154872452887,4.,-0.383985042735043));
#7528=CARTESIAN_POINT('',(-0.856154872452887,4.,-0.403065571581196));
#7529=CARTESIAN_POINT('',(-0.856154872452887,4.01,-0.403065571581196));
#7530=CARTESIAN_POINT('',(-0.856154872452887,4.01,-0.403065571581196));
#7531=CARTESIAN_POINT('',(-0.856154872452887,4.,-0.403065571581196));
#7532=CARTESIAN_POINT('',(-0.703849851085366,4.,-0.423333333333333));
#7533=CARTESIAN_POINT('',(-0.703849851085366,4.01,-0.423333333333333));
#7534=CARTESIAN_POINT('',(-0.703849851085366,4.01,-0.423333333333333));
#7535=CARTESIAN_POINT('',(-0.703849851085366,4.,-0.423333333333333));
#7536=CARTESIAN_POINT('',(-0.856154872452887,4.,-0.499740251068376));
#7537=CARTESIAN_POINT('',(-0.856154872452887,4.01,-0.499740251068376));
#7538=CARTESIAN_POINT('',(-0.856154872452887,4.01,0.620074786324786));
#7539=CARTESIAN_POINT('',(-0.856154872452887,4.,-0.499740251068376));
#7540=CARTESIAN_POINT('',(-0.856154872452887,4.,-0.504022769764957));
#7541=CARTESIAN_POINT('',(-0.856154872452887,4.01,-0.504022769764957));
#7542=CARTESIAN_POINT('',(-0.856154872452887,4.01,-0.504022769764957));
#7543=CARTESIAN_POINT('',(-0.856154872452887,4.,-0.504022769764957));
#7544=CARTESIAN_POINT('',(-0.703510641683656,4.,-0.580726495726495));
#7545=CARTESIAN_POINT('',(-0.703510641683656,4.01,-0.580726495726495));
#7546=CARTESIAN_POINT('',(-0.703510641683656,4.01,-0.580726495726495));
#7547=CARTESIAN_POINT('',(-0.703510641683656,4.,-0.580726495726495));
#7548=CARTESIAN_POINT('',(-0.856154872452887,4.,-0.600951856303418));
#7549=CARTESIAN_POINT('',(-0.856154872452887,4.01,-0.600951856303419));
#7550=CARTESIAN_POINT('',(-0.856154872452887,4.01,0.620074786324786));
#7551=CARTESIAN_POINT('',(-0.856154872452887,4.,-0.600951856303419));
#7552=CARTESIAN_POINT('',(0.,0.,0.05));
#7553=CARTESIAN_POINT('',(-2.,3.43,0.05));
#7554=CARTESIAN_POINT('',(-2.,3.28,0.05));
#7555=CARTESIAN_POINT('',(-2.,3.43,0.05));
#7556=CARTESIAN_POINT('',(-2.,3.43,0.05));
#7557=CARTESIAN_POINT('',(-2.68,3.28,0.05));
#7558=CARTESIAN_POINT('',(-2.,3.28,0.05));
#7559=CARTESIAN_POINT('',(0.,0.,-0.05));
#7560=CARTESIAN_POINT('',(-2.,3.43,-0.05));
#7561=CARTESIAN_POINT('',(-2.,3.28,-0.05));
#7562=CARTESIAN_POINT('',(-2.,3.43,-0.05));
#7563=CARTESIAN_POINT('',(-2.,3.28,-0.05));
#7564=CARTESIAN_POINT('',(-2.68,3.28,-0.05));
#7565=CARTESIAN_POINT('',(-2.,3.43,-0.05));
#7566=CARTESIAN_POINT('',(-2.,3.43,-0.05));
#7567=CARTESIAN_POINT('',(-2.68,3.28,-0.05));
#7568=CARTESIAN_POINT('',(-2.,3.43,-0.05));
#7569=CARTESIAN_POINT('',(0.,0.,0.05));
#7570=CARTESIAN_POINT('',(2.,3.43,0.05));
#7571=CARTESIAN_POINT('',(2.,3.43,0.05));
#7572=CARTESIAN_POINT('',(2.,3.28,0.05));
#7573=CARTESIAN_POINT('',(2.,3.28,0.05));
#7574=CARTESIAN_POINT('',(2.68,3.28,0.05));
#7575=CARTESIAN_POINT('',(2.,3.43,0.05));
#7576=CARTESIAN_POINT('',(0.,0.,-0.05));
#7577=CARTESIAN_POINT('',(2.,3.43,-0.05));
#7578=CARTESIAN_POINT('',(2.,3.43,-0.05));
#7579=CARTESIAN_POINT('',(2.,3.28,-0.05));
#7580=CARTESIAN_POINT('',(2.,3.43,-0.05));
#7581=CARTESIAN_POINT('',(2.68,3.28,-0.05));
#7582=CARTESIAN_POINT('',(2.,3.28,-0.05));
#7583=CARTESIAN_POINT('',(2.,3.43,-0.05));
#7584=CARTESIAN_POINT('',(2.,3.43,-0.05));
#7585=CARTESIAN_POINT('',(2.68,3.28,-0.05));
#7586=CARTESIAN_POINT('',(0.,3.28,0.));
#7587=CARTESIAN_POINT('',(0.,3.28,0.95));
#7588=CARTESIAN_POINT('',(2.,3.28,0.95));
#7589=CARTESIAN_POINT('',(2.68,3.28,-4.89374622696615E-16));
#7590=CARTESIAN_POINT('',(2.68,3.28,0.625));
#7591=CARTESIAN_POINT('',(0.,3.28,0.625));
#7592=CARTESIAN_POINT('',(2.62103866990232,3.28,0.625));
#7593=CARTESIAN_POINT('',(2.44,3.28,0.5));
#7594=CARTESIAN_POINT('',(2.62103866990232,3.28,0.375));
#7595=CARTESIAN_POINT('',(1.01643953670516E-16,3.28,0.375));
#7596=CARTESIAN_POINT('',(2.68,3.28,0.375));
#7597=CARTESIAN_POINT('',(2.68,3.28,-4.89374622696615E-16));
#7598=CARTESIAN_POINT('',(2.,3.28,0.));
#7599=CARTESIAN_POINT('',(0.,3.04,0.));
#7600=CARTESIAN_POINT('',(0.,3.04,-0.95));
#7601=CARTESIAN_POINT('',(2.,3.04,-0.95));
#7602=CARTESIAN_POINT('',(2.68,3.04,-4.89374622696615E-16));
#7603=CARTESIAN_POINT('',(2.68,3.04,-0.625));
#7604=CARTESIAN_POINT('',(0.,3.04,-0.625));
#7605=CARTESIAN_POINT('',(2.62103866990232,3.04,-0.625));
#7606=CARTESIAN_POINT('',(2.44,3.04,-0.5));
#7607=CARTESIAN_POINT('',(2.62103866990232,3.04,-0.375));
#7608=CARTESIAN_POINT('',(1.01643953670516E-16,3.04,-0.375));
#7609=CARTESIAN_POINT('',(2.68,3.04,-0.375));
#7610=CARTESIAN_POINT('',(2.68,3.04,-4.89374622696615E-16));
#7611=CARTESIAN_POINT('',(2.68,3.04,0.375));
#7612=CARTESIAN_POINT('',(1.01643953670516E-16,3.04,0.375));
#7613=CARTESIAN_POINT('',(2.62103866990232,3.04,0.375));
#7614=CARTESIAN_POINT('',(2.44,3.04,0.5));
#7615=CARTESIAN_POINT('',(2.62103866990232,3.04,0.625));
#7616=CARTESIAN_POINT('',(0.,3.04,0.625));
#7617=CARTESIAN_POINT('',(2.68,3.04,0.625));
#7618=CARTESIAN_POINT('',(2.68,3.04,-4.89374622696615E-16));
#7619=CARTESIAN_POINT('',(0.,3.04,0.95));
#7620=CARTESIAN_POINT('',(2.,3.04,0.95));
#7621=CARTESIAN_POINT('',(2.,3.04,0.));
#7622=CARTESIAN_POINT('',(-1.01643953670516E-16,3.04,0.375));
#7623=CARTESIAN_POINT('',(2.62103866990232,3.04,0.375));
#7624=CARTESIAN_POINT('',(2.68,3.04,0.375));
#7625=CARTESIAN_POINT('',(2.68,3.04,-4.89374622696615E-16));
#7626=CARTESIAN_POINT('',(2.68,3.28,-4.89374622696615E-16));
#7627=CARTESIAN_POINT('',(2.68,3.28,-0.375));
#7628=CARTESIAN_POINT('',(2.68,3.04,-0.375));
#7629=CARTESIAN_POINT('',(-1.01643953670516E-16,3.04,-0.375));
#7630=CARTESIAN_POINT('',(1.01643953670516E-16,3.28,-0.375));
#7631=CARTESIAN_POINT('',(2.62103866990232,3.28,-0.375));
#7632=CARTESIAN_POINT('',(2.62103866990232,3.04,-0.375));
#7633=CARTESIAN_POINT('',(2.44,3.04,-0.5));
#7634=CARTESIAN_POINT('',(2.44,3.28,-0.5));
#7635=CARTESIAN_POINT('',(2.62103866990232,3.28,-0.625));
#7636=CARTESIAN_POINT('',(2.62103866990232,3.04,-0.625));
#7637=CARTESIAN_POINT('',(0.,3.04,-0.625));
#7638=CARTESIAN_POINT('',(0.,3.28,-0.625));
#7639=CARTESIAN_POINT('',(2.68,3.28,-0.625));
#7640=CARTESIAN_POINT('',(2.68,3.04,-0.625));
#7641=CARTESIAN_POINT('',(2.68,3.04,-4.89374622696615E-16));
#7642=CARTESIAN_POINT('',(2.68,3.28,-4.89374622696615E-16));
#7643=CARTESIAN_POINT('',(0.,3.04,-0.95));
#7644=CARTESIAN_POINT('',(0.,3.28,-0.95));
#7645=CARTESIAN_POINT('',(2.,3.28,-0.95));
#7646=CARTESIAN_POINT('',(2.,3.04,-0.95));
#7647=CARTESIAN_POINT('',(0.,3.04,0.95));
#7648=CARTESIAN_POINT('',(2.,3.04,0.95));
#7649=CARTESIAN_POINT('',(2.68,3.04,-4.89374622696615E-16));
#7650=CARTESIAN_POINT('',(2.68,3.04,0.625));
#7651=CARTESIAN_POINT('',(0.,3.04,0.625));
#7652=CARTESIAN_POINT('',(2.62103866990232,3.04,0.625));
#7653=CARTESIAN_POINT('',(2.44,3.04,0.5));
#7654=CARTESIAN_POINT('',(0.,3.28,0.));
#7655=CARTESIAN_POINT('',(0.,3.28,-0.95));
#7656=CARTESIAN_POINT('',(-2.,3.28,-0.95));
#7657=CARTESIAN_POINT('',(-2.68,3.28,-4.89374622696615E-16));
#7658=CARTESIAN_POINT('',(-2.68,3.28,-0.625));
#7659=CARTESIAN_POINT('',(0.,3.28,-0.625));
#7660=CARTESIAN_POINT('',(-2.62103866990232,3.28,-0.625));
#7661=CARTESIAN_POINT('',(-2.44,3.28,-0.5));
#7662=CARTESIAN_POINT('',(-2.62103866990232,3.28,-0.375));
#7663=CARTESIAN_POINT('',(-1.01643953670516E-16,3.28,-0.375));
#7664=CARTESIAN_POINT('',(-2.68,3.28,-0.375));
#7665=CARTESIAN_POINT('',(-2.68,3.28,-4.89374622696615E-16));
#7666=CARTESIAN_POINT('',(-2.,3.28,0.));
#7667=CARTESIAN_POINT('',(0.,3.04,0.));
#7668=CARTESIAN_POINT('',(-2.68,3.04,-4.89374622696615E-16));
#7669=CARTESIAN_POINT('',(-2.68,3.04,-0.625));
#7670=CARTESIAN_POINT('',(0.,3.04,-0.95));
#7671=CARTESIAN_POINT('',(-2.,3.04,-0.95));
#7672=CARTESIAN_POINT('',(-2.,3.04,0.));
#7673=CARTESIAN_POINT('',(-2.,3.04,0.95));
#7674=CARTESIAN_POINT('',(0.,3.04,0.95));
#7675=CARTESIAN_POINT('',(-2.68,3.04,-4.89374622696615E-16));
#7676=CARTESIAN_POINT('',(-2.68,3.04,0.625));
#7677=CARTESIAN_POINT('',(0.,3.04,0.625));
#7678=CARTESIAN_POINT('',(-2.62103866990232,3.04,0.625));
#7679=CARTESIAN_POINT('',(-2.44,3.04,0.5));
#7680=CARTESIAN_POINT('',(-2.62103866990232,3.04,0.375));
#7681=CARTESIAN_POINT('',(-1.01643953670516E-16,3.04,0.375));
#7682=CARTESIAN_POINT('',(-2.68,3.04,0.375));
#7683=CARTESIAN_POINT('',(-2.68,3.04,-4.89374622696615E-16));
#7684=CARTESIAN_POINT('',(-2.68,3.04,-0.375));
#7685=CARTESIAN_POINT('',(-1.01643953670516E-16,3.04,-0.375));
#7686=CARTESIAN_POINT('',(-2.62103866990232,3.04,-0.375));
#7687=CARTESIAN_POINT('',(-2.44,3.04,-0.5));
#7688=CARTESIAN_POINT('',(-2.62103866990232,3.04,-0.625));
#7689=CARTESIAN_POINT('',(0.,3.04,-0.625));
#7690=CARTESIAN_POINT('',(-2.44,3.04,-0.5));
#7691=CARTESIAN_POINT('',(-2.62103866990232,3.04,-0.625));
#7692=CARTESIAN_POINT('',(-2.62103866990232,3.04,-0.375));
#7693=CARTESIAN_POINT('',(-1.01643953670516E-16,3.04,-0.375));
#7694=CARTESIAN_POINT('',(-2.68,3.04,-0.375));
#7695=CARTESIAN_POINT('',(-2.68,3.04,-4.89374622696615E-16));
#7696=CARTESIAN_POINT('',(-2.68,3.04,0.375));
#7697=CARTESIAN_POINT('',(-2.68,3.28,0.375));
#7698=CARTESIAN_POINT('',(-2.68,3.28,-4.89374622696615E-16));
#7699=CARTESIAN_POINT('',(-1.01643953670516E-16,3.04,0.375));
#7700=CARTESIAN_POINT('',(-1.01643953670516E-16,3.28,0.375));
#7701=CARTESIAN_POINT('',(-2.62103866990232,3.28,0.375));
#7702=CARTESIAN_POINT('',(-2.62103866990232,3.04,0.375));
#7703=CARTESIAN_POINT('',(-2.44,3.04,0.5));
#7704=CARTESIAN_POINT('',(-2.44,3.28,0.5));
#7705=CARTESIAN_POINT('',(-2.62103866990232,3.28,0.625));
#7706=CARTESIAN_POINT('',(-2.62103866990232,3.04,0.625));
#7707=CARTESIAN_POINT('',(0.,3.04,0.625));
#7708=CARTESIAN_POINT('',(0.,3.28,0.625));
#7709=CARTESIAN_POINT('',(-2.68,3.28,0.625));
#7710=CARTESIAN_POINT('',(-2.68,3.04,0.625));
#7711=CARTESIAN_POINT('',(-2.68,3.04,-4.89374622696615E-16));
#7712=CARTESIAN_POINT('',(-2.68,3.28,-4.89374622696615E-16));
#7713=CARTESIAN_POINT('',(0.,3.04,0.95));
#7714=CARTESIAN_POINT('',(0.,3.28,0.95));
#7715=CARTESIAN_POINT('',(-2.,3.28,0.95));
#7716=CARTESIAN_POINT('',(-2.,3.04,0.95));
#7717=CARTESIAN_POINT('',(0.,3.04,-0.95));
#7718=CARTESIAN_POINT('',(-2.,3.04,-0.95));
#7719=CARTESIAN_POINT('',(-2.68,3.04,-4.89374622696615E-16));
#7720=CARTESIAN_POINT('',(-2.68,3.04,-0.625));
#7721=CARTESIAN_POINT('',(0.,3.04,-0.625));
#7722=CARTESIAN_POINT('',(1.915,3.85,0.915));
#7723=CARTESIAN_POINT('',(1.915,3.85,0.915));
#7724=CARTESIAN_POINT('',(1.915,3.85,0.965));
#7725=CARTESIAN_POINT('',(1.965,3.85,0.915));
#7726=CARTESIAN_POINT('',(1.915,3.85,0.965));
#7727=CARTESIAN_POINT('',(1.915,3.8,0.965));
#7728=CARTESIAN_POINT('',(1.915,3.8,0.915));
#7729=CARTESIAN_POINT('',(1.965,3.8,0.915));
#7730=CARTESIAN_POINT('',(1.965,3.85,0.915));
#7731=CARTESIAN_POINT('',(1.2688401011754,4.,1.015));
#7732=CARTESIAN_POINT('',(1.2688401011754,3.85,1.015));
#7733=CARTESIAN_POINT('',(1.2688401011754,3.85,0.965));
#7734=CARTESIAN_POINT('',(1.25603819159562,3.85,0.966666666666667));
#7735=CARTESIAN_POINT('',(1.25603819159562,4.,0.966666666666667));
#7736=CARTESIAN_POINT('',(1.25603819159562,3.8,0.966666666666667));
#7737=CARTESIAN_POINT('',(1.2688401011754,3.8,1.015));
#7738=CARTESIAN_POINT('',(1.2688401011754,3.8,0.965));
#7739=CARTESIAN_POINT('',(1.2688401011754,3.8,0.965));
#7740=CARTESIAN_POINT('',(2.015,4.,0.268840101175401));
#7741=CARTESIAN_POINT('',(2.015,3.8,0.268840101175401));
#7742=CARTESIAN_POINT('',(1.96666666666667,3.8,0.25603819159562));
#7743=CARTESIAN_POINT('',(1.965,3.8,0.268840101175401));
#7744=CARTESIAN_POINT('',(1.96666666666667,4.,0.25603819159562));
#7745=CARTESIAN_POINT('',(1.96666666666667,3.85,0.25603819159562));
#7746=CARTESIAN_POINT('',(2.015,3.85,0.268840101175401));
#7747=CARTESIAN_POINT('',(1.965,3.85,0.268840101175401));
#7748=CARTESIAN_POINT('',(1.965,3.85,0.268840101175401));
#7749=CARTESIAN_POINT('',(0.731159898824599,4.,1.015));
#7750=CARTESIAN_POINT('',(0.731159898824599,3.8,1.015));
#7751=CARTESIAN_POINT('',(0.74396180840438,3.8,0.966666666666667));
#7752=CARTESIAN_POINT('',(0.731159898824599,3.8,0.965));
#7753=CARTESIAN_POINT('',(0.74396180840438,4.,0.966666666666667));
#7754=CARTESIAN_POINT('',(0.74396180840438,3.85,0.966666666666667));
#7755=CARTESIAN_POINT('',(0.731159898824599,3.85,1.015));
#7756=CARTESIAN_POINT('',(0.731159898824599,3.85,0.965));
#7757=CARTESIAN_POINT('',(0.731159898824599,3.85,0.965));
#7758=CARTESIAN_POINT('',(0.532132497388415,4.,0.94));
#7759=CARTESIAN_POINT('',(0.532132497388415,4.,0.94));
#7760=CARTESIAN_POINT('',(0.554411902274681,4.,0.895238095238096));
#7761=CARTESIAN_POINT('',(0.532132497388415,4.,0.89));
#7762=CARTESIAN_POINT('',(0.532132497388415,4.,0.89));
#7763=CARTESIAN_POINT('',(0.532132497388415,3.85,0.89));
#7764=CARTESIAN_POINT('',(0.532132497388415,3.85,0.94));
#7765=CARTESIAN_POINT('',(0.554411902274681,3.85,0.895238095238096));
#7766=CARTESIAN_POINT('',(0.554411902274681,4.,0.895238095238096));
#7767=CARTESIAN_POINT('',(0.731159898824598,4.,-1.015));
#7768=CARTESIAN_POINT('',(0.731159898824598,3.85,-1.015));
#7769=CARTESIAN_POINT('',(0.731159898824598,3.85,-0.965));
#7770=CARTESIAN_POINT('',(0.743961808404379,3.85,-0.966666666666667));
#7771=CARTESIAN_POINT('',(0.743961808404379,4.,-0.966666666666667));
#7772=CARTESIAN_POINT('',(0.743961808404379,3.8,-0.966666666666667));
#7773=CARTESIAN_POINT('',(0.731159898824598,3.8,-1.015));
#7774=CARTESIAN_POINT('',(0.731159898824598,3.8,-0.965));
#7775=CARTESIAN_POINT('',(0.731159898824598,3.8,-0.965));
#7776=CARTESIAN_POINT('',(-1.915,3.85,-0.915));
#7777=CARTESIAN_POINT('',(-1.915,3.85,-0.915));
#7778=CARTESIAN_POINT('',(-1.915,3.85,-0.965));
#7779=CARTESIAN_POINT('',(-1.965,3.85,-0.915));
#7780=CARTESIAN_POINT('',(-1.915,3.85,-0.965));
#7781=CARTESIAN_POINT('',(-1.915,3.8,-0.965));
#7782=CARTESIAN_POINT('',(-1.915,3.8,-0.915));
#7783=CARTESIAN_POINT('',(-1.965,3.8,-0.915));
#7784=CARTESIAN_POINT('',(-1.965,3.85,-0.915));
#7785=CARTESIAN_POINT('',(-1.915,3.85,0.915));
#7786=CARTESIAN_POINT('',(-1.915,3.85,0.915));
#7787=CARTESIAN_POINT('',(-1.965,3.85,0.915));
#7788=CARTESIAN_POINT('',(-1.915,3.85,0.965));
#7789=CARTESIAN_POINT('',(-1.965,3.85,0.915));
#7790=CARTESIAN_POINT('',(-1.965,3.8,0.915));
#7791=CARTESIAN_POINT('',(-1.915,3.8,0.915));
#7792=CARTESIAN_POINT('',(-1.915,3.8,0.965));
#7793=CARTESIAN_POINT('',(-1.915,3.85,0.965));
#7794=CARTESIAN_POINT('',(-1.37,4.,0.84));
#7795=CARTESIAN_POINT('',(-1.37,4.05,0.84));
#7796=CARTESIAN_POINT('',(-1.42,4.05,0.84));
#7797=CARTESIAN_POINT('',(-1.37,4.05,0.89));
#7798=CARTESIAN_POINT('',(-1.42,4.05,0.84));
#7799=CARTESIAN_POINT('',(-1.42,3.85,0.84));
#7800=CARTESIAN_POINT('',(-1.37,3.85,0.84));
#7801=CARTESIAN_POINT('',(-1.37,3.85,0.89));
#7802=CARTESIAN_POINT('',(-1.37,3.85,0.89));
#7803=CARTESIAN_POINT('',(-1.47,4.,0.523450093132096));
#7804=CARTESIAN_POINT('',(-1.47,4.,0.523450093132096));
#7805=CARTESIAN_POINT('',(-1.42,4.,0.523450093132096));
#7806=CARTESIAN_POINT('',(-1.43737032569361,4.,0.485564682290207));
#7807=CARTESIAN_POINT('',(-1.43737032569361,4.,0.485564682290207));
#7808=CARTESIAN_POINT('',(-1.43737032569361,3.85,0.485564682290207));
#7809=CARTESIAN_POINT('',(-1.47,3.85,0.523450093132096));
#7810=CARTESIAN_POINT('',(-1.42,3.85,0.523450093132096));
#7811=CARTESIAN_POINT('',(-1.42,4.,0.523450093132096));
#7812=CARTESIAN_POINT('',(-1.47,4.,-0.523450093132096));
#7813=CARTESIAN_POINT('',(-1.47,4.,-0.523450093132096));
#7814=CARTESIAN_POINT('',(-1.43737032569361,4.,-0.485564682290207));
#7815=CARTESIAN_POINT('',(-1.42,4.,-0.523450093132096));
#7816=CARTESIAN_POINT('',(-1.42,4.,-0.523450093132096));
#7817=CARTESIAN_POINT('',(-1.42,3.85,-0.523450093132096));
#7818=CARTESIAN_POINT('',(-1.47,3.85,-0.523450093132096));
#7819=CARTESIAN_POINT('',(-1.43737032569361,3.85,-0.485564682290207));
#7820=CARTESIAN_POINT('',(-1.43737032569361,4.,-0.485564682290207));
#7821=CARTESIAN_POINT('',(-1.37,4.,-0.84));
#7822=CARTESIAN_POINT('',(-1.37,4.05,-0.84));
#7823=CARTESIAN_POINT('',(-1.37,4.05,-0.89));
#7824=CARTESIAN_POINT('',(-1.42,4.05,-0.84));
#7825=CARTESIAN_POINT('',(-1.37,4.,-0.89));
#7826=CARTESIAN_POINT('',(-1.37,3.85,-0.89));
#7827=CARTESIAN_POINT('',(-1.37,3.85,-0.84));
#7828=CARTESIAN_POINT('',(-1.42,3.85,-0.84));
#7829=CARTESIAN_POINT('',(-1.42,4.,-0.84));
#7830=CARTESIAN_POINT('',(0.532132497388414,4.,-0.94));
#7831=CARTESIAN_POINT('',(0.532132497388414,4.,-0.94));
#7832=CARTESIAN_POINT('',(0.532132497388414,4.,-0.89));
#7833=CARTESIAN_POINT('',(0.55441190227468,4.,-0.895238095238095));
#7834=CARTESIAN_POINT('',(0.55441190227468,4.,-0.895238095238095));
#7835=CARTESIAN_POINT('',(0.55441190227468,3.85,-0.895238095238095));
#7836=CARTESIAN_POINT('',(0.532132497388414,3.85,-0.94));
#7837=CARTESIAN_POINT('',(0.532132497388414,3.85,-0.89));
#7838=CARTESIAN_POINT('',(0.532132497388414,4.,-0.89));
#7839=CARTESIAN_POINT('',(1.95,3.8,0.95));
#7840=CARTESIAN_POINT('',(1.95,3.8,0.95));
#7841=CARTESIAN_POINT('',(1.95,3.8,1.));
#7842=CARTESIAN_POINT('',(2.,3.8,0.95));
#7843=CARTESIAN_POINT('',(1.95,3.8,1.));
#7844=CARTESIAN_POINT('',(1.95,0.2,1.));
#7845=CARTESIAN_POINT('',(1.95,0.2,0.95));
#7846=CARTESIAN_POINT('',(2.,0.2,0.95));
#7847=CARTESIAN_POINT('',(2.,3.8,0.95));
#7848=CARTESIAN_POINT('',(2.,3.8,0.95));
#7849=CARTESIAN_POINT('',(1.95,3.8,-0.95));
#7850=CARTESIAN_POINT('',(1.95,3.8,-0.95));
#7851=CARTESIAN_POINT('',(2.,3.8,-0.95));
#7852=CARTESIAN_POINT('',(1.95,3.8,-1.));
#7853=CARTESIAN_POINT('',(2.,3.8,-0.95));
#7854=CARTESIAN_POINT('',(2.,3.8,-0.95));
#7855=CARTESIAN_POINT('',(2.,0.2,-0.95));
#7856=CARTESIAN_POINT('',(1.95,0.2,-0.95));
#7857=CARTESIAN_POINT('',(1.95,0.2,-1.));
#7858=CARTESIAN_POINT('',(1.95,3.8,-1.));
#7859=CARTESIAN_POINT('',(-1.95,3.8,0.95));
#7860=CARTESIAN_POINT('',(-1.95,3.8,0.95));
#7861=CARTESIAN_POINT('',(-2.,3.8,0.95));
#7862=CARTESIAN_POINT('',(-1.95,3.8,1.));
#7863=CARTESIAN_POINT('',(-2.,3.8,0.95));
#7864=CARTESIAN_POINT('',(-2.,3.8,0.95));
#7865=CARTESIAN_POINT('',(-2.,0.2,0.95));
#7866=CARTESIAN_POINT('',(-1.95,0.2,0.95));
#7867=CARTESIAN_POINT('',(-1.95,0.2,1.));
#7868=CARTESIAN_POINT('',(-1.95,3.8,1.));
#7869=CARTESIAN_POINT('',(-1.95,3.8,-0.95));
#7870=CARTESIAN_POINT('',(-1.95,3.8,-0.95));
#7871=CARTESIAN_POINT('',(-1.95,3.8,-1.));
#7872=CARTESIAN_POINT('',(-2.,3.8,-0.95));
#7873=CARTESIAN_POINT('',(-1.95,3.8,-1.));
#7874=CARTESIAN_POINT('',(-1.95,0.2,-1.));
#7875=CARTESIAN_POINT('',(-1.95,0.2,-0.95));
#7876=CARTESIAN_POINT('',(-2.,0.2,-0.95));
#7877=CARTESIAN_POINT('',(-2.,3.8,-0.95));
#7878=CARTESIAN_POINT('',(-2.,3.8,-0.95));
#7879=CARTESIAN_POINT('',(-2.,0.2,1.));
#7880=CARTESIAN_POINT('',(-2.,0.2,1.));
#7881=CARTESIAN_POINT('',(-1.71715728752538,0.2,1.));
#7882=CARTESIAN_POINT('',(-2.,0.2,-1.));
#7883=CARTESIAN_POINT('',(-2.,0.2,0.717157287525379));
#7884=CARTESIAN_POINT('',(-2.,0.2,1.));
#7885=CARTESIAN_POINT('',(-2.,0.2,1.));
#7886=CARTESIAN_POINT('',(-2.,0.2,1.));
#7887=CARTESIAN_POINT('',(-1.8,4.66206934168767E-16,0.8));
#7888=CARTESIAN_POINT('',(-2.,0.2,1.));
#7889=CARTESIAN_POINT('',(-2.,0.2,1.));
#7890=CARTESIAN_POINT('',(-2.,0.2,-1.));
#7891=CARTESIAN_POINT('',(-2.,0.2,-0.71715728752538));
#7892=CARTESIAN_POINT('',(-2.,0.2,-1.));
#7893=CARTESIAN_POINT('',(-1.71715728752538,0.2,-1.));
#7894=CARTESIAN_POINT('',(-2.,0.2,-1.));
#7895=CARTESIAN_POINT('',(-2.,0.2,-1.));
#7896=CARTESIAN_POINT('',(-2.,0.2,-1.));
#7897=CARTESIAN_POINT('',(-1.8,4.77048955893622E-16,-0.8));
#7898=CARTESIAN_POINT('',(-2.,0.2,-1.));
#7899=CARTESIAN_POINT('',(-2.,0.2,1.));
#7900=CARTESIAN_POINT('',(-2.,0.2,-1.));
#7901=CARTESIAN_POINT('',(1.71715728752538,0.2,-1.));
#7902=CARTESIAN_POINT('',(2.,0.2,-1.));
#7903=CARTESIAN_POINT('',(2.,0.2,-0.717157287525381));
#7904=CARTESIAN_POINT('',(2.,0.2,-1.));
#7905=CARTESIAN_POINT('',(2.,0.2,-1.));
#7906=CARTESIAN_POINT('',(2.,0.2,-1.));
#7907=CARTESIAN_POINT('',(1.8,2.38524477946811E-16,-0.8));
#7908=CARTESIAN_POINT('',(2.,0.2,-1.));
#7909=CARTESIAN_POINT('',(-2.,0.2,1.));
#7910=CARTESIAN_POINT('',(2.,0.2,-1.));
#7911=CARTESIAN_POINT('',(2.,0.2,0.717157287525382));
#7912=CARTESIAN_POINT('',(-2.,0.2,1.));
#7913=CARTESIAN_POINT('',(1.71715728752538,0.2,1.));
#7914=CARTESIAN_POINT('',(2.,0.2,1.));
#7915=CARTESIAN_POINT('',(2.,0.2,1.));
#7916=CARTESIAN_POINT('',(2.,0.2,1.));
#7917=CARTESIAN_POINT('',(1.8,2.27682456221956E-16,0.8));
#7918=CARTESIAN_POINT('',(2.,0.2,1.));
#7919=CARTESIAN_POINT('',(2.,0.2,-1.));
#7920=CARTESIAN_POINT('',(2.,0.2,-1.));
#7921=CARTESIAN_POINT('',(1.8,0.,0.));
#7922=CARTESIAN_POINT('',(-2.,0.2,-1.));
#7923=CARTESIAN_POINT('',(-2.,0.2,-1.));
#7924=CARTESIAN_POINT('',(0.,0.,-0.8));
#7925=CARTESIAN_POINT('',(-2.,0.2,1.));
#7926=CARTESIAN_POINT('',(-2.,0.2,1.));
#7927=CARTESIAN_POINT('',(0.,0.,0.8));
#7928=CARTESIAN_POINT('',(-2.,0.2,-1.));
#7929=CARTESIAN_POINT('',(-1.8,0.,3.12250225675825E-16));
#7930=CARTESIAN_POINT('',(-2.,0.2,-1.));
#7931=CARTESIAN_POINT('',(1.,3.55,0.));
#7932=CARTESIAN_POINT('',(1.,3.55,0.));
#7933=CARTESIAN_POINT('',(1.,3.55,0.15));
#7934=CARTESIAN_POINT('',(1.,3.55,0.));
#7935=CARTESIAN_POINT('',(1.,4.55,0.));
#7936=CARTESIAN_POINT('',(1.,4.55,0.15));
#7937=CARTESIAN_POINT('',(1.,4.55,0.));
#7938=CARTESIAN_POINT('',(1.,4.55,0.));
#7939=CARTESIAN_POINT('',(1.,4.55,0.3));
#7940=CARTESIAN_POINT('',(1.,4.55,0.));
#7941=CARTESIAN_POINT('',(1.,4.15,0.));
#7942=CARTESIAN_POINT('',(1.,4.15,0.3));
#7943=CARTESIAN_POINT('',(1.,4.15,0.));
#7944=CARTESIAN_POINT('',(1.,4.15,0.));
#7945=CARTESIAN_POINT('',(1.,4.15,0.525));
#7946=CARTESIAN_POINT('',(1.,4.15,0.));
#7947=CARTESIAN_POINT('',(1.,4.1,0.));
#7948=CARTESIAN_POINT('',(1.,4.1,0.525));
#7949=CARTESIAN_POINT('',(1.,4.1,0.));
#7950=CARTESIAN_POINT('',(1.,4.1,0.));
#7951=CARTESIAN_POINT('',(1.,4.1,0.65));
#7952=CARTESIAN_POINT('',(1.,4.1,0.));
#7953=CARTESIAN_POINT('',(1.,4.,0.));
#7954=CARTESIAN_POINT('',(1.,4.,0.65));
#7955=CARTESIAN_POINT('',(-0.14,4.05,0.));
#7956=CARTESIAN_POINT('',(-0.14,4.,0.));
#7957=CARTESIAN_POINT('',(-0.14,4.,0.2));
#7958=CARTESIAN_POINT('',(-0.14,4.,-0.2));
#7959=CARTESIAN_POINT('',(-0.14,4.05,-0.2));
#7960=CARTESIAN_POINT('',(-0.14,4.05,-0.2));
#7961=CARTESIAN_POINT('',(-0.14,4.05,0.));
#7962=CARTESIAN_POINT('',(-0.14,4.05,0.2));
#7963=CARTESIAN_POINT('',(-0.14,4.05,0.2));
#7964=CARTESIAN_POINT('',(-1.32,4.05,0.79));
#7965=CARTESIAN_POINT('',(-1.32,4.,0.79));
#7966=CARTESIAN_POINT('',(-1.32,4.,0.79));
#7967=CARTESIAN_POINT('',(-0.24,4.,0.79));
#7968=CARTESIAN_POINT('',(-1.32,4.05,0.79));
#7969=CARTESIAN_POINT('',(-1.32,4.05,0.79));
#7970=CARTESIAN_POINT('',(-1.32,4.05,0.79));
#7971=CARTESIAN_POINT('',(-0.24,4.05,0.79));
#7972=CARTESIAN_POINT('',(-0.24,4.05,0.79));
#7973=CARTESIAN_POINT('',(-1.32,4.05,0.79));
#7974=CARTESIAN_POINT('',(-1.32,4.,0.79));
#7975=CARTESIAN_POINT('',(-1.32,4.,-0.79));
#7976=CARTESIAN_POINT('',(-1.32,4.05,-0.79));
#7977=CARTESIAN_POINT('',(-1.32,4.05,-0.79));
#7978=CARTESIAN_POINT('',(-1.32,4.05,0.79));
#7979=CARTESIAN_POINT('',(-1.32,4.05,-0.79));
#7980=CARTESIAN_POINT('',(-1.32,4.,-0.79));
#7981=CARTESIAN_POINT('',(-0.24,4.,-0.79));
#7982=CARTESIAN_POINT('',(-0.24,4.05,-0.79));
#7983=CARTESIAN_POINT('',(-0.24,4.05,-0.79));
#7984=CARTESIAN_POINT('',(-1.32,4.05,-0.79));
#7985=CARTESIAN_POINT('',(-0.24,4.05,0.79));
#7986=CARTESIAN_POINT('',(-0.24,4.,0.79));
#7987=CARTESIAN_POINT('',(-0.24,4.05,0.79));
#7988=CARTESIAN_POINT('',(0.,4.05,0.));
#7989=CARTESIAN_POINT('',(-1.42,4.05,-0.89));
#7990=CARTESIAN_POINT('',(-0.14,4.05,-0.89));
#7991=CARTESIAN_POINT('',(-1.42,4.05,-0.89));
#7992=CARTESIAN_POINT('',(-1.42,4.05,0.89));
#7993=CARTESIAN_POINT('',(-0.14,4.05,0.89));
#7994=CARTESIAN_POINT('',(-0.14,4.05,-0.89));
#7995=CARTESIAN_POINT('',(-0.14,4.05,-0.89));
#7996=CARTESIAN_POINT('',(0.,3.85,0.));
#7997=CARTESIAN_POINT('',(-1.965,3.85,0.965));
#7998=CARTESIAN_POINT('',(1.965,3.85,0.965));
#7999=CARTESIAN_POINT('',(1.,3.85,0.));
#8000=CARTESIAN_POINT('',(1.965,3.85,0.));
#8001=CARTESIAN_POINT('',(1.965,3.8,0.));
#8002=CARTESIAN_POINT('',(1.,3.85,0.965));
#8003=CARTESIAN_POINT('',(1.,3.8,0.965));
#8004=CARTESIAN_POINT('',(1.965,3.85,0.));
#8005=CARTESIAN_POINT('',(1.965,3.85,0.965));
#8006=CARTESIAN_POINT('',(1.965,3.85,-0.262249880838866));
#8007=CARTESIAN_POINT('',(1.965,3.85,-0.965));
#8008=CARTESIAN_POINT('',(1.965,4.,-0.262249880838868));
#8009=CARTESIAN_POINT('',(1.965,3.8,-0.262249880838868));
#8010=CARTESIAN_POINT('',(1.965,3.8,0.));
#8011=CARTESIAN_POINT('',(1.965,3.8,-0.965));
#8012=CARTESIAN_POINT('',(1.965,3.85,-0.965));
#8013=CARTESIAN_POINT('',(1.965,3.85,-0.965));
#8014=CARTESIAN_POINT('',(1.965,3.8,-0.965));
#8015=CARTESIAN_POINT('',(1.26224988083887,3.8,-0.965));
#8016=CARTESIAN_POINT('',(1.26224988083887,4.,-0.965));
#8017=CARTESIAN_POINT('',(1.26224988083887,3.85,-0.965));
#8018=CARTESIAN_POINT('',(1.,3.85,-0.965));
#8019=CARTESIAN_POINT('',(0.,3.85,0.));
#8020=CARTESIAN_POINT('',(1.,3.85,0.));
#8021=CARTESIAN_POINT('',(-1.965,3.85,-0.965));
#8022=CARTESIAN_POINT('',(-1.965,3.8,-0.965));
#8023=CARTESIAN_POINT('',(-1.965,3.85,-0.965));
#8024=CARTESIAN_POINT('',(1.,3.85,0.965));
#8025=CARTESIAN_POINT('',(-1.965,3.85,0.965));
#8026=CARTESIAN_POINT('',(1.,3.8,0.965));
#8027=CARTESIAN_POINT('',(1.965,3.85,-0.965));
#8028=CARTESIAN_POINT('',(1.965,3.8,-0.965));
#8029=CARTESIAN_POINT('',(1.,3.85,-0.965));
#8030=CARTESIAN_POINT('',(0.,3.85,0.));
#8031=CARTESIAN_POINT('',(7.86085978903515E-17,3.85,-0.89));
#8032=CARTESIAN_POINT('',(1.,3.85,0.));
#8033=CARTESIAN_POINT('',(1.,3.85,0.));
#8034=CARTESIAN_POINT('',(-7.86085978903516E-17,3.85,0.89));
#8035=CARTESIAN_POINT('',(-1.42,3.85,0.));
#8036=CARTESIAN_POINT('',(-1.01916666666667,3.85,0.));
#8037=CARTESIAN_POINT('',(-1.42,3.85,0.));
#8038=CARTESIAN_POINT('',(0.,4.,0.));
#8039=CARTESIAN_POINT('',(-0.14,4.,-0.89));
#8040=CARTESIAN_POINT('',(-0.14,4.,-0.89));
#8041=CARTESIAN_POINT('',(-0.14,4.,-0.89));
#8042=CARTESIAN_POINT('',(-0.14,4.,0.89));
#8043=CARTESIAN_POINT('',(-7.86085978903516E-17,4.,0.89));
#8044=CARTESIAN_POINT('',(1.,4.,0.));
#8045=CARTESIAN_POINT('',(7.86085978903515E-17,4.,-0.89));
#8046=CARTESIAN_POINT('',(-7.86085978903516E-17,4.,0.89));
#8047=CARTESIAN_POINT('',(-0.14,4.05,0.89));
#8048=CARTESIAN_POINT('',(-1.01916666666667,4.,0.));
#8049=CARTESIAN_POINT('',(-1.01916666666667,4.,0.));
#8050=CARTESIAN_POINT('',(-1.42,4.,0.));
#8051=CARTESIAN_POINT('',(-1.42,4.,-0.89));
#8052=CARTESIAN_POINT('',(7.86085978903515E-17,4.,-0.89));
#8053=CARTESIAN_POINT('',(-0.14,4.05,-0.89));
#8054=CARTESIAN_POINT('',(0.,0.,0.));
#8055=CARTESIAN_POINT('',(-2.,3.8,1.));
#8056=CARTESIAN_POINT('',(-2.,3.8,1.));
#8057=CARTESIAN_POINT('',(1.,3.8,1.));
#8058=CARTESIAN_POINT('',(-2.,3.8,1.));
#8059=CARTESIAN_POINT('',(-2.,3.8,-1.));
#8060=CARTESIAN_POINT('',(-2.,3.28,0.));
#8061=CARTESIAN_POINT('',(-2.,3.8,-1.));
#8062=CARTESIAN_POINT('',(-2.,3.8,-1.));
#8063=CARTESIAN_POINT('',(-2.,3.8,-1.));
#8064=CARTESIAN_POINT('',(1.,3.8,-1.));
#8065=CARTESIAN_POINT('',(-2.,3.8,-1.));
#8066=CARTESIAN_POINT('',(1.,4.,0.));
#8067=CARTESIAN_POINT('',(1.,3.8,0.));
#8068=CARTESIAN_POINT('',(1.,3.8,0.));
#8069=CARTESIAN_POINT('',(1.,3.8,0.));
#8070=CARTESIAN_POINT('',(2.,3.8,0.));
#8071=CARTESIAN_POINT('',(1.,3.8,0.));
#8072=CARTESIAN_POINT('',(1.,3.8,0.));
#8073=CARTESIAN_POINT('',(1.,3.8,0.));
#8074=CARTESIAN_POINT('',(0.,3.8,0.));
#8075=CARTESIAN_POINT('',(2.,3.8,-1.));
#8076=CARTESIAN_POINT('',(0.,3.8,0.));
#8077=CARTESIAN_POINT('',(2.,3.8,-1.));
#8078=CARTESIAN_POINT('',(0.,3.8,0.));
#8079=CARTESIAN_POINT('',(0.,4.,0.));
#8080=CARTESIAN_POINT('',(-0.14,4.05,-0.89));
#8081=CARTESIAN_POINT('',(-0.14,4.05,-0.89));
#8082=CARTESIAN_POINT('',(-2.,3.8,-1.));
#8083=CARTESIAN_POINT('',(2.,3.8,-1.));
#8084=CARTESIAN_POINT('',(0.,3.28,0.));
#8085=CARTESIAN_POINT('',(2.,3.28,0.));
#8086=CARTESIAN_POINT('',(2.,3.8,-1.));
#8087=CARTESIAN_POINT('',(0.,3.28,0.));
#8088=CARTESIAN_POINT('',(0.,4.,0.));
#8089=CARTESIAN_POINT('',(0.00319767445235207,-1.00423805691524,-4.17032216539445));
#8090=CARTESIAN_POINT('',(0.,0.,0.));
#8091=MECHANICAL_DESIGN_GEOMETRIC_PRESENTATION_REPRESENTATION('',(#3806,
#3807,#134,#135,#136,#137,#138,#139,#140,#141),#8092);
#8092=(
GEOMETRIC_REPRESENTATION_CONTEXT(3)
GLOBAL_UNCERTAINTY_ASSIGNED_CONTEXT((#8096))
GLOBAL_UNIT_ASSIGNED_CONTEXT((#8102,#8101,#8100))
REPRESENTATION_CONTEXT('Assembly 1','TOP_LEVEL_ASSEMBLY_PART')
);
#8093=(
GEOMETRIC_REPRESENTATION_CONTEXT(3)
GLOBAL_UNCERTAINTY_ASSIGNED_CONTEXT((#8097))
GLOBAL_UNIT_ASSIGNED_CONTEXT((#8102,#8101,#8100))
REPRESENTATION_CONTEXT('Base <1>','COMPONENT_PART')
);
#8094=(
GEOMETRIC_REPRESENTATION_CONTEXT(3)
GLOBAL_UNCERTAINTY_ASSIGNED_CONTEXT((#8098))
GLOBAL_UNIT_ASSIGNED_CONTEXT((#8102,#8101,#8100))
REPRESENTATION_CONTEXT('base','COMPONENT_PART')
);
#8095=(
GEOMETRIC_REPRESENTATION_CONTEXT(3)
GLOBAL_UNCERTAINTY_ASSIGNED_CONTEXT((#8099))
GLOBAL_UNIT_ASSIGNED_CONTEXT((#8102,#8101,#8100))
REPRESENTATION_CONTEXT('#servo_MG996R','COMPONENT_PART')
);
#8096=UNCERTAINTY_MEASURE_WITH_UNIT(LENGTH_MEASURE(1.E-6),#8102,
'DISTANCE_ACCURACY_VALUE','Maximum Tolerance applied to model');
#8097=UNCERTAINTY_MEASURE_WITH_UNIT(LENGTH_MEASURE(1.E-6),#8102,
'DISTANCE_ACCURACY_VALUE','Maximum Tolerance applied to model');
#8098=UNCERTAINTY_MEASURE_WITH_UNIT(LENGTH_MEASURE(1.E-6),#8102,
'DISTANCE_ACCURACY_VALUE','Maximum Tolerance applied to model');
#8099=UNCERTAINTY_MEASURE_WITH_UNIT(LENGTH_MEASURE(0.002),#8102,
'DISTANCE_ACCURACY_VALUE','Maximum Tolerance applied to model');
#8100=(
NAMED_UNIT(*)
SI_UNIT($,.STERADIAN.)
SOLID_ANGLE_UNIT()
);
#8101=(
NAMED_UNIT(*)
PLANE_ANGLE_UNIT()
SI_UNIT($,.RADIAN.)
);
#8102=(
LENGTH_UNIT()
NAMED_UNIT(*)
SI_UNIT(.CENTI.,.METRE.)
);
#8103=PRODUCT_DEFINITION_SHAPE('','',#8110);
#8104=PRODUCT_DEFINITION_SHAPE('','',#8111);
#8105=PRODUCT_DEFINITION_SHAPE('','',#8112);
#8106=PRODUCT_DEFINITION_SHAPE(' ','NAUO PRDDFN',#145);
#8107=PRODUCT_DEFINITION_SHAPE('','',#8113);
#8108=PRODUCT_DEFINITION_SHAPE(' ','NAUO PRDDFN',#146);
#8109=PRODUCT_DEFINITION_SHAPE(' ','NAUO PRDDFN',#147);
#8110=PRODUCT_DEFINITION('','',#8118,#8114);
#8111=PRODUCT_DEFINITION('','',#8119,#8115);
#8112=PRODUCT_DEFINITION('','',#8120,#8116);
#8113=PRODUCT_DEFINITION('','',#8121,#8117);
#8114=PRODUCT_DEFINITION_CONTEXT('',#8139,'design');
#8115=PRODUCT_DEFINITION_CONTEXT('',#8139,'design');
#8116=PRODUCT_DEFINITION_CONTEXT('',#8139,'design');
#8117=PRODUCT_DEFINITION_CONTEXT('',#8139,'design');
#8118=PRODUCT_DEFINITION_FORMATION_WITH_SPECIFIED_SOURCE('','',#8126,
 .NOT_KNOWN.);
#8119=PRODUCT_DEFINITION_FORMATION_WITH_SPECIFIED_SOURCE('','',#8127,
 .NOT_KNOWN.);
#8120=PRODUCT_DEFINITION_FORMATION_WITH_SPECIFIED_SOURCE('','',#8128,
 .NOT_KNOWN.);
#8121=PRODUCT_DEFINITION_FORMATION_WITH_SPECIFIED_SOURCE('','',#8129,
 .NOT_KNOWN.);
#8122=PRODUCT_RELATED_PRODUCT_CATEGORY('','',(#8126));
#8123=PRODUCT_RELATED_PRODUCT_CATEGORY('','',(#8127));
#8124=PRODUCT_RELATED_PRODUCT_CATEGORY('','',(#8128));
#8125=PRODUCT_RELATED_PRODUCT_CATEGORY('','',(#8129));
#8126=PRODUCT('Assembly 1','Assembly 1','Assembly 1',(#8134));
#8127=PRODUCT('Base <1>','Base <1>','Base <1>',(#8135));
#8128=PRODUCT('base','base','base',(#8136));
#8129=PRODUCT('#servo_MG996R','#servo_MG996R','#servo_MG996R',(#8137));
#8130=PRODUCT_CATEGORY('','');
#8131=PRODUCT_CATEGORY('','');
#8132=PRODUCT_CATEGORY('','');
#8133=PRODUCT_CATEGORY('','');
#8134=PRODUCT_CONTEXT('',#8139,'mechanical');
#8135=PRODUCT_CONTEXT('',#8139,'mechanical');
#8136=PRODUCT_CONTEXT('',#8139,'mechanical');
#8137=PRODUCT_CONTEXT('',#8139,'mechanical');
#8138=APPLICATION_PROTOCOL_DEFINITION('international standard',
'ap242_managed_model_based_3d_engineering',2020,#8139);
#8139=APPLICATION_CONTEXT('managed model based 3d engineering');
ENDSEC;
END-ISO-10303-21;
