ISO-10303-21;
HEADER;
/* Generated by software containing ST-Developer
 * from STEP Tools, Inc. (www.steptools.com) 
 */
/* OPTION: using custom renumber hook */

FILE_DESCRIPTION(
/* description */ ('STEP AP242 Edition 2',
'CAx-IF Rec.Pracs.---Representation and Presentation of Product Manufa
cturing Information (PMI)---4.0---2014-10-13',
'CAx-IF Rec.Pracs.---3D Tessellated Geometry---0.4---2014-09-14','2;1',
'CAx-IF Rec.Pracs.---User Defined Attributes---1.5---2016-08-15'),
/* implementation_level */ '2;1');

FILE_NAME(
/* name */ '698a01dd54f5989558947906',
/* time_stamp */ '2026-02-09T15:48:45Z',
/* author */ (''),
/* organization */ (''),
/* preprocessor_version */ 'ST-DEVELOPER v20',
/* originating_system */ 'ONSHAPE BY PTC INC, 1.210',
/* authorisation */ '  ');

FILE_SCHEMA (('AP242_MANAGED_MODEL_BASED_3D_ENGINEERING_MIM_LF { 1 0 10303 442 3 1 4 }'));
ENDSEC;

DATA;
#10=B_SPLINE_SURFACE_WITH_KNOTS('',3,1,((#9758,#9759),(#9760,#9761),(#9762,
#9763),(#9764,#9765),(#9766,#9767),(#9768,#9769),(#9770,#9771),(#9772,#9773),
(#9774,#9775),(#9776,#9777),(#9778,#9779),(#9780,#9781),(#9782,#9783),(#9784,
#9785),(#9786,#9787),(#9788,#9789),(#9790,#9791),(#9792,#9793),(#9794,#9795)),
 .SURF_OF_LINEAR_EXTRUSION.,.F.,.F.,.F.,(4,1,1,1,1,1,1,1,1,1,1,1,1,1,1,
1,4),(2,2),(0.,0.0616172070006677,0.122179680691624,0.182217045778756,0.241473347782719,
0.300957081186861,0.359966344541048,0.419030446122275,0.478066466194693,
0.537990615231128,0.598958523904521,0.661319637803069,0.725246399814785,
0.791219265793767,0.858745370808764,0.928317276403441,1.),(0.,1.),
 .UNSPECIFIED.);
#11=B_SPLINE_SURFACE_WITH_KNOTS('',3,1,((#9819,#9820),(#9821,#9822),(#9823,
#9824),(#9825,#9826),(#9827,#9828),(#9829,#9830),(#9831,#9832),(#9833,#9834),
(#9835,#9836),(#9837,#9838),(#9839,#9840),(#9841,#9842),(#9843,#9844),(#9845,
#9846),(#9847,#9848),(#9849,#9850),(#9851,#9852),(#9853,#9854),(#9855,#9856),
(#9857,#9858),(#9859,#9860),(#9861,#9862),(#9863,#9864),(#9865,#9866),(#9867,
#9868),(#9869,#9870),(#9871,#9872)),.SURF_OF_LINEAR_EXTRUSION.,.F.,.F.,
 .F.,(4,1,1,1,1,1,1,1,1,1,1,1,1,1,1,1,1,1,1,1,1,1,1,1,4),(2,2),(0.,0.0420422557645226,
0.0835501801389653,0.124651583947738,0.16531437242175,0.206253848238817,
0.247056612302255,0.288417987882286,0.330078104605234,0.37176695197481,
0.412848236432399,0.453421889726574,0.493966725253991,0.534348812928568,
0.574922466222743,0.615865423613418,0.65722610994632,0.698986014797094,
0.740468519494359,0.78231026379818,0.824555453499151,0.867032147550055,
0.91049340843723,0.954616071510459,1.),(0.,1.),.UNSPECIFIED.);
#12=B_SPLINE_SURFACE_WITH_KNOTS('',3,1,((#9912,#9913),(#9914,#9915),(#9916,
#9917),(#9918,#9919),(#9920,#9921),(#9922,#9923),(#9924,#9925),(#9926,#9927),
(#9928,#9929),(#9930,#9931),(#9932,#9933),(#9934,#9935),(#9936,#9937),(#9938,
#9939),(#9940,#9941),(#9942,#9943),(#9944,#9945),(#9946,#9947),(#9948,#9949)),
 .SURF_OF_LINEAR_EXTRUSION.,.F.,.F.,.F.,(4,1,1,1,1,1,1,1,1,1,1,1,1,1,1,
1,4),(2,2),(0.,0.0692365237083656,0.136556739323003,0.202094157267331,0.266464260366058,
0.329768822872774,0.391878965921428,0.453270593103038,0.514114664070462,
0.574389510365487,0.634141663851327,0.693923287499325,0.754152196307389,
0.814470164130034,0.875660630131173,0.937348010628003,1.),(0.,1.),
 .UNSPECIFIED.);
#13=B_SPLINE_SURFACE_WITH_KNOTS('',3,1,((#9971,#9972),(#9973,#9974),(#9975,
#9976),(#9977,#9978),(#9979,#9980),(#9981,#9982),(#9983,#9984),(#9985,#9986),
(#9987,#9988),(#9989,#9990),(#9991,#9992),(#9993,#9994),(#9995,#9996),(#9997,
#9998),(#9999,#10000),(#10001,#10002),(#10003,#10004),(#10005,#10006),(#10007,
#10008)),.SURF_OF_LINEAR_EXTRUSION.,.F.,.F.,.F.,(4,1,1,1,1,1,1,1,1,1,1,
1,1,1,1,1,4),(2,2),(0.,0.071272277891841,0.139492722424175,0.204635418715339,
0.267405740386264,0.328445597526984,0.388397163141541,0.447733931258266,
0.507391621231218,0.566767555363435,0.625478337516418,0.684066505918797,
0.743248445815341,0.804033357398258,0.866498750699673,0.931723237984159,
1.),(0.,1.),.UNSPECIFIED.);
#14=B_SPLINE_SURFACE_WITH_KNOTS('',3,1,((#10042,#10043),(#10044,#10045),
(#10046,#10047),(#10048,#10049),(#10050,#10051),(#10052,#10053),(#10054,
#10055),(#10056,#10057),(#10058,#10059),(#10060,#10061),(#10062,#10063),
(#10064,#10065),(#10066,#10067),(#10068,#10069),(#10070,#10071),(#10072,
#10073),(#10074,#10075),(#10076,#10077),(#10078,#10079)),
 .SURF_OF_LINEAR_EXTRUSION.,.F.,.F.,.F.,(4,1,1,1,1,1,1,1,1,1,1,1,1,1,1,
1,4),(2,2),(0.,0.0706322443877266,0.138697887238646,0.204924030554107,0.269449187797102,
0.332646586751197,0.395313877997916,0.457778040103012,0.52067306747004,
0.582869615817281,0.643335025063406,0.702601885958682,0.76073205984158,
0.81948404930042,0.878265324083943,0.938489414791665,1.),(0.,1.),
 .UNSPECIFIED.);
#15=B_SPLINE_SURFACE_WITH_KNOTS('',3,1,((#10101,#10102),(#10103,#10104),
(#10105,#10106),(#10107,#10108),(#10109,#10110),(#10111,#10112),(#10113,
#10114),(#10115,#10116),(#10117,#10118),(#10119,#10120),(#10121,#10122),
(#10123,#10124),(#10125,#10126),(#10127,#10128),(#10129,#10130),(#10131,
#10132),(#10133,#10134),(#10135,#10136),(#10137,#10138),(#10139,#10140),
(#10141,#10142),(#10143,#10144),(#10145,#10146),(#10147,#10148),(#10149,
#10150),(#10151,#10152),(#10153,#10154)),.SURF_OF_LINEAR_EXTRUSION.,.F.,
 .F.,.F.,(4,1,1,1,1,1,1,1,1,1,1,1,1,1,1,1,1,1,1,1,1,1,1,1,4),(2,2),(0.,
0.0389934464609042,0.0778804147933123,0.116649302415909,0.15534407782362,
0.194633924984759,0.234276326657321,0.274561188559587,0.31568059162223,
0.357032036422009,0.398094195092609,0.439108751079084,0.47984337424376,
0.521283423880589,0.562849313153906,0.605299722501271,0.648415483809542,
0.691733275680753,0.735154025820574,0.778373226684298,0.82166431980874,
0.865526309147936,0.909733249625516,0.954523447522332,1.),(0.,1.),
 .UNSPECIFIED.);
#16=B_SPLINE_SURFACE_WITH_KNOTS('',3,1,((#10184,#10185),(#10186,#10187),
(#10188,#10189),(#10190,#10191),(#10192,#10193),(#10194,#10195),(#10196,
#10197),(#10198,#10199),(#10200,#10201),(#10202,#10203),(#10204,#10205),
(#10206,#10207),(#10208,#10209),(#10210,#10211),(#10212,#10213),(#10214,
#10215),(#10216,#10217),(#10218,#10219),(#10220,#10221),(#10222,#10223),
(#10224,#10225),(#10226,#10227),(#10228,#10229),(#10230,#10231),(#10232,
#10233),(#10234,#10235),(#10236,#10237)),.SURF_OF_LINEAR_EXTRUSION.,.F.,
 .F.,.F.,(4,1,1,1,1,1,1,1,1,1,1,1,1,1,1,1,1,1,1,1,1,1,1,1,4),(2,2),(0.,
0.042847713574337,0.0855842997048899,0.127738093934925,0.170094253971711,
0.212535818914609,0.255514679036743,0.298645533715992,0.342635705060507,
0.386565337849937,0.429576668548142,0.471702509673923,0.513551962897321,
0.555117943049861,0.596384762234631,0.637975924989666,0.679684405517363,
0.721199974638991,0.761763039742414,0.802080135055423,0.841782232135195,
0.881042321597983,0.920621154121417,0.960095130175781,1.),(0.,1.),
 .UNSPECIFIED.);
#17=B_SPLINE_SURFACE_WITH_KNOTS('',3,1,((#10267,#10268),(#10269,#10270),
(#10271,#10272),(#10273,#10274),(#10275,#10276),(#10277,#10278),(#10279,
#10280),(#10281,#10282),(#10283,#10284),(#10285,#10286),(#10287,#10288)),
 .SURF_OF_LINEAR_EXTRUSION.,.F.,.F.,.F.,(4,1,1,1,1,1,1,1,4),(2,2),(0.,0.136505685043648,
0.269031638338906,0.398919561445956,0.527081990599856,0.652272343090902,
0.772136524847461,0.887488329420051,1.),(0.,1.),.UNSPECIFIED.);
#18=B_SPLINE_SURFACE_WITH_KNOTS('',3,1,((#10465,#10466),(#10467,#10468),
(#10469,#10470),(#10471,#10472),(#10473,#10474),(#10475,#10476),(#10477,
#10478),(#10479,#10480),(#10481,#10482),(#10483,#10484),(#10485,#10486),
(#10487,#10488),(#10489,#10490),(#10491,#10492),(#10493,#10494)),
 .SURF_OF_LINEAR_EXTRUSION.,.F.,.F.,.F.,(4,1,1,1,1,1,1,1,1,1,1,1,4),(2,
2),(0.,0.0983073925996194,0.199391955463916,0.305417900841907,0.415963511966395,
0.474606578690745,0.536768423183134,0.603610748117726,0.674131312371896,
0.749449052278217,0.828275458200504,0.912065413425894,1.),(0.,1.),
 .UNSPECIFIED.);
#19=B_SPLINE_SURFACE_WITH_KNOTS('',3,1,((#10496,#10497),(#10498,#10499),
(#10500,#10501),(#10502,#10503),(#10504,#10505),(#10506,#10507),(#10508,
#10509),(#10510,#10511),(#10512,#10513),(#10514,#10515),(#10516,#10517),
(#10518,#10519),(#10520,#10521),(#10522,#10523),(#10524,#10525)),
 .SURF_OF_LINEAR_EXTRUSION.,.F.,.F.,.F.,(4,1,1,1,1,1,1,1,1,1,1,1,4),(2,
2),(0.,0.0855281101613692,0.168995484175148,0.252323187628946,0.33605803543852,
0.419435720932291,0.501288207874551,0.583722398088555,0.668015875718371,
0.751930254444816,0.834605441668685,0.916529570121707,1.),(0.,1.),
 .UNSPECIFIED.);
#20=B_SPLINE_SURFACE_WITH_KNOTS('',3,1,((#10527,#10528),(#10529,#10530),
(#10531,#10532),(#10533,#10534),(#10535,#10536),(#10537,#10538),(#10539,
#10540),(#10541,#10542),(#10543,#10544),(#10545,#10546),(#10547,#10548),
(#10549,#10550),(#10551,#10552),(#10553,#10554),(#10555,#10556)),
 .SURF_OF_LINEAR_EXTRUSION.,.F.,.F.,.F.,(4,1,1,1,1,1,1,1,1,1,1,1,4),(2,
2),(0.,0.0852490510097903,0.167326593617822,0.248175324580851,0.328829078311602,
0.40990809697677,0.490584451140796,0.572993487189391,0.658264892488035,
0.74422157730799,0.82906040699134,0.913938297810617,1.),(0.,1.),
 .UNSPECIFIED.);
#21=B_SPLINE_SURFACE_WITH_KNOTS('',3,1,((#10558,#10559),(#10560,#10561),
(#10562,#10563),(#10564,#10565),(#10566,#10567),(#10568,#10569),(#10570,
#10571),(#10572,#10573),(#10574,#10575),(#10576,#10577),(#10578,#10579),
(#10580,#10581),(#10582,#10583),(#10584,#10585),(#10586,#10587),(#10588,
#10589),(#10590,#10591),(#10592,#10593),(#10594,#10595)),
 .SURF_OF_LINEAR_EXTRUSION.,.F.,.F.,.F.,(4,1,1,1,1,1,1,1,1,1,1,1,1,1,1,
1,4),(2,2),(0.,0.0662939058673563,0.13012913995654,0.192859295842959,0.254755601580504,
0.315920236532692,0.377347596780791,0.440213765451453,0.504182662714221,
0.568040193427937,0.63023333813315,0.690866172824426,0.75142559323198,0.811468600334325,
0.872752399553205,0.935391716176275,1.),(0.,1.),.UNSPECIFIED.);
#22=B_SPLINE_SURFACE_WITH_KNOTS('',3,1,((#10605,#10606),(#10607,#10608),
(#10609,#10610),(#10611,#10612),(#10613,#10614),(#10615,#10616),(#10617,
#10618),(#10619,#10620),(#10621,#10622),(#10623,#10624),(#10625,#10626),
(#10627,#10628),(#10629,#10630),(#10631,#10632),(#10633,#10634),(#10635,
#10636),(#10637,#10638),(#10639,#10640),(#10641,#10642)),
 .SURF_OF_LINEAR_EXTRUSION.,.F.,.F.,.F.,(4,1,1,1,1,1,1,1,1,1,1,1,1,1,1,
1,4),(2,2),(0.,0.0595395854970879,0.117422960002117,0.17444044104692,0.231733890556421,
0.289721977285958,0.349200396448603,0.410515531734449,0.475080278974362,
0.540094475476167,0.604444095929783,0.668696674340236,0.732110201101078,
0.796739346741746,0.862905729709647,0.930461639076418,1.),(0.,1.),
 .UNSPECIFIED.);
#23=B_SPLINE_SURFACE_WITH_KNOTS('',3,1,((#10666,#10667),(#10668,#10669),
(#10670,#10671),(#10672,#10673),(#10674,#10675),(#10676,#10677),(#10678,
#10679),(#10680,#10681),(#10682,#10683),(#10684,#10685),(#10686,#10687),
(#10688,#10689),(#10690,#10691),(#10692,#10693),(#10694,#10695),(#10696,
#10697),(#10698,#10699),(#10700,#10701),(#10702,#10703)),
 .SURF_OF_LINEAR_EXTRUSION.,.F.,.F.,.F.,(4,1,1,1,1,1,1,1,1,1,1,1,1,1,1,
1,4),(2,2),(0.,0.0727129966169394,0.141547484979501,0.208362522955952,0.272461583955704,
0.335389961487685,0.397711298679618,0.459383374947441,0.522098173887341,
0.584314766747193,0.644391935230053,0.703345013294785,0.761508874970188,
0.820030474917231,0.8785170367553,0.938264501487674,1.),(0.,1.),
 .UNSPECIFIED.);
#24=B_SPLINE_SURFACE_WITH_KNOTS('',3,1,((#10725,#10726),(#10727,#10728),
(#10729,#10730),(#10731,#10732),(#10733,#10734),(#10735,#10736),(#10737,
#10738),(#10739,#10740),(#10741,#10742),(#10743,#10744),(#10745,#10746),
(#10747,#10748),(#10749,#10750),(#10751,#10752),(#10753,#10754),(#10755,
#10756),(#10757,#10758),(#10759,#10760),(#10761,#10762)),
 .SURF_OF_LINEAR_EXTRUSION.,.F.,.F.,.F.,(4,1,1,1,1,1,1,1,1,1,1,1,1,1,1,
1,4),(2,2),(0.,0.0607532319996326,0.119721695745485,0.17773677807359,0.235972303295115,
0.294037135944146,0.353693248585663,0.415538727910145,0.479698695729201,
0.544627576105173,0.608779104969266,0.672214909229734,0.735482641144587,
0.799134291351257,0.864299000078931,0.930844865268219,1.),(0.,1.),
 .UNSPECIFIED.);
#25=B_SPLINE_SURFACE_WITH_KNOTS('',3,1,((#10784,#10785),(#10786,#10787),
(#10788,#10789),(#10790,#10791),(#10792,#10793),(#10794,#10795),(#10796,
#10797),(#10798,#10799),(#10800,#10801),(#10802,#10803),(#10804,#10805),
(#10806,#10807),(#10808,#10809),(#10810,#10811),(#10812,#10813),(#10814,
#10815),(#10816,#10817),(#10818,#10819),(#10820,#10821)),
 .SURF_OF_LINEAR_EXTRUSION.,.F.,.F.,.F.,(4,1,1,1,1,1,1,1,1,1,1,1,1,1,1,
1,4),(2,2),(0.,0.0687215951756571,0.134831203762004,0.199565919309686,0.263372318590736,
0.32679386620275,0.389854099892245,0.453660499173295,0.518747233809229,
0.583063186517915,0.645446856931546,0.705248004747838,0.763454003872166,
0.821831110554577,0.879987238405637,0.939099065523102,1.),(0.,1.),
 .UNSPECIFIED.);
#26=B_SPLINE_SURFACE_WITH_KNOTS('',3,1,((#11002,#11003),(#11004,#11005),
(#11006,#11007),(#11008,#11009),(#11010,#11011),(#11012,#11013),(#11014,
#11015),(#11016,#11017),(#11018,#11019),(#11020,#11021),(#11022,#11023),
(#11024,#11025),(#11026,#11027),(#11028,#11029),(#11030,#11031)),
 .SURF_OF_LINEAR_EXTRUSION.,.F.,.F.,.F.,(4,1,1,1,1,1,1,1,1,1,1,1,4),(2,
2),(0.,0.0983073925996195,0.199391955463916,0.305417900841907,0.415963511966395,
0.474606578690745,0.536768423183134,0.603610748117726,0.674131312371896,
0.749449052278217,0.828275458200504,0.912065413425894,1.),(0.,1.),
 .UNSPECIFIED.);
#27=B_SPLINE_SURFACE_WITH_KNOTS('',3,1,((#11033,#11034),(#11035,#11036),
(#11037,#11038),(#11039,#11040),(#11041,#11042),(#11043,#11044),(#11045,
#11046),(#11047,#11048),(#11049,#11050),(#11051,#11052),(#11053,#11054),
(#11055,#11056),(#11057,#11058),(#11059,#11060),(#11061,#11062)),
 .SURF_OF_LINEAR_EXTRUSION.,.F.,.F.,.F.,(4,1,1,1,1,1,1,1,1,1,1,1,4),(2,
2),(0.,0.0855281101613693,0.168995484175148,0.252323187628946,0.33605803543852,
0.419435720932291,0.501288207874551,0.583722398088555,0.668015875718371,
0.751930254444816,0.834605441668685,0.916529570121707,1.),(0.,1.),
 .UNSPECIFIED.);
#28=B_SPLINE_SURFACE_WITH_KNOTS('',3,1,((#11064,#11065),(#11066,#11067),
(#11068,#11069),(#11070,#11071),(#11072,#11073),(#11074,#11075),(#11076,
#11077),(#11078,#11079),(#11080,#11081),(#11082,#11083),(#11084,#11085),
(#11086,#11087),(#11088,#11089),(#11090,#11091),(#11092,#11093)),
 .SURF_OF_LINEAR_EXTRUSION.,.F.,.F.,.F.,(4,1,1,1,1,1,1,1,1,1,1,1,4),(2,
2),(0.,0.0852490510097903,0.167326593617822,0.248175324580851,0.328829078311602,
0.40990809697677,0.490584451140796,0.572993487189391,0.658264892488035,
0.74422157730799,0.82906040699134,0.913938297810617,1.),(0.,1.),
 .UNSPECIFIED.);
#29=B_SPLINE_SURFACE_WITH_KNOTS('',3,1,((#11095,#11096),(#11097,#11098),
(#11099,#11100),(#11101,#11102),(#11103,#11104),(#11105,#11106),(#11107,
#11108),(#11109,#11110),(#11111,#11112),(#11113,#11114),(#11115,#11116),
(#11117,#11118),(#11119,#11120),(#11121,#11122),(#11123,#11124),(#11125,
#11126),(#11127,#11128),(#11129,#11130),(#11131,#11132)),
 .SURF_OF_LINEAR_EXTRUSION.,.F.,.F.,.F.,(4,1,1,1,1,1,1,1,1,1,1,1,1,1,1,
1,4),(2,2),(0.,0.066293905867356,0.13012913995654,0.192859295842959,0.254755601580504,
0.315920236532692,0.37734759678079,0.440213765451453,0.504182662714221,
0.568040193427937,0.63023333813315,0.690866172824427,0.75142559323198,0.811468600334325,
0.872752399553205,0.935391716176275,1.),(0.,1.),.UNSPECIFIED.);
#30=B_SPLINE_SURFACE_WITH_KNOTS('',3,1,((#11142,#11143),(#11144,#11145),
(#11146,#11147),(#11148,#11149),(#11150,#11151),(#11152,#11153),(#11154,
#11155),(#11156,#11157),(#11158,#11159),(#11160,#11161),(#11162,#11163),
(#11164,#11165),(#11166,#11167),(#11168,#11169),(#11170,#11171),(#11172,
#11173),(#11174,#11175),(#11176,#11177),(#11178,#11179)),
 .SURF_OF_LINEAR_EXTRUSION.,.F.,.F.,.F.,(4,1,1,1,1,1,1,1,1,1,1,1,1,1,1,
1,4),(2,2),(0.,0.059539585497088,0.117422960002117,0.17444044104692,0.231733890556421,
0.289721977285958,0.349200396448603,0.410515531734449,0.475080278974362,
0.540094475476167,0.604444095929784,0.668696674340236,0.732110201101079,
0.796739346741746,0.862905729709647,0.930461639076418,1.),(0.,1.),
 .UNSPECIFIED.);
#31=B_SPLINE_SURFACE_WITH_KNOTS('',3,1,((#11203,#11204),(#11205,#11206),
(#11207,#11208),(#11209,#11210),(#11211,#11212),(#11213,#11214),(#11215,
#11216),(#11217,#11218),(#11219,#11220),(#11221,#11222),(#11223,#11224),
(#11225,#11226),(#11227,#11228),(#11229,#11230),(#11231,#11232),(#11233,
#11234),(#11235,#11236),(#11237,#11238),(#11239,#11240)),
 .SURF_OF_LINEAR_EXTRUSION.,.F.,.F.,.F.,(4,1,1,1,1,1,1,1,1,1,1,1,1,1,1,
1,4),(2,2),(0.,0.0727129966169397,0.141547484979501,0.208362522955953,0.272461583955704,
0.335389961487685,0.397711298679618,0.459383374947441,0.522098173887342,
0.584314766747193,0.644391935230053,0.703345013294785,0.761508874970188,
0.820030474917231,0.8785170367553,0.938264501487674,1.),(0.,1.),
 .UNSPECIFIED.);
#32=B_SPLINE_SURFACE_WITH_KNOTS('',3,1,((#11262,#11263),(#11264,#11265),
(#11266,#11267),(#11268,#11269),(#11270,#11271),(#11272,#11273),(#11274,
#11275),(#11276,#11277),(#11278,#11279),(#11280,#11281),(#11282,#11283),
(#11284,#11285),(#11286,#11287),(#11288,#11289),(#11290,#11291),(#11292,
#11293),(#11294,#11295),(#11296,#11297),(#11298,#11299)),
 .SURF_OF_LINEAR_EXTRUSION.,.F.,.F.,.F.,(4,1,1,1,1,1,1,1,1,1,1,1,1,1,1,
1,4),(2,2),(0.,0.0607532319996326,0.119721695745485,0.17773677807359,0.235972303295115,
0.294037135944146,0.353693248585664,0.415538727910145,0.479698695729202,
0.544627576105173,0.608779104969266,0.672214909229734,0.735482641144588,
0.799134291351257,0.864299000078931,0.930844865268219,1.),(0.,1.),
 .UNSPECIFIED.);
#33=B_SPLINE_SURFACE_WITH_KNOTS('',3,1,((#11321,#11322),(#11323,#11324),
(#11325,#11326),(#11327,#11328),(#11329,#11330),(#11331,#11332),(#11333,
#11334),(#11335,#11336),(#11337,#11338),(#11339,#11340),(#11341,#11342),
(#11343,#11344),(#11345,#11346),(#11347,#11348),(#11349,#11350),(#11351,
#11352),(#11353,#11354),(#11355,#11356),(#11357,#11358)),
 .SURF_OF_LINEAR_EXTRUSION.,.F.,.F.,.F.,(4,1,1,1,1,1,1,1,1,1,1,1,1,1,1,
1,4),(2,2),(0.,0.0687215951756572,0.134831203762005,0.199565919309686,0.263372318590736,
0.32679386620275,0.389854099892245,0.453660499173295,0.518747233809229,
0.583063186517915,0.645446856931546,0.705248004747838,0.763454003872166,
0.821831110554577,0.879987238405638,0.939099065523102,1.),(0.,1.),
 .UNSPECIFIED.);
#34=B_SPLINE_SURFACE_WITH_KNOTS('',3,1,((#11539,#11540),(#11541,#11542),
(#11543,#11544),(#11545,#11546),(#11547,#11548),(#11549,#11550),(#11551,
#11552),(#11553,#11554),(#11555,#11556),(#11557,#11558),(#11559,#11560),
(#11561,#11562),(#11563,#11564),(#11565,#11566),(#11567,#11568)),
 .SURF_OF_LINEAR_EXTRUSION.,.F.,.F.,.F.,(4,1,1,1,1,1,1,1,1,1,1,1,4),(2,
2),(0.,0.0978059775289507,0.199612252291895,0.305296025833003,0.415817359164185,
0.474240566618493,0.537286912829653,0.603385835293485,0.674311158069606,
0.749530467357482,0.828608314269511,0.912042738771445,1.),(0.,1.),
 .UNSPECIFIED.);
#35=B_SPLINE_SURFACE_WITH_KNOTS('',3,1,((#11570,#11571),(#11572,#11573),
(#11574,#11575),(#11576,#11577),(#11578,#11579),(#11580,#11581),(#11582,
#11583),(#11584,#11585),(#11586,#11587),(#11588,#11589),(#11590,#11591),
(#11592,#11593),(#11594,#11595),(#11596,#11597),(#11598,#11599)),
 .SURF_OF_LINEAR_EXTRUSION.,.F.,.F.,.F.,(4,1,1,1,1,1,1,1,1,1,1,1,4),(2,
2),(0.,0.0843261511037433,0.167035340985841,0.249540713985279,0.332706665579664,
0.415872617174049,0.497777415568117,0.580313605678477,0.664532578131656,
0.749571176406321,0.832474162854407,0.915673848896257,1.),(0.,1.),
 .UNSPECIFIED.);
#36=B_SPLINE_SURFACE_WITH_KNOTS('',3,1,((#11601,#11602),(#11603,#11604),
(#11605,#11606),(#11607,#11608),(#11609,#11610),(#11611,#11612),(#11613,
#11614),(#11615,#11616),(#11617,#11618),(#11619,#11620),(#11621,#11622),
(#11623,#11624),(#11625,#11626),(#11627,#11628),(#11629,#11630)),
 .SURF_OF_LINEAR_EXTRUSION.,.F.,.F.,.F.,(4,1,1,1,1,1,1,1,1,1,1,1,4),(2,
2),(0.,0.0859901205637195,0.169108437572642,0.250528578958188,0.332255696176845,
0.413576365235641,0.494126145620122,0.576305934120417,0.660712671904547,
0.746127272223911,0.830014985960974,0.914419725928851,1.),(0.,1.),
 .UNSPECIFIED.);
#37=B_SPLINE_SURFACE_WITH_KNOTS('',3,1,((#11632,#11633),(#11634,#11635),
(#11636,#11637),(#11638,#11639),(#11640,#11641),(#11642,#11643),(#11644,
#11645),(#11646,#11647),(#11648,#11649),(#11650,#11651),(#11652,#11653),
(#11654,#11655),(#11656,#11657),(#11658,#11659),(#11660,#11661),(#11662,
#11663),(#11664,#11665),(#11666,#11667),(#11668,#11669)),
 .SURF_OF_LINEAR_EXTRUSION.,.F.,.F.,.F.,(4,1,1,1,1,1,1,1,1,1,1,1,1,1,1,
1,4),(2,2),(0.,0.0652308037420296,0.128404896003223,0.190067071596478,0.25094336576828,
0.311545832852143,0.372862802156829,0.435023673856238,0.499071724707043,
0.563091075049662,0.625510106330375,0.686680035929649,0.747282503013513,
0.808563495215959,0.870742103515987,0.934340951505913,1.),(0.,1.),
 .UNSPECIFIED.);
#38=B_SPLINE_SURFACE_WITH_KNOTS('',3,1,((#11679,#11680),(#11681,#11682),
(#11683,#11684),(#11685,#11686),(#11687,#11688),(#11689,#11690),(#11691,
#11692),(#11693,#11694),(#11695,#11696),(#11697,#11698),(#11699,#11700),
(#11701,#11702),(#11703,#11704),(#11705,#11706),(#11707,#11708),(#11709,
#11710),(#11711,#11712),(#11713,#11714),(#11715,#11716)),
 .SURF_OF_LINEAR_EXTRUSION.,.F.,.F.,.F.,(4,1,1,1,1,1,1,1,1,1,1,1,1,1,1,
1,4),(2,2),(0.,0.0611415679303345,0.120001013531073,0.178235970541409,0.236495543407017,
0.294887248704973,0.354677192819297,0.416694813289778,0.48063337796284,
0.545804633478641,0.609734788317876,0.672951688375155,0.736001096070683,
0.799827438516525,0.864767276939387,0.931083505730672,1.),(0.,1.),
 .UNSPECIFIED.);
#39=B_SPLINE_SURFACE_WITH_KNOTS('',3,1,((#11740,#11741),(#11742,#11743),
(#11744,#11745),(#11746,#11747),(#11748,#11749),(#11750,#11751),(#11752,
#11753),(#11754,#11755),(#11756,#11757),(#11758,#11759),(#11760,#11761),
(#11762,#11763),(#11764,#11765),(#11766,#11767),(#11768,#11769),(#11770,
#11771),(#11772,#11773),(#11774,#11775),(#11776,#11777)),
 .SURF_OF_LINEAR_EXTRUSION.,.F.,.F.,.F.,(4,1,1,1,1,1,1,1,1,1,1,1,1,1,1,
1,4),(2,2),(0.,0.0705921865358074,0.13850128860493,0.203789996142701,0.266787572669602,
0.329097965646719,0.391174524603966,0.453167798617657,0.515796760226584,
0.57796880505304,0.63896633837529,0.698381066162843,0.757320455557426,0.816412239721668,
0.876279358230831,0.936823465650193,1.),(0.,1.),.UNSPECIFIED.);
#40=B_SPLINE_SURFACE_WITH_KNOTS('',3,1,((#11799,#11800),(#11801,#11802),
(#11803,#11804),(#11805,#11806),(#11807,#11808),(#11809,#11810),(#11811,
#11812),(#11813,#11814),(#11815,#11816),(#11817,#11818),(#11819,#11820),
(#11821,#11822),(#11823,#11824),(#11825,#11826),(#11827,#11828),(#11829,
#11830),(#11831,#11832),(#11833,#11834),(#11835,#11836)),
 .SURF_OF_LINEAR_EXTRUSION.,.F.,.F.,.F.,(4,1,1,1,1,1,1,1,1,1,1,1,1,1,1,
1,4),(2,2),(0.,0.0618526459466901,0.12128383061537,0.180777932075612,0.239273234014281,
0.298641435213942,0.358185822241712,0.42076008675897,0.485204673021643,
0.550362268948287,0.613649924530912,0.676623495516824,0.739108013469012,
0.802164702242944,0.866716597132477,0.932037628505544,1.),(0.,1.),
 .UNSPECIFIED.);
#41=B_SPLINE_SURFACE_WITH_KNOTS('',3,1,((#11858,#11859),(#11860,#11861),
(#11862,#11863),(#11864,#11865),(#11866,#11867),(#11868,#11869),(#11870,
#11871),(#11872,#11873),(#11874,#11875),(#11876,#11877),(#11878,#11879),
(#11880,#11881),(#11882,#11883),(#11884,#11885),(#11886,#11887),(#11888,
#11889),(#11890,#11891),(#11892,#11893),(#11894,#11895)),
 .SURF_OF_LINEAR_EXTRUSION.,.F.,.F.,.F.,(4,1,1,1,1,1,1,1,1,1,1,1,1,1,1,
1,4),(2,2),(0.,0.0679503475997538,0.1332598223837,0.197800296759647,0.260845829551682,
0.323319292750367,0.386281722459572,0.450061516233313,0.515207584485816,
0.579640769219932,0.641817202384152,0.701692441211535,0.760769098177894,
0.819254051134684,0.878737626905554,0.938158297016093,1.),(0.,1.),
 .UNSPECIFIED.);
#42=B_SPLINE_SURFACE_WITH_KNOTS('',3,1,((#12046,#12047),(#12048,#12049),
(#12050,#12051),(#12052,#12053),(#12054,#12055),(#12056,#12057),(#12058,
#12059),(#12060,#12061),(#12062,#12063),(#12064,#12065),(#12066,#12067),
(#12068,#12069),(#12070,#12071),(#12072,#12073),(#12074,#12075),(#12076,
#12077),(#12078,#12079),(#12080,#12081),(#12082,#12083)),
 .SURF_OF_LINEAR_EXTRUSION.,.F.,.F.,.F.,(4,1,1,1,1,1,1,1,1,1,1,1,1,1,1,
1,4),(2,2),(0.,0.0787751416419552,0.153710704611921,0.226698870982696,0.299171820326584,
0.371165995644641,0.442977769501571,0.516334013008727,0.592857108024116,
0.633510180405672,0.676623616987174,0.722915422371309,0.771971354383628,
0.823829257316891,0.879386450019196,0.937952131613018,1.),(0.,1.),
 .UNSPECIFIED.);
#43=B_SPLINE_SURFACE_WITH_KNOTS('',3,1,((#12085,#12086),(#12087,#12088),
(#12089,#12090),(#12091,#12092),(#12093,#12094),(#12095,#12096),(#12097,
#12098),(#12099,#12100),(#12101,#12102),(#12103,#12104),(#12105,#12106),
(#12107,#12108),(#12109,#12110),(#12111,#12112),(#12113,#12114),(#12115,
#12116),(#12117,#12118),(#12119,#12120),(#12121,#12122)),
 .SURF_OF_LINEAR_EXTRUSION.,.F.,.F.,.F.,(4,1,1,1,1,1,1,1,1,1,1,1,1,1,1,
1,4),(2,2),(0.,0.0642108050223224,0.127051819273505,0.188726792758088,0.24910867966144,
0.30989711114641,0.370265578361429,0.430668930564747,0.492744590667093,
0.554114031997297,0.61572591624179,0.676828089692438,0.738463639969609,
0.80133559006821,0.86519718694107,0.931647751439548,1.),(0.,1.),
 .UNSPECIFIED.);
#44=B_SPLINE_SURFACE_WITH_KNOTS('',3,1,((#12124,#12125),(#12126,#12127),
(#12128,#12129),(#12130,#12131),(#12132,#12133),(#12134,#12135),(#12136,
#12137),(#12138,#12139),(#12140,#12141),(#12142,#12143),(#12144,#12145)),
 .SURF_OF_LINEAR_EXTRUSION.,.F.,.F.,.F.,(4,1,1,1,1,1,1,1,4),(2,2),(0.,0.1762577548178,
0.338434413880475,0.484822050787836,0.617157578266331,0.734698360612476,
0.837385183832359,0.926372420929583,1.),(0.,1.),.UNSPECIFIED.);
#45=B_SPLINE_SURFACE_WITH_KNOTS('',3,1,((#12162,#12163),(#12164,#12165),
(#12166,#12167),(#12168,#12169),(#12170,#12171),(#12172,#12173),(#12174,
#12175),(#12176,#12177),(#12178,#12179),(#12180,#12181),(#12182,#12183),
(#12184,#12185),(#12186,#12187),(#12188,#12189),(#12190,#12191),(#12192,
#12193),(#12194,#12195),(#12196,#12197),(#12198,#12199)),
 .SURF_OF_LINEAR_EXTRUSION.,.F.,.F.,.F.,(4,1,1,1,1,1,1,1,1,1,1,1,1,1,1,
1,4),(2,2),(0.,0.0716629706079346,0.138903247758228,0.201170031499865,0.259105702761956,
0.312232476434027,0.360655445110533,0.405056869932044,0.445069493488068,
0.518740291208595,0.589418981815623,0.658414658461388,0.727587276472125,
0.796337205583,0.86318478082236,0.930954370904666,1.),(0.,1.),
 .UNSPECIFIED.);
#46=B_SPLINE_SURFACE_WITH_KNOTS('',3,1,((#12221,#12222),(#12223,#12224),
(#12225,#12226),(#12227,#12228),(#12229,#12230),(#12231,#12232),(#12233,
#12234),(#12235,#12236),(#12237,#12238),(#12239,#12240),(#12241,#12242),
(#12243,#12244),(#12245,#12246),(#12247,#12248),(#12249,#12250),(#12251,
#12252),(#12253,#12254),(#12255,#12256),(#12257,#12258)),
 .SURF_OF_LINEAR_EXTRUSION.,.F.,.F.,.F.,(4,1,1,1,1,1,1,1,1,1,1,1,1,1,1,
1,4),(2,2),(0.,0.0688000963413577,0.136336686358279,0.203757017634545,0.272787155787193,
0.342622323615256,0.411089038045841,0.479278287008668,0.549403054126503,
0.587738712032065,0.6307249325567,0.678947097036436,0.732558639950927,0.791154526052615,
0.855313051097196,0.92510139681619,1.),(0.,1.),.UNSPECIFIED.);
#47=ELLIPSE('',#6360,0.004,0.0028284271247462);
#48=ELLIPSE('',#6361,0.004,0.0028284271247462);
#49=ELLIPSE('',#6363,0.004,0.0028284271247462);
#50=ELLIPSE('',#6364,0.004,0.0028284271247462);
#51=ELLIPSE('',#6366,0.004,0.0028284271247462);
#52=ELLIPSE('',#6367,0.004,0.0028284271247462);
#53=ELLIPSE('',#6369,0.004,0.0028284271247462);
#54=ELLIPSE('',#6370,0.004,0.0028284271247462);
#55=B_SPLINE_CURVE_WITH_KNOTS('',3,(#8634,#8635,#8636,#8637,#8638,#8639,
#8640,#8641,#8642,#8643,#8644),.UNSPECIFIED.,.F.,.F.,(4,1,1,1,1,1,1,1,4),
(0.,0.1762577548178,0.338434413880475,0.484822050787836,0.617157578266331,
0.734698360612476,0.837385183832359,0.926372420929583,1.),.UNSPECIFIED.);
#56=B_SPLINE_CURVE_WITH_KNOTS('',3,(#8646,#8647,#8648,#8649,#8650,#8651,
#8652,#8653,#8654,#8655,#8656,#8657,#8658,#8659,#8660,#8661,#8662,#8663,
#8664),.UNSPECIFIED.,.F.,.F.,(4,1,1,1,1,1,1,1,1,1,1,1,1,1,1,1,4),(0.,0.0642108050223224,
0.127051819273505,0.188726792758088,0.24910867966144,0.30989711114641,0.370265578361429,
0.430668930564747,0.492744590667093,0.554114031997297,0.61572591624179,
0.676828089692438,0.738463639969609,0.80133559006821,0.86519718694107,0.931647751439548,
1.),.UNSPECIFIED.);
#57=B_SPLINE_CURVE_WITH_KNOTS('',3,(#8666,#8667,#8668,#8669,#8670,#8671,
#8672,#8673,#8674,#8675,#8676,#8677,#8678,#8679,#8680,#8681,#8682,#8683,
#8684),.UNSPECIFIED.,.F.,.F.,(4,1,1,1,1,1,1,1,1,1,1,1,1,1,1,1,4),(0.,0.0787751416419552,
0.153710704611921,0.226698870982696,0.299171820326584,0.371165995644641,
0.442977769501571,0.516334013008727,0.592857108024116,0.633510180405672,
0.676623616987174,0.722915422371309,0.771971354383628,0.823829257316891,
0.879386450019196,0.937952131613018,1.),.UNSPECIFIED.);
#58=B_SPLINE_CURVE_WITH_KNOTS('',3,(#8706,#8707,#8708,#8709,#8710,#8711,
#8712,#8713,#8714,#8715,#8716,#8717,#8718,#8719,#8720,#8721,#8722,#8723,
#8724),.UNSPECIFIED.,.F.,.F.,(4,1,1,1,1,1,1,1,1,1,1,1,1,1,1,1,4),(0.,0.0652308037420296,
0.128404896003223,0.190067071596478,0.25094336576828,0.311545832852143,
0.372862802156829,0.435023673856238,0.499071724707043,0.563091075049662,
0.625510106330375,0.686680035929649,0.747282503013513,0.808563495215959,
0.870742103515987,0.934340951505913,1.),.UNSPECIFIED.);
#59=B_SPLINE_CURVE_WITH_KNOTS('',3,(#8726,#8727,#8728,#8729,#8730,#8731,
#8732,#8733,#8734,#8735,#8736,#8737,#8738,#8739,#8740),.UNSPECIFIED.,.F.,
 .F.,(4,1,1,1,1,1,1,1,1,1,1,1,4),(0.,0.0859901205637195,0.169108437572642,
0.250528578958188,0.332255696176845,0.413576365235641,0.494126145620122,
0.576305934120417,0.660712671904547,0.746127272223911,0.830014985960974,
0.914419725928851,1.),.UNSPECIFIED.);
#60=B_SPLINE_CURVE_WITH_KNOTS('',3,(#8742,#8743,#8744,#8745,#8746,#8747,
#8748,#8749,#8750,#8751,#8752,#8753,#8754,#8755,#8756),.UNSPECIFIED.,.F.,
 .F.,(4,1,1,1,1,1,1,1,1,1,1,1,4),(0.,0.0843261511037433,0.167035340985841,
0.249540713985279,0.332706665579664,0.415872617174049,0.497777415568117,
0.580313605678477,0.664532578131656,0.749571176406321,0.832474162854407,
0.915673848896257,1.),.UNSPECIFIED.);
#61=B_SPLINE_CURVE_WITH_KNOTS('',3,(#8758,#8759,#8760,#8761,#8762,#8763,
#8764,#8765,#8766,#8767,#8768,#8769,#8770,#8771,#8772),.UNSPECIFIED.,.F.,
 .F.,(4,1,1,1,1,1,1,1,1,1,1,1,4),(0.,0.0978059775289507,0.199612252291895,
0.305296025833003,0.415817359164185,0.474240566618493,0.537286912829653,
0.603385835293485,0.674311158069606,0.749530467357482,0.828608314269511,
0.912042738771445,1.),.UNSPECIFIED.);
#62=B_SPLINE_CURVE_WITH_KNOTS('',3,(#8782,#8783,#8784,#8785,#8786,#8787,
#8788,#8789,#8790,#8791,#8792,#8793,#8794,#8795,#8796,#8797,#8798,#8799,
#8800),.UNSPECIFIED.,.F.,.F.,(4,1,1,1,1,1,1,1,1,1,1,1,1,1,1,1,4),(0.,0.066293905867356,
0.13012913995654,0.192859295842959,0.254755601580504,0.315920236532692,
0.37734759678079,0.440213765451453,0.504182662714221,0.568040193427937,
0.63023333813315,0.690866172824427,0.75142559323198,0.811468600334325,0.872752399553205,
0.935391716176275,1.),.UNSPECIFIED.);
#63=B_SPLINE_CURVE_WITH_KNOTS('',3,(#8802,#8803,#8804,#8805,#8806,#8807,
#8808,#8809,#8810,#8811,#8812,#8813,#8814,#8815,#8816),.UNSPECIFIED.,.F.,
 .F.,(4,1,1,1,1,1,1,1,1,1,1,1,4),(0.,0.0852490510097903,0.167326593617822,
0.248175324580851,0.328829078311602,0.40990809697677,0.490584451140796,
0.572993487189391,0.658264892488035,0.74422157730799,0.82906040699134,0.913938297810617,
1.),.UNSPECIFIED.);
#64=B_SPLINE_CURVE_WITH_KNOTS('',3,(#8818,#8819,#8820,#8821,#8822,#8823,
#8824,#8825,#8826,#8827,#8828,#8829,#8830,#8831,#8832),.UNSPECIFIED.,.F.,
 .F.,(4,1,1,1,1,1,1,1,1,1,1,1,4),(0.,0.0855281101613693,0.168995484175148,
0.252323187628946,0.33605803543852,0.419435720932291,0.501288207874551,
0.583722398088555,0.668015875718371,0.751930254444816,0.834605441668685,
0.916529570121707,1.),.UNSPECIFIED.);
#65=B_SPLINE_CURVE_WITH_KNOTS('',3,(#8834,#8835,#8836,#8837,#8838,#8839,
#8840,#8841,#8842,#8843,#8844,#8845,#8846,#8847,#8848),.UNSPECIFIED.,.F.,
 .F.,(4,1,1,1,1,1,1,1,1,1,1,1,4),(0.,0.0983073925996195,0.199391955463916,
0.305417900841907,0.415963511966395,0.474606578690745,0.536768423183134,
0.603610748117726,0.674131312371896,0.749449052278217,0.828275458200504,
0.912065413425894,1.),.UNSPECIFIED.);
#66=B_SPLINE_CURVE_WITH_KNOTS('',3,(#8858,#8859,#8860,#8861,#8862,#8863,
#8864,#8865,#8866,#8867,#8868,#8869,#8870,#8871,#8872,#8873,#8874,#8875,
#8876),.UNSPECIFIED.,.F.,.F.,(4,1,1,1,1,1,1,1,1,1,1,1,1,1,1,1,4),(0.,0.0662939058673563,
0.13012913995654,0.192859295842959,0.254755601580504,0.315920236532692,
0.377347596780791,0.440213765451453,0.504182662714221,0.568040193427937,
0.63023333813315,0.690866172824426,0.75142559323198,0.811468600334325,0.872752399553205,
0.935391716176275,1.),.UNSPECIFIED.);
#67=B_SPLINE_CURVE_WITH_KNOTS('',3,(#8878,#8879,#8880,#8881,#8882,#8883,
#8884,#8885,#8886,#8887,#8888,#8889,#8890,#8891,#8892),.UNSPECIFIED.,.F.,
 .F.,(4,1,1,1,1,1,1,1,1,1,1,1,4),(0.,0.0852490510097903,0.167326593617822,
0.248175324580851,0.328829078311602,0.40990809697677,0.490584451140796,
0.572993487189391,0.658264892488035,0.74422157730799,0.82906040699134,0.913938297810617,
1.),.UNSPECIFIED.);
#68=B_SPLINE_CURVE_WITH_KNOTS('',3,(#8894,#8895,#8896,#8897,#8898,#8899,
#8900,#8901,#8902,#8903,#8904,#8905,#8906,#8907,#8908),.UNSPECIFIED.,.F.,
 .F.,(4,1,1,1,1,1,1,1,1,1,1,1,4),(0.,0.0855281101613692,0.168995484175148,
0.252323187628946,0.33605803543852,0.419435720932291,0.501288207874551,
0.583722398088555,0.668015875718371,0.751930254444816,0.834605441668685,
0.916529570121707,1.),.UNSPECIFIED.);
#69=B_SPLINE_CURVE_WITH_KNOTS('',3,(#8910,#8911,#8912,#8913,#8914,#8915,
#8916,#8917,#8918,#8919,#8920,#8921,#8922,#8923,#8924),.UNSPECIFIED.,.F.,
 .F.,(4,1,1,1,1,1,1,1,1,1,1,1,4),(0.,0.0983073925996194,0.199391955463916,
0.305417900841907,0.415963511966395,0.474606578690745,0.536768423183134,
0.603610748117726,0.674131312371896,0.749449052278217,0.828275458200504,
0.912065413425894,1.),.UNSPECIFIED.);
#70=B_SPLINE_CURVE_WITH_KNOTS('',3,(#8925,#8926,#8927,#8928,#8929,#8930,
#8931,#8932,#8933,#8934,#8935,#8936,#8937,#8938,#8939,#8940,#8941,#8942,
#8943),.UNSPECIFIED.,.F.,.F.,(4,1,1,1,1,1,1,1,1,1,1,1,1,1,1,1,4),(0.,0.0616172070006677,
0.122179680691624,0.182217045778756,0.241473347782719,0.300957081186861,
0.359966344541048,0.419030446122275,0.478066466194693,0.537990615231128,
0.598958523904521,0.661319637803069,0.725246399814785,0.791219265793767,
0.858745370808764,0.928317276403441,1.),.UNSPECIFIED.);
#71=B_SPLINE_CURVE_WITH_KNOTS('',3,(#8948,#8949,#8950,#8951,#8952,#8953,
#8954,#8955,#8956,#8957,#8958),.UNSPECIFIED.,.F.,.F.,(4,1,1,1,1,1,1,1,4),
(0.,0.136505685043648,0.269031638338906,0.398919561445956,0.527081990599856,
0.652272343090902,0.772136524847461,0.887488329420051,1.),.UNSPECIFIED.);
#72=B_SPLINE_CURVE_WITH_KNOTS('',3,(#8960,#8961,#8962,#8963,#8964,#8965,
#8966,#8967,#8968,#8969,#8970,#8971,#8972,#8973,#8974,#8975,#8976,#8977,
#8978,#8979,#8980,#8981,#8982,#8983,#8984,#8985,#8986),.UNSPECIFIED.,.F.,
 .F.,(4,1,1,1,1,1,1,1,1,1,1,1,1,1,1,1,1,1,1,1,1,1,1,1,4),(0.,0.042847713574337,
0.0855842997048899,0.127738093934925,0.170094253971711,0.212535818914609,
0.255514679036743,0.298645533715992,0.342635705060507,0.386565337849937,
0.429576668548142,0.471702509673923,0.513551962897321,0.555117943049861,
0.596384762234631,0.637975924989666,0.679684405517363,0.721199974638991,
0.761763039742414,0.802080135055423,0.841782232135195,0.881042321597983,
0.920621154121417,0.960095130175781,1.),.UNSPECIFIED.);
#73=B_SPLINE_CURVE_WITH_KNOTS('',3,(#8988,#8989,#8990,#8991,#8992,#8993,
#8994,#8995,#8996,#8997,#8998,#8999,#9000,#9001,#9002,#9003,#9004,#9005,
#9006,#9007,#9008,#9009,#9010,#9011,#9012,#9013,#9014),.UNSPECIFIED.,.F.,
 .F.,(4,1,1,1,1,1,1,1,1,1,1,1,1,1,1,1,1,1,1,1,1,1,1,1,4),(0.,0.0389934464609042,
0.0778804147933123,0.116649302415909,0.15534407782362,0.194633924984759,
0.234276326657321,0.274561188559587,0.31568059162223,0.357032036422009,
0.398094195092609,0.439108751079084,0.47984337424376,0.521283423880589,
0.562849313153906,0.605299722501271,0.648415483809542,0.691733275680753,
0.735154025820574,0.778373226684298,0.82166431980874,0.865526309147936,
0.909733249625516,0.954523447522332,1.),.UNSPECIFIED.);
#74=B_SPLINE_CURVE_WITH_KNOTS('',3,(#9016,#9017,#9018,#9019,#9020,#9021,
#9022,#9023,#9024,#9025,#9026,#9027,#9028,#9029,#9030,#9031,#9032,#9033,
#9034),.UNSPECIFIED.,.F.,.F.,(4,1,1,1,1,1,1,1,1,1,1,1,1,1,1,1,4),(0.,0.0706322443877266,
0.138697887238646,0.204924030554107,0.269449187797102,0.332646586751197,
0.395313877997916,0.457778040103012,0.52067306747004,0.582869615817281,
0.643335025063406,0.702601885958682,0.76073205984158,0.81948404930042,0.878265324083943,
0.938489414791665,1.),.UNSPECIFIED.);
#75=B_SPLINE_CURVE_WITH_KNOTS('',3,(#9042,#9043,#9044,#9045,#9046,#9047,
#9048,#9049,#9050,#9051,#9052,#9053,#9054,#9055,#9056,#9057,#9058,#9059,
#9060),.UNSPECIFIED.,.F.,.F.,(4,1,1,1,1,1,1,1,1,1,1,1,1,1,1,1,4),(0.,0.071272277891841,
0.139492722424175,0.204635418715339,0.267405740386264,0.328445597526984,
0.388397163141541,0.447733931258266,0.507391621231218,0.566767555363435,
0.625478337516418,0.684066505918797,0.743248445815341,0.804033357398258,
0.866498750699673,0.931723237984159,1.),.UNSPECIFIED.);
#76=B_SPLINE_CURVE_WITH_KNOTS('',3,(#9062,#9063,#9064,#9065,#9066,#9067,
#9068,#9069,#9070,#9071,#9072,#9073,#9074,#9075,#9076,#9077,#9078,#9079,
#9080),.UNSPECIFIED.,.F.,.F.,(4,1,1,1,1,1,1,1,1,1,1,1,1,1,1,1,4),(0.,0.0692365237083656,
0.136556739323003,0.202094157267331,0.266464260366058,0.329768822872774,
0.391878965921428,0.453270593103038,0.514114664070462,0.574389510365487,
0.634141663851327,0.693923287499325,0.754152196307389,0.814470164130034,
0.875660630131173,0.937348010628003,1.),.UNSPECIFIED.);
#77=B_SPLINE_CURVE_WITH_KNOTS('',3,(#9084,#9085,#9086,#9087,#9088,#9089,
#9090,#9091,#9092,#9093,#9094,#9095,#9096,#9097,#9098,#9099,#9100,#9101,
#9102,#9103,#9104,#9105,#9106,#9107,#9108,#9109,#9110),.UNSPECIFIED.,.F.,
 .F.,(4,1,1,1,1,1,1,1,1,1,1,1,1,1,1,1,1,1,1,1,1,1,1,1,4),(0.,0.0420422557645226,
0.0835501801389653,0.124651583947738,0.16531437242175,0.206253848238817,
0.247056612302255,0.288417987882286,0.330078104605234,0.37176695197481,
0.412848236432399,0.453421889726574,0.493966725253991,0.534348812928568,
0.574922466222743,0.615865423613418,0.65722610994632,0.698986014797094,
0.740468519494359,0.78231026379818,0.824555453499151,0.867032147550055,
0.91049340843723,0.954616071510459,1.),.UNSPECIFIED.);
#78=B_SPLINE_CURVE_WITH_KNOTS('',3,(#9798,#9799,#9800,#9801,#9802,#9803,
#9804,#9805,#9806,#9807,#9808,#9809,#9810,#9811,#9812,#9813,#9814,#9815,
#9816),.UNSPECIFIED.,.F.,.F.,(4,1,1,1,1,1,1,1,1,1,1,1,1,1,1,1,4),(0.,0.0616172070006677,
0.122179680691624,0.182217045778756,0.241473347782719,0.300957081186861,
0.359966344541048,0.419030446122275,0.478066466194693,0.537990615231128,
0.598958523904521,0.661319637803069,0.725246399814785,0.791219265793767,
0.858745370808764,0.928317276403441,1.),.UNSPECIFIED.);
#79=B_SPLINE_CURVE_WITH_KNOTS('',3,(#9873,#9874,#9875,#9876),
 .UNSPECIFIED.,.F.,.F.,(4,4),(0.,1.),.UNSPECIFIED.);
#80=B_SPLINE_CURVE_WITH_KNOTS('',3,(#9878,#9879,#9880,#9881,#9882,#9883,
#9884,#9885,#9886,#9887,#9888,#9889,#9890,#9891,#9892,#9893,#9894,#9895,
#9896,#9897,#9898,#9899,#9900,#9901,#9902,#9903,#9904),.UNSPECIFIED.,.F.,
 .F.,(4,1,1,1,1,1,1,1,1,1,1,1,1,1,1,1,1,1,1,1,1,1,1,1,4),(0.,0.0420422557645226,
0.0835501801389653,0.124651583947738,0.16531437242175,0.206253848238817,
0.247056612302255,0.288417987882286,0.330078104605234,0.37176695197481,
0.412848236432399,0.453421889726574,0.493966725253991,0.534348812928568,
0.574922466222743,0.615865423613418,0.65722610994632,0.698986014797094,
0.740468519494359,0.78231026379818,0.824555453499151,0.867032147550055,
0.91049340843723,0.954616071510459,1.),.UNSPECIFIED.);
#81=B_SPLINE_CURVE_WITH_KNOTS('',3,(#9906,#9907,#9908,#9909),
 .UNSPECIFIED.,.F.,.F.,(4,4),(0.,1.),.UNSPECIFIED.);
#82=B_SPLINE_CURVE_WITH_KNOTS('',3,(#9952,#9953,#9954,#9955,#9956,#9957,
#9958,#9959,#9960,#9961,#9962,#9963,#9964,#9965,#9966,#9967,#9968,#9969,
#9970),.UNSPECIFIED.,.F.,.F.,(4,1,1,1,1,1,1,1,1,1,1,1,1,1,1,1,4),(0.,0.0692365237083656,
0.136556739323003,0.202094157267331,0.266464260366058,0.329768822872774,
0.391878965921428,0.453270593103038,0.514114664070462,0.574389510365487,
0.634141663851327,0.693923287499325,0.754152196307389,0.814470164130034,
0.875660630131173,0.937348010628003,1.),.UNSPECIFIED.);
#83=B_SPLINE_CURVE_WITH_KNOTS('',3,(#10011,#10012,#10013,#10014,#10015,
#10016,#10017,#10018,#10019,#10020,#10021,#10022,#10023,#10024,#10025,#10026,
#10027,#10028,#10029),.UNSPECIFIED.,.F.,.F.,(4,1,1,1,1,1,1,1,1,1,1,1,1,
1,1,1,4),(0.,0.071272277891841,0.139492722424175,0.204635418715339,0.267405740386264,
0.328445597526984,0.388397163141541,0.447733931258266,0.507391621231218,
0.566767555363435,0.625478337516418,0.684066505918797,0.743248445815341,
0.804033357398258,0.866498750699673,0.931723237984159,1.),.UNSPECIFIED.);
#84=B_SPLINE_CURVE_WITH_KNOTS('',3,(#10082,#10083,#10084,#10085,#10086,
#10087,#10088,#10089,#10090,#10091,#10092,#10093,#10094,#10095,#10096,#10097,
#10098,#10099,#10100),.UNSPECIFIED.,.F.,.F.,(4,1,1,1,1,1,1,1,1,1,1,1,1,
1,1,1,4),(0.,0.0706322443877266,0.138697887238646,0.204924030554107,0.269449187797102,
0.332646586751197,0.395313877997916,0.457778040103012,0.52067306747004,
0.582869615817281,0.643335025063406,0.702601885958682,0.76073205984158,
0.81948404930042,0.878265324083943,0.938489414791665,1.),.UNSPECIFIED.);
#85=B_SPLINE_CURVE_WITH_KNOTS('',3,(#10157,#10158,#10159,#10160,#10161,
#10162,#10163,#10164,#10165,#10166,#10167,#10168,#10169,#10170,#10171,#10172,
#10173,#10174,#10175,#10176,#10177,#10178,#10179,#10180,#10181,#10182,#10183),
 .UNSPECIFIED.,.F.,.F.,(4,1,1,1,1,1,1,1,1,1,1,1,1,1,1,1,1,1,1,1,1,1,1,1,
4),(0.,0.0389934464609042,0.0778804147933123,0.116649302415909,0.15534407782362,
0.194633924984759,0.234276326657321,0.274561188559587,0.31568059162223,
0.357032036422009,0.398094195092609,0.439108751079084,0.47984337424376,
0.521283423880589,0.562849313153906,0.605299722501271,0.648415483809542,
0.691733275680753,0.735154025820574,0.778373226684298,0.82166431980874,
0.865526309147936,0.909733249625516,0.954523447522332,1.),.UNSPECIFIED.);
#86=B_SPLINE_CURVE_WITH_KNOTS('',3,(#10240,#10241,#10242,#10243,#10244,
#10245,#10246,#10247,#10248,#10249,#10250,#10251,#10252,#10253,#10254,#10255,
#10256,#10257,#10258,#10259,#10260,#10261,#10262,#10263,#10264,#10265,#10266),
 .UNSPECIFIED.,.F.,.F.,(4,1,1,1,1,1,1,1,1,1,1,1,1,1,1,1,1,1,1,1,1,1,1,1,
4),(0.,0.042847713574337,0.0855842997048899,0.127738093934925,0.170094253971711,
0.212535818914609,0.255514679036743,0.298645533715992,0.342635705060507,
0.386565337849937,0.429576668548142,0.471702509673923,0.513551962897321,
0.555117943049861,0.596384762234631,0.637975924989666,0.679684405517363,
0.721199974638991,0.761763039742414,0.802080135055423,0.841782232135195,
0.881042321597983,0.920621154121417,0.960095130175781,1.),.UNSPECIFIED.);
#87=B_SPLINE_CURVE_WITH_KNOTS('',3,(#10291,#10292,#10293,#10294,#10295,
#10296,#10297,#10298,#10299,#10300,#10301),.UNSPECIFIED.,.F.,.F.,(4,1,1,
1,1,1,1,1,4),(0.,0.136505685043648,0.269031638338906,0.398919561445956,
0.527081990599856,0.652272343090902,0.772136524847461,0.887488329420051,
1.),.UNSPECIFIED.);
#88=B_SPLINE_CURVE_WITH_KNOTS('',3,(#10309,#10310,#10311,#10312,#10313,
#10314,#10315,#10316,#10317,#10318,#10319,#10320,#10321,#10322,#10323),
 .UNSPECIFIED.,.F.,.F.,(4,1,1,1,1,1,1,1,1,1,1,1,4),(0.,0.0983073925996194,
0.199391955463916,0.305417900841907,0.415963511966395,0.474606578690745,
0.536768423183134,0.603610748117726,0.674131312371896,0.749449052278217,
0.828275458200504,0.912065413425894,1.),.UNSPECIFIED.);
#89=B_SPLINE_CURVE_WITH_KNOTS('',3,(#10325,#10326,#10327,#10328,#10329,
#10330,#10331,#10332,#10333,#10334,#10335,#10336,#10337,#10338,#10339),
 .UNSPECIFIED.,.F.,.F.,(4,1,1,1,1,1,1,1,1,1,1,1,4),(0.,0.0855281101613692,
0.168995484175148,0.252323187628946,0.33605803543852,0.419435720932291,
0.501288207874551,0.583722398088555,0.668015875718371,0.751930254444816,
0.834605441668685,0.916529570121707,1.),.UNSPECIFIED.);
#90=B_SPLINE_CURVE_WITH_KNOTS('',3,(#10341,#10342,#10343,#10344,#10345,
#10346,#10347,#10348,#10349,#10350,#10351,#10352,#10353,#10354,#10355),
 .UNSPECIFIED.,.F.,.F.,(4,1,1,1,1,1,1,1,1,1,1,1,4),(0.,0.0852490510097903,
0.167326593617822,0.248175324580851,0.328829078311602,0.40990809697677,
0.490584451140796,0.572993487189391,0.658264892488035,0.74422157730799,
0.82906040699134,0.913938297810617,1.),.UNSPECIFIED.);
#91=B_SPLINE_CURVE_WITH_KNOTS('',3,(#10357,#10358,#10359,#10360,#10361,
#10362,#10363,#10364,#10365,#10366,#10367,#10368,#10369,#10370,#10371,#10372,
#10373,#10374,#10375),.UNSPECIFIED.,.F.,.F.,(4,1,1,1,1,1,1,1,1,1,1,1,1,
1,1,1,4),(0.,0.0662939058673563,0.13012913995654,0.192859295842959,0.254755601580504,
0.315920236532692,0.377347596780791,0.440213765451453,0.504182662714221,
0.568040193427937,0.63023333813315,0.690866172824426,0.75142559323198,0.811468600334325,
0.872752399553205,0.935391716176275,1.),.UNSPECIFIED.);
#92=B_SPLINE_CURVE_WITH_KNOTS('',3,(#10382,#10383,#10384,#10385,#10386,
#10387,#10388,#10389,#10390,#10391,#10392,#10393,#10394,#10395,#10396,#10397,
#10398,#10399,#10400),.UNSPECIFIED.,.F.,.F.,(4,1,1,1,1,1,1,1,1,1,1,1,1,
1,1,1,4),(0.,0.0727129966169394,0.141547484979501,0.208362522955952,0.272461583955704,
0.335389961487685,0.397711298679618,0.459383374947441,0.522098173887341,
0.584314766747193,0.644391935230053,0.703345013294785,0.761508874970188,
0.820030474917231,0.8785170367553,0.938264501487674,1.),.UNSPECIFIED.);
#93=B_SPLINE_CURVE_WITH_KNOTS('',3,(#10403,#10404,#10405,#10406,#10407,
#10408,#10409,#10410,#10411,#10412,#10413,#10414,#10415,#10416,#10417,#10418,
#10419,#10420,#10421),.UNSPECIFIED.,.F.,.F.,(4,1,1,1,1,1,1,1,1,1,1,1,1,
1,1,1,4),(0.,0.0595395854970879,0.117422960002117,0.17444044104692,0.231733890556421,
0.289721977285958,0.349200396448603,0.410515531734449,0.475080278974362,
0.540094475476167,0.604444095929783,0.668696674340236,0.732110201101078,
0.796739346741746,0.862905729709647,0.930461639076418,1.),.UNSPECIFIED.);
#94=B_SPLINE_CURVE_WITH_KNOTS('',3,(#10423,#10424,#10425,#10426,#10427,
#10428,#10429,#10430,#10431,#10432,#10433,#10434,#10435,#10436,#10437,#10438,
#10439,#10440,#10441),.UNSPECIFIED.,.F.,.F.,(4,1,1,1,1,1,1,1,1,1,1,1,1,
1,1,1,4),(0.,0.0687215951756571,0.134831203762004,0.199565919309686,0.263372318590736,
0.32679386620275,0.389854099892245,0.453660499173295,0.518747233809229,
0.583063186517915,0.645446856931546,0.705248004747838,0.763454003872166,
0.821831110554577,0.879987238405637,0.939099065523102,1.),.UNSPECIFIED.);
#95=B_SPLINE_CURVE_WITH_KNOTS('',3,(#10443,#10444,#10445,#10446,#10447,
#10448,#10449,#10450,#10451,#10452,#10453,#10454,#10455,#10456,#10457,#10458,
#10459,#10460,#10461),.UNSPECIFIED.,.F.,.F.,(4,1,1,1,1,1,1,1,1,1,1,1,1,
1,1,1,4),(0.,0.0607532319996326,0.119721695745485,0.17773677807359,0.235972303295115,
0.294037135944146,0.353693248585663,0.415538727910145,0.479698695729201,
0.544627576105173,0.608779104969266,0.672214909229734,0.735482641144587,
0.799134291351257,0.864299000078931,0.930844865268219,1.),.UNSPECIFIED.);
#96=B_SPLINE_CURVE_WITH_KNOTS('',3,(#10596,#10597,#10598,#10599),
 .UNSPECIFIED.,.F.,.F.,(4,4),(0.,1.),.UNSPECIFIED.);
#97=B_SPLINE_CURVE_WITH_KNOTS('',3,(#10643,#10644,#10645,#10646,#10647,
#10648,#10649,#10650,#10651,#10652,#10653,#10654,#10655,#10656,#10657,#10658,
#10659,#10660,#10661),.UNSPECIFIED.,.F.,.F.,(4,1,1,1,1,1,1,1,1,1,1,1,1,
1,1,1,4),(0.,0.0595395854970879,0.117422960002117,0.17444044104692,0.231733890556421,
0.289721977285958,0.349200396448603,0.410515531734449,0.475080278974362,
0.540094475476167,0.604444095929783,0.668696674340236,0.732110201101078,
0.796739346741746,0.862905729709647,0.930461639076418,1.),.UNSPECIFIED.);
#98=B_SPLINE_CURVE_WITH_KNOTS('',3,(#10704,#10705,#10706,#10707,#10708,
#10709,#10710,#10711,#10712,#10713,#10714,#10715,#10716,#10717,#10718,#10719,
#10720,#10721,#10722),.UNSPECIFIED.,.F.,.F.,(4,1,1,1,1,1,1,1,1,1,1,1,1,
1,1,1,4),(0.,0.0727129966169394,0.141547484979501,0.208362522955952,0.272461583955704,
0.335389961487685,0.397711298679618,0.459383374947441,0.522098173887341,
0.584314766747193,0.644391935230053,0.703345013294785,0.761508874970188,
0.820030474917231,0.8785170367553,0.938264501487674,1.),.UNSPECIFIED.);
#99=B_SPLINE_CURVE_WITH_KNOTS('',3,(#10763,#10764,#10765,#10766,#10767,
#10768,#10769,#10770,#10771,#10772,#10773,#10774,#10775,#10776,#10777,#10778,
#10779,#10780,#10781),.UNSPECIFIED.,.F.,.F.,(4,1,1,1,1,1,1,1,1,1,1,1,1,
1,1,1,4),(0.,0.0607532319996326,0.119721695745485,0.17773677807359,0.235972303295115,
0.294037135944146,0.353693248585663,0.415538727910145,0.479698695729201,
0.544627576105173,0.608779104969266,0.672214909229734,0.735482641144587,
0.799134291351257,0.864299000078931,0.930844865268219,1.),.UNSPECIFIED.);
#100=B_SPLINE_CURVE_WITH_KNOTS('',3,(#10822,#10823,#10824,#10825,#10826,
#10827,#10828,#10829,#10830,#10831,#10832,#10833,#10834,#10835,#10836,#10837,
#10838,#10839,#10840),.UNSPECIFIED.,.F.,.F.,(4,1,1,1,1,1,1,1,1,1,1,1,1,
1,1,1,4),(0.,0.0687215951756571,0.134831203762004,0.199565919309686,0.263372318590736,
0.32679386620275,0.389854099892245,0.453660499173295,0.518747233809229,
0.583063186517915,0.645446856931546,0.705248004747838,0.763454003872166,
0.821831110554577,0.879987238405637,0.939099065523102,1.),.UNSPECIFIED.);
#101=B_SPLINE_CURVE_WITH_KNOTS('',3,(#10846,#10847,#10848,#10849,#10850,
#10851,#10852,#10853,#10854,#10855,#10856,#10857,#10858,#10859,#10860),
 .UNSPECIFIED.,.F.,.F.,(4,1,1,1,1,1,1,1,1,1,1,1,4),(0.,0.0983073925996195,
0.199391955463916,0.305417900841907,0.415963511966395,0.474606578690745,
0.536768423183134,0.603610748117726,0.674131312371896,0.749449052278217,
0.828275458200504,0.912065413425894,1.),.UNSPECIFIED.);
#102=B_SPLINE_CURVE_WITH_KNOTS('',3,(#10862,#10863,#10864,#10865,#10866,
#10867,#10868,#10869,#10870,#10871,#10872,#10873,#10874,#10875,#10876),
 .UNSPECIFIED.,.F.,.F.,(4,1,1,1,1,1,1,1,1,1,1,1,4),(0.,0.0855281101613693,
0.168995484175148,0.252323187628946,0.33605803543852,0.419435720932291,
0.501288207874551,0.583722398088555,0.668015875718371,0.751930254444816,
0.834605441668685,0.916529570121707,1.),.UNSPECIFIED.);
#103=B_SPLINE_CURVE_WITH_KNOTS('',3,(#10878,#10879,#10880,#10881,#10882,
#10883,#10884,#10885,#10886,#10887,#10888,#10889,#10890,#10891,#10892),
 .UNSPECIFIED.,.F.,.F.,(4,1,1,1,1,1,1,1,1,1,1,1,4),(0.,0.0852490510097903,
0.167326593617822,0.248175324580851,0.328829078311602,0.40990809697677,
0.490584451140796,0.572993487189391,0.658264892488035,0.74422157730799,
0.82906040699134,0.913938297810617,1.),.UNSPECIFIED.);
#104=B_SPLINE_CURVE_WITH_KNOTS('',3,(#10894,#10895,#10896,#10897,#10898,
#10899,#10900,#10901,#10902,#10903,#10904,#10905,#10906,#10907,#10908,#10909,
#10910,#10911,#10912),.UNSPECIFIED.,.F.,.F.,(4,1,1,1,1,1,1,1,1,1,1,1,1,
1,1,1,4),(0.,0.066293905867356,0.13012913995654,0.192859295842959,0.254755601580504,
0.315920236532692,0.37734759678079,0.440213765451453,0.504182662714221,
0.568040193427937,0.63023333813315,0.690866172824427,0.75142559323198,0.811468600334325,
0.872752399553205,0.935391716176275,1.),.UNSPECIFIED.);
#105=B_SPLINE_CURVE_WITH_KNOTS('',3,(#10919,#10920,#10921,#10922,#10923,
#10924,#10925,#10926,#10927,#10928,#10929,#10930,#10931,#10932,#10933,#10934,
#10935,#10936,#10937),.UNSPECIFIED.,.F.,.F.,(4,1,1,1,1,1,1,1,1,1,1,1,1,
1,1,1,4),(0.,0.0727129966169397,0.141547484979501,0.208362522955953,0.272461583955704,
0.335389961487685,0.397711298679618,0.459383374947441,0.522098173887342,
0.584314766747193,0.644391935230053,0.703345013294785,0.761508874970188,
0.820030474917231,0.8785170367553,0.938264501487674,1.),.UNSPECIFIED.);
#106=B_SPLINE_CURVE_WITH_KNOTS('',3,(#10940,#10941,#10942,#10943,#10944,
#10945,#10946,#10947,#10948,#10949,#10950,#10951,#10952,#10953,#10954,#10955,
#10956,#10957,#10958),.UNSPECIFIED.,.F.,.F.,(4,1,1,1,1,1,1,1,1,1,1,1,1,
1,1,1,4),(0.,0.059539585497088,0.117422960002117,0.17444044104692,0.231733890556421,
0.289721977285958,0.349200396448603,0.410515531734449,0.475080278974362,
0.540094475476167,0.604444095929784,0.668696674340236,0.732110201101079,
0.796739346741746,0.862905729709647,0.930461639076418,1.),.UNSPECIFIED.);
#107=B_SPLINE_CURVE_WITH_KNOTS('',3,(#10960,#10961,#10962,#10963,#10964,
#10965,#10966,#10967,#10968,#10969,#10970,#10971,#10972,#10973,#10974,#10975,
#10976,#10977,#10978),.UNSPECIFIED.,.F.,.F.,(4,1,1,1,1,1,1,1,1,1,1,1,1,
1,1,1,4),(0.,0.0687215951756572,0.134831203762005,0.199565919309686,0.263372318590736,
0.32679386620275,0.389854099892245,0.453660499173295,0.518747233809229,
0.583063186517915,0.645446856931546,0.705248004747838,0.763454003872166,
0.821831110554577,0.879987238405638,0.939099065523102,1.),.UNSPECIFIED.);
#108=B_SPLINE_CURVE_WITH_KNOTS('',3,(#10980,#10981,#10982,#10983,#10984,
#10985,#10986,#10987,#10988,#10989,#10990,#10991,#10992,#10993,#10994,#10995,
#10996,#10997,#10998),.UNSPECIFIED.,.F.,.F.,(4,1,1,1,1,1,1,1,1,1,1,1,1,
1,1,1,4),(0.,0.0607532319996326,0.119721695745485,0.17773677807359,0.235972303295115,
0.294037135944146,0.353693248585664,0.415538727910145,0.479698695729202,
0.544627576105173,0.608779104969266,0.672214909229734,0.735482641144588,
0.799134291351257,0.864299000078931,0.930844865268219,1.),.UNSPECIFIED.);
#109=B_SPLINE_CURVE_WITH_KNOTS('',3,(#11133,#11134,#11135,#11136),
 .UNSPECIFIED.,.F.,.F.,(4,4),(0.,1.),.UNSPECIFIED.);
#110=B_SPLINE_CURVE_WITH_KNOTS('',3,(#11180,#11181,#11182,#11183,#11184,
#11185,#11186,#11187,#11188,#11189,#11190,#11191,#11192,#11193,#11194,#11195,
#11196,#11197,#11198),.UNSPECIFIED.,.F.,.F.,(4,1,1,1,1,1,1,1,1,1,1,1,1,
1,1,1,4),(0.,0.059539585497088,0.117422960002117,0.17444044104692,0.231733890556421,
0.289721977285958,0.349200396448603,0.410515531734449,0.475080278974362,
0.540094475476167,0.604444095929784,0.668696674340236,0.732110201101079,
0.796739346741746,0.862905729709647,0.930461639076418,1.),.UNSPECIFIED.);
#111=B_SPLINE_CURVE_WITH_KNOTS('',3,(#11241,#11242,#11243,#11244,#11245,
#11246,#11247,#11248,#11249,#11250,#11251,#11252,#11253,#11254,#11255,#11256,
#11257,#11258,#11259),.UNSPECIFIED.,.F.,.F.,(4,1,1,1,1,1,1,1,1,1,1,1,1,
1,1,1,4),(0.,0.0727129966169397,0.141547484979501,0.208362522955953,0.272461583955704,
0.335389961487685,0.397711298679618,0.459383374947441,0.522098173887342,
0.584314766747193,0.644391935230053,0.703345013294785,0.761508874970188,
0.820030474917231,0.8785170367553,0.938264501487674,1.),.UNSPECIFIED.);
#112=B_SPLINE_CURVE_WITH_KNOTS('',3,(#11300,#11301,#11302,#11303,#11304,
#11305,#11306,#11307,#11308,#11309,#11310,#11311,#11312,#11313,#11314,#11315,
#11316,#11317,#11318),.UNSPECIFIED.,.F.,.F.,(4,1,1,1,1,1,1,1,1,1,1,1,1,
1,1,1,4),(0.,0.0607532319996326,0.119721695745485,0.17773677807359,0.235972303295115,
0.294037135944146,0.353693248585664,0.415538727910145,0.479698695729202,
0.544627576105173,0.608779104969266,0.672214909229734,0.735482641144588,
0.799134291351257,0.864299000078931,0.930844865268219,1.),.UNSPECIFIED.);
#113=B_SPLINE_CURVE_WITH_KNOTS('',3,(#11359,#11360,#11361,#11362,#11363,
#11364,#11365,#11366,#11367,#11368,#11369,#11370,#11371,#11372,#11373,#11374,
#11375,#11376,#11377),.UNSPECIFIED.,.F.,.F.,(4,1,1,1,1,1,1,1,1,1,1,1,1,
1,1,1,4),(0.,0.0687215951756572,0.134831203762005,0.199565919309686,0.263372318590736,
0.32679386620275,0.389854099892245,0.453660499173295,0.518747233809229,
0.583063186517915,0.645446856931546,0.705248004747838,0.763454003872166,
0.821831110554577,0.879987238405638,0.939099065523102,1.),.UNSPECIFIED.);
#114=B_SPLINE_CURVE_WITH_KNOTS('',3,(#11383,#11384,#11385,#11386,#11387,
#11388,#11389,#11390,#11391,#11392,#11393,#11394,#11395,#11396,#11397),
 .UNSPECIFIED.,.F.,.F.,(4,1,1,1,1,1,1,1,1,1,1,1,4),(0.,0.0978059775289507,
0.199612252291895,0.305296025833003,0.415817359164185,0.474240566618493,
0.537286912829653,0.603385835293485,0.674311158069606,0.749530467357482,
0.828608314269511,0.912042738771445,1.),.UNSPECIFIED.);
#115=B_SPLINE_CURVE_WITH_KNOTS('',3,(#11399,#11400,#11401,#11402,#11403,
#11404,#11405,#11406,#11407,#11408,#11409,#11410,#11411,#11412,#11413),
 .UNSPECIFIED.,.F.,.F.,(4,1,1,1,1,1,1,1,1,1,1,1,4),(0.,0.0843261511037433,
0.167035340985841,0.249540713985279,0.332706665579664,0.415872617174049,
0.497777415568117,0.580313605678477,0.664532578131656,0.749571176406321,
0.832474162854407,0.915673848896257,1.),.UNSPECIFIED.);
#116=B_SPLINE_CURVE_WITH_KNOTS('',3,(#11415,#11416,#11417,#11418,#11419,
#11420,#11421,#11422,#11423,#11424,#11425,#11426,#11427,#11428,#11429),
 .UNSPECIFIED.,.F.,.F.,(4,1,1,1,1,1,1,1,1,1,1,1,4),(0.,0.0859901205637195,
0.169108437572642,0.250528578958188,0.332255696176845,0.413576365235641,
0.494126145620122,0.576305934120417,0.660712671904547,0.746127272223911,
0.830014985960974,0.914419725928851,1.),.UNSPECIFIED.);
#117=B_SPLINE_CURVE_WITH_KNOTS('',3,(#11431,#11432,#11433,#11434,#11435,
#11436,#11437,#11438,#11439,#11440,#11441,#11442,#11443,#11444,#11445,#11446,
#11447,#11448,#11449),.UNSPECIFIED.,.F.,.F.,(4,1,1,1,1,1,1,1,1,1,1,1,1,
1,1,1,4),(0.,0.0652308037420296,0.128404896003223,0.190067071596478,0.25094336576828,
0.311545832852143,0.372862802156829,0.435023673856238,0.499071724707043,
0.563091075049662,0.625510106330375,0.686680035929649,0.747282503013513,
0.808563495215959,0.870742103515987,0.934340951505913,1.),.UNSPECIFIED.);
#118=B_SPLINE_CURVE_WITH_KNOTS('',3,(#11456,#11457,#11458,#11459,#11460,
#11461,#11462,#11463,#11464,#11465,#11466,#11467,#11468,#11469,#11470,#11471,
#11472,#11473,#11474),.UNSPECIFIED.,.F.,.F.,(4,1,1,1,1,1,1,1,1,1,1,1,1,
1,1,1,4),(0.,0.0705921865358074,0.13850128860493,0.203789996142701,0.266787572669602,
0.329097965646719,0.391174524603966,0.453167798617657,0.515796760226584,
0.57796880505304,0.63896633837529,0.698381066162843,0.757320455557426,0.816412239721668,
0.876279358230831,0.936823465650193,1.),.UNSPECIFIED.);
#119=B_SPLINE_CURVE_WITH_KNOTS('',3,(#11477,#11478,#11479,#11480,#11481,
#11482,#11483,#11484,#11485,#11486,#11487,#11488,#11489,#11490,#11491,#11492,
#11493,#11494,#11495),.UNSPECIFIED.,.F.,.F.,(4,1,1,1,1,1,1,1,1,1,1,1,1,
1,1,1,4),(0.,0.0611415679303345,0.120001013531073,0.178235970541409,0.236495543407017,
0.294887248704973,0.354677192819297,0.416694813289778,0.48063337796284,
0.545804633478641,0.609734788317876,0.672951688375155,0.736001096070683,
0.799827438516525,0.864767276939387,0.931083505730672,1.),.UNSPECIFIED.);
#120=B_SPLINE_CURVE_WITH_KNOTS('',3,(#11497,#11498,#11499,#11500,#11501,
#11502,#11503,#11504,#11505,#11506,#11507,#11508,#11509,#11510,#11511,#11512,
#11513,#11514,#11515),.UNSPECIFIED.,.F.,.F.,(4,1,1,1,1,1,1,1,1,1,1,1,1,
1,1,1,4),(0.,0.0679503475997538,0.1332598223837,0.197800296759647,0.260845829551682,
0.323319292750367,0.386281722459572,0.450061516233313,0.515207584485816,
0.579640769219932,0.641817202384152,0.701692441211535,0.760769098177894,
0.819254051134684,0.878737626905554,0.938158297016093,1.),.UNSPECIFIED.);
#121=B_SPLINE_CURVE_WITH_KNOTS('',3,(#11517,#11518,#11519,#11520,#11521,
#11522,#11523,#11524,#11525,#11526,#11527,#11528,#11529,#11530,#11531,#11532,
#11533,#11534,#11535),.UNSPECIFIED.,.F.,.F.,(4,1,1,1,1,1,1,1,1,1,1,1,1,
1,1,1,4),(0.,0.0618526459466901,0.12128383061537,0.180777932075612,0.239273234014281,
0.298641435213942,0.358185822241712,0.42076008675897,0.485204673021643,
0.550362268948287,0.613649924530912,0.676623495516824,0.739108013469012,
0.802164702242944,0.866716597132477,0.932037628505544,1.),.UNSPECIFIED.);
#122=B_SPLINE_CURVE_WITH_KNOTS('',3,(#11670,#11671,#11672,#11673),
 .UNSPECIFIED.,.F.,.F.,(4,4),(0.,1.),.UNSPECIFIED.);
#123=B_SPLINE_CURVE_WITH_KNOTS('',3,(#11717,#11718,#11719,#11720,#11721,
#11722,#11723,#11724,#11725,#11726,#11727,#11728,#11729,#11730,#11731,#11732,
#11733,#11734,#11735),.UNSPECIFIED.,.F.,.F.,(4,1,1,1,1,1,1,1,1,1,1,1,1,
1,1,1,4),(0.,0.0611415679303345,0.120001013531073,0.178235970541409,0.236495543407017,
0.294887248704973,0.354677192819297,0.416694813289778,0.48063337796284,
0.545804633478641,0.609734788317876,0.672951688375155,0.736001096070683,
0.799827438516525,0.864767276939387,0.931083505730672,1.),.UNSPECIFIED.);
#124=B_SPLINE_CURVE_WITH_KNOTS('',3,(#11778,#11779,#11780,#11781,#11782,
#11783,#11784,#11785,#11786,#11787,#11788,#11789,#11790,#11791,#11792,#11793,
#11794,#11795,#11796),.UNSPECIFIED.,.F.,.F.,(4,1,1,1,1,1,1,1,1,1,1,1,1,
1,1,1,4),(0.,0.0705921865358074,0.13850128860493,0.203789996142701,0.266787572669602,
0.329097965646719,0.391174524603966,0.453167798617657,0.515796760226584,
0.57796880505304,0.63896633837529,0.698381066162843,0.757320455557426,0.816412239721668,
0.876279358230831,0.936823465650193,1.),.UNSPECIFIED.);
#125=B_SPLINE_CURVE_WITH_KNOTS('',3,(#11837,#11838,#11839,#11840,#11841,
#11842,#11843,#11844,#11845,#11846,#11847,#11848,#11849,#11850,#11851,#11852,
#11853,#11854,#11855),.UNSPECIFIED.,.F.,.F.,(4,1,1,1,1,1,1,1,1,1,1,1,1,
1,1,1,4),(0.,0.0618526459466901,0.12128383061537,0.180777932075612,0.239273234014281,
0.298641435213942,0.358185822241712,0.42076008675897,0.485204673021643,
0.550362268948287,0.613649924530912,0.676623495516824,0.739108013469012,
0.802164702242944,0.866716597132477,0.932037628505544,1.),.UNSPECIFIED.);
#126=B_SPLINE_CURVE_WITH_KNOTS('',3,(#11896,#11897,#11898,#11899,#11900,
#11901,#11902,#11903,#11904,#11905,#11906,#11907,#11908,#11909,#11910,#11911,
#11912,#11913,#11914),.UNSPECIFIED.,.F.,.F.,(4,1,1,1,1,1,1,1,1,1,1,1,1,
1,1,1,4),(0.,0.0679503475997538,0.1332598223837,0.197800296759647,0.260845829551682,
0.323319292750367,0.386281722459572,0.450061516233313,0.515207584485816,
0.579640769219932,0.641817202384152,0.701692441211535,0.760769098177894,
0.819254051134684,0.878737626905554,0.938158297016093,1.),.UNSPECIFIED.);
#127=B_SPLINE_CURVE_WITH_KNOTS('',3,(#11932,#11933,#11934,#11935,#11936,
#11937,#11938,#11939,#11940,#11941,#11942,#11943,#11944,#11945,#11946,#11947,
#11948,#11949,#11950),.UNSPECIFIED.,.F.,.F.,(4,1,1,1,1,1,1,1,1,1,1,1,1,
1,1,1,4),(0.,0.0787751416419552,0.153710704611921,0.226698870982696,0.299171820326584,
0.371165995644641,0.442977769501571,0.516334013008727,0.592857108024116,
0.633510180405672,0.676623616987174,0.722915422371309,0.771971354383628,
0.823829257316891,0.879386450019196,0.937952131613018,1.),.UNSPECIFIED.);
#128=B_SPLINE_CURVE_WITH_KNOTS('',3,(#11952,#11953,#11954,#11955,#11956,
#11957,#11958,#11959,#11960,#11961,#11962,#11963,#11964,#11965,#11966,#11967,
#11968,#11969,#11970),.UNSPECIFIED.,.F.,.F.,(4,1,1,1,1,1,1,1,1,1,1,1,1,
1,1,1,4),(0.,0.0642108050223224,0.127051819273505,0.188726792758088,0.24910867966144,
0.30989711114641,0.370265578361429,0.430668930564747,0.492744590667093,
0.554114031997297,0.61572591624179,0.676828089692438,0.738463639969609,
0.80133559006821,0.86519718694107,0.931647751439548,1.),.UNSPECIFIED.);
#129=B_SPLINE_CURVE_WITH_KNOTS('',3,(#11972,#11973,#11974,#11975,#11976,
#11977,#11978,#11979,#11980,#11981,#11982),.UNSPECIFIED.,.F.,.F.,(4,1,1,
1,1,1,1,1,4),(0.,0.1762577548178,0.338434413880475,0.484822050787836,0.617157578266331,
0.734698360612476,0.837385183832359,0.926372420929583,1.),.UNSPECIFIED.);
#130=B_SPLINE_CURVE_WITH_KNOTS('',3,(#11990,#11991,#11992,#11993,#11994,
#11995,#11996,#11997,#11998,#11999,#12000,#12001,#12002,#12003,#12004,#12005,
#12006,#12007,#12008),.UNSPECIFIED.,.F.,.F.,(4,1,1,1,1,1,1,1,1,1,1,1,1,
1,1,1,4),(0.,0.0688000963413577,0.136336686358279,0.203757017634545,0.272787155787193,
0.342622323615256,0.411089038045841,0.479278287008668,0.549403054126503,
0.587738712032065,0.6307249325567,0.678947097036436,0.732558639950927,0.791154526052615,
0.855313051097196,0.92510139681619,1.),.UNSPECIFIED.);
#131=B_SPLINE_CURVE_WITH_KNOTS('',3,(#12010,#12011,#12012,#12013,#12014,
#12015,#12016,#12017,#12018,#12019,#12020,#12021,#12022,#12023,#12024,#12025,
#12026,#12027,#12028),.UNSPECIFIED.,.F.,.F.,(4,1,1,1,1,1,1,1,1,1,1,1,1,
1,1,1,4),(0.,0.0716629706079346,0.138903247758228,0.201170031499865,0.259105702761956,
0.312232476434027,0.360655445110533,0.405056869932044,0.445069493488068,
0.518740291208595,0.589418981815623,0.658414658461388,0.727587276472125,
0.796337205583,0.86318478082236,0.930954370904666,1.),.UNSPECIFIED.);
#132=B_SPLINE_CURVE_WITH_KNOTS('',3,(#12200,#12201,#12202,#12203,#12204,
#12205,#12206,#12207,#12208,#12209,#12210,#12211,#12212,#12213,#12214,#12215,
#12216,#12217,#12218),.UNSPECIFIED.,.F.,.F.,(4,1,1,1,1,1,1,1,1,1,1,1,1,
1,1,1,4),(0.,0.0716629706079346,0.138903247758228,0.201170031499865,0.259105702761956,
0.312232476434027,0.360655445110533,0.405056869932044,0.445069493488068,
0.518740291208595,0.589418981815623,0.658414658461388,0.727587276472125,
0.796337205583,0.86318478082236,0.930954370904666,1.),.UNSPECIFIED.);
#133=B_SPLINE_CURVE_WITH_KNOTS('',3,(#12259,#12260,#12261,#12262,#12263,
#12264,#12265,#12266,#12267,#12268,#12269,#12270,#12271,#12272,#12273,#12274,
#12275,#12276,#12277),.UNSPECIFIED.,.F.,.F.,(4,1,1,1,1,1,1,1,1,1,1,1,1,
1,1,1,4),(0.,0.0688000963413577,0.136336686358279,0.203757017634545,0.272787155787193,
0.342622323615256,0.411089038045841,0.479278287008668,0.549403054126503,
0.587738712032065,0.6307249325567,0.678947097036436,0.732558639950927,0.791154526052615,
0.855313051097196,0.92510139681619,1.),.UNSPECIFIED.);
#134=OVER_RIDING_STYLED_ITEM('',(#5907),#5684,#5898);
#135=OVER_RIDING_STYLED_ITEM('',(#5908),#5726,#5898);
#136=OVER_RIDING_STYLED_ITEM('',(#5909),#5727,#5898);
#137=OVER_RIDING_STYLED_ITEM('',(#5910),#5728,#5898);
#138=OVER_RIDING_STYLED_ITEM('',(#5911),#5832,#5898);
#139=OVER_RIDING_STYLED_ITEM('',(#5912),#5846,#5898);
#140=OVER_RIDING_STYLED_ITEM('',(#5913),#5860,#5898);
#141=OVER_RIDING_STYLED_ITEM('',(#5914),#5878,#5898);
#142=DRAUGHTING_PRE_DEFINED_COLOUR('white');
#143=CONTEXT_DEPENDENT_SHAPE_REPRESENTATION(#161,#12309);
#144=CONTEXT_DEPENDENT_SHAPE_REPRESENTATION(#162,#12311);
#145=CONTEXT_DEPENDENT_SHAPE_REPRESENTATION(#163,#12313);
#146=CONTEXT_DEPENDENT_SHAPE_REPRESENTATION(#164,#12315);
#147=CONTEXT_DEPENDENT_SHAPE_REPRESENTATION(#165,#12317);
#148=CONTEXT_DEPENDENT_SHAPE_REPRESENTATION(#166,#12319);
#149=CONTEXT_DEPENDENT_SHAPE_REPRESENTATION(#167,#12321);
#150=CONTEXT_DEPENDENT_SHAPE_REPRESENTATION(#168,#12323);
#151=CONTEXT_DEPENDENT_SHAPE_REPRESENTATION(#169,#12324);
#152=NEXT_ASSEMBLY_USAGE_OCCURRENCE('NAUO1','panel_base','panel_base',#12325,
#12326,'');
#153=NEXT_ASSEMBLY_USAGE_OCCURRENCE('NAUO2','LDR_sensor_base',
'LDR_sensor_base',#12325,#12327,'');
#154=NEXT_ASSEMBLY_USAGE_OCCURRENCE('NAUO3','Quadruple_Blade_Rudder',
'Quadruple_Blade_Rudder',#12325,#12328,'');
#155=NEXT_ASSEMBLY_USAGE_OCCURRENCE('NAUO4','bais','bais',#12325,#12329,
'');
#156=NEXT_ASSEMBLY_USAGE_OCCURRENCE('NAUO5','servo2_fixs','servo2_fixs',
#12325,#12330,'');
#157=NEXT_ASSEMBLY_USAGE_OCCURRENCE('NAUO6','Double_Blade_Rudder',
'Double_Blade_Rudder',#12325,#12331,'');
#158=NEXT_ASSEMBLY_USAGE_OCCURRENCE('NAUO7','hing_rod','hing_rod',#12325,
#12332,'');
#159=NEXT_ASSEMBLY_USAGE_OCCURRENCE('NAUO8','##Servo_MG_996R',
'##Servo_MG_996R',#12325,#12333,'');
#160=NEXT_ASSEMBLY_USAGE_OCCURRENCE('NAUO9','##Servo_MG_996R',
'##Servo_MG_996R',#12325,#12333,'');
#161=(
REPRESENTATION_RELATIONSHIP(' ',' ',#6018,#6017)
REPRESENTATION_RELATIONSHIP_WITH_TRANSFORMATION(#170)
SHAPE_REPRESENTATION_RELATIONSHIP()
);
#162=(
REPRESENTATION_RELATIONSHIP(' ',' ',#6019,#6017)
REPRESENTATION_RELATIONSHIP_WITH_TRANSFORMATION(#171)
SHAPE_REPRESENTATION_RELATIONSHIP()
);
#163=(
REPRESENTATION_RELATIONSHIP(' ',' ',#6020,#6017)
REPRESENTATION_RELATIONSHIP_WITH_TRANSFORMATION(#172)
SHAPE_REPRESENTATION_RELATIONSHIP()
);
#164=(
REPRESENTATION_RELATIONSHIP(' ',' ',#6021,#6017)
REPRESENTATION_RELATIONSHIP_WITH_TRANSFORMATION(#173)
SHAPE_REPRESENTATION_RELATIONSHIP()
);
#165=(
REPRESENTATION_RELATIONSHIP(' ',' ',#6022,#6017)
REPRESENTATION_RELATIONSHIP_WITH_TRANSFORMATION(#174)
SHAPE_REPRESENTATION_RELATIONSHIP()
);
#166=(
REPRESENTATION_RELATIONSHIP(' ',' ',#6023,#6017)
REPRESENTATION_RELATIONSHIP_WITH_TRANSFORMATION(#175)
SHAPE_REPRESENTATION_RELATIONSHIP()
);
#167=(
REPRESENTATION_RELATIONSHIP(' ',' ',#6024,#6017)
REPRESENTATION_RELATIONSHIP_WITH_TRANSFORMATION(#176)
SHAPE_REPRESENTATION_RELATIONSHIP()
);
#168=(
REPRESENTATION_RELATIONSHIP(' ',' ',#6025,#6017)
REPRESENTATION_RELATIONSHIP_WITH_TRANSFORMATION(#177)
SHAPE_REPRESENTATION_RELATIONSHIP()
);
#169=(
REPRESENTATION_RELATIONSHIP(' ',' ',#6025,#6017)
REPRESENTATION_RELATIONSHIP_WITH_TRANSFORMATION(#178)
SHAPE_REPRESENTATION_RELATIONSHIP()
);
#170=ITEM_DEFINED_TRANSFORMATION(' ',' ',#6026,#6042);
#171=ITEM_DEFINED_TRANSFORMATION(' ',' ',#6026,#6067);
#172=ITEM_DEFINED_TRANSFORMATION(' ',' ',#6026,#6149);
#173=ITEM_DEFINED_TRANSFORMATION(' ',' ',#6026,#6164);
#174=ITEM_DEFINED_TRANSFORMATION(' ',' ',#6026,#6191);
#175=ITEM_DEFINED_TRANSFORMATION(' ',' ',#6026,#6245);
#176=ITEM_DEFINED_TRANSFORMATION(' ',' ',#6026,#6251);
#177=ITEM_DEFINED_TRANSFORMATION(' ',' ',#6026,#6507);
#178=ITEM_DEFINED_TRANSFORMATION(' ',' ',#6026,#6508);
#179=SHAPE_REPRESENTATION_RELATIONSHIP('','',#6018,#187);
#180=SHAPE_REPRESENTATION_RELATIONSHIP('','',#6019,#188);
#181=SHAPE_REPRESENTATION_RELATIONSHIP('','',#6020,#189);
#182=SHAPE_REPRESENTATION_RELATIONSHIP('','',#6021,#190);
#183=SHAPE_REPRESENTATION_RELATIONSHIP('','',#6022,#191);
#184=SHAPE_REPRESENTATION_RELATIONSHIP('','',#6023,#192);
#185=SHAPE_REPRESENTATION_RELATIONSHIP('','',#6024,#193);
#186=SHAPE_REPRESENTATION_RELATIONSHIP('','',#6025,#194);
#187=ADVANCED_BREP_SHAPE_REPRESENTATION('',(#6000),#12287);
#188=ADVANCED_BREP_SHAPE_REPRESENTATION('',(#6001),#12288);
#189=ADVANCED_BREP_SHAPE_REPRESENTATION('',(#6002),#12289);
#190=ADVANCED_BREP_SHAPE_REPRESENTATION('',(#6003),#12290);
#191=ADVANCED_BREP_SHAPE_REPRESENTATION('',(#6004),#12291);
#192=ADVANCED_BREP_SHAPE_REPRESENTATION('',(#6005),#12292);
#193=ADVANCED_BREP_SHAPE_REPRESENTATION('',(#6006),#12293);
#194=ADVANCED_BREP_SHAPE_REPRESENTATION('',(#6007),#12294);
#195=CYLINDRICAL_SURFACE('',#6039,0.002);
#196=CYLINDRICAL_SURFACE('',#6040,0.002);
#197=CYLINDRICAL_SURFACE('',#6041,0.0025);
#198=CYLINDRICAL_SURFACE('',#6053,0.002);
#199=CYLINDRICAL_SURFACE('',#6054,0.002);
#200=CYLINDRICAL_SURFACE('',#6116,0.0015);
#201=CYLINDRICAL_SURFACE('',#6120,0.0044);
#202=CYLINDRICAL_SURFACE('',#6121,0.003);
#203=CYLINDRICAL_SURFACE('',#6122,0.0025);
#204=CYLINDRICAL_SURFACE('',#6123,0.00075);
#205=CYLINDRICAL_SURFACE('',#6124,0.00075);
#206=CYLINDRICAL_SURFACE('',#6125,0.00075);
#207=CYLINDRICAL_SURFACE('',#6126,0.00075);
#208=CYLINDRICAL_SURFACE('',#6130,0.0025);
#209=CYLINDRICAL_SURFACE('',#6131,0.00075);
#210=CYLINDRICAL_SURFACE('',#6132,0.00075);
#211=CYLINDRICAL_SURFACE('',#6133,0.00075);
#212=CYLINDRICAL_SURFACE('',#6134,0.00075);
#213=CYLINDRICAL_SURFACE('',#6137,0.0025);
#214=CYLINDRICAL_SURFACE('',#6138,0.00075);
#215=CYLINDRICAL_SURFACE('',#6139,0.00075);
#216=CYLINDRICAL_SURFACE('',#6140,0.00075);
#217=CYLINDRICAL_SURFACE('',#6141,0.00075);
#218=CYLINDRICAL_SURFACE('',#6143,0.0025);
#219=CYLINDRICAL_SURFACE('',#6144,0.00075);
#220=CYLINDRICAL_SURFACE('',#6145,0.00075);
#221=CYLINDRICAL_SURFACE('',#6146,0.00075);
#222=CYLINDRICAL_SURFACE('',#6147,0.00075);
#223=CYLINDRICAL_SURFACE('',#6176,0.0025);
#224=CYLINDRICAL_SURFACE('',#6183,0.003);
#225=CYLINDRICAL_SURFACE('',#6190,0.0025);
#226=CYLINDRICAL_SURFACE('',#6192,0.0061);
#227=CYLINDRICAL_SURFACE('',#6224,0.0061);
#228=CYLINDRICAL_SURFACE('',#6225,0.0015);
#229=CYLINDRICAL_SURFACE('',#6229,0.0044);
#230=CYLINDRICAL_SURFACE('',#6230,0.003);
#231=CYLINDRICAL_SURFACE('',#6232,0.0025);
#232=CYLINDRICAL_SURFACE('',#6233,0.00075);
#233=CYLINDRICAL_SURFACE('',#6234,0.00075);
#234=CYLINDRICAL_SURFACE('',#6235,0.00075);
#235=CYLINDRICAL_SURFACE('',#6236,0.00075);
#236=CYLINDRICAL_SURFACE('',#6239,0.0025);
#237=CYLINDRICAL_SURFACE('',#6240,0.00075);
#238=CYLINDRICAL_SURFACE('',#6241,0.00075);
#239=CYLINDRICAL_SURFACE('',#6242,0.00075);
#240=CYLINDRICAL_SURFACE('',#6243,0.00075);
#241=CYLINDRICAL_SURFACE('',#6246,0.0025);
#242=CYLINDRICAL_SURFACE('',#6292,0.01);
#243=CYLINDRICAL_SURFACE('',#6304,0.00640833333333333);
#244=CYLINDRICAL_SURFACE('',#6343,0.002);
#245=CYLINDRICAL_SURFACE('',#6344,0.0065);
#246=CYLINDRICAL_SURFACE('',#6348,0.00525);
#247=CYLINDRICAL_SURFACE('',#6352,0.003);
#248=CYLINDRICAL_SURFACE('',#6356,0.0015);
#249=CYLINDRICAL_SURFACE('',#6371,0.0028284271247462);
#250=CYLINDRICAL_SURFACE('',#6375,0.0028284271247462);
#251=CYLINDRICAL_SURFACE('',#6379,0.0028284271247462);
#252=CYLINDRICAL_SURFACE('',#6383,0.0028284271247462);
#253=CYLINDRICAL_SURFACE('',#6387,0.0005);
#254=CYLINDRICAL_SURFACE('',#6388,0.0005);
#255=CYLINDRICAL_SURFACE('',#6389,0.0005);
#256=CYLINDRICAL_SURFACE('',#6390,0.0005);
#257=CYLINDRICAL_SURFACE('',#6391,0.0005);
#258=CYLINDRICAL_SURFACE('',#6392,0.0005);
#259=CYLINDRICAL_SURFACE('',#6393,0.0005);
#260=CYLINDRICAL_SURFACE('',#6394,0.0005);
#261=CYLINDRICAL_SURFACE('',#6395,0.0005);
#262=CYLINDRICAL_SURFACE('',#6396,0.0005);
#263=CYLINDRICAL_SURFACE('',#6397,0.0005);
#264=CYLINDRICAL_SURFACE('',#6398,0.0005);
#265=CYLINDRICAL_SURFACE('',#6399,0.0005);
#266=CYLINDRICAL_SURFACE('',#6400,0.0005);
#267=CYLINDRICAL_SURFACE('',#6401,0.0005);
#268=CYLINDRICAL_SURFACE('',#6402,0.0005);
#269=CYLINDRICAL_SURFACE('',#6403,0.0005);
#270=CYLINDRICAL_SURFACE('',#6410,0.0022);
#271=CYLINDRICAL_SURFACE('',#6415,0.0022);
#272=CYLINDRICAL_SURFACE('',#6423,0.0022);
#273=CYLINDRICAL_SURFACE('',#6432,0.0022);
#274=CYLINDRICAL_SURFACE('',#6462,0.00106788043446537);
#275=CYLINDRICAL_SURFACE('',#6472,0.00166963572066777);
#276=CYLINDRICAL_SURFACE('',#6479,0.00166963572065761);
#277=CYLINDRICAL_SURFACE('',#6486,0.00123948272599962);
#278=CYLINDRICAL_SURFACE('',#6503,0.0015);
#279=CYLINDRICAL_SURFACE('',#6504,0.0015);
#280=CYLINDRICAL_SURFACE('',#6505,0.0015);
#281=CYLINDRICAL_SURFACE('',#6506,0.0015);
#282=CIRCLE('',#6028,0.002);
#283=CIRCLE('',#6029,0.002);
#284=CIRCLE('',#6031,0.002);
#285=CIRCLE('',#6032,0.002);
#286=CIRCLE('',#6034,0.0025);
#287=CIRCLE('',#6037,0.0025);
#288=CIRCLE('',#6044,0.002);
#289=CIRCLE('',#6045,0.002);
#290=CIRCLE('',#6047,0.002);
#291=CIRCLE('',#6048,0.002);
#292=CIRCLE('',#6070,0.0015);
#293=CIRCLE('',#6071,0.003);
#294=CIRCLE('',#6073,0.0025);
#295=CIRCLE('',#6074,0.0025);
#296=CIRCLE('',#6075,0.0025);
#297=CIRCLE('',#6076,0.0025);
#298=CIRCLE('',#6077,0.00075);
#299=CIRCLE('',#6078,0.00075);
#300=CIRCLE('',#6079,0.00075);
#301=CIRCLE('',#6080,0.00075);
#302=CIRCLE('',#6081,0.00075);
#303=CIRCLE('',#6082,0.00075);
#304=CIRCLE('',#6083,0.00075);
#305=CIRCLE('',#6084,0.00075);
#306=CIRCLE('',#6085,0.00075);
#307=CIRCLE('',#6086,0.00075);
#308=CIRCLE('',#6087,0.00075);
#309=CIRCLE('',#6088,0.00075);
#310=CIRCLE('',#6089,0.0044);
#311=CIRCLE('',#6090,0.00075);
#312=CIRCLE('',#6091,0.00075);
#313=CIRCLE('',#6092,0.00075);
#314=CIRCLE('',#6093,0.00075);
#315=CIRCLE('',#6095,0.0025);
#316=CIRCLE('',#6096,0.0025);
#317=CIRCLE('',#6097,0.0025);
#318=CIRCLE('',#6098,0.0025);
#319=CIRCLE('',#6099,0.00075);
#320=CIRCLE('',#6100,0.00075);
#321=CIRCLE('',#6101,0.00075);
#322=CIRCLE('',#6102,0.00075);
#323=CIRCLE('',#6103,0.00075);
#324=CIRCLE('',#6104,0.00075);
#325=CIRCLE('',#6105,0.00075);
#326=CIRCLE('',#6106,0.00075);
#327=CIRCLE('',#6107,0.00075);
#328=CIRCLE('',#6108,0.00075);
#329=CIRCLE('',#6109,0.00075);
#330=CIRCLE('',#6110,0.00075);
#331=CIRCLE('',#6111,0.0015);
#332=CIRCLE('',#6112,0.00075);
#333=CIRCLE('',#6113,0.00075);
#334=CIRCLE('',#6114,0.00075);
#335=CIRCLE('',#6115,0.00075);
#336=CIRCLE('',#6118,0.0044);
#337=CIRCLE('',#6119,0.003);
#338=CIRCLE('',#6167,0.0025);
#339=CIRCLE('',#6169,0.0025);
#340=CIRCLE('',#6171,0.0025);
#341=CIRCLE('',#6174,0.003);
#342=CIRCLE('',#6178,0.0025);
#343=CIRCLE('',#6181,0.003);
#344=CIRCLE('',#6193,0.0061);
#345=CIRCLE('',#6194,0.0061);
#346=CIRCLE('',#6196,0.0015);
#347=CIRCLE('',#6197,0.003);
#348=CIRCLE('',#6199,0.0044);
#349=CIRCLE('',#6200,0.0061);
#350=CIRCLE('',#6201,0.0025);
#351=CIRCLE('',#6202,0.0025);
#352=CIRCLE('',#6203,0.00075);
#353=CIRCLE('',#6204,0.00075);
#354=CIRCLE('',#6205,0.00075);
#355=CIRCLE('',#6206,0.00075);
#356=CIRCLE('',#6207,0.00075);
#357=CIRCLE('',#6208,0.00075);
#358=CIRCLE('',#6209,0.00075);
#359=CIRCLE('',#6210,0.00075);
#360=CIRCLE('',#6212,0.0061);
#361=CIRCLE('',#6213,0.0025);
#362=CIRCLE('',#6214,0.0025);
#363=CIRCLE('',#6215,0.0015);
#364=CIRCLE('',#6216,0.00075);
#365=CIRCLE('',#6217,0.00075);
#366=CIRCLE('',#6218,0.00075);
#367=CIRCLE('',#6219,0.00075);
#368=CIRCLE('',#6220,0.00075);
#369=CIRCLE('',#6221,0.00075);
#370=CIRCLE('',#6222,0.00075);
#371=CIRCLE('',#6223,0.00075);
#372=CIRCLE('',#6227,0.0044);
#373=CIRCLE('',#6228,0.003);
#374=CIRCLE('',#6247,0.0025);
#375=CIRCLE('',#6248,0.0025);
#376=CIRCLE('',#6253,0.00123948272599962);
#377=CIRCLE('',#6254,0.00166963572065761);
#378=CIRCLE('',#6255,0.00166963572066777);
#379=CIRCLE('',#6256,0.00106788043446537);
#380=CIRCLE('',#6258,0.0015);
#381=CIRCLE('',#6259,0.0022);
#382=CIRCLE('',#6262,0.0015);
#383=CIRCLE('',#6263,0.0022);
#384=CIRCLE('',#6269,0.0005);
#385=CIRCLE('',#6270,0.00640833333333333);
#386=CIRCLE('',#6271,0.0005);
#387=CIRCLE('',#6273,0.0005);
#388=CIRCLE('',#6274,0.01);
#389=CIRCLE('',#6275,0.0005);
#390=CIRCLE('',#6276,0.0005);
#391=CIRCLE('',#6277,0.01);
#392=CIRCLE('',#6278,0.0005);
#393=CIRCLE('',#6279,0.0005);
#394=CIRCLE('',#6280,0.0005);
#395=CIRCLE('',#6282,0.01);
#396=CIRCLE('',#6283,0.0005);
#397=CIRCLE('',#6284,0.0005);
#398=CIRCLE('',#6285,0.0005);
#399=CIRCLE('',#6286,0.01);
#400=CIRCLE('',#6287,0.0005);
#401=CIRCLE('',#6289,0.0005);
#402=CIRCLE('',#6290,0.01);
#403=CIRCLE('',#6291,0.01);
#404=CIRCLE('',#6293,0.01);
#405=CIRCLE('',#6294,0.01);
#406=CIRCLE('',#6295,0.01);
#407=CIRCLE('',#6296,0.01);
#408=CIRCLE('',#6297,0.01);
#409=CIRCLE('',#6305,0.00640833333333333);
#410=CIRCLE('',#6308,0.0065);
#411=CIRCLE('',#6309,0.002);
#412=CIRCLE('',#6310,0.0005);
#413=CIRCLE('',#6311,0.0005);
#414=CIRCLE('',#6313,0.0005);
#415=CIRCLE('',#6314,0.0005);
#416=CIRCLE('',#6315,0.0005);
#417=CIRCLE('',#6316,0.0005);
#418=CIRCLE('',#6317,0.0005);
#419=CIRCLE('',#6318,0.0005);
#420=CIRCLE('',#6319,0.0005);
#421=CIRCLE('',#6320,0.0005);
#422=CIRCLE('',#6321,0.0005);
#423=CIRCLE('',#6322,0.0005);
#424=CIRCLE('',#6332,0.0005);
#425=CIRCLE('',#6333,0.0005);
#426=CIRCLE('',#6334,0.0005);
#427=CIRCLE('',#6336,0.0005);
#428=CIRCLE('',#6337,0.0005);
#429=CIRCLE('',#6338,0.002);
#430=CIRCLE('',#6345,0.0065);
#431=CIRCLE('',#6347,0.00525);
#432=CIRCLE('',#6349,0.00525);
#433=CIRCLE('',#6351,0.003);
#434=CIRCLE('',#6353,0.003);
#435=CIRCLE('',#6355,0.0015);
#436=CIRCLE('',#6357,0.0015);
#437=CIRCLE('',#6372,0.0028284271247462);
#438=CIRCLE('',#6374,0.0005);
#439=CIRCLE('',#6376,0.0028284271247462);
#440=CIRCLE('',#6378,0.0005);
#441=CIRCLE('',#6380,0.0028284271247462);
#442=CIRCLE('',#6382,0.0005);
#443=CIRCLE('',#6384,0.0028284271247462);
#444=CIRCLE('',#6386,0.0005);
#445=CIRCLE('',#6411,0.0022);
#446=CIRCLE('',#6416,0.0022);
#447=CIRCLE('',#6417,0.0022);
#448=CIRCLE('',#6419,0.0015);
#449=CIRCLE('',#6420,0.0015);
#450=CIRCLE('',#6422,0.0015);
#451=CIRCLE('',#6424,0.0022);
#452=CIRCLE('',#6425,0.0022);
#453=CIRCLE('',#6433,0.0022);
#454=CIRCLE('',#6438,0.0015);
#455=CIRCLE('',#6439,0.0015);
#456=CIRCLE('',#6441,0.0015);
#457=CIRCLE('',#6463,0.00106788043446537);
#458=CIRCLE('',#6470,0.00166963572066777);
#459=CIRCLE('',#6477,0.00166963572065761);
#460=CIRCLE('',#6484,0.00123948272599962);
#461=ORIENTED_EDGE('',*,*,#2051,.T.);
#462=ORIENTED_EDGE('',*,*,#2052,.T.);
#463=ORIENTED_EDGE('',*,*,#2053,.T.);
#464=ORIENTED_EDGE('',*,*,#2054,.T.);
#465=ORIENTED_EDGE('',*,*,#2055,.F.);
#466=ORIENTED_EDGE('',*,*,#2056,.F.);
#467=ORIENTED_EDGE('',*,*,#2057,.T.);
#468=ORIENTED_EDGE('',*,*,#2058,.F.);
#469=ORIENTED_EDGE('',*,*,#2059,.F.);
#470=ORIENTED_EDGE('',*,*,#2060,.F.);
#471=ORIENTED_EDGE('',*,*,#2061,.F.);
#472=ORIENTED_EDGE('',*,*,#2062,.T.);
#473=ORIENTED_EDGE('',*,*,#2063,.F.);
#474=ORIENTED_EDGE('',*,*,#2058,.T.);
#475=ORIENTED_EDGE('',*,*,#2064,.F.);
#476=ORIENTED_EDGE('',*,*,#2051,.F.);
#477=ORIENTED_EDGE('',*,*,#2065,.T.);
#478=ORIENTED_EDGE('',*,*,#2061,.T.);
#479=ORIENTED_EDGE('',*,*,#2066,.F.);
#480=ORIENTED_EDGE('',*,*,#2052,.F.);
#481=ORIENTED_EDGE('',*,*,#2064,.T.);
#482=ORIENTED_EDGE('',*,*,#2067,.T.);
#483=ORIENTED_EDGE('',*,*,#2060,.T.);
#484=ORIENTED_EDGE('',*,*,#2068,.F.);
#485=ORIENTED_EDGE('',*,*,#2053,.F.);
#486=ORIENTED_EDGE('',*,*,#2066,.T.);
#487=ORIENTED_EDGE('',*,*,#2059,.T.);
#488=ORIENTED_EDGE('',*,*,#2065,.F.);
#489=ORIENTED_EDGE('',*,*,#2054,.F.);
#490=ORIENTED_EDGE('',*,*,#2068,.T.);
#491=ORIENTED_EDGE('',*,*,#2055,.T.);
#492=ORIENTED_EDGE('',*,*,#2057,.F.);
#493=ORIENTED_EDGE('',*,*,#2056,.T.);
#494=ORIENTED_EDGE('',*,*,#2062,.F.);
#495=ORIENTED_EDGE('',*,*,#2063,.T.);
#496=ORIENTED_EDGE('',*,*,#2067,.F.);
#497=ORIENTED_EDGE('',*,*,#2069,.F.);
#498=ORIENTED_EDGE('',*,*,#2070,.F.);
#499=ORIENTED_EDGE('',*,*,#2071,.F.);
#500=ORIENTED_EDGE('',*,*,#2072,.T.);
#501=ORIENTED_EDGE('',*,*,#2073,.T.);
#502=ORIENTED_EDGE('',*,*,#2074,.T.);
#503=ORIENTED_EDGE('',*,*,#2075,.T.);
#504=ORIENTED_EDGE('',*,*,#2076,.T.);
#505=ORIENTED_EDGE('',*,*,#2077,.F.);
#506=ORIENTED_EDGE('',*,*,#2078,.F.);
#507=ORIENTED_EDGE('',*,*,#2079,.F.);
#508=ORIENTED_EDGE('',*,*,#2080,.F.);
#509=ORIENTED_EDGE('',*,*,#2081,.F.);
#510=ORIENTED_EDGE('',*,*,#2082,.F.);
#511=ORIENTED_EDGE('',*,*,#2083,.F.);
#512=ORIENTED_EDGE('',*,*,#2084,.F.);
#513=ORIENTED_EDGE('',*,*,#2085,.F.);
#514=ORIENTED_EDGE('',*,*,#2086,.F.);
#515=ORIENTED_EDGE('',*,*,#2087,.T.);
#516=ORIENTED_EDGE('',*,*,#2088,.F.);
#517=ORIENTED_EDGE('',*,*,#2089,.F.);
#518=ORIENTED_EDGE('',*,*,#2090,.F.);
#519=ORIENTED_EDGE('',*,*,#2091,.F.);
#520=ORIENTED_EDGE('',*,*,#2092,.T.);
#521=ORIENTED_EDGE('',*,*,#2088,.T.);
#522=ORIENTED_EDGE('',*,*,#2093,.F.);
#523=ORIENTED_EDGE('',*,*,#2075,.F.);
#524=ORIENTED_EDGE('',*,*,#2094,.T.);
#525=ORIENTED_EDGE('',*,*,#2091,.T.);
#526=ORIENTED_EDGE('',*,*,#2095,.F.);
#527=ORIENTED_EDGE('',*,*,#2072,.F.);
#528=ORIENTED_EDGE('',*,*,#2096,.F.);
#529=ORIENTED_EDGE('',*,*,#2097,.F.);
#530=ORIENTED_EDGE('',*,*,#2098,.T.);
#531=ORIENTED_EDGE('',*,*,#2076,.F.);
#532=ORIENTED_EDGE('',*,*,#2093,.T.);
#533=ORIENTED_EDGE('',*,*,#2090,.T.);
#534=ORIENTED_EDGE('',*,*,#2099,.F.);
#535=ORIENTED_EDGE('',*,*,#2073,.F.);
#536=ORIENTED_EDGE('',*,*,#2095,.T.);
#537=ORIENTED_EDGE('',*,*,#2089,.T.);
#538=ORIENTED_EDGE('',*,*,#2094,.F.);
#539=ORIENTED_EDGE('',*,*,#2074,.F.);
#540=ORIENTED_EDGE('',*,*,#2099,.T.);
#541=ORIENTED_EDGE('',*,*,#2070,.T.);
#542=ORIENTED_EDGE('',*,*,#2087,.F.);
#543=ORIENTED_EDGE('',*,*,#2069,.T.);
#544=ORIENTED_EDGE('',*,*,#2092,.F.);
#545=ORIENTED_EDGE('',*,*,#2078,.T.);
#546=ORIENTED_EDGE('',*,*,#2100,.F.);
#547=ORIENTED_EDGE('',*,*,#2101,.F.);
#548=ORIENTED_EDGE('',*,*,#2102,.T.);
#549=ORIENTED_EDGE('',*,*,#2077,.T.);
#550=ORIENTED_EDGE('',*,*,#2098,.F.);
#551=ORIENTED_EDGE('',*,*,#2103,.F.);
#552=ORIENTED_EDGE('',*,*,#2100,.T.);
#553=ORIENTED_EDGE('',*,*,#2071,.T.);
#554=ORIENTED_EDGE('',*,*,#2104,.F.);
#555=ORIENTED_EDGE('',*,*,#2105,.F.);
#556=ORIENTED_EDGE('',*,*,#2096,.T.);
#557=ORIENTED_EDGE('',*,*,#2086,.T.);
#558=ORIENTED_EDGE('',*,*,#2106,.F.);
#559=ORIENTED_EDGE('',*,*,#2107,.F.);
#560=ORIENTED_EDGE('',*,*,#2104,.T.);
#561=ORIENTED_EDGE('',*,*,#2085,.T.);
#562=ORIENTED_EDGE('',*,*,#2108,.F.);
#563=ORIENTED_EDGE('',*,*,#2109,.F.);
#564=ORIENTED_EDGE('',*,*,#2106,.T.);
#565=ORIENTED_EDGE('',*,*,#2084,.T.);
#566=ORIENTED_EDGE('',*,*,#2110,.F.);
#567=ORIENTED_EDGE('',*,*,#2111,.F.);
#568=ORIENTED_EDGE('',*,*,#2108,.T.);
#569=ORIENTED_EDGE('',*,*,#2083,.T.);
#570=ORIENTED_EDGE('',*,*,#2112,.F.);
#571=ORIENTED_EDGE('',*,*,#2113,.F.);
#572=ORIENTED_EDGE('',*,*,#2110,.T.);
#573=ORIENTED_EDGE('',*,*,#2082,.T.);
#574=ORIENTED_EDGE('',*,*,#2114,.F.);
#575=ORIENTED_EDGE('',*,*,#2115,.F.);
#576=ORIENTED_EDGE('',*,*,#2112,.T.);
#577=ORIENTED_EDGE('',*,*,#2081,.T.);
#578=ORIENTED_EDGE('',*,*,#2116,.F.);
#579=ORIENTED_EDGE('',*,*,#2117,.F.);
#580=ORIENTED_EDGE('',*,*,#2114,.T.);
#581=ORIENTED_EDGE('',*,*,#2080,.T.);
#582=ORIENTED_EDGE('',*,*,#2118,.F.);
#583=ORIENTED_EDGE('',*,*,#2119,.F.);
#584=ORIENTED_EDGE('',*,*,#2116,.T.);
#585=ORIENTED_EDGE('',*,*,#2079,.T.);
#586=ORIENTED_EDGE('',*,*,#2102,.F.);
#587=ORIENTED_EDGE('',*,*,#2120,.F.);
#588=ORIENTED_EDGE('',*,*,#2118,.T.);
#589=ORIENTED_EDGE('',*,*,#2101,.T.);
#590=ORIENTED_EDGE('',*,*,#2103,.T.);
#591=ORIENTED_EDGE('',*,*,#2097,.T.);
#592=ORIENTED_EDGE('',*,*,#2105,.T.);
#593=ORIENTED_EDGE('',*,*,#2107,.T.);
#594=ORIENTED_EDGE('',*,*,#2109,.T.);
#595=ORIENTED_EDGE('',*,*,#2111,.T.);
#596=ORIENTED_EDGE('',*,*,#2113,.T.);
#597=ORIENTED_EDGE('',*,*,#2115,.T.);
#598=ORIENTED_EDGE('',*,*,#2117,.T.);
#599=ORIENTED_EDGE('',*,*,#2119,.T.);
#600=ORIENTED_EDGE('',*,*,#2120,.T.);
#601=ORIENTED_EDGE('',*,*,#2121,.T.);
#602=ORIENTED_EDGE('',*,*,#2122,.T.);
#603=ORIENTED_EDGE('',*,*,#2123,.F.);
#604=ORIENTED_EDGE('',*,*,#2124,.F.);
#605=ORIENTED_EDGE('',*,*,#2125,.F.);
#606=ORIENTED_EDGE('',*,*,#2126,.T.);
#607=ORIENTED_EDGE('',*,*,#2127,.T.);
#608=ORIENTED_EDGE('',*,*,#2121,.F.);
#609=ORIENTED_EDGE('',*,*,#2128,.F.);
#610=ORIENTED_EDGE('',*,*,#2129,.T.);
#611=ORIENTED_EDGE('',*,*,#2130,.F.);
#612=ORIENTED_EDGE('',*,*,#2131,.F.);
#613=ORIENTED_EDGE('',*,*,#2132,.T.);
#614=ORIENTED_EDGE('',*,*,#2133,.F.);
#615=ORIENTED_EDGE('',*,*,#2134,.F.);
#616=ORIENTED_EDGE('',*,*,#2135,.T.);
#617=ORIENTED_EDGE('',*,*,#2136,.F.);
#618=ORIENTED_EDGE('',*,*,#2137,.F.);
#619=ORIENTED_EDGE('',*,*,#2138,.T.);
#620=ORIENTED_EDGE('',*,*,#2139,.T.);
#621=ORIENTED_EDGE('',*,*,#2140,.T.);
#622=ORIENTED_EDGE('',*,*,#2141,.T.);
#623=ORIENTED_EDGE('',*,*,#2142,.T.);
#624=ORIENTED_EDGE('',*,*,#2143,.T.);
#625=ORIENTED_EDGE('',*,*,#2144,.T.);
#626=ORIENTED_EDGE('',*,*,#2145,.T.);
#627=ORIENTED_EDGE('',*,*,#2146,.T.);
#628=ORIENTED_EDGE('',*,*,#2147,.T.);
#629=ORIENTED_EDGE('',*,*,#2148,.T.);
#630=ORIENTED_EDGE('',*,*,#2149,.T.);
#631=ORIENTED_EDGE('',*,*,#2150,.F.);
#632=ORIENTED_EDGE('',*,*,#2151,.T.);
#633=ORIENTED_EDGE('',*,*,#2152,.T.);
#634=ORIENTED_EDGE('',*,*,#2153,.T.);
#635=ORIENTED_EDGE('',*,*,#2154,.T.);
#636=ORIENTED_EDGE('',*,*,#2123,.T.);
#637=ORIENTED_EDGE('',*,*,#2155,.F.);
#638=ORIENTED_EDGE('',*,*,#2156,.T.);
#639=ORIENTED_EDGE('',*,*,#2157,.T.);
#640=ORIENTED_EDGE('',*,*,#2158,.F.);
#641=ORIENTED_EDGE('',*,*,#2159,.T.);
#642=ORIENTED_EDGE('',*,*,#2160,.T.);
#643=ORIENTED_EDGE('',*,*,#2161,.F.);
#644=ORIENTED_EDGE('',*,*,#2162,.T.);
#645=ORIENTED_EDGE('',*,*,#2163,.T.);
#646=ORIENTED_EDGE('',*,*,#2164,.F.);
#647=ORIENTED_EDGE('',*,*,#2165,.T.);
#648=ORIENTED_EDGE('',*,*,#2166,.F.);
#649=ORIENTED_EDGE('',*,*,#2167,.F.);
#650=ORIENTED_EDGE('',*,*,#2168,.F.);
#651=ORIENTED_EDGE('',*,*,#2169,.F.);
#652=ORIENTED_EDGE('',*,*,#2170,.F.);
#653=ORIENTED_EDGE('',*,*,#2171,.F.);
#654=ORIENTED_EDGE('',*,*,#2172,.F.);
#655=ORIENTED_EDGE('',*,*,#2173,.F.);
#656=ORIENTED_EDGE('',*,*,#2174,.F.);
#657=ORIENTED_EDGE('',*,*,#2175,.F.);
#658=ORIENTED_EDGE('',*,*,#2176,.F.);
#659=ORIENTED_EDGE('',*,*,#2177,.F.);
#660=ORIENTED_EDGE('',*,*,#2178,.T.);
#661=ORIENTED_EDGE('',*,*,#2179,.F.);
#662=ORIENTED_EDGE('',*,*,#2180,.F.);
#663=ORIENTED_EDGE('',*,*,#2181,.F.);
#664=ORIENTED_EDGE('',*,*,#2182,.F.);
#665=ORIENTED_EDGE('',*,*,#2125,.T.);
#666=ORIENTED_EDGE('',*,*,#2178,.F.);
#667=ORIENTED_EDGE('',*,*,#2183,.T.);
#668=ORIENTED_EDGE('',*,*,#2184,.F.);
#669=ORIENTED_EDGE('',*,*,#2183,.F.);
#670=ORIENTED_EDGE('',*,*,#2150,.T.);
#671=ORIENTED_EDGE('',*,*,#2184,.T.);
#672=ORIENTED_EDGE('',*,*,#2126,.F.);
#673=ORIENTED_EDGE('',*,*,#2165,.F.);
#674=ORIENTED_EDGE('',*,*,#2185,.F.);
#675=ORIENTED_EDGE('',*,*,#2128,.T.);
#676=ORIENTED_EDGE('',*,*,#2124,.T.);
#677=ORIENTED_EDGE('',*,*,#2154,.F.);
#678=ORIENTED_EDGE('',*,*,#2182,.T.);
#679=ORIENTED_EDGE('',*,*,#2153,.F.);
#680=ORIENTED_EDGE('',*,*,#2181,.T.);
#681=ORIENTED_EDGE('',*,*,#2152,.F.);
#682=ORIENTED_EDGE('',*,*,#2180,.T.);
#683=ORIENTED_EDGE('',*,*,#2151,.F.);
#684=ORIENTED_EDGE('',*,*,#2179,.T.);
#685=ORIENTED_EDGE('',*,*,#2164,.T.);
#686=ORIENTED_EDGE('',*,*,#2186,.T.);
#687=ORIENTED_EDGE('',*,*,#2129,.F.);
#688=ORIENTED_EDGE('',*,*,#2185,.T.);
#689=ORIENTED_EDGE('',*,*,#2186,.F.);
#690=ORIENTED_EDGE('',*,*,#2163,.F.);
#691=ORIENTED_EDGE('',*,*,#2187,.F.);
#692=ORIENTED_EDGE('',*,*,#2130,.T.);
#693=ORIENTED_EDGE('',*,*,#2136,.T.);
#694=ORIENTED_EDGE('',*,*,#2188,.T.);
#695=ORIENTED_EDGE('',*,*,#2157,.F.);
#696=ORIENTED_EDGE('',*,*,#2189,.F.);
#697=ORIENTED_EDGE('',*,*,#2156,.F.);
#698=ORIENTED_EDGE('',*,*,#2190,.F.);
#699=ORIENTED_EDGE('',*,*,#2137,.T.);
#700=ORIENTED_EDGE('',*,*,#2189,.T.);
#701=ORIENTED_EDGE('',*,*,#2138,.F.);
#702=ORIENTED_EDGE('',*,*,#2174,.T.);
#703=ORIENTED_EDGE('',*,*,#2139,.F.);
#704=ORIENTED_EDGE('',*,*,#2175,.T.);
#705=ORIENTED_EDGE('',*,*,#2140,.F.);
#706=ORIENTED_EDGE('',*,*,#2176,.T.);
#707=ORIENTED_EDGE('',*,*,#2141,.F.);
#708=ORIENTED_EDGE('',*,*,#2177,.T.);
#709=ORIENTED_EDGE('',*,*,#2122,.F.);
#710=ORIENTED_EDGE('',*,*,#2127,.F.);
#711=ORIENTED_EDGE('',*,*,#2190,.T.);
#712=ORIENTED_EDGE('',*,*,#2155,.T.);
#713=ORIENTED_EDGE('',*,*,#2133,.T.);
#714=ORIENTED_EDGE('',*,*,#2191,.T.);
#715=ORIENTED_EDGE('',*,*,#2160,.F.);
#716=ORIENTED_EDGE('',*,*,#2192,.F.);
#717=ORIENTED_EDGE('',*,*,#2159,.F.);
#718=ORIENTED_EDGE('',*,*,#2193,.F.);
#719=ORIENTED_EDGE('',*,*,#2134,.T.);
#720=ORIENTED_EDGE('',*,*,#2192,.T.);
#721=ORIENTED_EDGE('',*,*,#2142,.F.);
#722=ORIENTED_EDGE('',*,*,#2170,.T.);
#723=ORIENTED_EDGE('',*,*,#2143,.F.);
#724=ORIENTED_EDGE('',*,*,#2171,.T.);
#725=ORIENTED_EDGE('',*,*,#2144,.F.);
#726=ORIENTED_EDGE('',*,*,#2172,.T.);
#727=ORIENTED_EDGE('',*,*,#2145,.F.);
#728=ORIENTED_EDGE('',*,*,#2173,.T.);
#729=ORIENTED_EDGE('',*,*,#2188,.F.);
#730=ORIENTED_EDGE('',*,*,#2135,.F.);
#731=ORIENTED_EDGE('',*,*,#2193,.T.);
#732=ORIENTED_EDGE('',*,*,#2158,.T.);
#733=ORIENTED_EDGE('',*,*,#2162,.F.);
#734=ORIENTED_EDGE('',*,*,#2194,.F.);
#735=ORIENTED_EDGE('',*,*,#2131,.T.);
#736=ORIENTED_EDGE('',*,*,#2187,.T.);
#737=ORIENTED_EDGE('',*,*,#2149,.F.);
#738=ORIENTED_EDGE('',*,*,#2166,.T.);
#739=ORIENTED_EDGE('',*,*,#2148,.F.);
#740=ORIENTED_EDGE('',*,*,#2167,.T.);
#741=ORIENTED_EDGE('',*,*,#2147,.F.);
#742=ORIENTED_EDGE('',*,*,#2168,.T.);
#743=ORIENTED_EDGE('',*,*,#2146,.F.);
#744=ORIENTED_EDGE('',*,*,#2169,.T.);
#745=ORIENTED_EDGE('',*,*,#2191,.F.);
#746=ORIENTED_EDGE('',*,*,#2132,.F.);
#747=ORIENTED_EDGE('',*,*,#2194,.T.);
#748=ORIENTED_EDGE('',*,*,#2161,.T.);
#749=ORIENTED_EDGE('',*,*,#2195,.T.);
#750=ORIENTED_EDGE('',*,*,#2196,.T.);
#751=ORIENTED_EDGE('',*,*,#2197,.T.);
#752=ORIENTED_EDGE('',*,*,#2198,.T.);
#753=ORIENTED_EDGE('',*,*,#2199,.F.);
#754=ORIENTED_EDGE('',*,*,#2200,.F.);
#755=ORIENTED_EDGE('',*,*,#2201,.F.);
#756=ORIENTED_EDGE('',*,*,#2202,.F.);
#757=ORIENTED_EDGE('',*,*,#2203,.T.);
#758=ORIENTED_EDGE('',*,*,#2204,.T.);
#759=ORIENTED_EDGE('',*,*,#2205,.T.);
#760=ORIENTED_EDGE('',*,*,#2206,.T.);
#761=ORIENTED_EDGE('',*,*,#2207,.F.);
#762=ORIENTED_EDGE('',*,*,#2208,.F.);
#763=ORIENTED_EDGE('',*,*,#2209,.F.);
#764=ORIENTED_EDGE('',*,*,#2210,.F.);
#765=ORIENTED_EDGE('',*,*,#2211,.T.);
#766=ORIENTED_EDGE('',*,*,#2212,.F.);
#767=ORIENTED_EDGE('',*,*,#2213,.F.);
#768=ORIENTED_EDGE('',*,*,#2203,.F.);
#769=ORIENTED_EDGE('',*,*,#2213,.T.);
#770=ORIENTED_EDGE('',*,*,#2214,.F.);
#771=ORIENTED_EDGE('',*,*,#2215,.T.);
#772=ORIENTED_EDGE('',*,*,#2201,.T.);
#773=ORIENTED_EDGE('',*,*,#2216,.F.);
#774=ORIENTED_EDGE('',*,*,#2217,.F.);
#775=ORIENTED_EDGE('',*,*,#2218,.F.);
#776=ORIENTED_EDGE('',*,*,#2204,.F.);
#777=ORIENTED_EDGE('',*,*,#2218,.T.);
#778=ORIENTED_EDGE('',*,*,#2219,.F.);
#779=ORIENTED_EDGE('',*,*,#2220,.F.);
#780=ORIENTED_EDGE('',*,*,#2205,.F.);
#781=ORIENTED_EDGE('',*,*,#2220,.T.);
#782=ORIENTED_EDGE('',*,*,#2221,.F.);
#783=ORIENTED_EDGE('',*,*,#2222,.T.);
#784=ORIENTED_EDGE('',*,*,#2199,.T.);
#785=ORIENTED_EDGE('',*,*,#2223,.F.);
#786=ORIENTED_EDGE('',*,*,#2224,.F.);
#787=ORIENTED_EDGE('',*,*,#2211,.F.);
#788=ORIENTED_EDGE('',*,*,#2206,.F.);
#789=ORIENTED_EDGE('',*,*,#2196,.F.);
#790=ORIENTED_EDGE('',*,*,#2225,.F.);
#791=ORIENTED_EDGE('',*,*,#2207,.T.);
#792=ORIENTED_EDGE('',*,*,#2226,.T.);
#793=ORIENTED_EDGE('',*,*,#2197,.F.);
#794=ORIENTED_EDGE('',*,*,#2226,.F.);
#795=ORIENTED_EDGE('',*,*,#2210,.T.);
#796=ORIENTED_EDGE('',*,*,#2227,.T.);
#797=ORIENTED_EDGE('',*,*,#2198,.F.);
#798=ORIENTED_EDGE('',*,*,#2227,.F.);
#799=ORIENTED_EDGE('',*,*,#2209,.T.);
#800=ORIENTED_EDGE('',*,*,#2228,.T.);
#801=ORIENTED_EDGE('',*,*,#2195,.F.);
#802=ORIENTED_EDGE('',*,*,#2228,.F.);
#803=ORIENTED_EDGE('',*,*,#2208,.T.);
#804=ORIENTED_EDGE('',*,*,#2225,.T.);
#805=ORIENTED_EDGE('',*,*,#2202,.T.);
#806=ORIENTED_EDGE('',*,*,#2215,.F.);
#807=ORIENTED_EDGE('',*,*,#2229,.F.);
#808=ORIENTED_EDGE('',*,*,#2223,.T.);
#809=ORIENTED_EDGE('',*,*,#2212,.T.);
#810=ORIENTED_EDGE('',*,*,#2224,.T.);
#811=ORIENTED_EDGE('',*,*,#2229,.T.);
#812=ORIENTED_EDGE('',*,*,#2214,.T.);
#813=ORIENTED_EDGE('',*,*,#2200,.T.);
#814=ORIENTED_EDGE('',*,*,#2222,.F.);
#815=ORIENTED_EDGE('',*,*,#2230,.F.);
#816=ORIENTED_EDGE('',*,*,#2216,.T.);
#817=ORIENTED_EDGE('',*,*,#2219,.T.);
#818=ORIENTED_EDGE('',*,*,#2217,.T.);
#819=ORIENTED_EDGE('',*,*,#2230,.T.);
#820=ORIENTED_EDGE('',*,*,#2221,.T.);
#821=ORIENTED_EDGE('',*,*,#2231,.F.);
#822=ORIENTED_EDGE('',*,*,#2232,.T.);
#823=ORIENTED_EDGE('',*,*,#2233,.T.);
#824=ORIENTED_EDGE('',*,*,#2234,.T.);
#825=ORIENTED_EDGE('',*,*,#2235,.F.);
#826=ORIENTED_EDGE('',*,*,#2236,.F.);
#827=ORIENTED_EDGE('',*,*,#2237,.T.);
#828=ORIENTED_EDGE('',*,*,#2238,.F.);
#829=ORIENTED_EDGE('',*,*,#2239,.T.);
#830=ORIENTED_EDGE('',*,*,#2240,.F.);
#831=ORIENTED_EDGE('',*,*,#2241,.F.);
#832=ORIENTED_EDGE('',*,*,#2242,.F.);
#833=ORIENTED_EDGE('',*,*,#2243,.F.);
#834=ORIENTED_EDGE('',*,*,#2244,.T.);
#835=ORIENTED_EDGE('',*,*,#2245,.F.);
#836=ORIENTED_EDGE('',*,*,#2240,.T.);
#837=ORIENTED_EDGE('',*,*,#2246,.F.);
#838=ORIENTED_EDGE('',*,*,#2247,.F.);
#839=ORIENTED_EDGE('',*,*,#2248,.T.);
#840=ORIENTED_EDGE('',*,*,#2243,.T.);
#841=ORIENTED_EDGE('',*,*,#2249,.F.);
#842=ORIENTED_EDGE('',*,*,#2250,.F.);
#843=ORIENTED_EDGE('',*,*,#2251,.T.);
#844=ORIENTED_EDGE('',*,*,#2239,.F.);
#845=ORIENTED_EDGE('',*,*,#2252,.F.);
#846=ORIENTED_EDGE('',*,*,#2253,.F.);
#847=ORIENTED_EDGE('',*,*,#2246,.T.);
#848=ORIENTED_EDGE('',*,*,#2254,.F.);
#849=ORIENTED_EDGE('',*,*,#2255,.F.);
#850=ORIENTED_EDGE('',*,*,#2256,.F.);
#851=ORIENTED_EDGE('',*,*,#2257,.F.);
#852=ORIENTED_EDGE('',*,*,#2232,.F.);
#853=ORIENTED_EDGE('',*,*,#2258,.F.);
#854=ORIENTED_EDGE('',*,*,#2259,.F.);
#855=ORIENTED_EDGE('',*,*,#2260,.F.);
#856=ORIENTED_EDGE('',*,*,#2261,.F.);
#857=ORIENTED_EDGE('',*,*,#2249,.T.);
#858=ORIENTED_EDGE('',*,*,#2242,.T.);
#859=ORIENTED_EDGE('',*,*,#2262,.F.);
#860=ORIENTED_EDGE('',*,*,#2241,.T.);
#861=ORIENTED_EDGE('',*,*,#2248,.F.);
#862=ORIENTED_EDGE('',*,*,#2263,.F.);
#863=ORIENTED_EDGE('',*,*,#2264,.T.);
#864=ORIENTED_EDGE('',*,*,#2237,.F.);
#865=ORIENTED_EDGE('',*,*,#2265,.F.);
#866=ORIENTED_EDGE('',*,*,#2233,.F.);
#867=ORIENTED_EDGE('',*,*,#2262,.T.);
#868=ORIENTED_EDGE('',*,*,#2235,.T.);
#869=ORIENTED_EDGE('',*,*,#2244,.F.);
#870=ORIENTED_EDGE('',*,*,#2266,.T.);
#871=ORIENTED_EDGE('',*,*,#2238,.T.);
#872=ORIENTED_EDGE('',*,*,#2264,.F.);
#873=ORIENTED_EDGE('',*,*,#2267,.F.);
#874=ORIENTED_EDGE('',*,*,#2252,.T.);
#875=ORIENTED_EDGE('',*,*,#2247,.T.);
#876=ORIENTED_EDGE('',*,*,#2253,.T.);
#877=ORIENTED_EDGE('',*,*,#2267,.T.);
#878=ORIENTED_EDGE('',*,*,#2263,.T.);
#879=ORIENTED_EDGE('',*,*,#2268,.T.);
#880=ORIENTED_EDGE('',*,*,#2269,.T.);
#881=ORIENTED_EDGE('',*,*,#2270,.T.);
#882=ORIENTED_EDGE('',*,*,#2271,.T.);
#883=ORIENTED_EDGE('',*,*,#2272,.T.);
#884=ORIENTED_EDGE('',*,*,#2273,.T.);
#885=ORIENTED_EDGE('',*,*,#2234,.F.);
#886=ORIENTED_EDGE('',*,*,#2265,.T.);
#887=ORIENTED_EDGE('',*,*,#2236,.T.);
#888=ORIENTED_EDGE('',*,*,#2251,.F.);
#889=ORIENTED_EDGE('',*,*,#2274,.F.);
#890=ORIENTED_EDGE('',*,*,#2275,.T.);
#891=ORIENTED_EDGE('',*,*,#2276,.F.);
#892=ORIENTED_EDGE('',*,*,#2274,.T.);
#893=ORIENTED_EDGE('',*,*,#2250,.T.);
#894=ORIENTED_EDGE('',*,*,#2261,.T.);
#895=ORIENTED_EDGE('',*,*,#2277,.T.);
#896=ORIENTED_EDGE('',*,*,#2259,.T.);
#897=ORIENTED_EDGE('',*,*,#2278,.F.);
#898=ORIENTED_EDGE('',*,*,#2272,.F.);
#899=ORIENTED_EDGE('',*,*,#2278,.T.);
#900=ORIENTED_EDGE('',*,*,#2258,.T.);
#901=ORIENTED_EDGE('',*,*,#2231,.T.);
#902=ORIENTED_EDGE('',*,*,#2273,.F.);
#903=ORIENTED_EDGE('',*,*,#2276,.T.);
#904=ORIENTED_EDGE('',*,*,#2260,.T.);
#905=ORIENTED_EDGE('',*,*,#2277,.F.);
#906=ORIENTED_EDGE('',*,*,#2275,.F.);
#907=ORIENTED_EDGE('',*,*,#2279,.T.);
#908=ORIENTED_EDGE('',*,*,#2255,.T.);
#909=ORIENTED_EDGE('',*,*,#2280,.F.);
#910=ORIENTED_EDGE('',*,*,#2269,.F.);
#911=ORIENTED_EDGE('',*,*,#2281,.T.);
#912=ORIENTED_EDGE('',*,*,#2256,.T.);
#913=ORIENTED_EDGE('',*,*,#2279,.F.);
#914=ORIENTED_EDGE('',*,*,#2268,.F.);
#915=ORIENTED_EDGE('',*,*,#2282,.T.);
#916=ORIENTED_EDGE('',*,*,#2257,.T.);
#917=ORIENTED_EDGE('',*,*,#2281,.F.);
#918=ORIENTED_EDGE('',*,*,#2271,.F.);
#919=ORIENTED_EDGE('',*,*,#2280,.T.);
#920=ORIENTED_EDGE('',*,*,#2254,.T.);
#921=ORIENTED_EDGE('',*,*,#2282,.F.);
#922=ORIENTED_EDGE('',*,*,#2270,.F.);
#923=ORIENTED_EDGE('',*,*,#2245,.T.);
#924=ORIENTED_EDGE('',*,*,#2266,.F.);
#925=ORIENTED_EDGE('',*,*,#2283,.T.);
#926=ORIENTED_EDGE('',*,*,#2284,.T.);
#927=ORIENTED_EDGE('',*,*,#2285,.F.);
#928=ORIENTED_EDGE('',*,*,#2286,.F.);
#929=ORIENTED_EDGE('',*,*,#2287,.F.);
#930=ORIENTED_EDGE('',*,*,#2288,.T.);
#931=ORIENTED_EDGE('',*,*,#2289,.F.);
#932=ORIENTED_EDGE('',*,*,#2290,.T.);
#933=ORIENTED_EDGE('',*,*,#2291,.F.);
#934=ORIENTED_EDGE('',*,*,#2292,.F.);
#935=ORIENTED_EDGE('',*,*,#2293,.T.);
#936=ORIENTED_EDGE('',*,*,#2286,.T.);
#937=ORIENTED_EDGE('',*,*,#2294,.F.);
#938=ORIENTED_EDGE('',*,*,#2295,.F.);
#939=ORIENTED_EDGE('',*,*,#2296,.T.);
#940=ORIENTED_EDGE('',*,*,#2297,.T.);
#941=ORIENTED_EDGE('',*,*,#2298,.T.);
#942=ORIENTED_EDGE('',*,*,#2299,.T.);
#943=ORIENTED_EDGE('',*,*,#2300,.T.);
#944=ORIENTED_EDGE('',*,*,#2301,.T.);
#945=ORIENTED_EDGE('',*,*,#2302,.T.);
#946=ORIENTED_EDGE('',*,*,#2303,.T.);
#947=ORIENTED_EDGE('',*,*,#2304,.T.);
#948=ORIENTED_EDGE('',*,*,#2305,.F.);
#949=ORIENTED_EDGE('',*,*,#2306,.F.);
#950=ORIENTED_EDGE('',*,*,#2307,.T.);
#951=ORIENTED_EDGE('',*,*,#2308,.T.);
#952=ORIENTED_EDGE('',*,*,#2284,.F.);
#953=ORIENTED_EDGE('',*,*,#2309,.F.);
#954=ORIENTED_EDGE('',*,*,#2310,.T.);
#955=ORIENTED_EDGE('',*,*,#2311,.T.);
#956=ORIENTED_EDGE('',*,*,#2312,.T.);
#957=ORIENTED_EDGE('',*,*,#2313,.F.);
#958=ORIENTED_EDGE('',*,*,#2314,.F.);
#959=ORIENTED_EDGE('',*,*,#2315,.F.);
#960=ORIENTED_EDGE('',*,*,#2316,.F.);
#961=ORIENTED_EDGE('',*,*,#2317,.F.);
#962=ORIENTED_EDGE('',*,*,#2318,.F.);
#963=ORIENTED_EDGE('',*,*,#2319,.F.);
#964=ORIENTED_EDGE('',*,*,#2320,.F.);
#965=ORIENTED_EDGE('',*,*,#2305,.T.);
#966=ORIENTED_EDGE('',*,*,#2321,.F.);
#967=ORIENTED_EDGE('',*,*,#2290,.F.);
#968=ORIENTED_EDGE('',*,*,#2322,.T.);
#969=ORIENTED_EDGE('',*,*,#2287,.T.);
#970=ORIENTED_EDGE('',*,*,#2312,.F.);
#971=ORIENTED_EDGE('',*,*,#2323,.T.);
#972=ORIENTED_EDGE('',*,*,#2324,.F.);
#973=ORIENTED_EDGE('',*,*,#2323,.F.);
#974=ORIENTED_EDGE('',*,*,#2289,.T.);
#975=ORIENTED_EDGE('',*,*,#2324,.T.);
#976=ORIENTED_EDGE('',*,*,#2288,.F.);
#977=ORIENTED_EDGE('',*,*,#2308,.F.);
#978=ORIENTED_EDGE('',*,*,#2325,.F.);
#979=ORIENTED_EDGE('',*,*,#2294,.T.);
#980=ORIENTED_EDGE('',*,*,#2285,.T.);
#981=ORIENTED_EDGE('',*,*,#2307,.F.);
#982=ORIENTED_EDGE('',*,*,#2326,.F.);
#983=ORIENTED_EDGE('',*,*,#2295,.T.);
#984=ORIENTED_EDGE('',*,*,#2325,.T.);
#985=ORIENTED_EDGE('',*,*,#2300,.F.);
#986=ORIENTED_EDGE('',*,*,#2316,.T.);
#987=ORIENTED_EDGE('',*,*,#2299,.F.);
#988=ORIENTED_EDGE('',*,*,#2315,.T.);
#989=ORIENTED_EDGE('',*,*,#2298,.F.);
#990=ORIENTED_EDGE('',*,*,#2314,.T.);
#991=ORIENTED_EDGE('',*,*,#2297,.F.);
#992=ORIENTED_EDGE('',*,*,#2313,.T.);
#993=ORIENTED_EDGE('',*,*,#2306,.T.);
#994=ORIENTED_EDGE('',*,*,#2322,.F.);
#995=ORIENTED_EDGE('',*,*,#2296,.F.);
#996=ORIENTED_EDGE('',*,*,#2326,.T.);
#997=ORIENTED_EDGE('',*,*,#2311,.F.);
#998=ORIENTED_EDGE('',*,*,#2327,.F.);
#999=ORIENTED_EDGE('',*,*,#2291,.T.);
#1000=ORIENTED_EDGE('',*,*,#2321,.T.);
#1001=ORIENTED_EDGE('',*,*,#2310,.F.);
#1002=ORIENTED_EDGE('',*,*,#2328,.F.);
#1003=ORIENTED_EDGE('',*,*,#2292,.T.);
#1004=ORIENTED_EDGE('',*,*,#2327,.T.);
#1005=ORIENTED_EDGE('',*,*,#2304,.F.);
#1006=ORIENTED_EDGE('',*,*,#2320,.T.);
#1007=ORIENTED_EDGE('',*,*,#2303,.F.);
#1008=ORIENTED_EDGE('',*,*,#2319,.T.);
#1009=ORIENTED_EDGE('',*,*,#2302,.F.);
#1010=ORIENTED_EDGE('',*,*,#2318,.T.);
#1011=ORIENTED_EDGE('',*,*,#2301,.F.);
#1012=ORIENTED_EDGE('',*,*,#2317,.T.);
#1013=ORIENTED_EDGE('',*,*,#2309,.T.);
#1014=ORIENTED_EDGE('',*,*,#2283,.F.);
#1015=ORIENTED_EDGE('',*,*,#2293,.F.);
#1016=ORIENTED_EDGE('',*,*,#2328,.T.);
#1017=ORIENTED_EDGE('',*,*,#2329,.F.);
#1018=ORIENTED_EDGE('',*,*,#2330,.T.);
#1019=ORIENTED_EDGE('',*,*,#2329,.T.);
#1020=ORIENTED_EDGE('',*,*,#2330,.F.);
#1021=ORIENTED_EDGE('',*,*,#2331,.T.);
#1022=ORIENTED_EDGE('',*,*,#2332,.T.);
#1023=ORIENTED_EDGE('',*,*,#2333,.T.);
#1024=ORIENTED_EDGE('',*,*,#2334,.T.);
#1025=ORIENTED_EDGE('',*,*,#2335,.T.);
#1026=ORIENTED_EDGE('',*,*,#2336,.T.);
#1027=ORIENTED_EDGE('',*,*,#2337,.T.);
#1028=ORIENTED_EDGE('',*,*,#2338,.T.);
#1029=ORIENTED_EDGE('',*,*,#2339,.T.);
#1030=ORIENTED_EDGE('',*,*,#2340,.T.);
#1031=ORIENTED_EDGE('',*,*,#2341,.T.);
#1032=ORIENTED_EDGE('',*,*,#2342,.T.);
#1033=ORIENTED_EDGE('',*,*,#2343,.T.);
#1034=ORIENTED_EDGE('',*,*,#2344,.T.);
#1035=ORIENTED_EDGE('',*,*,#2345,.T.);
#1036=ORIENTED_EDGE('',*,*,#2346,.T.);
#1037=ORIENTED_EDGE('',*,*,#2347,.T.);
#1038=ORIENTED_EDGE('',*,*,#2348,.T.);
#1039=ORIENTED_EDGE('',*,*,#2349,.T.);
#1040=ORIENTED_EDGE('',*,*,#2350,.T.);
#1041=ORIENTED_EDGE('',*,*,#2351,.T.);
#1042=ORIENTED_EDGE('',*,*,#2352,.T.);
#1043=ORIENTED_EDGE('',*,*,#2353,.T.);
#1044=ORIENTED_EDGE('',*,*,#2354,.T.);
#1045=ORIENTED_EDGE('',*,*,#2355,.T.);
#1046=ORIENTED_EDGE('',*,*,#2356,.T.);
#1047=ORIENTED_EDGE('',*,*,#2357,.T.);
#1048=ORIENTED_EDGE('',*,*,#2358,.T.);
#1049=ORIENTED_EDGE('',*,*,#2359,.T.);
#1050=ORIENTED_EDGE('',*,*,#2360,.T.);
#1051=ORIENTED_EDGE('',*,*,#2361,.T.);
#1052=ORIENTED_EDGE('',*,*,#2362,.T.);
#1053=ORIENTED_EDGE('',*,*,#2363,.T.);
#1054=ORIENTED_EDGE('',*,*,#2364,.T.);
#1055=ORIENTED_EDGE('',*,*,#2365,.T.);
#1056=ORIENTED_EDGE('',*,*,#2366,.T.);
#1057=ORIENTED_EDGE('',*,*,#2367,.T.);
#1058=ORIENTED_EDGE('',*,*,#2368,.T.);
#1059=ORIENTED_EDGE('',*,*,#2369,.T.);
#1060=ORIENTED_EDGE('',*,*,#2370,.T.);
#1061=ORIENTED_EDGE('',*,*,#2371,.T.);
#1062=ORIENTED_EDGE('',*,*,#2372,.T.);
#1063=ORIENTED_EDGE('',*,*,#2373,.T.);
#1064=ORIENTED_EDGE('',*,*,#2374,.T.);
#1065=ORIENTED_EDGE('',*,*,#2375,.T.);
#1066=ORIENTED_EDGE('',*,*,#2376,.T.);
#1067=ORIENTED_EDGE('',*,*,#2377,.T.);
#1068=ORIENTED_EDGE('',*,*,#2378,.T.);
#1069=ORIENTED_EDGE('',*,*,#2379,.T.);
#1070=ORIENTED_EDGE('',*,*,#2380,.T.);
#1071=ORIENTED_EDGE('',*,*,#2381,.T.);
#1072=ORIENTED_EDGE('',*,*,#2382,.T.);
#1073=ORIENTED_EDGE('',*,*,#2383,.T.);
#1074=ORIENTED_EDGE('',*,*,#2384,.T.);
#1075=ORIENTED_EDGE('',*,*,#2385,.T.);
#1076=ORIENTED_EDGE('',*,*,#2386,.T.);
#1077=ORIENTED_EDGE('',*,*,#2387,.T.);
#1078=ORIENTED_EDGE('',*,*,#2388,.T.);
#1079=ORIENTED_EDGE('',*,*,#2389,.T.);
#1080=ORIENTED_EDGE('',*,*,#2390,.T.);
#1081=ORIENTED_EDGE('',*,*,#2391,.T.);
#1082=ORIENTED_EDGE('',*,*,#2392,.T.);
#1083=ORIENTED_EDGE('',*,*,#2393,.T.);
#1084=ORIENTED_EDGE('',*,*,#2394,.T.);
#1085=ORIENTED_EDGE('',*,*,#2395,.T.);
#1086=ORIENTED_EDGE('',*,*,#2396,.T.);
#1087=ORIENTED_EDGE('',*,*,#2397,.T.);
#1088=ORIENTED_EDGE('',*,*,#2398,.F.);
#1089=ORIENTED_EDGE('',*,*,#2399,.F.);
#1090=ORIENTED_EDGE('',*,*,#2400,.F.);
#1091=ORIENTED_EDGE('',*,*,#2401,.T.);
#1092=ORIENTED_EDGE('',*,*,#2402,.T.);
#1093=ORIENTED_EDGE('',*,*,#2403,.T.);
#1094=ORIENTED_EDGE('',*,*,#2404,.F.);
#1095=ORIENTED_EDGE('',*,*,#2405,.T.);
#1096=ORIENTED_EDGE('',*,*,#2406,.F.);
#1097=ORIENTED_EDGE('',*,*,#2407,.T.);
#1098=ORIENTED_EDGE('',*,*,#2408,.F.);
#1099=ORIENTED_EDGE('',*,*,#2409,.F.);
#1100=ORIENTED_EDGE('',*,*,#2410,.T.);
#1101=ORIENTED_EDGE('',*,*,#2411,.F.);
#1102=ORIENTED_EDGE('',*,*,#2412,.F.);
#1103=ORIENTED_EDGE('',*,*,#2413,.F.);
#1104=ORIENTED_EDGE('',*,*,#2414,.F.);
#1105=ORIENTED_EDGE('',*,*,#2415,.T.);
#1106=ORIENTED_EDGE('',*,*,#2416,.F.);
#1107=ORIENTED_EDGE('',*,*,#2406,.T.);
#1108=ORIENTED_EDGE('',*,*,#2417,.T.);
#1109=ORIENTED_EDGE('',*,*,#2418,.F.);
#1110=ORIENTED_EDGE('',*,*,#2419,.T.);
#1111=ORIENTED_EDGE('',*,*,#2420,.F.);
#1112=ORIENTED_EDGE('',*,*,#2421,.F.);
#1113=ORIENTED_EDGE('',*,*,#2422,.T.);
#1114=ORIENTED_EDGE('',*,*,#2423,.T.);
#1115=ORIENTED_EDGE('',*,*,#2424,.T.);
#1116=ORIENTED_EDGE('',*,*,#2425,.T.);
#1117=ORIENTED_EDGE('',*,*,#2426,.T.);
#1118=ORIENTED_EDGE('',*,*,#2427,.T.);
#1119=ORIENTED_EDGE('',*,*,#2428,.F.);
#1120=ORIENTED_EDGE('',*,*,#2429,.T.);
#1121=ORIENTED_EDGE('',*,*,#2430,.T.);
#1122=ORIENTED_EDGE('',*,*,#2431,.T.);
#1123=ORIENTED_EDGE('',*,*,#2432,.T.);
#1124=ORIENTED_EDGE('',*,*,#2433,.T.);
#1125=ORIENTED_EDGE('',*,*,#2434,.T.);
#1126=ORIENTED_EDGE('',*,*,#2435,.T.);
#1127=ORIENTED_EDGE('',*,*,#2436,.F.);
#1128=ORIENTED_EDGE('',*,*,#2437,.F.);
#1129=ORIENTED_EDGE('',*,*,#2438,.F.);
#1130=ORIENTED_EDGE('',*,*,#2439,.F.);
#1131=ORIENTED_EDGE('',*,*,#2440,.T.);
#1132=ORIENTED_EDGE('',*,*,#2441,.T.);
#1133=ORIENTED_EDGE('',*,*,#2442,.F.);
#1134=ORIENTED_EDGE('',*,*,#2443,.T.);
#1135=ORIENTED_EDGE('',*,*,#2444,.T.);
#1136=ORIENTED_EDGE('',*,*,#2445,.T.);
#1137=ORIENTED_EDGE('',*,*,#2446,.F.);
#1138=ORIENTED_EDGE('',*,*,#2447,.T.);
#1139=ORIENTED_EDGE('',*,*,#2448,.F.);
#1140=ORIENTED_EDGE('',*,*,#2449,.T.);
#1141=ORIENTED_EDGE('',*,*,#2450,.T.);
#1142=ORIENTED_EDGE('',*,*,#2451,.T.);
#1143=ORIENTED_EDGE('',*,*,#2452,.T.);
#1144=ORIENTED_EDGE('',*,*,#2453,.T.);
#1145=ORIENTED_EDGE('',*,*,#2454,.F.);
#1146=ORIENTED_EDGE('',*,*,#2455,.T.);
#1147=ORIENTED_EDGE('',*,*,#2456,.F.);
#1148=ORIENTED_EDGE('',*,*,#2457,.T.);
#1149=ORIENTED_EDGE('',*,*,#2458,.F.);
#1150=ORIENTED_EDGE('',*,*,#2459,.T.);
#1151=ORIENTED_EDGE('',*,*,#2460,.F.);
#1152=ORIENTED_EDGE('',*,*,#2461,.T.);
#1153=ORIENTED_EDGE('',*,*,#2462,.F.);
#1154=ORIENTED_EDGE('',*,*,#2463,.T.);
#1155=ORIENTED_EDGE('',*,*,#2464,.F.);
#1156=ORIENTED_EDGE('',*,*,#2465,.T.);
#1157=ORIENTED_EDGE('',*,*,#2466,.F.);
#1158=ORIENTED_EDGE('',*,*,#2467,.T.);
#1159=ORIENTED_EDGE('',*,*,#2468,.T.);
#1160=ORIENTED_EDGE('',*,*,#2409,.T.);
#1161=ORIENTED_EDGE('',*,*,#2408,.T.);
#1162=ORIENTED_EDGE('',*,*,#2469,.T.);
#1163=ORIENTED_EDGE('',*,*,#2470,.T.);
#1164=ORIENTED_EDGE('',*,*,#2471,.F.);
#1165=ORIENTED_EDGE('',*,*,#2472,.F.);
#1166=ORIENTED_EDGE('',*,*,#2473,.F.);
#1167=ORIENTED_EDGE('',*,*,#2474,.F.);
#1168=ORIENTED_EDGE('',*,*,#2475,.T.);
#1169=ORIENTED_EDGE('',*,*,#2476,.T.);
#1170=ORIENTED_EDGE('',*,*,#2477,.F.);
#1171=ORIENTED_EDGE('',*,*,#2478,.T.);
#1172=ORIENTED_EDGE('',*,*,#2479,.T.);
#1173=ORIENTED_EDGE('',*,*,#2480,.T.);
#1174=ORIENTED_EDGE('',*,*,#2454,.T.);
#1175=ORIENTED_EDGE('',*,*,#2466,.T.);
#1176=ORIENTED_EDGE('',*,*,#2481,.T.);
#1177=ORIENTED_EDGE('',*,*,#2482,.T.);
#1178=ORIENTED_EDGE('',*,*,#2483,.T.);
#1179=ORIENTED_EDGE('',*,*,#2460,.T.);
#1180=ORIENTED_EDGE('',*,*,#2474,.T.);
#1181=ORIENTED_EDGE('',*,*,#2484,.F.);
#1182=ORIENTED_EDGE('',*,*,#2485,.T.);
#1183=ORIENTED_EDGE('',*,*,#2486,.F.);
#1184=ORIENTED_EDGE('',*,*,#2471,.T.);
#1185=ORIENTED_EDGE('',*,*,#2448,.T.);
#1186=ORIENTED_EDGE('',*,*,#2487,.T.);
#1187=ORIENTED_EDGE('',*,*,#2488,.T.);
#1188=ORIENTED_EDGE('',*,*,#2489,.T.);
#1189=ORIENTED_EDGE('',*,*,#2449,.F.);
#1190=ORIENTED_EDGE('',*,*,#2470,.F.);
#1191=ORIENTED_EDGE('',*,*,#2490,.T.);
#1192=ORIENTED_EDGE('',*,*,#2491,.T.);
#1193=ORIENTED_EDGE('',*,*,#2492,.T.);
#1194=ORIENTED_EDGE('',*,*,#2493,.T.);
#1195=ORIENTED_EDGE('',*,*,#2494,.T.);
#1196=ORIENTED_EDGE('',*,*,#2495,.T.);
#1197=ORIENTED_EDGE('',*,*,#2496,.F.);
#1198=ORIENTED_EDGE('',*,*,#2399,.T.);
#1199=ORIENTED_EDGE('',*,*,#2497,.T.);
#1200=ORIENTED_EDGE('',*,*,#2451,.F.);
#1201=ORIENTED_EDGE('',*,*,#2498,.T.);
#1202=ORIENTED_EDGE('',*,*,#2453,.F.);
#1203=ORIENTED_EDGE('',*,*,#2499,.T.);
#1204=ORIENTED_EDGE('',*,*,#2500,.T.);
#1205=ORIENTED_EDGE('',*,*,#2501,.T.);
#1206=ORIENTED_EDGE('',*,*,#2502,.F.);
#1207=ORIENTED_EDGE('',*,*,#2503,.T.);
#1208=ORIENTED_EDGE('',*,*,#2467,.F.);
#1209=ORIENTED_EDGE('',*,*,#2504,.T.);
#1210=ORIENTED_EDGE('',*,*,#2505,.T.);
#1211=ORIENTED_EDGE('',*,*,#2506,.T.);
#1212=ORIENTED_EDGE('',*,*,#2507,.T.);
#1213=ORIENTED_EDGE('',*,*,#2508,.T.);
#1214=ORIENTED_EDGE('',*,*,#2509,.T.);
#1215=ORIENTED_EDGE('',*,*,#2510,.F.);
#1216=ORIENTED_EDGE('',*,*,#2511,.T.);
#1217=ORIENTED_EDGE('',*,*,#2512,.F.);
#1218=ORIENTED_EDGE('',*,*,#2436,.T.);
#1219=ORIENTED_EDGE('',*,*,#2513,.F.);
#1220=ORIENTED_EDGE('',*,*,#2514,.T.);
#1221=ORIENTED_EDGE('',*,*,#2515,.F.);
#1222=ORIENTED_EDGE('',*,*,#2516,.T.);
#1223=ORIENTED_EDGE('',*,*,#2442,.T.);
#1224=ORIENTED_EDGE('',*,*,#2517,.T.);
#1225=ORIENTED_EDGE('',*,*,#2518,.F.);
#1226=ORIENTED_EDGE('',*,*,#2519,.T.);
#1227=ORIENTED_EDGE('',*,*,#2444,.F.);
#1228=ORIENTED_EDGE('',*,*,#2520,.T.);
#1229=ORIENTED_EDGE('',*,*,#2521,.T.);
#1230=ORIENTED_EDGE('',*,*,#2522,.T.);
#1231=ORIENTED_EDGE('',*,*,#2523,.F.);
#1232=ORIENTED_EDGE('',*,*,#2524,.T.);
#1233=ORIENTED_EDGE('',*,*,#2525,.T.);
#1234=ORIENTED_EDGE('',*,*,#2526,.T.);
#1235=ORIENTED_EDGE('',*,*,#2527,.F.);
#1236=ORIENTED_EDGE('',*,*,#2440,.F.);
#1237=ORIENTED_EDGE('',*,*,#2528,.F.);
#1238=ORIENTED_EDGE('',*,*,#2435,.F.);
#1239=ORIENTED_EDGE('',*,*,#2529,.F.);
#1240=ORIENTED_EDGE('',*,*,#2441,.F.);
#1241=ORIENTED_EDGE('',*,*,#2527,.T.);
#1242=ORIENTED_EDGE('',*,*,#2530,.T.);
#1243=ORIENTED_EDGE('',*,*,#2477,.T.);
#1244=ORIENTED_EDGE('',*,*,#2531,.T.);
#1245=ORIENTED_EDGE('',*,*,#2508,.F.);
#1246=ORIENTED_EDGE('',*,*,#2510,.T.);
#1247=ORIENTED_EDGE('',*,*,#2532,.T.);
#1248=ORIENTED_EDGE('',*,*,#2475,.F.);
#1249=ORIENTED_EDGE('',*,*,#2533,.T.);
#1250=ORIENTED_EDGE('',*,*,#2534,.T.);
#1251=ORIENTED_EDGE('',*,*,#2535,.T.);
#1252=ORIENTED_EDGE('',*,*,#2536,.T.);
#1253=ORIENTED_EDGE('',*,*,#2537,.T.);
#1254=ORIENTED_EDGE('',*,*,#2538,.T.);
#1255=ORIENTED_EDGE('',*,*,#2539,.T.);
#1256=ORIENTED_EDGE('',*,*,#2479,.F.);
#1257=ORIENTED_EDGE('',*,*,#2540,.T.);
#1258=ORIENTED_EDGE('',*,*,#2525,.F.);
#1259=ORIENTED_EDGE('',*,*,#2541,.T.);
#1260=ORIENTED_EDGE('',*,*,#2518,.T.);
#1261=ORIENTED_EDGE('',*,*,#2542,.T.);
#1262=ORIENTED_EDGE('',*,*,#2521,.F.);
#1263=ORIENTED_EDGE('',*,*,#2543,.T.);
#1264=ORIENTED_EDGE('',*,*,#2515,.T.);
#1265=ORIENTED_EDGE('',*,*,#2544,.T.);
#1266=ORIENTED_EDGE('',*,*,#2446,.T.);
#1267=ORIENTED_EDGE('',*,*,#2545,.T.);
#1268=ORIENTED_EDGE('',*,*,#2534,.F.);
#1269=ORIENTED_EDGE('',*,*,#2546,.T.);
#1270=ORIENTED_EDGE('',*,*,#2538,.F.);
#1271=ORIENTED_EDGE('',*,*,#2547,.T.);
#1272=ORIENTED_EDGE('',*,*,#2456,.T.);
#1273=ORIENTED_EDGE('',*,*,#2548,.T.);
#1274=ORIENTED_EDGE('',*,*,#2458,.T.);
#1275=ORIENTED_EDGE('',*,*,#2549,.T.);
#1276=ORIENTED_EDGE('',*,*,#2536,.F.);
#1277=ORIENTED_EDGE('',*,*,#2550,.T.);
#1278=ORIENTED_EDGE('',*,*,#2485,.F.);
#1279=ORIENTED_EDGE('',*,*,#2551,.T.);
#1280=ORIENTED_EDGE('',*,*,#2552,.T.);
#1281=ORIENTED_EDGE('',*,*,#2472,.T.);
#1282=ORIENTED_EDGE('',*,*,#2486,.T.);
#1283=ORIENTED_EDGE('',*,*,#2552,.F.);
#1284=ORIENTED_EDGE('',*,*,#2553,.T.);
#1285=ORIENTED_EDGE('',*,*,#2551,.F.);
#1286=ORIENTED_EDGE('',*,*,#2484,.T.);
#1287=ORIENTED_EDGE('',*,*,#2473,.T.);
#1288=ORIENTED_EDGE('',*,*,#2553,.F.);
#1289=ORIENTED_EDGE('',*,*,#2554,.F.);
#1290=ORIENTED_EDGE('',*,*,#2555,.T.);
#1291=ORIENTED_EDGE('',*,*,#2464,.T.);
#1292=ORIENTED_EDGE('',*,*,#2556,.T.);
#1293=ORIENTED_EDGE('',*,*,#2462,.T.);
#1294=ORIENTED_EDGE('',*,*,#2557,.T.);
#1295=ORIENTED_EDGE('',*,*,#2558,.F.);
#1296=ORIENTED_EDGE('',*,*,#2559,.T.);
#1297=ORIENTED_EDGE('',*,*,#2554,.T.);
#1298=ORIENTED_EDGE('',*,*,#2560,.T.);
#1299=ORIENTED_EDGE('',*,*,#2558,.T.);
#1300=ORIENTED_EDGE('',*,*,#2561,.T.);
#1301=ORIENTED_EDGE('',*,*,#2482,.F.);
#1302=ORIENTED_EDGE('',*,*,#2562,.T.);
#1303=ORIENTED_EDGE('',*,*,#2512,.T.);
#1304=ORIENTED_EDGE('',*,*,#2563,.T.);
#1305=ORIENTED_EDGE('',*,*,#2513,.T.);
#1306=ORIENTED_EDGE('',*,*,#2564,.T.);
#1307=ORIENTED_EDGE('',*,*,#2523,.T.);
#1308=ORIENTED_EDGE('',*,*,#2439,.T.);
#1309=ORIENTED_EDGE('',*,*,#2565,.T.);
#1310=ORIENTED_EDGE('',*,*,#2437,.T.);
#1311=ORIENTED_EDGE('',*,*,#2566,.F.);
#1312=ORIENTED_EDGE('',*,*,#2567,.F.);
#1313=ORIENTED_EDGE('',*,*,#2568,.F.);
#1314=ORIENTED_EDGE('',*,*,#2569,.F.);
#1315=ORIENTED_EDGE('',*,*,#2393,.F.);
#1316=ORIENTED_EDGE('',*,*,#2570,.F.);
#1317=ORIENTED_EDGE('',*,*,#2567,.T.);
#1318=ORIENTED_EDGE('',*,*,#2571,.T.);
#1319=ORIENTED_EDGE('',*,*,#2394,.F.);
#1320=ORIENTED_EDGE('',*,*,#2571,.F.);
#1321=ORIENTED_EDGE('',*,*,#2566,.T.);
#1322=ORIENTED_EDGE('',*,*,#2572,.T.);
#1323=ORIENTED_EDGE('',*,*,#2395,.F.);
#1324=ORIENTED_EDGE('',*,*,#2572,.F.);
#1325=ORIENTED_EDGE('',*,*,#2569,.T.);
#1326=ORIENTED_EDGE('',*,*,#2573,.T.);
#1327=ORIENTED_EDGE('',*,*,#2392,.F.);
#1328=ORIENTED_EDGE('',*,*,#2573,.F.);
#1329=ORIENTED_EDGE('',*,*,#2568,.T.);
#1330=ORIENTED_EDGE('',*,*,#2570,.T.);
#1331=ORIENTED_EDGE('',*,*,#2529,.T.);
#1332=ORIENTED_EDGE('',*,*,#2434,.F.);
#1333=ORIENTED_EDGE('',*,*,#2565,.F.);
#1334=ORIENTED_EDGE('',*,*,#2438,.T.);
#1335=ORIENTED_EDGE('',*,*,#2574,.F.);
#1336=ORIENTED_EDGE('',*,*,#2528,.T.);
#1337=ORIENTED_EDGE('',*,*,#2575,.F.);
#1338=ORIENTED_EDGE('',*,*,#2574,.T.);
#1339=ORIENTED_EDGE('',*,*,#2576,.F.);
#1340=ORIENTED_EDGE('',*,*,#2575,.T.);
#1341=ORIENTED_EDGE('',*,*,#2577,.F.);
#1342=ORIENTED_EDGE('',*,*,#2576,.T.);
#1343=ORIENTED_EDGE('',*,*,#2578,.F.);
#1344=ORIENTED_EDGE('',*,*,#2577,.T.);
#1345=ORIENTED_EDGE('',*,*,#2579,.F.);
#1346=ORIENTED_EDGE('',*,*,#2578,.T.);
#1347=ORIENTED_EDGE('',*,*,#2580,.F.);
#1348=ORIENTED_EDGE('',*,*,#2579,.T.);
#1349=ORIENTED_EDGE('',*,*,#2580,.T.);
#1350=ORIENTED_EDGE('',*,*,#2581,.F.);
#1351=ORIENTED_EDGE('',*,*,#2507,.F.);
#1352=ORIENTED_EDGE('',*,*,#2582,.F.);
#1353=ORIENTED_EDGE('',*,*,#2431,.F.);
#1354=ORIENTED_EDGE('',*,*,#2583,.F.);
#1355=ORIENTED_EDGE('',*,*,#2501,.F.);
#1356=ORIENTED_EDGE('',*,*,#2584,.F.);
#1357=ORIENTED_EDGE('',*,*,#2506,.F.);
#1358=ORIENTED_EDGE('',*,*,#2585,.F.);
#1359=ORIENTED_EDGE('',*,*,#2492,.F.);
#1360=ORIENTED_EDGE('',*,*,#2586,.F.);
#1361=ORIENTED_EDGE('',*,*,#2504,.F.);
#1362=ORIENTED_EDGE('',*,*,#2587,.F.);
#1363=ORIENTED_EDGE('',*,*,#2425,.F.);
#1364=ORIENTED_EDGE('',*,*,#2588,.F.);
#1365=ORIENTED_EDGE('',*,*,#2505,.F.);
#1366=ORIENTED_EDGE('',*,*,#2583,.T.);
#1367=ORIENTED_EDGE('',*,*,#2588,.T.);
#1368=ORIENTED_EDGE('',*,*,#2589,.F.);
#1369=ORIENTED_EDGE('',*,*,#2424,.F.);
#1370=ORIENTED_EDGE('',*,*,#2590,.T.);
#1371=ORIENTED_EDGE('',*,*,#2502,.T.);
#1372=ORIENTED_EDGE('',*,*,#2589,.T.);
#1373=ORIENTED_EDGE('',*,*,#2586,.T.);
#1374=ORIENTED_EDGE('',*,*,#2591,.F.);
#1375=ORIENTED_EDGE('',*,*,#2587,.T.);
#1376=ORIENTED_EDGE('',*,*,#2491,.F.);
#1377=ORIENTED_EDGE('',*,*,#2592,.T.);
#1378=ORIENTED_EDGE('',*,*,#2426,.F.);
#1379=ORIENTED_EDGE('',*,*,#2591,.T.);
#1380=ORIENTED_EDGE('',*,*,#2581,.T.);
#1381=ORIENTED_EDGE('',*,*,#2593,.F.);
#1382=ORIENTED_EDGE('',*,*,#2585,.T.);
#1383=ORIENTED_EDGE('',*,*,#2430,.F.);
#1384=ORIENTED_EDGE('',*,*,#2594,.T.);
#1385=ORIENTED_EDGE('',*,*,#2488,.F.);
#1386=ORIENTED_EDGE('',*,*,#2593,.T.);
#1387=ORIENTED_EDGE('',*,*,#2582,.T.);
#1388=ORIENTED_EDGE('',*,*,#2584,.T.);
#1389=ORIENTED_EDGE('',*,*,#2595,.F.);
#1390=ORIENTED_EDGE('',*,*,#2500,.F.);
#1391=ORIENTED_EDGE('',*,*,#2596,.T.);
#1392=ORIENTED_EDGE('',*,*,#2432,.F.);
#1393=ORIENTED_EDGE('',*,*,#2595,.T.);
#1394=ORIENTED_EDGE('',*,*,#2450,.F.);
#1395=ORIENTED_EDGE('',*,*,#2489,.F.);
#1396=ORIENTED_EDGE('',*,*,#2594,.F.);
#1397=ORIENTED_EDGE('',*,*,#2429,.F.);
#1398=ORIENTED_EDGE('',*,*,#2597,.T.);
#1399=ORIENTED_EDGE('',*,*,#2498,.F.);
#1400=ORIENTED_EDGE('',*,*,#2452,.F.);
#1401=ORIENTED_EDGE('',*,*,#2497,.F.);
#1402=ORIENTED_EDGE('',*,*,#2598,.F.);
#1403=ORIENTED_EDGE('',*,*,#2433,.F.);
#1404=ORIENTED_EDGE('',*,*,#2596,.F.);
#1405=ORIENTED_EDGE('',*,*,#2499,.F.);
#1406=ORIENTED_EDGE('',*,*,#2469,.F.);
#1407=ORIENTED_EDGE('',*,*,#2407,.F.);
#1408=ORIENTED_EDGE('',*,*,#2599,.F.);
#1409=ORIENTED_EDGE('',*,*,#2427,.F.);
#1410=ORIENTED_EDGE('',*,*,#2592,.F.);
#1411=ORIENTED_EDGE('',*,*,#2490,.F.);
#1412=ORIENTED_EDGE('',*,*,#2468,.F.);
#1413=ORIENTED_EDGE('',*,*,#2503,.F.);
#1414=ORIENTED_EDGE('',*,*,#2590,.F.);
#1415=ORIENTED_EDGE('',*,*,#2423,.F.);
#1416=ORIENTED_EDGE('',*,*,#2600,.T.);
#1417=ORIENTED_EDGE('',*,*,#2410,.F.);
#1418=ORIENTED_EDGE('',*,*,#2531,.F.);
#1419=ORIENTED_EDGE('',*,*,#2476,.F.);
#1420=ORIENTED_EDGE('',*,*,#2532,.F.);
#1421=ORIENTED_EDGE('',*,*,#2509,.F.);
#1422=ORIENTED_EDGE('',*,*,#2563,.F.);
#1423=ORIENTED_EDGE('',*,*,#2511,.F.);
#1424=ORIENTED_EDGE('',*,*,#2544,.F.);
#1425=ORIENTED_EDGE('',*,*,#2514,.F.);
#1426=ORIENTED_EDGE('',*,*,#2443,.F.);
#1427=ORIENTED_EDGE('',*,*,#2516,.F.);
#1428=ORIENTED_EDGE('',*,*,#2543,.F.);
#1429=ORIENTED_EDGE('',*,*,#2520,.F.);
#1430=ORIENTED_EDGE('',*,*,#2445,.F.);
#1431=ORIENTED_EDGE('',*,*,#2522,.F.);
#1432=ORIENTED_EDGE('',*,*,#2542,.F.);
#1433=ORIENTED_EDGE('',*,*,#2517,.F.);
#1434=ORIENTED_EDGE('',*,*,#2564,.F.);
#1435=ORIENTED_EDGE('',*,*,#2519,.F.);
#1436=ORIENTED_EDGE('',*,*,#2541,.F.);
#1437=ORIENTED_EDGE('',*,*,#2524,.F.);
#1438=ORIENTED_EDGE('',*,*,#2537,.F.);
#1439=ORIENTED_EDGE('',*,*,#2549,.F.);
#1440=ORIENTED_EDGE('',*,*,#2457,.F.);
#1441=ORIENTED_EDGE('',*,*,#2547,.F.);
#1442=ORIENTED_EDGE('',*,*,#2535,.F.);
#1443=ORIENTED_EDGE('',*,*,#2545,.F.);
#1444=ORIENTED_EDGE('',*,*,#2459,.F.);
#1445=ORIENTED_EDGE('',*,*,#2550,.F.);
#1446=ORIENTED_EDGE('',*,*,#2533,.F.);
#1447=ORIENTED_EDGE('',*,*,#2487,.F.);
#1448=ORIENTED_EDGE('',*,*,#2447,.F.);
#1449=ORIENTED_EDGE('',*,*,#2546,.F.);
#1450=ORIENTED_EDGE('',*,*,#2530,.F.);
#1451=ORIENTED_EDGE('',*,*,#2526,.F.);
#1452=ORIENTED_EDGE('',*,*,#2540,.F.);
#1453=ORIENTED_EDGE('',*,*,#2478,.F.);
#1454=ORIENTED_EDGE('',*,*,#2455,.F.);
#1455=ORIENTED_EDGE('',*,*,#2480,.F.);
#1456=ORIENTED_EDGE('',*,*,#2539,.F.);
#1457=ORIENTED_EDGE('',*,*,#2548,.F.);
#1458=ORIENTED_EDGE('',*,*,#2461,.F.);
#1459=ORIENTED_EDGE('',*,*,#2483,.F.);
#1460=ORIENTED_EDGE('',*,*,#2561,.F.);
#1461=ORIENTED_EDGE('',*,*,#2557,.F.);
#1462=ORIENTED_EDGE('',*,*,#2562,.F.);
#1463=ORIENTED_EDGE('',*,*,#2481,.F.);
#1464=ORIENTED_EDGE('',*,*,#2465,.F.);
#1465=ORIENTED_EDGE('',*,*,#2555,.F.);
#1466=ORIENTED_EDGE('',*,*,#2560,.F.);
#1467=ORIENTED_EDGE('',*,*,#2556,.F.);
#1468=ORIENTED_EDGE('',*,*,#2463,.F.);
#1469=ORIENTED_EDGE('',*,*,#2559,.F.);
#1470=ORIENTED_EDGE('',*,*,#2601,.F.);
#1471=ORIENTED_EDGE('',*,*,#2602,.F.);
#1472=ORIENTED_EDGE('',*,*,#2603,.T.);
#1473=ORIENTED_EDGE('',*,*,#2604,.T.);
#1474=ORIENTED_EDGE('',*,*,#2605,.F.);
#1475=ORIENTED_EDGE('',*,*,#2606,.T.);
#1476=ORIENTED_EDGE('',*,*,#2607,.T.);
#1477=ORIENTED_EDGE('',*,*,#2602,.T.);
#1478=ORIENTED_EDGE('',*,*,#2608,.T.);
#1479=ORIENTED_EDGE('',*,*,#2609,.T.);
#1480=ORIENTED_EDGE('',*,*,#2610,.F.);
#1481=ORIENTED_EDGE('',*,*,#2597,.F.);
#1482=ORIENTED_EDGE('',*,*,#2398,.T.);
#1483=ORIENTED_EDGE('',*,*,#2611,.T.);
#1484=ORIENTED_EDGE('',*,*,#2612,.F.);
#1485=ORIENTED_EDGE('',*,*,#2598,.T.);
#1486=ORIENTED_EDGE('',*,*,#2613,.T.);
#1487=ORIENTED_EDGE('',*,*,#2614,.T.);
#1488=ORIENTED_EDGE('',*,*,#2396,.F.);
#1489=ORIENTED_EDGE('',*,*,#2615,.F.);
#1490=ORIENTED_EDGE('',*,*,#2404,.T.);
#1491=ORIENTED_EDGE('',*,*,#2616,.F.);
#1492=ORIENTED_EDGE('',*,*,#2617,.F.);
#1493=ORIENTED_EDGE('',*,*,#2615,.T.);
#1494=ORIENTED_EDGE('',*,*,#2403,.F.);
#1495=ORIENTED_EDGE('',*,*,#2618,.F.);
#1496=ORIENTED_EDGE('',*,*,#2619,.T.);
#1497=ORIENTED_EDGE('',*,*,#2616,.T.);
#1498=ORIENTED_EDGE('',*,*,#2402,.F.);
#1499=ORIENTED_EDGE('',*,*,#2620,.F.);
#1500=ORIENTED_EDGE('',*,*,#2621,.T.);
#1501=ORIENTED_EDGE('',*,*,#2618,.T.);
#1502=ORIENTED_EDGE('',*,*,#2622,.F.);
#1503=ORIENTED_EDGE('',*,*,#2623,.F.);
#1504=ORIENTED_EDGE('',*,*,#2624,.T.);
#1505=ORIENTED_EDGE('',*,*,#2620,.T.);
#1506=ORIENTED_EDGE('',*,*,#2401,.F.);
#1507=ORIENTED_EDGE('',*,*,#2625,.F.);
#1508=ORIENTED_EDGE('',*,*,#2626,.T.);
#1509=ORIENTED_EDGE('',*,*,#2627,.F.);
#1510=ORIENTED_EDGE('',*,*,#2628,.F.);
#1511=ORIENTED_EDGE('',*,*,#2623,.T.);
#1512=ORIENTED_EDGE('',*,*,#2629,.F.);
#1513=ORIENTED_EDGE('',*,*,#2604,.F.);
#1514=ORIENTED_EDGE('',*,*,#2630,.T.);
#1515=ORIENTED_EDGE('',*,*,#2627,.T.);
#1516=ORIENTED_EDGE('',*,*,#2607,.F.);
#1517=ORIENTED_EDGE('',*,*,#2631,.T.);
#1518=ORIENTED_EDGE('',*,*,#2608,.F.);
#1519=ORIENTED_EDGE('',*,*,#2428,.T.);
#1520=ORIENTED_EDGE('',*,*,#2612,.T.);
#1521=ORIENTED_EDGE('',*,*,#2632,.T.);
#1522=ORIENTED_EDGE('',*,*,#2613,.F.);
#1523=ORIENTED_EDGE('',*,*,#2617,.T.);
#1524=ORIENTED_EDGE('',*,*,#2619,.F.);
#1525=ORIENTED_EDGE('',*,*,#2621,.F.);
#1526=ORIENTED_EDGE('',*,*,#2624,.F.);
#1527=ORIENTED_EDGE('',*,*,#2628,.T.);
#1528=ORIENTED_EDGE('',*,*,#2630,.F.);
#1529=ORIENTED_EDGE('',*,*,#2603,.F.);
#1530=ORIENTED_EDGE('',*,*,#2610,.T.);
#1531=ORIENTED_EDGE('',*,*,#2633,.T.);
#1532=ORIENTED_EDGE('',*,*,#2605,.T.);
#1533=ORIENTED_EDGE('',*,*,#2601,.T.);
#1534=ORIENTED_EDGE('',*,*,#2629,.T.);
#1535=ORIENTED_EDGE('',*,*,#2626,.F.);
#1536=ORIENTED_EDGE('',*,*,#2622,.T.);
#1537=ORIENTED_EDGE('',*,*,#2634,.T.);
#1538=ORIENTED_EDGE('',*,*,#2493,.F.);
#1539=ORIENTED_EDGE('',*,*,#2635,.T.);
#1540=ORIENTED_EDGE('',*,*,#2636,.F.);
#1541=ORIENTED_EDGE('',*,*,#2637,.F.);
#1542=ORIENTED_EDGE('',*,*,#2638,.T.);
#1543=ORIENTED_EDGE('',*,*,#2639,.F.);
#1544=ORIENTED_EDGE('',*,*,#2640,.F.);
#1545=ORIENTED_EDGE('',*,*,#2641,.T.);
#1546=ORIENTED_EDGE('',*,*,#2636,.T.);
#1547=ORIENTED_EDGE('',*,*,#2642,.T.);
#1548=ORIENTED_EDGE('',*,*,#2643,.T.);
#1549=ORIENTED_EDGE('',*,*,#2644,.F.);
#1550=ORIENTED_EDGE('',*,*,#2640,.T.);
#1551=ORIENTED_EDGE('',*,*,#2645,.T.);
#1552=ORIENTED_EDGE('',*,*,#2646,.T.);
#1553=ORIENTED_EDGE('',*,*,#2647,.F.);
#1554=ORIENTED_EDGE('',*,*,#2600,.F.);
#1555=ORIENTED_EDGE('',*,*,#2416,.T.);
#1556=ORIENTED_EDGE('',*,*,#2648,.T.);
#1557=ORIENTED_EDGE('',*,*,#2649,.F.);
#1558=ORIENTED_EDGE('',*,*,#2599,.T.);
#1559=ORIENTED_EDGE('',*,*,#2650,.F.);
#1560=ORIENTED_EDGE('',*,*,#2651,.T.);
#1561=ORIENTED_EDGE('',*,*,#2414,.T.);
#1562=ORIENTED_EDGE('',*,*,#2652,.F.);
#1563=ORIENTED_EDGE('',*,*,#2421,.T.);
#1564=ORIENTED_EDGE('',*,*,#2653,.F.);
#1565=ORIENTED_EDGE('',*,*,#2654,.F.);
#1566=ORIENTED_EDGE('',*,*,#2652,.T.);
#1567=ORIENTED_EDGE('',*,*,#2420,.T.);
#1568=ORIENTED_EDGE('',*,*,#2655,.F.);
#1569=ORIENTED_EDGE('',*,*,#2656,.F.);
#1570=ORIENTED_EDGE('',*,*,#2653,.T.);
#1571=ORIENTED_EDGE('',*,*,#2419,.F.);
#1572=ORIENTED_EDGE('',*,*,#2657,.F.);
#1573=ORIENTED_EDGE('',*,*,#2658,.T.);
#1574=ORIENTED_EDGE('',*,*,#2655,.T.);
#1575=ORIENTED_EDGE('',*,*,#2418,.T.);
#1576=ORIENTED_EDGE('',*,*,#2659,.T.);
#1577=ORIENTED_EDGE('',*,*,#2660,.T.);
#1578=ORIENTED_EDGE('',*,*,#2661,.F.);
#1579=ORIENTED_EDGE('',*,*,#2662,.F.);
#1580=ORIENTED_EDGE('',*,*,#2657,.T.);
#1581=ORIENTED_EDGE('',*,*,#2663,.T.);
#1582=ORIENTED_EDGE('',*,*,#2638,.F.);
#1583=ORIENTED_EDGE('',*,*,#2664,.F.);
#1584=ORIENTED_EDGE('',*,*,#2661,.T.);
#1585=ORIENTED_EDGE('',*,*,#2649,.T.);
#1586=ORIENTED_EDGE('',*,*,#2665,.T.);
#1587=ORIENTED_EDGE('',*,*,#2650,.T.);
#1588=ORIENTED_EDGE('',*,*,#2654,.T.);
#1589=ORIENTED_EDGE('',*,*,#2656,.T.);
#1590=ORIENTED_EDGE('',*,*,#2658,.F.);
#1591=ORIENTED_EDGE('',*,*,#2662,.T.);
#1592=ORIENTED_EDGE('',*,*,#2664,.T.);
#1593=ORIENTED_EDGE('',*,*,#2637,.T.);
#1594=ORIENTED_EDGE('',*,*,#2641,.F.);
#1595=ORIENTED_EDGE('',*,*,#2644,.T.);
#1596=ORIENTED_EDGE('',*,*,#2666,.T.);
#1597=ORIENTED_EDGE('',*,*,#2645,.F.);
#1598=ORIENTED_EDGE('',*,*,#2422,.F.);
#1599=ORIENTED_EDGE('',*,*,#2647,.T.);
#1600=ORIENTED_EDGE('',*,*,#2667,.T.);
#1601=ORIENTED_EDGE('',*,*,#2642,.F.);
#1602=ORIENTED_EDGE('',*,*,#2639,.T.);
#1603=ORIENTED_EDGE('',*,*,#2635,.F.);
#1604=ORIENTED_EDGE('',*,*,#2663,.F.);
#1605=ORIENTED_EDGE('',*,*,#2660,.F.);
#1606=ORIENTED_EDGE('',*,*,#2668,.F.);
#1607=ORIENTED_EDGE('',*,*,#2411,.T.);
#1608=ORIENTED_EDGE('',*,*,#2413,.T.);
#1609=ORIENTED_EDGE('',*,*,#2669,.F.);
#1610=ORIENTED_EDGE('',*,*,#2659,.F.);
#1611=ORIENTED_EDGE('',*,*,#2670,.T.);
#1612=ORIENTED_EDGE('',*,*,#2405,.F.);
#1613=ORIENTED_EDGE('',*,*,#2670,.F.);
#1614=ORIENTED_EDGE('',*,*,#2417,.F.);
#1615=ORIENTED_EDGE('',*,*,#2412,.T.);
#1616=ORIENTED_EDGE('',*,*,#2668,.T.);
#1617=ORIENTED_EDGE('',*,*,#2669,.T.);
#1618=ORIENTED_EDGE('',*,*,#2625,.T.);
#1619=ORIENTED_EDGE('',*,*,#2671,.F.);
#1620=ORIENTED_EDGE('',*,*,#2495,.F.);
#1621=ORIENTED_EDGE('',*,*,#2672,.T.);
#1622=ORIENTED_EDGE('',*,*,#2494,.F.);
#1623=ORIENTED_EDGE('',*,*,#2634,.F.);
#1624=ORIENTED_EDGE('',*,*,#2672,.F.);
#1625=ORIENTED_EDGE('',*,*,#2496,.T.);
#1626=ORIENTED_EDGE('',*,*,#2671,.T.);
#1627=ORIENTED_EDGE('',*,*,#2400,.T.);
#1628=ORIENTED_EDGE('',*,*,#2379,.F.);
#1629=ORIENTED_EDGE('',*,*,#2673,.F.);
#1630=ORIENTED_EDGE('',*,*,#2674,.T.);
#1631=ORIENTED_EDGE('',*,*,#2675,.T.);
#1632=ORIENTED_EDGE('',*,*,#2391,.F.);
#1633=ORIENTED_EDGE('',*,*,#2676,.F.);
#1634=ORIENTED_EDGE('',*,*,#2677,.T.);
#1635=ORIENTED_EDGE('',*,*,#2673,.T.);
#1636=ORIENTED_EDGE('',*,*,#2390,.F.);
#1637=ORIENTED_EDGE('',*,*,#2678,.F.);
#1638=ORIENTED_EDGE('',*,*,#2679,.T.);
#1639=ORIENTED_EDGE('',*,*,#2676,.T.);
#1640=ORIENTED_EDGE('',*,*,#2389,.F.);
#1641=ORIENTED_EDGE('',*,*,#2680,.F.);
#1642=ORIENTED_EDGE('',*,*,#2681,.T.);
#1643=ORIENTED_EDGE('',*,*,#2678,.T.);
#1644=ORIENTED_EDGE('',*,*,#2388,.F.);
#1645=ORIENTED_EDGE('',*,*,#2682,.F.);
#1646=ORIENTED_EDGE('',*,*,#2683,.T.);
#1647=ORIENTED_EDGE('',*,*,#2680,.T.);
#1648=ORIENTED_EDGE('',*,*,#2387,.F.);
#1649=ORIENTED_EDGE('',*,*,#2684,.F.);
#1650=ORIENTED_EDGE('',*,*,#2685,.T.);
#1651=ORIENTED_EDGE('',*,*,#2682,.T.);
#1652=ORIENTED_EDGE('',*,*,#2386,.F.);
#1653=ORIENTED_EDGE('',*,*,#2686,.F.);
#1654=ORIENTED_EDGE('',*,*,#2687,.T.);
#1655=ORIENTED_EDGE('',*,*,#2684,.T.);
#1656=ORIENTED_EDGE('',*,*,#2385,.F.);
#1657=ORIENTED_EDGE('',*,*,#2688,.F.);
#1658=ORIENTED_EDGE('',*,*,#2689,.T.);
#1659=ORIENTED_EDGE('',*,*,#2686,.T.);
#1660=ORIENTED_EDGE('',*,*,#2384,.F.);
#1661=ORIENTED_EDGE('',*,*,#2690,.F.);
#1662=ORIENTED_EDGE('',*,*,#2691,.T.);
#1663=ORIENTED_EDGE('',*,*,#2688,.T.);
#1664=ORIENTED_EDGE('',*,*,#2383,.F.);
#1665=ORIENTED_EDGE('',*,*,#2692,.F.);
#1666=ORIENTED_EDGE('',*,*,#2693,.T.);
#1667=ORIENTED_EDGE('',*,*,#2690,.T.);
#1668=ORIENTED_EDGE('',*,*,#2382,.F.);
#1669=ORIENTED_EDGE('',*,*,#2694,.F.);
#1670=ORIENTED_EDGE('',*,*,#2695,.T.);
#1671=ORIENTED_EDGE('',*,*,#2692,.T.);
#1672=ORIENTED_EDGE('',*,*,#2381,.F.);
#1673=ORIENTED_EDGE('',*,*,#2696,.F.);
#1674=ORIENTED_EDGE('',*,*,#2697,.T.);
#1675=ORIENTED_EDGE('',*,*,#2694,.T.);
#1676=ORIENTED_EDGE('',*,*,#2380,.F.);
#1677=ORIENTED_EDGE('',*,*,#2675,.F.);
#1678=ORIENTED_EDGE('',*,*,#2698,.T.);
#1679=ORIENTED_EDGE('',*,*,#2696,.T.);
#1680=ORIENTED_EDGE('',*,*,#2674,.F.);
#1681=ORIENTED_EDGE('',*,*,#2677,.F.);
#1682=ORIENTED_EDGE('',*,*,#2679,.F.);
#1683=ORIENTED_EDGE('',*,*,#2681,.F.);
#1684=ORIENTED_EDGE('',*,*,#2683,.F.);
#1685=ORIENTED_EDGE('',*,*,#2685,.F.);
#1686=ORIENTED_EDGE('',*,*,#2687,.F.);
#1687=ORIENTED_EDGE('',*,*,#2689,.F.);
#1688=ORIENTED_EDGE('',*,*,#2691,.F.);
#1689=ORIENTED_EDGE('',*,*,#2693,.F.);
#1690=ORIENTED_EDGE('',*,*,#2695,.F.);
#1691=ORIENTED_EDGE('',*,*,#2697,.F.);
#1692=ORIENTED_EDGE('',*,*,#2698,.F.);
#1693=ORIENTED_EDGE('',*,*,#2366,.F.);
#1694=ORIENTED_EDGE('',*,*,#2699,.F.);
#1695=ORIENTED_EDGE('',*,*,#2700,.T.);
#1696=ORIENTED_EDGE('',*,*,#2701,.T.);
#1697=ORIENTED_EDGE('',*,*,#2378,.F.);
#1698=ORIENTED_EDGE('',*,*,#2702,.F.);
#1699=ORIENTED_EDGE('',*,*,#2703,.T.);
#1700=ORIENTED_EDGE('',*,*,#2699,.T.);
#1701=ORIENTED_EDGE('',*,*,#2377,.F.);
#1702=ORIENTED_EDGE('',*,*,#2704,.F.);
#1703=ORIENTED_EDGE('',*,*,#2705,.T.);
#1704=ORIENTED_EDGE('',*,*,#2702,.T.);
#1705=ORIENTED_EDGE('',*,*,#2376,.F.);
#1706=ORIENTED_EDGE('',*,*,#2706,.F.);
#1707=ORIENTED_EDGE('',*,*,#2707,.T.);
#1708=ORIENTED_EDGE('',*,*,#2704,.T.);
#1709=ORIENTED_EDGE('',*,*,#2375,.F.);
#1710=ORIENTED_EDGE('',*,*,#2708,.F.);
#1711=ORIENTED_EDGE('',*,*,#2709,.T.);
#1712=ORIENTED_EDGE('',*,*,#2706,.T.);
#1713=ORIENTED_EDGE('',*,*,#2374,.F.);
#1714=ORIENTED_EDGE('',*,*,#2710,.F.);
#1715=ORIENTED_EDGE('',*,*,#2711,.T.);
#1716=ORIENTED_EDGE('',*,*,#2708,.T.);
#1717=ORIENTED_EDGE('',*,*,#2373,.F.);
#1718=ORIENTED_EDGE('',*,*,#2712,.F.);
#1719=ORIENTED_EDGE('',*,*,#2713,.T.);
#1720=ORIENTED_EDGE('',*,*,#2710,.T.);
#1721=ORIENTED_EDGE('',*,*,#2372,.F.);
#1722=ORIENTED_EDGE('',*,*,#2714,.F.);
#1723=ORIENTED_EDGE('',*,*,#2715,.T.);
#1724=ORIENTED_EDGE('',*,*,#2712,.T.);
#1725=ORIENTED_EDGE('',*,*,#2371,.F.);
#1726=ORIENTED_EDGE('',*,*,#2716,.F.);
#1727=ORIENTED_EDGE('',*,*,#2717,.T.);
#1728=ORIENTED_EDGE('',*,*,#2714,.T.);
#1729=ORIENTED_EDGE('',*,*,#2370,.F.);
#1730=ORIENTED_EDGE('',*,*,#2718,.F.);
#1731=ORIENTED_EDGE('',*,*,#2719,.T.);
#1732=ORIENTED_EDGE('',*,*,#2716,.T.);
#1733=ORIENTED_EDGE('',*,*,#2369,.F.);
#1734=ORIENTED_EDGE('',*,*,#2720,.F.);
#1735=ORIENTED_EDGE('',*,*,#2721,.T.);
#1736=ORIENTED_EDGE('',*,*,#2718,.T.);
#1737=ORIENTED_EDGE('',*,*,#2368,.F.);
#1738=ORIENTED_EDGE('',*,*,#2722,.F.);
#1739=ORIENTED_EDGE('',*,*,#2723,.T.);
#1740=ORIENTED_EDGE('',*,*,#2720,.T.);
#1741=ORIENTED_EDGE('',*,*,#2367,.F.);
#1742=ORIENTED_EDGE('',*,*,#2701,.F.);
#1743=ORIENTED_EDGE('',*,*,#2724,.T.);
#1744=ORIENTED_EDGE('',*,*,#2722,.T.);
#1745=ORIENTED_EDGE('',*,*,#2700,.F.);
#1746=ORIENTED_EDGE('',*,*,#2703,.F.);
#1747=ORIENTED_EDGE('',*,*,#2705,.F.);
#1748=ORIENTED_EDGE('',*,*,#2707,.F.);
#1749=ORIENTED_EDGE('',*,*,#2709,.F.);
#1750=ORIENTED_EDGE('',*,*,#2711,.F.);
#1751=ORIENTED_EDGE('',*,*,#2713,.F.);
#1752=ORIENTED_EDGE('',*,*,#2715,.F.);
#1753=ORIENTED_EDGE('',*,*,#2717,.F.);
#1754=ORIENTED_EDGE('',*,*,#2719,.F.);
#1755=ORIENTED_EDGE('',*,*,#2721,.F.);
#1756=ORIENTED_EDGE('',*,*,#2723,.F.);
#1757=ORIENTED_EDGE('',*,*,#2724,.F.);
#1758=ORIENTED_EDGE('',*,*,#2725,.F.);
#1759=ORIENTED_EDGE('',*,*,#2726,.F.);
#1760=ORIENTED_EDGE('',*,*,#2727,.F.);
#1761=ORIENTED_EDGE('',*,*,#2728,.F.);
#1762=ORIENTED_EDGE('',*,*,#2729,.F.);
#1763=ORIENTED_EDGE('',*,*,#2730,.F.);
#1764=ORIENTED_EDGE('',*,*,#2731,.F.);
#1765=ORIENTED_EDGE('',*,*,#2732,.F.);
#1766=ORIENTED_EDGE('',*,*,#2733,.F.);
#1767=ORIENTED_EDGE('',*,*,#2734,.F.);
#1768=ORIENTED_EDGE('',*,*,#2735,.F.);
#1769=ORIENTED_EDGE('',*,*,#2736,.F.);
#1770=ORIENTED_EDGE('',*,*,#2358,.F.);
#1771=ORIENTED_EDGE('',*,*,#2737,.F.);
#1772=ORIENTED_EDGE('',*,*,#2725,.T.);
#1773=ORIENTED_EDGE('',*,*,#2738,.T.);
#1774=ORIENTED_EDGE('',*,*,#2365,.F.);
#1775=ORIENTED_EDGE('',*,*,#2739,.F.);
#1776=ORIENTED_EDGE('',*,*,#2726,.T.);
#1777=ORIENTED_EDGE('',*,*,#2737,.T.);
#1778=ORIENTED_EDGE('',*,*,#2364,.F.);
#1779=ORIENTED_EDGE('',*,*,#2740,.F.);
#1780=ORIENTED_EDGE('',*,*,#2727,.T.);
#1781=ORIENTED_EDGE('',*,*,#2739,.T.);
#1782=ORIENTED_EDGE('',*,*,#2363,.F.);
#1783=ORIENTED_EDGE('',*,*,#2741,.F.);
#1784=ORIENTED_EDGE('',*,*,#2728,.T.);
#1785=ORIENTED_EDGE('',*,*,#2740,.T.);
#1786=ORIENTED_EDGE('',*,*,#2362,.F.);
#1787=ORIENTED_EDGE('',*,*,#2742,.F.);
#1788=ORIENTED_EDGE('',*,*,#2729,.T.);
#1789=ORIENTED_EDGE('',*,*,#2741,.T.);
#1790=ORIENTED_EDGE('',*,*,#2361,.F.);
#1791=ORIENTED_EDGE('',*,*,#2743,.F.);
#1792=ORIENTED_EDGE('',*,*,#2730,.T.);
#1793=ORIENTED_EDGE('',*,*,#2742,.T.);
#1794=ORIENTED_EDGE('',*,*,#2360,.F.);
#1795=ORIENTED_EDGE('',*,*,#2744,.F.);
#1796=ORIENTED_EDGE('',*,*,#2731,.T.);
#1797=ORIENTED_EDGE('',*,*,#2743,.T.);
#1798=ORIENTED_EDGE('',*,*,#2359,.F.);
#1799=ORIENTED_EDGE('',*,*,#2738,.F.);
#1800=ORIENTED_EDGE('',*,*,#2732,.T.);
#1801=ORIENTED_EDGE('',*,*,#2744,.T.);
#1802=ORIENTED_EDGE('',*,*,#2745,.F.);
#1803=ORIENTED_EDGE('',*,*,#2746,.F.);
#1804=ORIENTED_EDGE('',*,*,#2734,.T.);
#1805=ORIENTED_EDGE('',*,*,#2747,.T.);
#1806=ORIENTED_EDGE('',*,*,#2748,.F.);
#1807=ORIENTED_EDGE('',*,*,#2747,.F.);
#1808=ORIENTED_EDGE('',*,*,#2733,.T.);
#1809=ORIENTED_EDGE('',*,*,#2749,.T.);
#1810=ORIENTED_EDGE('',*,*,#2750,.F.);
#1811=ORIENTED_EDGE('',*,*,#2749,.F.);
#1812=ORIENTED_EDGE('',*,*,#2736,.T.);
#1813=ORIENTED_EDGE('',*,*,#2751,.T.);
#1814=ORIENTED_EDGE('',*,*,#2752,.F.);
#1815=ORIENTED_EDGE('',*,*,#2751,.F.);
#1816=ORIENTED_EDGE('',*,*,#2735,.T.);
#1817=ORIENTED_EDGE('',*,*,#2746,.T.);
#1818=ORIENTED_EDGE('',*,*,#2745,.T.);
#1819=ORIENTED_EDGE('',*,*,#2748,.T.);
#1820=ORIENTED_EDGE('',*,*,#2750,.T.);
#1821=ORIENTED_EDGE('',*,*,#2752,.T.);
#1822=ORIENTED_EDGE('',*,*,#2753,.F.);
#1823=ORIENTED_EDGE('',*,*,#2754,.F.);
#1824=ORIENTED_EDGE('',*,*,#2755,.F.);
#1825=ORIENTED_EDGE('',*,*,#2756,.F.);
#1826=ORIENTED_EDGE('',*,*,#2757,.F.);
#1827=ORIENTED_EDGE('',*,*,#2758,.F.);
#1828=ORIENTED_EDGE('',*,*,#2759,.F.);
#1829=ORIENTED_EDGE('',*,*,#2760,.F.);
#1830=ORIENTED_EDGE('',*,*,#2761,.F.);
#1831=ORIENTED_EDGE('',*,*,#2762,.F.);
#1832=ORIENTED_EDGE('',*,*,#2763,.F.);
#1833=ORIENTED_EDGE('',*,*,#2764,.F.);
#1834=ORIENTED_EDGE('',*,*,#2350,.F.);
#1835=ORIENTED_EDGE('',*,*,#2765,.F.);
#1836=ORIENTED_EDGE('',*,*,#2753,.T.);
#1837=ORIENTED_EDGE('',*,*,#2766,.T.);
#1838=ORIENTED_EDGE('',*,*,#2357,.F.);
#1839=ORIENTED_EDGE('',*,*,#2767,.F.);
#1840=ORIENTED_EDGE('',*,*,#2754,.T.);
#1841=ORIENTED_EDGE('',*,*,#2765,.T.);
#1842=ORIENTED_EDGE('',*,*,#2356,.F.);
#1843=ORIENTED_EDGE('',*,*,#2768,.F.);
#1844=ORIENTED_EDGE('',*,*,#2755,.T.);
#1845=ORIENTED_EDGE('',*,*,#2767,.T.);
#1846=ORIENTED_EDGE('',*,*,#2355,.F.);
#1847=ORIENTED_EDGE('',*,*,#2769,.F.);
#1848=ORIENTED_EDGE('',*,*,#2756,.T.);
#1849=ORIENTED_EDGE('',*,*,#2768,.T.);
#1850=ORIENTED_EDGE('',*,*,#2354,.F.);
#1851=ORIENTED_EDGE('',*,*,#2770,.F.);
#1852=ORIENTED_EDGE('',*,*,#2757,.T.);
#1853=ORIENTED_EDGE('',*,*,#2769,.T.);
#1854=ORIENTED_EDGE('',*,*,#2353,.F.);
#1855=ORIENTED_EDGE('',*,*,#2771,.F.);
#1856=ORIENTED_EDGE('',*,*,#2758,.T.);
#1857=ORIENTED_EDGE('',*,*,#2770,.T.);
#1858=ORIENTED_EDGE('',*,*,#2352,.F.);
#1859=ORIENTED_EDGE('',*,*,#2772,.F.);
#1860=ORIENTED_EDGE('',*,*,#2759,.T.);
#1861=ORIENTED_EDGE('',*,*,#2771,.T.);
#1862=ORIENTED_EDGE('',*,*,#2351,.F.);
#1863=ORIENTED_EDGE('',*,*,#2766,.F.);
#1864=ORIENTED_EDGE('',*,*,#2760,.T.);
#1865=ORIENTED_EDGE('',*,*,#2772,.T.);
#1866=ORIENTED_EDGE('',*,*,#2773,.F.);
#1867=ORIENTED_EDGE('',*,*,#2774,.F.);
#1868=ORIENTED_EDGE('',*,*,#2762,.T.);
#1869=ORIENTED_EDGE('',*,*,#2775,.T.);
#1870=ORIENTED_EDGE('',*,*,#2776,.F.);
#1871=ORIENTED_EDGE('',*,*,#2775,.F.);
#1872=ORIENTED_EDGE('',*,*,#2761,.T.);
#1873=ORIENTED_EDGE('',*,*,#2777,.T.);
#1874=ORIENTED_EDGE('',*,*,#2778,.F.);
#1875=ORIENTED_EDGE('',*,*,#2777,.F.);
#1876=ORIENTED_EDGE('',*,*,#2764,.T.);
#1877=ORIENTED_EDGE('',*,*,#2779,.T.);
#1878=ORIENTED_EDGE('',*,*,#2780,.F.);
#1879=ORIENTED_EDGE('',*,*,#2779,.F.);
#1880=ORIENTED_EDGE('',*,*,#2763,.T.);
#1881=ORIENTED_EDGE('',*,*,#2774,.T.);
#1882=ORIENTED_EDGE('',*,*,#2773,.T.);
#1883=ORIENTED_EDGE('',*,*,#2776,.T.);
#1884=ORIENTED_EDGE('',*,*,#2778,.T.);
#1885=ORIENTED_EDGE('',*,*,#2780,.T.);
#1886=ORIENTED_EDGE('',*,*,#2781,.F.);
#1887=ORIENTED_EDGE('',*,*,#2782,.F.);
#1888=ORIENTED_EDGE('',*,*,#2783,.F.);
#1889=ORIENTED_EDGE('',*,*,#2784,.F.);
#1890=ORIENTED_EDGE('',*,*,#2785,.F.);
#1891=ORIENTED_EDGE('',*,*,#2786,.F.);
#1892=ORIENTED_EDGE('',*,*,#2787,.F.);
#1893=ORIENTED_EDGE('',*,*,#2788,.F.);
#1894=ORIENTED_EDGE('',*,*,#2789,.F.);
#1895=ORIENTED_EDGE('',*,*,#2790,.F.);
#1896=ORIENTED_EDGE('',*,*,#2791,.F.);
#1897=ORIENTED_EDGE('',*,*,#2792,.F.);
#1898=ORIENTED_EDGE('',*,*,#2342,.F.);
#1899=ORIENTED_EDGE('',*,*,#2793,.F.);
#1900=ORIENTED_EDGE('',*,*,#2781,.T.);
#1901=ORIENTED_EDGE('',*,*,#2794,.T.);
#1902=ORIENTED_EDGE('',*,*,#2349,.F.);
#1903=ORIENTED_EDGE('',*,*,#2795,.F.);
#1904=ORIENTED_EDGE('',*,*,#2782,.T.);
#1905=ORIENTED_EDGE('',*,*,#2793,.T.);
#1906=ORIENTED_EDGE('',*,*,#2348,.F.);
#1907=ORIENTED_EDGE('',*,*,#2796,.F.);
#1908=ORIENTED_EDGE('',*,*,#2783,.T.);
#1909=ORIENTED_EDGE('',*,*,#2795,.T.);
#1910=ORIENTED_EDGE('',*,*,#2347,.F.);
#1911=ORIENTED_EDGE('',*,*,#2797,.F.);
#1912=ORIENTED_EDGE('',*,*,#2784,.T.);
#1913=ORIENTED_EDGE('',*,*,#2796,.T.);
#1914=ORIENTED_EDGE('',*,*,#2346,.F.);
#1915=ORIENTED_EDGE('',*,*,#2798,.F.);
#1916=ORIENTED_EDGE('',*,*,#2785,.T.);
#1917=ORIENTED_EDGE('',*,*,#2797,.T.);
#1918=ORIENTED_EDGE('',*,*,#2345,.F.);
#1919=ORIENTED_EDGE('',*,*,#2799,.F.);
#1920=ORIENTED_EDGE('',*,*,#2786,.T.);
#1921=ORIENTED_EDGE('',*,*,#2798,.T.);
#1922=ORIENTED_EDGE('',*,*,#2344,.F.);
#1923=ORIENTED_EDGE('',*,*,#2800,.F.);
#1924=ORIENTED_EDGE('',*,*,#2787,.T.);
#1925=ORIENTED_EDGE('',*,*,#2799,.T.);
#1926=ORIENTED_EDGE('',*,*,#2343,.F.);
#1927=ORIENTED_EDGE('',*,*,#2794,.F.);
#1928=ORIENTED_EDGE('',*,*,#2788,.T.);
#1929=ORIENTED_EDGE('',*,*,#2800,.T.);
#1930=ORIENTED_EDGE('',*,*,#2801,.F.);
#1931=ORIENTED_EDGE('',*,*,#2802,.F.);
#1932=ORIENTED_EDGE('',*,*,#2790,.T.);
#1933=ORIENTED_EDGE('',*,*,#2803,.T.);
#1934=ORIENTED_EDGE('',*,*,#2804,.F.);
#1935=ORIENTED_EDGE('',*,*,#2803,.F.);
#1936=ORIENTED_EDGE('',*,*,#2789,.T.);
#1937=ORIENTED_EDGE('',*,*,#2805,.T.);
#1938=ORIENTED_EDGE('',*,*,#2806,.F.);
#1939=ORIENTED_EDGE('',*,*,#2805,.F.);
#1940=ORIENTED_EDGE('',*,*,#2792,.T.);
#1941=ORIENTED_EDGE('',*,*,#2807,.T.);
#1942=ORIENTED_EDGE('',*,*,#2808,.F.);
#1943=ORIENTED_EDGE('',*,*,#2807,.F.);
#1944=ORIENTED_EDGE('',*,*,#2791,.T.);
#1945=ORIENTED_EDGE('',*,*,#2802,.T.);
#1946=ORIENTED_EDGE('',*,*,#2801,.T.);
#1947=ORIENTED_EDGE('',*,*,#2804,.T.);
#1948=ORIENTED_EDGE('',*,*,#2806,.T.);
#1949=ORIENTED_EDGE('',*,*,#2808,.T.);
#1950=ORIENTED_EDGE('',*,*,#2809,.F.);
#1951=ORIENTED_EDGE('',*,*,#2810,.F.);
#1952=ORIENTED_EDGE('',*,*,#2811,.F.);
#1953=ORIENTED_EDGE('',*,*,#2812,.F.);
#1954=ORIENTED_EDGE('',*,*,#2813,.F.);
#1955=ORIENTED_EDGE('',*,*,#2814,.F.);
#1956=ORIENTED_EDGE('',*,*,#2815,.F.);
#1957=ORIENTED_EDGE('',*,*,#2816,.F.);
#1958=ORIENTED_EDGE('',*,*,#2817,.F.);
#1959=ORIENTED_EDGE('',*,*,#2818,.F.);
#1960=ORIENTED_EDGE('',*,*,#2819,.F.);
#1961=ORIENTED_EDGE('',*,*,#2820,.F.);
#1962=ORIENTED_EDGE('',*,*,#2821,.F.);
#1963=ORIENTED_EDGE('',*,*,#2822,.F.);
#1964=ORIENTED_EDGE('',*,*,#2823,.F.);
#1965=ORIENTED_EDGE('',*,*,#2824,.F.);
#1966=ORIENTED_EDGE('',*,*,#2331,.F.);
#1967=ORIENTED_EDGE('',*,*,#2825,.F.);
#1968=ORIENTED_EDGE('',*,*,#2809,.T.);
#1969=ORIENTED_EDGE('',*,*,#2826,.T.);
#1970=ORIENTED_EDGE('',*,*,#2341,.F.);
#1971=ORIENTED_EDGE('',*,*,#2827,.F.);
#1972=ORIENTED_EDGE('',*,*,#2810,.T.);
#1973=ORIENTED_EDGE('',*,*,#2825,.T.);
#1974=ORIENTED_EDGE('',*,*,#2340,.F.);
#1975=ORIENTED_EDGE('',*,*,#2828,.F.);
#1976=ORIENTED_EDGE('',*,*,#2811,.T.);
#1977=ORIENTED_EDGE('',*,*,#2827,.T.);
#1978=ORIENTED_EDGE('',*,*,#2339,.F.);
#1979=ORIENTED_EDGE('',*,*,#2829,.F.);
#1980=ORIENTED_EDGE('',*,*,#2812,.T.);
#1981=ORIENTED_EDGE('',*,*,#2828,.T.);
#1982=ORIENTED_EDGE('',*,*,#2338,.F.);
#1983=ORIENTED_EDGE('',*,*,#2830,.F.);
#1984=ORIENTED_EDGE('',*,*,#2813,.T.);
#1985=ORIENTED_EDGE('',*,*,#2829,.T.);
#1986=ORIENTED_EDGE('',*,*,#2337,.F.);
#1987=ORIENTED_EDGE('',*,*,#2831,.F.);
#1988=ORIENTED_EDGE('',*,*,#2814,.T.);
#1989=ORIENTED_EDGE('',*,*,#2830,.T.);
#1990=ORIENTED_EDGE('',*,*,#2336,.F.);
#1991=ORIENTED_EDGE('',*,*,#2832,.F.);
#1992=ORIENTED_EDGE('',*,*,#2815,.T.);
#1993=ORIENTED_EDGE('',*,*,#2831,.T.);
#1994=ORIENTED_EDGE('',*,*,#2335,.F.);
#1995=ORIENTED_EDGE('',*,*,#2833,.F.);
#1996=ORIENTED_EDGE('',*,*,#2816,.T.);
#1997=ORIENTED_EDGE('',*,*,#2832,.T.);
#1998=ORIENTED_EDGE('',*,*,#2334,.F.);
#1999=ORIENTED_EDGE('',*,*,#2834,.F.);
#2000=ORIENTED_EDGE('',*,*,#2817,.T.);
#2001=ORIENTED_EDGE('',*,*,#2833,.T.);
#2002=ORIENTED_EDGE('',*,*,#2333,.F.);
#2003=ORIENTED_EDGE('',*,*,#2835,.F.);
#2004=ORIENTED_EDGE('',*,*,#2818,.T.);
#2005=ORIENTED_EDGE('',*,*,#2834,.T.);
#2006=ORIENTED_EDGE('',*,*,#2332,.F.);
#2007=ORIENTED_EDGE('',*,*,#2826,.F.);
#2008=ORIENTED_EDGE('',*,*,#2819,.T.);
#2009=ORIENTED_EDGE('',*,*,#2835,.T.);
#2010=ORIENTED_EDGE('',*,*,#2836,.F.);
#2011=ORIENTED_EDGE('',*,*,#2837,.F.);
#2012=ORIENTED_EDGE('',*,*,#2821,.T.);
#2013=ORIENTED_EDGE('',*,*,#2838,.T.);
#2014=ORIENTED_EDGE('',*,*,#2839,.F.);
#2015=ORIENTED_EDGE('',*,*,#2838,.F.);
#2016=ORIENTED_EDGE('',*,*,#2820,.T.);
#2017=ORIENTED_EDGE('',*,*,#2840,.T.);
#2018=ORIENTED_EDGE('',*,*,#2841,.F.);
#2019=ORIENTED_EDGE('',*,*,#2840,.F.);
#2020=ORIENTED_EDGE('',*,*,#2824,.T.);
#2021=ORIENTED_EDGE('',*,*,#2842,.T.);
#2022=ORIENTED_EDGE('',*,*,#2843,.F.);
#2023=ORIENTED_EDGE('',*,*,#2842,.F.);
#2024=ORIENTED_EDGE('',*,*,#2823,.T.);
#2025=ORIENTED_EDGE('',*,*,#2844,.T.);
#2026=ORIENTED_EDGE('',*,*,#2845,.F.);
#2027=ORIENTED_EDGE('',*,*,#2844,.F.);
#2028=ORIENTED_EDGE('',*,*,#2822,.T.);
#2029=ORIENTED_EDGE('',*,*,#2837,.T.);
#2030=ORIENTED_EDGE('',*,*,#2836,.T.);
#2031=ORIENTED_EDGE('',*,*,#2839,.T.);
#2032=ORIENTED_EDGE('',*,*,#2841,.T.);
#2033=ORIENTED_EDGE('',*,*,#2843,.T.);
#2034=ORIENTED_EDGE('',*,*,#2845,.T.);
#2035=ORIENTED_EDGE('',*,*,#2631,.F.);
#2036=ORIENTED_EDGE('',*,*,#2606,.F.);
#2037=ORIENTED_EDGE('',*,*,#2633,.F.);
#2038=ORIENTED_EDGE('',*,*,#2609,.F.);
#2039=ORIENTED_EDGE('',*,*,#2632,.F.);
#2040=ORIENTED_EDGE('',*,*,#2611,.F.);
#2041=ORIENTED_EDGE('',*,*,#2397,.F.);
#2042=ORIENTED_EDGE('',*,*,#2614,.F.);
#2043=ORIENTED_EDGE('',*,*,#2665,.F.);
#2044=ORIENTED_EDGE('',*,*,#2648,.F.);
#2045=ORIENTED_EDGE('',*,*,#2415,.F.);
#2046=ORIENTED_EDGE('',*,*,#2651,.F.);
#2047=ORIENTED_EDGE('',*,*,#2666,.F.);
#2048=ORIENTED_EDGE('',*,*,#2643,.F.);
#2049=ORIENTED_EDGE('',*,*,#2667,.F.);
#2050=ORIENTED_EDGE('',*,*,#2646,.F.);
#2051=EDGE_CURVE('',#2846,#2847,#3395,.T.);
#2052=EDGE_CURVE('',#2847,#2848,#3396,.T.);
#2053=EDGE_CURVE('',#2848,#2849,#3397,.T.);
#2054=EDGE_CURVE('',#2849,#2846,#3398,.T.);
#2055=EDGE_CURVE('',#2850,#2850,#282,.T.);
#2056=EDGE_CURVE('',#2851,#2851,#283,.T.);
#2057=EDGE_CURVE('',#2852,#2852,#284,.T.);
#2058=EDGE_CURVE('',#2853,#2854,#3399,.T.);
#2059=EDGE_CURVE('',#2855,#2853,#3400,.T.);
#2060=EDGE_CURVE('',#2856,#2855,#3401,.T.);
#2061=EDGE_CURVE('',#2854,#2856,#3402,.T.);
#2062=EDGE_CURVE('',#2857,#2857,#285,.T.);
#2063=EDGE_CURVE('',#2858,#2858,#286,.T.);
#2064=EDGE_CURVE('',#2847,#2854,#3403,.T.);
#2065=EDGE_CURVE('',#2846,#2853,#3404,.T.);
#2066=EDGE_CURVE('',#2848,#2856,#3405,.T.);
#2067=EDGE_CURVE('',#2859,#2859,#287,.T.);
#2068=EDGE_CURVE('',#2849,#2855,#3406,.T.);
#2069=EDGE_CURVE('',#2860,#2860,#288,.T.);
#2070=EDGE_CURVE('',#2861,#2861,#289,.T.);
#2071=EDGE_CURVE('',#2862,#2863,#3407,.T.);
#2072=EDGE_CURVE('',#2862,#2864,#3408,.T.);
#2073=EDGE_CURVE('',#2864,#2865,#3409,.T.);
#2074=EDGE_CURVE('',#2865,#2866,#3410,.T.);
#2075=EDGE_CURVE('',#2866,#2867,#3411,.T.);
#2076=EDGE_CURVE('',#2867,#2868,#3412,.T.);
#2077=EDGE_CURVE('',#2869,#2868,#3413,.T.);
#2078=EDGE_CURVE('',#2870,#2869,#3414,.T.);
#2079=EDGE_CURVE('',#2871,#2870,#3415,.T.);
#2080=EDGE_CURVE('',#2872,#2871,#3416,.T.);
#2081=EDGE_CURVE('',#2873,#2872,#3417,.T.);
#2082=EDGE_CURVE('',#2874,#2873,#3418,.T.);
#2083=EDGE_CURVE('',#2875,#2874,#3419,.T.);
#2084=EDGE_CURVE('',#2876,#2875,#3420,.T.);
#2085=EDGE_CURVE('',#2877,#2876,#3421,.T.);
#2086=EDGE_CURVE('',#2863,#2877,#3422,.T.);
#2087=EDGE_CURVE('',#2878,#2878,#290,.T.);
#2088=EDGE_CURVE('',#2879,#2880,#3423,.T.);
#2089=EDGE_CURVE('',#2881,#2879,#3424,.T.);
#2090=EDGE_CURVE('',#2882,#2881,#3425,.T.);
#2091=EDGE_CURVE('',#2880,#2882,#3426,.T.);
#2092=EDGE_CURVE('',#2883,#2883,#291,.T.);
#2093=EDGE_CURVE('',#2867,#2880,#3427,.T.);
#2094=EDGE_CURVE('',#2866,#2879,#3428,.T.);
#2095=EDGE_CURVE('',#2864,#2882,#3429,.T.);
#2096=EDGE_CURVE('',#2884,#2862,#3430,.T.);
#2097=EDGE_CURVE('',#2885,#2884,#3431,.T.);
#2098=EDGE_CURVE('',#2885,#2868,#3432,.T.);
#2099=EDGE_CURVE('',#2865,#2881,#3433,.T.);
#2100=EDGE_CURVE('',#2886,#2869,#3434,.T.);
#2101=EDGE_CURVE('',#2887,#2886,#3435,.T.);
#2102=EDGE_CURVE('',#2887,#2870,#3436,.T.);
#2103=EDGE_CURVE('',#2886,#2885,#3437,.T.);
#2104=EDGE_CURVE('',#2888,#2863,#3438,.T.);
#2105=EDGE_CURVE('',#2884,#2888,#3439,.T.);
#2106=EDGE_CURVE('',#2889,#2877,#3440,.T.);
#2107=EDGE_CURVE('',#2888,#2889,#3441,.T.);
#2108=EDGE_CURVE('',#2890,#2876,#3442,.T.);
#2109=EDGE_CURVE('',#2889,#2890,#3443,.T.);
#2110=EDGE_CURVE('',#2891,#2875,#3444,.T.);
#2111=EDGE_CURVE('',#2890,#2891,#3445,.T.);
#2112=EDGE_CURVE('',#2892,#2874,#3446,.T.);
#2113=EDGE_CURVE('',#2891,#2892,#3447,.T.);
#2114=EDGE_CURVE('',#2893,#2873,#3448,.T.);
#2115=EDGE_CURVE('',#2892,#2893,#3449,.T.);
#2116=EDGE_CURVE('',#2894,#2872,#3450,.T.);
#2117=EDGE_CURVE('',#2893,#2894,#3451,.T.);
#2118=EDGE_CURVE('',#2895,#2871,#3452,.T.);
#2119=EDGE_CURVE('',#2894,#2895,#3453,.T.);
#2120=EDGE_CURVE('',#2895,#2887,#3454,.T.);
#2121=EDGE_CURVE('',#2896,#2897,#3455,.T.);
#2122=EDGE_CURVE('',#2897,#2898,#3456,.T.);
#2123=EDGE_CURVE('',#2899,#2898,#3457,.T.);
#2124=EDGE_CURVE('',#2896,#2899,#3458,.T.);
#2125=EDGE_CURVE('',#2900,#2900,#292,.T.);
#2126=EDGE_CURVE('',#2901,#2901,#293,.T.);
#2127=EDGE_CURVE('',#2902,#2897,#3459,.T.);
#2128=EDGE_CURVE('',#2903,#2896,#294,.T.);
#2129=EDGE_CURVE('',#2903,#2904,#3460,.T.);
#2130=EDGE_CURVE('',#2905,#2904,#3461,.T.);
#2131=EDGE_CURVE('',#2906,#2905,#295,.T.);
#2132=EDGE_CURVE('',#2906,#2907,#3462,.T.);
#2133=EDGE_CURVE('',#2908,#2907,#3463,.T.);
#2134=EDGE_CURVE('',#2909,#2908,#296,.T.);
#2135=EDGE_CURVE('',#2909,#2910,#3464,.T.);
#2136=EDGE_CURVE('',#2911,#2910,#3465,.T.);
#2137=EDGE_CURVE('',#2902,#2911,#297,.T.);
#2138=EDGE_CURVE('',#2912,#2912,#298,.T.);
#2139=EDGE_CURVE('',#2913,#2913,#299,.T.);
#2140=EDGE_CURVE('',#2914,#2914,#300,.T.);
#2141=EDGE_CURVE('',#2915,#2915,#301,.T.);
#2142=EDGE_CURVE('',#2916,#2916,#302,.T.);
#2143=EDGE_CURVE('',#2917,#2917,#303,.T.);
#2144=EDGE_CURVE('',#2918,#2918,#304,.T.);
#2145=EDGE_CURVE('',#2919,#2919,#305,.T.);
#2146=EDGE_CURVE('',#2920,#2920,#306,.T.);
#2147=EDGE_CURVE('',#2921,#2921,#307,.T.);
#2148=EDGE_CURVE('',#2922,#2922,#308,.T.);
#2149=EDGE_CURVE('',#2923,#2923,#309,.T.);
#2150=EDGE_CURVE('',#2924,#2924,#310,.T.);
#2151=EDGE_CURVE('',#2925,#2925,#311,.T.);
#2152=EDGE_CURVE('',#2926,#2926,#312,.T.);
#2153=EDGE_CURVE('',#2927,#2927,#313,.T.);
#2154=EDGE_CURVE('',#2928,#2928,#314,.T.);
#2155=EDGE_CURVE('',#2929,#2898,#3466,.T.);
#2156=EDGE_CURVE('',#2929,#2930,#315,.T.);
#2157=EDGE_CURVE('',#2930,#2931,#3467,.T.);
#2158=EDGE_CURVE('',#2932,#2931,#3468,.T.);
#2159=EDGE_CURVE('',#2932,#2933,#316,.T.);
#2160=EDGE_CURVE('',#2933,#2934,#3469,.T.);
#2161=EDGE_CURVE('',#2935,#2934,#3470,.T.);
#2162=EDGE_CURVE('',#2935,#2936,#317,.T.);
#2163=EDGE_CURVE('',#2936,#2937,#3471,.T.);
#2164=EDGE_CURVE('',#2938,#2937,#3472,.T.);
#2165=EDGE_CURVE('',#2938,#2899,#318,.T.);
#2166=EDGE_CURVE('',#2939,#2939,#319,.T.);
#2167=EDGE_CURVE('',#2940,#2940,#320,.T.);
#2168=EDGE_CURVE('',#2941,#2941,#321,.T.);
#2169=EDGE_CURVE('',#2942,#2942,#322,.T.);
#2170=EDGE_CURVE('',#2943,#2943,#323,.T.);
#2171=EDGE_CURVE('',#2944,#2944,#324,.T.);
#2172=EDGE_CURVE('',#2945,#2945,#325,.T.);
#2173=EDGE_CURVE('',#2946,#2946,#326,.T.);
#2174=EDGE_CURVE('',#2947,#2947,#327,.T.);
#2175=EDGE_CURVE('',#2948,#2948,#328,.T.);
#2176=EDGE_CURVE('',#2949,#2949,#329,.T.);
#2177=EDGE_CURVE('',#2950,#2950,#330,.T.);
#2178=EDGE_CURVE('',#2951,#2951,#331,.T.);
#2179=EDGE_CURVE('',#2952,#2952,#332,.T.);
#2180=EDGE_CURVE('',#2953,#2953,#333,.T.);
#2181=EDGE_CURVE('',#2954,#2954,#334,.T.);
#2182=EDGE_CURVE('',#2955,#2955,#335,.T.);
#2183=EDGE_CURVE('',#2956,#2956,#336,.T.);
#2184=EDGE_CURVE('',#2957,#2957,#337,.T.);
#2185=EDGE_CURVE('',#2903,#2938,#3473,.T.);
#2186=EDGE_CURVE('',#2937,#2904,#3474,.T.);
#2187=EDGE_CURVE('',#2905,#2936,#3475,.T.);
#2188=EDGE_CURVE('',#2910,#2931,#3476,.T.);
#2189=EDGE_CURVE('',#2911,#2930,#3477,.T.);
#2190=EDGE_CURVE('',#2902,#2929,#3478,.T.);
#2191=EDGE_CURVE('',#2907,#2934,#3479,.T.);
#2192=EDGE_CURVE('',#2908,#2933,#3480,.T.);
#2193=EDGE_CURVE('',#2909,#2932,#3481,.T.);
#2194=EDGE_CURVE('',#2906,#2935,#3482,.T.);
#2195=EDGE_CURVE('',#2958,#2959,#3483,.T.);
#2196=EDGE_CURVE('',#2959,#2960,#3484,.T.);
#2197=EDGE_CURVE('',#2960,#2961,#3485,.T.);
#2198=EDGE_CURVE('',#2961,#2958,#3486,.T.);
#2199=EDGE_CURVE('',#2962,#2963,#3487,.T.);
#2200=EDGE_CURVE('',#2964,#2962,#3488,.T.);
#2201=EDGE_CURVE('',#2965,#2964,#3489,.T.);
#2202=EDGE_CURVE('',#2963,#2965,#3490,.T.);
#2203=EDGE_CURVE('',#2966,#2967,#3491,.T.);
#2204=EDGE_CURVE('',#2967,#2968,#3492,.T.);
#2205=EDGE_CURVE('',#2968,#2969,#3493,.T.);
#2206=EDGE_CURVE('',#2969,#2966,#3494,.T.);
#2207=EDGE_CURVE('',#2970,#2971,#3495,.T.);
#2208=EDGE_CURVE('',#2972,#2970,#3496,.T.);
#2209=EDGE_CURVE('',#2973,#2972,#3497,.T.);
#2210=EDGE_CURVE('',#2971,#2973,#3498,.T.);
#2211=EDGE_CURVE('',#2966,#2974,#3499,.T.);
#2212=EDGE_CURVE('',#2975,#2974,#3500,.T.);
#2213=EDGE_CURVE('',#2967,#2975,#3501,.T.);
#2214=EDGE_CURVE('',#2976,#2975,#3502,.T.);
#2215=EDGE_CURVE('',#2976,#2965,#3503,.T.);
#2216=EDGE_CURVE('',#2977,#2964,#3504,.T.);
#2217=EDGE_CURVE('',#2978,#2977,#3505,.T.);
#2218=EDGE_CURVE('',#2968,#2978,#3506,.T.);
#2219=EDGE_CURVE('',#2979,#2978,#3507,.T.);
#2220=EDGE_CURVE('',#2969,#2979,#3508,.T.);
#2221=EDGE_CURVE('',#2980,#2979,#3509,.T.);
#2222=EDGE_CURVE('',#2980,#2962,#3510,.T.);
#2223=EDGE_CURVE('',#2981,#2963,#3511,.T.);
#2224=EDGE_CURVE('',#2974,#2981,#3512,.T.);
#2225=EDGE_CURVE('',#2970,#2959,#3513,.T.);
#2226=EDGE_CURVE('',#2971,#2960,#3514,.T.);
#2227=EDGE_CURVE('',#2973,#2961,#3515,.T.);
#2228=EDGE_CURVE('',#2972,#2958,#3516,.T.);
#2229=EDGE_CURVE('',#2981,#2976,#3517,.T.);
#2230=EDGE_CURVE('',#2977,#2980,#3518,.T.);
#2231=EDGE_CURVE('',#2982,#2983,#3519,.T.);
#2232=EDGE_CURVE('',#2982,#2984,#3520,.T.);
#2233=EDGE_CURVE('',#2984,#2985,#3521,.T.);
#2234=EDGE_CURVE('',#2985,#2983,#3522,.T.);
#2235=EDGE_CURVE('',#2986,#2986,#338,.T.);
#2236=EDGE_CURVE('',#2987,#2988,#3523,.T.);
#2237=EDGE_CURVE('',#2987,#2989,#3524,.T.);
#2238=EDGE_CURVE('',#2990,#2989,#3525,.T.);
#2239=EDGE_CURVE('',#2990,#2988,#3526,.T.);
#2240=EDGE_CURVE('',#2991,#2992,#3527,.T.);
#2241=EDGE_CURVE('',#2993,#2991,#3528,.T.);
#2242=EDGE_CURVE('',#2994,#2993,#3529,.T.);
#2243=EDGE_CURVE('',#2992,#2994,#3530,.T.);
#2244=EDGE_CURVE('',#2995,#2995,#339,.T.);
#2245=EDGE_CURVE('',#2996,#2996,#340,.T.);
#2246=EDGE_CURVE('',#2997,#2992,#3531,.T.);
#2247=EDGE_CURVE('',#2998,#2997,#3532,.T.);
#2248=EDGE_CURVE('',#2998,#2991,#3533,.T.);
#2249=EDGE_CURVE('',#2999,#2994,#3534,.T.);
#2250=EDGE_CURVE('',#3000,#2999,#3535,.T.);
#2251=EDGE_CURVE('',#3000,#2988,#3536,.T.);
#2252=EDGE_CURVE('',#3001,#2990,#3537,.T.);
#2253=EDGE_CURVE('',#2997,#3001,#3538,.T.);
#2254=EDGE_CURVE('',#3002,#3003,#3539,.T.);
#2255=EDGE_CURVE('',#3004,#3002,#3540,.T.);
#2256=EDGE_CURVE('',#3005,#3004,#3541,.T.);
#2257=EDGE_CURVE('',#3003,#3005,#3542,.T.);
#2258=EDGE_CURVE('',#3006,#2982,#3543,.T.);
#2259=EDGE_CURVE('',#3007,#3006,#341,.T.);
#2260=EDGE_CURVE('',#3008,#3007,#3544,.T.);
#2261=EDGE_CURVE('',#2999,#3008,#3545,.T.);
#2262=EDGE_CURVE('',#2984,#2993,#3546,.T.);
#2263=EDGE_CURVE('',#3009,#2998,#3547,.T.);
#2264=EDGE_CURVE('',#3009,#2989,#3548,.T.);
#2265=EDGE_CURVE('',#2985,#2987,#3549,.T.);
#2266=EDGE_CURVE('',#3010,#3010,#342,.T.);
#2267=EDGE_CURVE('',#3001,#3009,#3550,.T.);
#2268=EDGE_CURVE('',#3011,#3012,#3551,.T.);
#2269=EDGE_CURVE('',#3012,#3013,#3552,.T.);
#2270=EDGE_CURVE('',#3013,#3014,#3553,.T.);
#2271=EDGE_CURVE('',#3014,#3011,#3554,.T.);
#2272=EDGE_CURVE('',#3015,#3016,#343,.T.);
#2273=EDGE_CURVE('',#3016,#2983,#3555,.T.);
#2274=EDGE_CURVE('',#3017,#3000,#3556,.T.);
#2275=EDGE_CURVE('',#3017,#3015,#3557,.T.);
#2276=EDGE_CURVE('',#3017,#3008,#3558,.T.);
#2277=EDGE_CURVE('',#3015,#3007,#3559,.T.);
#2278=EDGE_CURVE('',#3016,#3006,#3560,.T.);
#2279=EDGE_CURVE('',#3012,#3004,#3561,.T.);
#2280=EDGE_CURVE('',#3013,#3002,#3562,.T.);
#2281=EDGE_CURVE('',#3011,#3005,#3563,.T.);
#2282=EDGE_CURVE('',#3014,#3003,#3564,.T.);
#2283=EDGE_CURVE('',#3018,#3019,#3565,.T.);
#2284=EDGE_CURVE('',#3019,#3020,#344,.T.);
#2285=EDGE_CURVE('',#3021,#3020,#3566,.T.);
#2286=EDGE_CURVE('',#3018,#3021,#345,.T.);
#2287=EDGE_CURVE('',#3022,#3022,#346,.T.);
#2288=EDGE_CURVE('',#3023,#3023,#347,.T.);
#2289=EDGE_CURVE('',#3024,#3024,#348,.T.);
#2290=EDGE_CURVE('',#3025,#3026,#349,.T.);
#2291=EDGE_CURVE('',#3027,#3026,#3567,.T.);
#2292=EDGE_CURVE('',#3028,#3027,#350,.T.);
#2293=EDGE_CURVE('',#3028,#3018,#3568,.T.);
#2294=EDGE_CURVE('',#3029,#3021,#3569,.T.);
#2295=EDGE_CURVE('',#3030,#3029,#351,.T.);
#2296=EDGE_CURVE('',#3030,#3025,#3570,.T.);
#2297=EDGE_CURVE('',#3031,#3031,#352,.T.);
#2298=EDGE_CURVE('',#3032,#3032,#353,.T.);
#2299=EDGE_CURVE('',#3033,#3033,#354,.T.);
#2300=EDGE_CURVE('',#3034,#3034,#355,.T.);
#2301=EDGE_CURVE('',#3035,#3035,#356,.T.);
#2302=EDGE_CURVE('',#3036,#3036,#357,.T.);
#2303=EDGE_CURVE('',#3037,#3037,#358,.T.);
#2304=EDGE_CURVE('',#3038,#3038,#359,.T.);
#2305=EDGE_CURVE('',#3039,#3040,#360,.T.);
#2306=EDGE_CURVE('',#3041,#3039,#3571,.T.);
#2307=EDGE_CURVE('',#3041,#3042,#361,.T.);
#2308=EDGE_CURVE('',#3042,#3020,#3572,.T.);
#2309=EDGE_CURVE('',#3043,#3019,#3573,.T.);
#2310=EDGE_CURVE('',#3043,#3044,#362,.T.);
#2311=EDGE_CURVE('',#3044,#3040,#3574,.T.);
#2312=EDGE_CURVE('',#3045,#3045,#363,.T.);
#2313=EDGE_CURVE('',#3046,#3046,#364,.T.);
#2314=EDGE_CURVE('',#3047,#3047,#365,.T.);
#2315=EDGE_CURVE('',#3048,#3048,#366,.T.);
#2316=EDGE_CURVE('',#3049,#3049,#367,.T.);
#2317=EDGE_CURVE('',#3050,#3050,#368,.T.);
#2318=EDGE_CURVE('',#3051,#3051,#369,.T.);
#2319=EDGE_CURVE('',#3052,#3052,#370,.T.);
#2320=EDGE_CURVE('',#3053,#3053,#371,.T.);
#2321=EDGE_CURVE('',#3026,#3040,#3575,.T.);
#2322=EDGE_CURVE('',#3025,#3039,#3576,.T.);
#2323=EDGE_CURVE('',#3054,#3054,#372,.T.);
#2324=EDGE_CURVE('',#3055,#3055,#373,.T.);
#2325=EDGE_CURVE('',#3029,#3042,#3577,.T.);
#2326=EDGE_CURVE('',#3030,#3041,#3578,.T.);
#2327=EDGE_CURVE('',#3027,#3044,#3579,.T.);
#2328=EDGE_CURVE('',#3028,#3043,#3580,.T.);
#2329=EDGE_CURVE('',#3056,#3056,#374,.T.);
#2330=EDGE_CURVE('',#3057,#3057,#375,.T.);
#2331=EDGE_CURVE('',#3058,#3059,#3581,.T.);
#2332=EDGE_CURVE('',#3059,#3060,#3582,.T.);
#2333=EDGE_CURVE('',#3060,#3061,#55,.T.);
#2334=EDGE_CURVE('',#3061,#3062,#56,.T.);
#2335=EDGE_CURVE('',#3062,#3063,#57,.T.);
#2336=EDGE_CURVE('',#3063,#3064,#3583,.T.);
#2337=EDGE_CURVE('',#3064,#3065,#3584,.T.);
#2338=EDGE_CURVE('',#3065,#3066,#3585,.T.);
#2339=EDGE_CURVE('',#3066,#3067,#3586,.T.);
#2340=EDGE_CURVE('',#3067,#3068,#3587,.T.);
#2341=EDGE_CURVE('',#3068,#3058,#3588,.T.);
#2342=EDGE_CURVE('',#3069,#3070,#3589,.T.);
#2343=EDGE_CURVE('',#3070,#3071,#3590,.T.);
#2344=EDGE_CURVE('',#3071,#3072,#3591,.T.);
#2345=EDGE_CURVE('',#3072,#3073,#376,.T.);
#2346=EDGE_CURVE('',#3073,#3074,#58,.T.);
#2347=EDGE_CURVE('',#3074,#3075,#59,.T.);
#2348=EDGE_CURVE('',#3075,#3076,#60,.T.);
#2349=EDGE_CURVE('',#3076,#3069,#61,.T.);
#2350=EDGE_CURVE('',#3077,#3078,#3592,.T.);
#2351=EDGE_CURVE('',#3078,#3079,#3593,.T.);
#2352=EDGE_CURVE('',#3079,#3080,#3594,.T.);
#2353=EDGE_CURVE('',#3080,#3081,#377,.T.);
#2354=EDGE_CURVE('',#3081,#3082,#62,.T.);
#2355=EDGE_CURVE('',#3082,#3083,#63,.T.);
#2356=EDGE_CURVE('',#3083,#3084,#64,.T.);
#2357=EDGE_CURVE('',#3084,#3077,#65,.T.);
#2358=EDGE_CURVE('',#3085,#3086,#3595,.T.);
#2359=EDGE_CURVE('',#3086,#3087,#3596,.T.);
#2360=EDGE_CURVE('',#3087,#3088,#3597,.T.);
#2361=EDGE_CURVE('',#3088,#3089,#378,.T.);
#2362=EDGE_CURVE('',#3089,#3090,#66,.T.);
#2363=EDGE_CURVE('',#3090,#3091,#67,.T.);
#2364=EDGE_CURVE('',#3091,#3092,#68,.T.);
#2365=EDGE_CURVE('',#3092,#3085,#69,.T.);
#2366=EDGE_CURVE('',#3093,#3094,#70,.T.);
#2367=EDGE_CURVE('',#3094,#3095,#3598,.T.);
#2368=EDGE_CURVE('',#3095,#3096,#71,.T.);
#2369=EDGE_CURVE('',#3096,#3097,#72,.T.);
#2370=EDGE_CURVE('',#3097,#3098,#73,.T.);
#2371=EDGE_CURVE('',#3098,#3099,#74,.T.);
#2372=EDGE_CURVE('',#3099,#3100,#3599,.T.);
#2373=EDGE_CURVE('',#3100,#3101,#3600,.T.);
#2374=EDGE_CURVE('',#3101,#3102,#3601,.T.);
#2375=EDGE_CURVE('',#3102,#3103,#75,.T.);
#2376=EDGE_CURVE('',#3103,#3104,#76,.T.);
#2377=EDGE_CURVE('',#3104,#3105,#379,.T.);
#2378=EDGE_CURVE('',#3105,#3093,#77,.T.);
#2379=EDGE_CURVE('',#3106,#3107,#3602,.T.);
#2380=EDGE_CURVE('',#3107,#3108,#3603,.T.);
#2381=EDGE_CURVE('',#3108,#3109,#3604,.T.);
#2382=EDGE_CURVE('',#3109,#3110,#3605,.T.);
#2383=EDGE_CURVE('',#3110,#3111,#3606,.T.);
#2384=EDGE_CURVE('',#3111,#3112,#3607,.T.);
#2385=EDGE_CURVE('',#3112,#3113,#3608,.T.);
#2386=EDGE_CURVE('',#3113,#3114,#3609,.T.);
#2387=EDGE_CURVE('',#3114,#3115,#3610,.T.);
#2388=EDGE_CURVE('',#3115,#3116,#3611,.T.);
#2389=EDGE_CURVE('',#3116,#3117,#3612,.T.);
#2390=EDGE_CURVE('',#3117,#3118,#3613,.T.);
#2391=EDGE_CURVE('',#3118,#3106,#3614,.T.);
#2392=EDGE_CURVE('',#3119,#3120,#3615,.T.);
#2393=EDGE_CURVE('',#3120,#3121,#3616,.T.);
#2394=EDGE_CURVE('',#3121,#3122,#3617,.T.);
#2395=EDGE_CURVE('',#3122,#3119,#3618,.T.);
#2396=EDGE_CURVE('',#3123,#3124,#3619,.T.);
#2397=EDGE_CURVE('',#3124,#3125,#380,.T.);
#2398=EDGE_CURVE('',#3126,#3125,#3620,.T.);
#2399=EDGE_CURVE('',#3127,#3126,#3621,.T.);
#2400=EDGE_CURVE('',#3128,#3127,#3622,.T.);
#2401=EDGE_CURVE('',#3128,#3129,#3623,.T.);
#2402=EDGE_CURVE('',#3129,#3130,#3624,.T.);
#2403=EDGE_CURVE('',#3130,#3131,#381,.F.);
#2404=EDGE_CURVE('',#3123,#3131,#3625,.T.);
#2405=EDGE_CURVE('',#3132,#3133,#3626,.T.);
#2406=EDGE_CURVE('',#3134,#3133,#3627,.T.);
#2407=EDGE_CURVE('',#3134,#3135,#3628,.F.);
#2408=EDGE_CURVE('',#3136,#3135,#3629,.T.);
#2409=EDGE_CURVE('',#3137,#3136,#3630,.T.);
#2410=EDGE_CURVE('',#3137,#3138,#3631,.T.);
#2411=EDGE_CURVE('',#3139,#3138,#3632,.T.);
#2412=EDGE_CURVE('',#3140,#3139,#3633,.T.);
#2413=EDGE_CURVE('',#3132,#3140,#3634,.T.);
#2414=EDGE_CURVE('',#3141,#3142,#3635,.T.);
#2415=EDGE_CURVE('',#3141,#3143,#382,.T.);
#2416=EDGE_CURVE('',#3134,#3143,#3636,.T.);
#2417=EDGE_CURVE('',#3133,#3144,#3637,.T.);
#2418=EDGE_CURVE('',#3145,#3144,#3638,.T.);
#2419=EDGE_CURVE('',#3145,#3146,#3639,.T.);
#2420=EDGE_CURVE('',#3147,#3146,#383,.T.);
#2421=EDGE_CURVE('',#3142,#3147,#3640,.T.);
#2422=EDGE_CURVE('',#3148,#3149,#3641,.T.);
#2423=EDGE_CURVE('',#3149,#3150,#3642,.T.);
#2424=EDGE_CURVE('',#3150,#3151,#3643,.T.);
#2425=EDGE_CURVE('',#3151,#3152,#3644,.T.);
#2426=EDGE_CURVE('',#3152,#3153,#3645,.T.);
#2427=EDGE_CURVE('',#3153,#3148,#3646,.F.);
#2428=EDGE_CURVE('',#3154,#3155,#3647,.T.);
#2429=EDGE_CURVE('',#3154,#3156,#3648,.T.);
#2430=EDGE_CURVE('',#3156,#3157,#3649,.T.);
#2431=EDGE_CURVE('',#3157,#3158,#3650,.T.);
#2432=EDGE_CURVE('',#3158,#3159,#3651,.F.);
#2433=EDGE_CURVE('',#3159,#3155,#3652,.F.);
#2434=EDGE_CURVE('',#3160,#3161,#3653,.T.);
#2435=EDGE_CURVE('',#3161,#3162,#3654,.T.);
#2436=EDGE_CURVE('',#3163,#3162,#3655,.T.);
#2437=EDGE_CURVE('',#3160,#3163,#3656,.T.);
#2438=EDGE_CURVE('',#3164,#3165,#3657,.T.);
#2439=EDGE_CURVE('',#3166,#3164,#3658,.T.);
#2440=EDGE_CURVE('',#3166,#3167,#3659,.T.);
#2441=EDGE_CURVE('',#3167,#3165,#3660,.T.);
#2442=EDGE_CURVE('',#3168,#3169,#3661,.T.);
#2443=EDGE_CURVE('',#3168,#3170,#384,.F.);
#2444=EDGE_CURVE('',#3170,#3171,#385,.T.);
#2445=EDGE_CURVE('',#3171,#3169,#386,.F.);
#2446=EDGE_CURVE('',#3172,#3173,#3662,.T.);
#2447=EDGE_CURVE('',#3172,#3174,#387,.T.);
#2448=EDGE_CURVE('',#3175,#3174,#388,.T.);
#2449=EDGE_CURVE('',#3175,#3176,#3663,.T.);
#2450=EDGE_CURVE('',#3176,#3177,#389,.T.);
#2451=EDGE_CURVE('',#3177,#3178,#3664,.T.);
#2452=EDGE_CURVE('',#3178,#3179,#390,.T.);
#2453=EDGE_CURVE('',#3179,#3180,#3665,.T.);
#2454=EDGE_CURVE('',#3181,#3180,#391,.T.);
#2455=EDGE_CURVE('',#3181,#3182,#392,.T.);
#2456=EDGE_CURVE('',#3183,#3182,#3666,.T.);
#2457=EDGE_CURVE('',#3183,#3184,#393,.F.);
#2458=EDGE_CURVE('',#3185,#3184,#3667,.T.);
#2459=EDGE_CURVE('',#3185,#3173,#394,.F.);
#2460=EDGE_CURVE('',#3186,#3136,#395,.T.);
#2461=EDGE_CURVE('',#3186,#3187,#396,.T.);
#2462=EDGE_CURVE('',#3188,#3187,#3668,.T.);
#2463=EDGE_CURVE('',#3188,#3189,#397,.F.);
#2464=EDGE_CURVE('',#3190,#3189,#3669,.T.);
#2465=EDGE_CURVE('',#3190,#3191,#398,.T.);
#2466=EDGE_CURVE('',#3180,#3191,#399,.T.);
#2467=EDGE_CURVE('',#3180,#3192,#3670,.T.);
#2468=EDGE_CURVE('',#3192,#3137,#400,.T.);
#2469=EDGE_CURVE('',#3135,#3193,#401,.T.);
#2470=EDGE_CURVE('',#3193,#3175,#3671,.T.);
#2471=EDGE_CURVE('',#3194,#3175,#402,.T.);
#2472=EDGE_CURVE('',#3195,#3194,#3672,.T.);
#2473=EDGE_CURVE('',#3196,#3195,#3673,.T.);
#2474=EDGE_CURVE('',#3136,#3196,#403,.T.);
#2475=EDGE_CURVE('',#3197,#3198,#404,.T.);
#2476=EDGE_CURVE('',#3198,#3199,#3674,.F.);
#2477=EDGE_CURVE('',#3200,#3199,#405,.T.);
#2478=EDGE_CURVE('',#3200,#3201,#3675,.T.);
#2479=EDGE_CURVE('',#3201,#3202,#406,.T.);
#2480=EDGE_CURVE('',#3202,#3181,#3676,.T.);
#2481=EDGE_CURVE('',#3191,#3203,#3677,.F.);
#2482=EDGE_CURVE('',#3203,#3204,#407,.T.);
#2483=EDGE_CURVE('',#3204,#3186,#3678,.T.);
#2484=EDGE_CURVE('',#3205,#3196,#3679,.T.);
#2485=EDGE_CURVE('',#3205,#3206,#408,.T.);
#2486=EDGE_CURVE('',#3194,#3206,#3680,.F.);
#2487=EDGE_CURVE('',#3174,#3197,#3681,.F.);
#2488=EDGE_CURVE('',#3207,#3208,#3682,.T.);
#2489=EDGE_CURVE('',#3208,#3176,#3683,.F.);
#2490=EDGE_CURVE('',#3193,#3209,#3684,.T.);
#2491=EDGE_CURVE('',#3209,#3210,#3685,.T.);
#2492=EDGE_CURVE('',#3210,#3207,#3686,.T.);
#2493=EDGE_CURVE('',#3211,#3212,#3687,.T.);
#2494=EDGE_CURVE('',#3212,#3213,#3688,.T.);
#2495=EDGE_CURVE('',#3213,#3214,#3689,.T.);
#2496=EDGE_CURVE('',#3127,#3214,#3690,.T.);
#2497=EDGE_CURVE('',#3126,#3178,#3691,.F.);
#2498=EDGE_CURVE('',#3177,#3211,#3692,.T.);
#2499=EDGE_CURVE('',#3179,#3215,#3693,.T.);
#2500=EDGE_CURVE('',#3215,#3216,#3694,.T.);
#2501=EDGE_CURVE('',#3216,#3217,#3695,.T.);
#2502=EDGE_CURVE('',#3218,#3217,#3696,.F.);
#2503=EDGE_CURVE('',#3218,#3192,#3697,.F.);
#2504=EDGE_CURVE('',#3219,#3220,#3698,.T.);
#2505=EDGE_CURVE('',#3220,#3221,#3699,.T.);
#2506=EDGE_CURVE('',#3221,#3222,#3700,.T.);
#2507=EDGE_CURVE('',#3222,#3219,#3701,.T.);
#2508=EDGE_CURVE('',#3162,#3223,#3702,.T.);
#2509=EDGE_CURVE('',#3223,#3224,#3703,.T.);
#2510=EDGE_CURVE('',#3225,#3224,#3704,.T.);
#2511=EDGE_CURVE('',#3225,#3226,#3705,.F.);
#2512=EDGE_CURVE('',#3163,#3226,#3706,.T.);
#2513=EDGE_CURVE('',#3227,#3228,#3707,.T.);
#2514=EDGE_CURVE('',#3227,#3229,#3708,.T.);
#2515=EDGE_CURVE('',#3230,#3229,#3709,.T.);
#2516=EDGE_CURVE('',#3230,#3168,#3710,.F.);
#2517=EDGE_CURVE('',#3169,#3231,#3711,.T.);
#2518=EDGE_CURVE('',#3232,#3231,#3712,.T.);
#2519=EDGE_CURVE('',#3232,#3228,#3713,.F.);
#2520=EDGE_CURVE('',#3170,#3233,#3714,.T.);
#2521=EDGE_CURVE('',#3233,#3234,#409,.T.);
#2522=EDGE_CURVE('',#3234,#3171,#3715,.F.);
#2523=EDGE_CURVE('',#3235,#3166,#3716,.T.);
#2524=EDGE_CURVE('',#3235,#3236,#3717,.T.);
#2525=EDGE_CURVE('',#3236,#3237,#3718,.T.);
#2526=EDGE_CURVE('',#3237,#3238,#3719,.T.);
#2527=EDGE_CURVE('',#3167,#3238,#3720,.T.);
#2528=EDGE_CURVE('',#3239,#3239,#410,.T.);
#2529=EDGE_CURVE('',#3165,#3161,#411,.T.);
#2530=EDGE_CURVE('',#3238,#3200,#412,.F.);
#2531=EDGE_CURVE('',#3199,#3223,#413,.F.);
#2532=EDGE_CURVE('',#3224,#3198,#414,.T.);
#2533=EDGE_CURVE('',#3197,#3240,#415,.F.);
#2534=EDGE_CURVE('',#3240,#3241,#3721,.T.);
#2535=EDGE_CURVE('',#3241,#3242,#416,.T.);
#2536=EDGE_CURVE('',#3242,#3243,#3722,.T.);
#2537=EDGE_CURVE('',#3243,#3244,#417,.T.);
#2538=EDGE_CURVE('',#3244,#3245,#3723,.T.);
#2539=EDGE_CURVE('',#3245,#3202,#418,.F.);
#2540=EDGE_CURVE('',#3201,#3237,#419,.T.);
#2541=EDGE_CURVE('',#3236,#3232,#420,.F.);
#2542=EDGE_CURVE('',#3231,#3234,#421,.T.);
#2543=EDGE_CURVE('',#3233,#3230,#422,.T.);
#2544=EDGE_CURVE('',#3229,#3225,#423,.F.);
#2545=EDGE_CURVE('',#3173,#3241,#3724,.F.);
#2546=EDGE_CURVE('',#3240,#3172,#3725,.F.);
#2547=EDGE_CURVE('',#3244,#3183,#3726,.T.);
#2548=EDGE_CURVE('',#3182,#3245,#3727,.T.);
#2549=EDGE_CURVE('',#3184,#3243,#3728,.F.);
#2550=EDGE_CURVE('',#3242,#3185,#3729,.T.);
#2551=EDGE_CURVE('',#3205,#3246,#3730,.T.);
#2552=EDGE_CURVE('',#3246,#3206,#3731,.T.);
#2553=EDGE_CURVE('',#3246,#3195,#3732,.T.);
#2554=EDGE_CURVE('',#3247,#3248,#3733,.T.);
#2555=EDGE_CURVE('',#3247,#3190,#3734,.F.);
#2556=EDGE_CURVE('',#3189,#3248,#3735,.F.);
#2557=EDGE_CURVE('',#3187,#3249,#3736,.T.);
#2558=EDGE_CURVE('',#3250,#3249,#3737,.T.);
#2559=EDGE_CURVE('',#3250,#3188,#3738,.T.);
#2560=EDGE_CURVE('',#3248,#3250,#424,.T.);
#2561=EDGE_CURVE('',#3249,#3204,#425,.F.);
#2562=EDGE_CURVE('',#3203,#3247,#426,.F.);
#2563=EDGE_CURVE('',#3226,#3227,#427,.T.);
#2564=EDGE_CURVE('',#3228,#3235,#428,.T.);
#2565=EDGE_CURVE('',#3164,#3160,#429,.T.);
#2566=EDGE_CURVE('',#3251,#3252,#3739,.T.);
#2567=EDGE_CURVE('',#3253,#3251,#3740,.T.);
#2568=EDGE_CURVE('',#3254,#3253,#3741,.T.);
#2569=EDGE_CURVE('',#3252,#3254,#3742,.T.);
#2570=EDGE_CURVE('',#3253,#3120,#3743,.T.);
#2571=EDGE_CURVE('',#3251,#3121,#3744,.T.);
#2572=EDGE_CURVE('',#3252,#3122,#3745,.T.);
#2573=EDGE_CURVE('',#3254,#3119,#3746,.T.);
#2574=EDGE_CURVE('',#3255,#3255,#430,.T.);
#2575=EDGE_CURVE('',#3256,#3256,#431,.T.);
#2576=EDGE_CURVE('',#3257,#3257,#432,.T.);
#2577=EDGE_CURVE('',#3258,#3258,#433,.T.);
#2578=EDGE_CURVE('',#3259,#3259,#434,.T.);
#2579=EDGE_CURVE('',#3260,#3260,#435,.T.);
#2580=EDGE_CURVE('',#3261,#3261,#436,.T.);
#2581=EDGE_CURVE('',#3219,#3157,#47,.F.);
#2582=EDGE_CURVE('',#3158,#3222,#48,.F.);
#2583=EDGE_CURVE('',#3217,#3221,#49,.F.);
#2584=EDGE_CURVE('',#3222,#3216,#50,.F.);
#2585=EDGE_CURVE('',#3207,#3219,#51,.F.);
#2586=EDGE_CURVE('',#3220,#3210,#52,.F.);
#2587=EDGE_CURVE('',#3152,#3220,#53,.F.);
#2588=EDGE_CURVE('',#3221,#3151,#54,.F.);
#2589=EDGE_CURVE('',#3217,#3151,#437,.T.);
#2590=EDGE_CURVE('',#3150,#3218,#438,.F.);
#2591=EDGE_CURVE('',#3152,#3210,#439,.T.);
#2592=EDGE_CURVE('',#3209,#3153,#440,.T.);
#2593=EDGE_CURVE('',#3207,#3157,#441,.T.);
#2594=EDGE_CURVE('',#3156,#3208,#442,.F.);
#2595=EDGE_CURVE('',#3158,#3216,#443,.T.);
#2596=EDGE_CURVE('',#3215,#3159,#444,.T.);
#2597=EDGE_CURVE('',#3154,#3211,#3747,.T.);
#2598=EDGE_CURVE('',#3155,#3126,#3748,.T.);
#2599=EDGE_CURVE('',#3148,#3134,#3749,.T.);
#2600=EDGE_CURVE('',#3149,#3138,#3750,.T.);
#2601=EDGE_CURVE('',#3262,#3263,#3751,.T.);
#2602=EDGE_CURVE('',#3264,#3262,#3752,.T.);
#2603=EDGE_CURVE('',#3264,#3265,#3753,.T.);
#2604=EDGE_CURVE('',#3265,#3263,#3754,.T.);
#2605=EDGE_CURVE('',#3266,#3262,#3755,.T.);
#2606=EDGE_CURVE('',#3266,#3267,#3756,.F.);
#2607=EDGE_CURVE('',#3267,#3264,#3757,.T.);
#2608=EDGE_CURVE('',#3154,#3268,#3758,.T.);
#2609=EDGE_CURVE('',#3268,#3269,#3759,.T.);
#2610=EDGE_CURVE('',#3211,#3269,#3760,.T.);
#2611=EDGE_CURVE('',#3125,#3270,#3761,.F.);
#2612=EDGE_CURVE('',#3155,#3270,#3762,.T.);
#2613=EDGE_CURVE('',#3271,#3272,#3763,.T.);
#2614=EDGE_CURVE('',#3272,#3124,#3764,.T.);
#2615=EDGE_CURVE('',#3271,#3123,#3765,.T.);
#2616=EDGE_CURVE('',#3273,#3131,#3766,.T.);
#2617=EDGE_CURVE('',#3271,#3273,#3767,.T.);
#2618=EDGE_CURVE('',#3274,#3130,#3768,.T.);
#2619=EDGE_CURVE('',#3274,#3273,#445,.F.);
#2620=EDGE_CURVE('',#3275,#3129,#3769,.T.);
#2621=EDGE_CURVE('',#3275,#3274,#3770,.T.);
#2622=EDGE_CURVE('',#3276,#3277,#3771,.T.);
#2623=EDGE_CURVE('',#3278,#3276,#3772,.T.);
#2624=EDGE_CURVE('',#3278,#3275,#3773,.T.);
#2625=EDGE_CURVE('',#3277,#3128,#3774,.T.);
#2626=EDGE_CURVE('',#3276,#3279,#3775,.T.);
#2627=EDGE_CURVE('',#3280,#3279,#3776,.T.);
#2628=EDGE_CURVE('',#3278,#3280,#3777,.T.);
#2629=EDGE_CURVE('',#3263,#3279,#446,.F.);
#2630=EDGE_CURVE('',#3265,#3280,#447,.F.);
#2631=EDGE_CURVE('',#3267,#3268,#448,.F.);
#2632=EDGE_CURVE('',#3270,#3272,#449,.F.);
#2633=EDGE_CURVE('',#3269,#3266,#450,.T.);
#2634=EDGE_CURVE('',#3277,#3212,#3778,.T.);
#2635=EDGE_CURVE('',#3281,#3282,#451,.T.);
#2636=EDGE_CURVE('',#3283,#3282,#3779,.T.);
#2637=EDGE_CURVE('',#3284,#3283,#452,.T.);
#2638=EDGE_CURVE('',#3284,#3281,#3780,.T.);
#2639=EDGE_CURVE('',#3285,#3282,#3781,.T.);
#2640=EDGE_CURVE('',#3286,#3285,#3782,.T.);
#2641=EDGE_CURVE('',#3286,#3283,#3783,.T.);
#2642=EDGE_CURVE('',#3285,#3287,#3784,.T.);
#2643=EDGE_CURVE('',#3287,#3288,#3785,.F.);
#2644=EDGE_CURVE('',#3286,#3288,#3786,.T.);
#2645=EDGE_CURVE('',#3149,#3289,#3787,.T.);
#2646=EDGE_CURVE('',#3289,#3290,#3788,.T.);
#2647=EDGE_CURVE('',#3138,#3290,#3789,.T.);
#2648=EDGE_CURVE('',#3143,#3291,#3790,.F.);
#2649=EDGE_CURVE('',#3148,#3291,#3791,.T.);
#2650=EDGE_CURVE('',#3292,#3293,#3792,.T.);
#2651=EDGE_CURVE('',#3292,#3141,#3793,.T.);
#2652=EDGE_CURVE('',#3293,#3142,#3794,.T.);
#2653=EDGE_CURVE('',#3294,#3147,#3795,.T.);
#2654=EDGE_CURVE('',#3293,#3294,#3796,.T.);
#2655=EDGE_CURVE('',#3295,#3146,#3797,.T.);
#2656=EDGE_CURVE('',#3294,#3295,#453,.T.);
#2657=EDGE_CURVE('',#3296,#3145,#3798,.T.);
#2658=EDGE_CURVE('',#3296,#3295,#3799,.T.);
#2659=EDGE_CURVE('',#3144,#3297,#3800,.T.);
#2660=EDGE_CURVE('',#3297,#3298,#3801,.T.);
#2661=EDGE_CURVE('',#3299,#3298,#3802,.T.);
#2662=EDGE_CURVE('',#3296,#3299,#3803,.T.);
#2663=EDGE_CURVE('',#3298,#3281,#3804,.T.);
#2664=EDGE_CURVE('',#3299,#3284,#3805,.T.);
#2665=EDGE_CURVE('',#3291,#3292,#454,.F.);
#2666=EDGE_CURVE('',#3288,#3289,#455,.F.);
#2667=EDGE_CURVE('',#3290,#3287,#456,.T.);
#2668=EDGE_CURVE('',#3139,#3297,#3806,.T.);
#2669=EDGE_CURVE('',#3297,#3140,#3807,.T.);
#2670=EDGE_CURVE('',#3144,#3132,#3808,.T.);
#2671=EDGE_CURVE('',#3214,#3128,#3809,.T.);
#2672=EDGE_CURVE('',#3213,#3277,#3810,.T.);
#2673=EDGE_CURVE('',#3300,#3106,#3811,.T.);
#2674=EDGE_CURVE('',#3300,#3301,#3812,.T.);
#2675=EDGE_CURVE('',#3301,#3107,#3813,.T.);
#2676=EDGE_CURVE('',#3302,#3118,#3814,.T.);
#2677=EDGE_CURVE('',#3302,#3300,#3815,.T.);
#2678=EDGE_CURVE('',#3303,#3117,#3816,.T.);
#2679=EDGE_CURVE('',#3303,#3302,#3817,.T.);
#2680=EDGE_CURVE('',#3304,#3116,#3818,.T.);
#2681=EDGE_CURVE('',#3304,#3303,#3819,.T.);
#2682=EDGE_CURVE('',#3305,#3115,#3820,.T.);
#2683=EDGE_CURVE('',#3305,#3304,#3821,.T.);
#2684=EDGE_CURVE('',#3306,#3114,#3822,.T.);
#2685=EDGE_CURVE('',#3306,#3305,#3823,.T.);
#2686=EDGE_CURVE('',#3307,#3113,#3824,.T.);
#2687=EDGE_CURVE('',#3307,#3306,#3825,.T.);
#2688=EDGE_CURVE('',#3308,#3112,#3826,.T.);
#2689=EDGE_CURVE('',#3308,#3307,#3827,.T.);
#2690=EDGE_CURVE('',#3309,#3111,#3828,.T.);
#2691=EDGE_CURVE('',#3309,#3308,#3829,.T.);
#2692=EDGE_CURVE('',#3310,#3110,#3830,.T.);
#2693=EDGE_CURVE('',#3310,#3309,#3831,.T.);
#2694=EDGE_CURVE('',#3311,#3109,#3832,.T.);
#2695=EDGE_CURVE('',#3311,#3310,#3833,.T.);
#2696=EDGE_CURVE('',#3312,#3108,#3834,.T.);
#2697=EDGE_CURVE('',#3312,#3311,#3835,.T.);
#2698=EDGE_CURVE('',#3301,#3312,#3836,.T.);
#2699=EDGE_CURVE('',#3313,#3093,#3837,.T.);
#2700=EDGE_CURVE('',#3313,#3314,#78,.T.);
#2701=EDGE_CURVE('',#3314,#3094,#3838,.T.);
#2702=EDGE_CURVE('',#3315,#3105,#79,.T.);
#2703=EDGE_CURVE('',#3315,#3313,#80,.T.);
#2704=EDGE_CURVE('',#3316,#3104,#81,.F.);
#2705=EDGE_CURVE('',#3316,#3315,#457,.T.);
#2706=EDGE_CURVE('',#3317,#3103,#3839,.T.);
#2707=EDGE_CURVE('',#3317,#3316,#82,.T.);
#2708=EDGE_CURVE('',#3318,#3102,#3840,.T.);
#2709=EDGE_CURVE('',#3318,#3317,#83,.T.);
#2710=EDGE_CURVE('',#3319,#3101,#3841,.T.);
#2711=EDGE_CURVE('',#3319,#3318,#3842,.T.);
#2712=EDGE_CURVE('',#3320,#3100,#3843,.T.);
#2713=EDGE_CURVE('',#3320,#3319,#3844,.T.);
#2714=EDGE_CURVE('',#3321,#3099,#3845,.T.);
#2715=EDGE_CURVE('',#3321,#3320,#3846,.T.);
#2716=EDGE_CURVE('',#3322,#3098,#3847,.T.);
#2717=EDGE_CURVE('',#3322,#3321,#84,.T.);
#2718=EDGE_CURVE('',#3323,#3097,#3848,.T.);
#2719=EDGE_CURVE('',#3323,#3322,#85,.T.);
#2720=EDGE_CURVE('',#3324,#3096,#3849,.T.);
#2721=EDGE_CURVE('',#3324,#3323,#86,.T.);
#2722=EDGE_CURVE('',#3325,#3095,#3850,.T.);
#2723=EDGE_CURVE('',#3325,#3324,#87,.T.);
#2724=EDGE_CURVE('',#3314,#3325,#3851,.T.);
#2725=EDGE_CURVE('',#3326,#3327,#3852,.T.);
#2726=EDGE_CURVE('',#3328,#3326,#88,.T.);
#2727=EDGE_CURVE('',#3329,#3328,#89,.T.);
#2728=EDGE_CURVE('',#3330,#3329,#90,.T.);
#2729=EDGE_CURVE('',#3331,#3330,#91,.T.);
#2730=EDGE_CURVE('',#3332,#3331,#458,.T.);
#2731=EDGE_CURVE('',#3333,#3332,#3853,.T.);
#2732=EDGE_CURVE('',#3327,#3333,#3854,.T.);
#2733=EDGE_CURVE('',#3334,#3335,#92,.T.);
#2734=EDGE_CURVE('',#3336,#3334,#93,.T.);
#2735=EDGE_CURVE('',#3337,#3336,#94,.T.);
#2736=EDGE_CURVE('',#3335,#3337,#95,.T.);
#2737=EDGE_CURVE('',#3326,#3085,#3855,.T.);
#2738=EDGE_CURVE('',#3327,#3086,#3856,.T.);
#2739=EDGE_CURVE('',#3328,#3092,#3857,.T.);
#2740=EDGE_CURVE('',#3329,#3091,#3858,.T.);
#2741=EDGE_CURVE('',#3330,#3090,#3859,.T.);
#2742=EDGE_CURVE('',#3331,#3089,#96,.T.);
#2743=EDGE_CURVE('',#3332,#3088,#3860,.T.);
#2744=EDGE_CURVE('',#3333,#3087,#3861,.T.);
#2745=EDGE_CURVE('',#3338,#3339,#97,.T.);
#2746=EDGE_CURVE('',#3336,#3338,#3862,.T.);
#2747=EDGE_CURVE('',#3334,#3339,#3863,.T.);
#2748=EDGE_CURVE('',#3339,#3340,#98,.T.);
#2749=EDGE_CURVE('',#3335,#3340,#3864,.T.);
#2750=EDGE_CURVE('',#3340,#3341,#99,.T.);
#2751=EDGE_CURVE('',#3337,#3341,#3865,.T.);
#2752=EDGE_CURVE('',#3341,#3338,#100,.T.);
#2753=EDGE_CURVE('',#3342,#3343,#3866,.T.);
#2754=EDGE_CURVE('',#3344,#3342,#101,.T.);
#2755=EDGE_CURVE('',#3345,#3344,#102,.T.);
#2756=EDGE_CURVE('',#3346,#3345,#103,.T.);
#2757=EDGE_CURVE('',#3347,#3346,#104,.T.);
#2758=EDGE_CURVE('',#3348,#3347,#459,.T.);
#2759=EDGE_CURVE('',#3349,#3348,#3867,.T.);
#2760=EDGE_CURVE('',#3343,#3349,#3868,.T.);
#2761=EDGE_CURVE('',#3350,#3351,#105,.T.);
#2762=EDGE_CURVE('',#3352,#3350,#106,.T.);
#2763=EDGE_CURVE('',#3353,#3352,#107,.T.);
#2764=EDGE_CURVE('',#3351,#3353,#108,.T.);
#2765=EDGE_CURVE('',#3342,#3077,#3869,.T.);
#2766=EDGE_CURVE('',#3343,#3078,#3870,.T.);
#2767=EDGE_CURVE('',#3344,#3084,#3871,.T.);
#2768=EDGE_CURVE('',#3345,#3083,#3872,.T.);
#2769=EDGE_CURVE('',#3346,#3082,#3873,.T.);
#2770=EDGE_CURVE('',#3347,#3081,#109,.T.);
#2771=EDGE_CURVE('',#3348,#3080,#3874,.T.);
#2772=EDGE_CURVE('',#3349,#3079,#3875,.T.);
#2773=EDGE_CURVE('',#3354,#3355,#110,.T.);
#2774=EDGE_CURVE('',#3352,#3354,#3876,.T.);
#2775=EDGE_CURVE('',#3350,#3355,#3877,.T.);
#2776=EDGE_CURVE('',#3355,#3356,#111,.T.);
#2777=EDGE_CURVE('',#3351,#3356,#3878,.T.);
#2778=EDGE_CURVE('',#3356,#3357,#112,.T.);
#2779=EDGE_CURVE('',#3353,#3357,#3879,.T.);
#2780=EDGE_CURVE('',#3357,#3354,#113,.T.);
#2781=EDGE_CURVE('',#3358,#3359,#3880,.T.);
#2782=EDGE_CURVE('',#3360,#3358,#114,.T.);
#2783=EDGE_CURVE('',#3361,#3360,#115,.T.);
#2784=EDGE_CURVE('',#3362,#3361,#116,.T.);
#2785=EDGE_CURVE('',#3363,#3362,#117,.T.);
#2786=EDGE_CURVE('',#3364,#3363,#460,.T.);
#2787=EDGE_CURVE('',#3365,#3364,#3881,.T.);
#2788=EDGE_CURVE('',#3359,#3365,#3882,.T.);
#2789=EDGE_CURVE('',#3366,#3367,#118,.T.);
#2790=EDGE_CURVE('',#3368,#3366,#119,.T.);
#2791=EDGE_CURVE('',#3369,#3368,#120,.T.);
#2792=EDGE_CURVE('',#3367,#3369,#121,.T.);
#2793=EDGE_CURVE('',#3358,#3069,#3883,.T.);
#2794=EDGE_CURVE('',#3359,#3070,#3884,.T.);
#2795=EDGE_CURVE('',#3360,#3076,#3885,.T.);
#2796=EDGE_CURVE('',#3361,#3075,#3886,.T.);
#2797=EDGE_CURVE('',#3362,#3074,#3887,.T.);
#2798=EDGE_CURVE('',#3363,#3073,#122,.T.);
#2799=EDGE_CURVE('',#3364,#3072,#3888,.T.);
#2800=EDGE_CURVE('',#3365,#3071,#3889,.T.);
#2801=EDGE_CURVE('',#3370,#3371,#123,.T.);
#2802=EDGE_CURVE('',#3368,#3370,#3890,.T.);
#2803=EDGE_CURVE('',#3366,#3371,#3891,.T.);
#2804=EDGE_CURVE('',#3371,#3372,#124,.T.);
#2805=EDGE_CURVE('',#3367,#3372,#3892,.T.);
#2806=EDGE_CURVE('',#3372,#3373,#125,.T.);
#2807=EDGE_CURVE('',#3369,#3373,#3893,.T.);
#2808=EDGE_CURVE('',#3373,#3370,#126,.T.);
#2809=EDGE_CURVE('',#3374,#3375,#3894,.T.);
#2810=EDGE_CURVE('',#3376,#3374,#3895,.T.);
#2811=EDGE_CURVE('',#3377,#3376,#3896,.T.);
#2812=EDGE_CURVE('',#3378,#3377,#3897,.T.);
#2813=EDGE_CURVE('',#3379,#3378,#3898,.T.);
#2814=EDGE_CURVE('',#3380,#3379,#3899,.T.);
#2815=EDGE_CURVE('',#3381,#3380,#3900,.T.);
#2816=EDGE_CURVE('',#3382,#3381,#127,.T.);
#2817=EDGE_CURVE('',#3383,#3382,#128,.T.);
#2818=EDGE_CURVE('',#3384,#3383,#129,.T.);
#2819=EDGE_CURVE('',#3375,#3384,#3901,.T.);
#2820=EDGE_CURVE('',#3385,#3386,#3902,.T.);
#2821=EDGE_CURVE('',#3387,#3385,#3903,.T.);
#2822=EDGE_CURVE('',#3388,#3387,#130,.T.);
#2823=EDGE_CURVE('',#3389,#3388,#131,.T.);
#2824=EDGE_CURVE('',#3386,#3389,#3904,.T.);
#2825=EDGE_CURVE('',#3374,#3058,#3905,.T.);
#2826=EDGE_CURVE('',#3375,#3059,#3906,.T.);
#2827=EDGE_CURVE('',#3376,#3068,#3907,.T.);
#2828=EDGE_CURVE('',#3377,#3067,#3908,.T.);
#2829=EDGE_CURVE('',#3378,#3066,#3909,.T.);
#2830=EDGE_CURVE('',#3379,#3065,#3910,.T.);
#2831=EDGE_CURVE('',#3380,#3064,#3911,.T.);
#2832=EDGE_CURVE('',#3381,#3063,#3912,.T.);
#2833=EDGE_CURVE('',#3382,#3062,#3913,.T.);
#2834=EDGE_CURVE('',#3383,#3061,#3914,.T.);
#2835=EDGE_CURVE('',#3384,#3060,#3915,.T.);
#2836=EDGE_CURVE('',#3390,#3391,#3916,.T.);
#2837=EDGE_CURVE('',#3387,#3390,#3917,.T.);
#2838=EDGE_CURVE('',#3385,#3391,#3918,.T.);
#2839=EDGE_CURVE('',#3391,#3392,#3919,.T.);
#2840=EDGE_CURVE('',#3386,#3392,#3920,.T.);
#2841=EDGE_CURVE('',#3392,#3393,#3921,.T.);
#2842=EDGE_CURVE('',#3389,#3393,#3922,.T.);
#2843=EDGE_CURVE('',#3393,#3394,#132,.T.);
#2844=EDGE_CURVE('',#3388,#3394,#3923,.T.);
#2845=EDGE_CURVE('',#3394,#3390,#133,.T.);
#2846=VERTEX_POINT('',#8007);
#2847=VERTEX_POINT('',#8008);
#2848=VERTEX_POINT('',#8010);
#2849=VERTEX_POINT('',#8012);
#2850=VERTEX_POINT('',#8015);
#2851=VERTEX_POINT('',#8017);
#2852=VERTEX_POINT('',#8020);
#2853=VERTEX_POINT('',#8022);
#2854=VERTEX_POINT('',#8023);
#2855=VERTEX_POINT('',#8025);
#2856=VERTEX_POINT('',#8027);
#2857=VERTEX_POINT('',#8030);
#2858=VERTEX_POINT('',#8033);
#2859=VERTEX_POINT('',#8040);
#2860=VERTEX_POINT('',#8049);
#2861=VERTEX_POINT('',#8051);
#2862=VERTEX_POINT('',#8053);
#2863=VERTEX_POINT('',#8054);
#2864=VERTEX_POINT('',#8056);
#2865=VERTEX_POINT('',#8058);
#2866=VERTEX_POINT('',#8060);
#2867=VERTEX_POINT('',#8062);
#2868=VERTEX_POINT('',#8064);
#2869=VERTEX_POINT('',#8066);
#2870=VERTEX_POINT('',#8068);
#2871=VERTEX_POINT('',#8070);
#2872=VERTEX_POINT('',#8072);
#2873=VERTEX_POINT('',#8074);
#2874=VERTEX_POINT('',#8076);
#2875=VERTEX_POINT('',#8078);
#2876=VERTEX_POINT('',#8080);
#2877=VERTEX_POINT('',#8082);
#2878=VERTEX_POINT('',#8086);
#2879=VERTEX_POINT('',#8088);
#2880=VERTEX_POINT('',#8089);
#2881=VERTEX_POINT('',#8091);
#2882=VERTEX_POINT('',#8093);
#2883=VERTEX_POINT('',#8096);
#2884=VERTEX_POINT('',#8103);
#2885=VERTEX_POINT('',#8105);
#2886=VERTEX_POINT('',#8114);
#2887=VERTEX_POINT('',#8116);
#2888=VERTEX_POINT('',#8122);
#2889=VERTEX_POINT('',#8126);
#2890=VERTEX_POINT('',#8130);
#2891=VERTEX_POINT('',#8134);
#2892=VERTEX_POINT('',#8138);
#2893=VERTEX_POINT('',#8142);
#2894=VERTEX_POINT('',#8146);
#2895=VERTEX_POINT('',#8150);
#2896=VERTEX_POINT('',#8158);
#2897=VERTEX_POINT('',#8159);
#2898=VERTEX_POINT('',#8161);
#2899=VERTEX_POINT('',#8163);
#2900=VERTEX_POINT('',#8167);
#2901=VERTEX_POINT('',#8169);
#2902=VERTEX_POINT('',#8172);
#2903=VERTEX_POINT('',#8174);
#2904=VERTEX_POINT('',#8176);
#2905=VERTEX_POINT('',#8178);
#2906=VERTEX_POINT('',#8180);
#2907=VERTEX_POINT('',#8182);
#2908=VERTEX_POINT('',#8184);
#2909=VERTEX_POINT('',#8186);
#2910=VERTEX_POINT('',#8188);
#2911=VERTEX_POINT('',#8190);
#2912=VERTEX_POINT('',#8193);
#2913=VERTEX_POINT('',#8195);
#2914=VERTEX_POINT('',#8197);
#2915=VERTEX_POINT('',#8199);
#2916=VERTEX_POINT('',#8201);
#2917=VERTEX_POINT('',#8203);
#2918=VERTEX_POINT('',#8205);
#2919=VERTEX_POINT('',#8207);
#2920=VERTEX_POINT('',#8209);
#2921=VERTEX_POINT('',#8211);
#2922=VERTEX_POINT('',#8213);
#2923=VERTEX_POINT('',#8215);
#2924=VERTEX_POINT('',#8217);
#2925=VERTEX_POINT('',#8219);
#2926=VERTEX_POINT('',#8221);
#2927=VERTEX_POINT('',#8223);
#2928=VERTEX_POINT('',#8225);
#2929=VERTEX_POINT('',#8228);
#2930=VERTEX_POINT('',#8230);
#2931=VERTEX_POINT('',#8232);
#2932=VERTEX_POINT('',#8234);
#2933=VERTEX_POINT('',#8236);
#2934=VERTEX_POINT('',#8238);
#2935=VERTEX_POINT('',#8240);
#2936=VERTEX_POINT('',#8242);
#2937=VERTEX_POINT('',#8244);
#2938=VERTEX_POINT('',#8246);
#2939=VERTEX_POINT('',#8249);
#2940=VERTEX_POINT('',#8251);
#2941=VERTEX_POINT('',#8253);
#2942=VERTEX_POINT('',#8255);
#2943=VERTEX_POINT('',#8257);
#2944=VERTEX_POINT('',#8259);
#2945=VERTEX_POINT('',#8261);
#2946=VERTEX_POINT('',#8263);
#2947=VERTEX_POINT('',#8265);
#2948=VERTEX_POINT('',#8267);
#2949=VERTEX_POINT('',#8269);
#2950=VERTEX_POINT('',#8271);
#2951=VERTEX_POINT('',#8273);
#2952=VERTEX_POINT('',#8275);
#2953=VERTEX_POINT('',#8277);
#2954=VERTEX_POINT('',#8279);
#2955=VERTEX_POINT('',#8281);
#2956=VERTEX_POINT('',#8285);
#2957=VERTEX_POINT('',#8287);
#2958=VERTEX_POINT('',#8330);
#2959=VERTEX_POINT('',#8331);
#2960=VERTEX_POINT('',#8333);
#2961=VERTEX_POINT('',#8335);
#2962=VERTEX_POINT('',#8338);
#2963=VERTEX_POINT('',#8339);
#2964=VERTEX_POINT('',#8341);
#2965=VERTEX_POINT('',#8343);
#2966=VERTEX_POINT('',#8347);
#2967=VERTEX_POINT('',#8348);
#2968=VERTEX_POINT('',#8350);
#2969=VERTEX_POINT('',#8352);
#2970=VERTEX_POINT('',#8355);
#2971=VERTEX_POINT('',#8356);
#2972=VERTEX_POINT('',#8358);
#2973=VERTEX_POINT('',#8360);
#2974=VERTEX_POINT('',#8364);
#2975=VERTEX_POINT('',#8366);
#2976=VERTEX_POINT('',#8370);
#2977=VERTEX_POINT('',#8373);
#2978=VERTEX_POINT('',#8375);
#2979=VERTEX_POINT('',#8379);
#2980=VERTEX_POINT('',#8383);
#2981=VERTEX_POINT('',#8386);
#2982=VERTEX_POINT('',#8405);
#2983=VERTEX_POINT('',#8406);
#2984=VERTEX_POINT('',#8408);
#2985=VERTEX_POINT('',#8410);
#2986=VERTEX_POINT('',#8414);
#2987=VERTEX_POINT('',#8416);
#2988=VERTEX_POINT('',#8417);
#2989=VERTEX_POINT('',#8419);
#2990=VERTEX_POINT('',#8421);
#2991=VERTEX_POINT('',#8425);
#2992=VERTEX_POINT('',#8426);
#2993=VERTEX_POINT('',#8428);
#2994=VERTEX_POINT('',#8430);
#2995=VERTEX_POINT('',#8433);
#2996=VERTEX_POINT('',#8436);
#2997=VERTEX_POINT('',#8438);
#2998=VERTEX_POINT('',#8440);
#2999=VERTEX_POINT('',#8444);
#3000=VERTEX_POINT('',#8446);
#3001=VERTEX_POINT('',#8449);
#3002=VERTEX_POINT('',#8453);
#3003=VERTEX_POINT('',#8454);
#3004=VERTEX_POINT('',#8456);
#3005=VERTEX_POINT('',#8458);
#3006=VERTEX_POINT('',#8461);
#3007=VERTEX_POINT('',#8463);
#3008=VERTEX_POINT('',#8465);
#3009=VERTEX_POINT('',#8470);
#3010=VERTEX_POINT('',#8476);
#3011=VERTEX_POINT('',#8481);
#3012=VERTEX_POINT('',#8482);
#3013=VERTEX_POINT('',#8484);
#3014=VERTEX_POINT('',#8486);
#3015=VERTEX_POINT('',#8489);
#3016=VERTEX_POINT('',#8490);
#3017=VERTEX_POINT('',#8493);
#3018=VERTEX_POINT('',#8514);
#3019=VERTEX_POINT('',#8515);
#3020=VERTEX_POINT('',#8517);
#3021=VERTEX_POINT('',#8519);
#3022=VERTEX_POINT('',#8523);
#3023=VERTEX_POINT('',#8525);
#3024=VERTEX_POINT('',#8528);
#3025=VERTEX_POINT('',#8530);
#3026=VERTEX_POINT('',#8531);
#3027=VERTEX_POINT('',#8533);
#3028=VERTEX_POINT('',#8535);
#3029=VERTEX_POINT('',#8538);
#3030=VERTEX_POINT('',#8540);
#3031=VERTEX_POINT('',#8543);
#3032=VERTEX_POINT('',#8545);
#3033=VERTEX_POINT('',#8547);
#3034=VERTEX_POINT('',#8549);
#3035=VERTEX_POINT('',#8551);
#3036=VERTEX_POINT('',#8553);
#3037=VERTEX_POINT('',#8555);
#3038=VERTEX_POINT('',#8557);
#3039=VERTEX_POINT('',#8560);
#3040=VERTEX_POINT('',#8561);
#3041=VERTEX_POINT('',#8563);
#3042=VERTEX_POINT('',#8565);
#3043=VERTEX_POINT('',#8568);
#3044=VERTEX_POINT('',#8570);
#3045=VERTEX_POINT('',#8573);
#3046=VERTEX_POINT('',#8575);
#3047=VERTEX_POINT('',#8577);
#3048=VERTEX_POINT('',#8579);
#3049=VERTEX_POINT('',#8581);
#3050=VERTEX_POINT('',#8583);
#3051=VERTEX_POINT('',#8585);
#3052=VERTEX_POINT('',#8587);
#3053=VERTEX_POINT('',#8589);
#3054=VERTEX_POINT('',#8596);
#3055=VERTEX_POINT('',#8598);
#3056=VERTEX_POINT('',#8622);
#3057=VERTEX_POINT('',#8624);
#3058=VERTEX_POINT('',#8630);
#3059=VERTEX_POINT('',#8631);
#3060=VERTEX_POINT('',#8633);
#3061=VERTEX_POINT('',#8645);
#3062=VERTEX_POINT('',#8665);
#3063=VERTEX_POINT('',#8685);
#3064=VERTEX_POINT('',#8687);
#3065=VERTEX_POINT('',#8689);
#3066=VERTEX_POINT('',#8691);
#3067=VERTEX_POINT('',#8693);
#3068=VERTEX_POINT('',#8695);
#3069=VERTEX_POINT('',#8698);
#3070=VERTEX_POINT('',#8699);
#3071=VERTEX_POINT('',#8701);
#3072=VERTEX_POINT('',#8703);
#3073=VERTEX_POINT('',#8705);
#3074=VERTEX_POINT('',#8725);
#3075=VERTEX_POINT('',#8741);
#3076=VERTEX_POINT('',#8757);
#3077=VERTEX_POINT('',#8774);
#3078=VERTEX_POINT('',#8775);
#3079=VERTEX_POINT('',#8777);
#3080=VERTEX_POINT('',#8779);
#3081=VERTEX_POINT('',#8781);
#3082=VERTEX_POINT('',#8801);
#3083=VERTEX_POINT('',#8817);
#3084=VERTEX_POINT('',#8833);
#3085=VERTEX_POINT('',#8850);
#3086=VERTEX_POINT('',#8851);
#3087=VERTEX_POINT('',#8853);
#3088=VERTEX_POINT('',#8855);
#3089=VERTEX_POINT('',#8857);
#3090=VERTEX_POINT('',#8877);
#3091=VERTEX_POINT('',#8893);
#3092=VERTEX_POINT('',#8909);
#3093=VERTEX_POINT('',#8944);
#3094=VERTEX_POINT('',#8945);
#3095=VERTEX_POINT('',#8947);
#3096=VERTEX_POINT('',#8959);
#3097=VERTEX_POINT('',#8987);
#3098=VERTEX_POINT('',#9015);
#3099=VERTEX_POINT('',#9035);
#3100=VERTEX_POINT('',#9037);
#3101=VERTEX_POINT('',#9039);
#3102=VERTEX_POINT('',#9041);
#3103=VERTEX_POINT('',#9061);
#3104=VERTEX_POINT('',#9081);
#3105=VERTEX_POINT('',#9083);
#3106=VERTEX_POINT('',#9112);
#3107=VERTEX_POINT('',#9113);
#3108=VERTEX_POINT('',#9115);
#3109=VERTEX_POINT('',#9117);
#3110=VERTEX_POINT('',#9119);
#3111=VERTEX_POINT('',#9121);
#3112=VERTEX_POINT('',#9123);
#3113=VERTEX_POINT('',#9125);
#3114=VERTEX_POINT('',#9127);
#3115=VERTEX_POINT('',#9129);
#3116=VERTEX_POINT('',#9131);
#3117=VERTEX_POINT('',#9133);
#3118=VERTEX_POINT('',#9135);
#3119=VERTEX_POINT('',#9138);
#3120=VERTEX_POINT('',#9139);
#3121=VERTEX_POINT('',#9141);
#3122=VERTEX_POINT('',#9143);
#3123=VERTEX_POINT('',#9147);
#3124=VERTEX_POINT('',#9148);
#3125=VERTEX_POINT('',#9150);
#3126=VERTEX_POINT('',#9152);
#3127=VERTEX_POINT('',#9154);
#3128=VERTEX_POINT('',#9156);
#3129=VERTEX_POINT('',#9158);
#3130=VERTEX_POINT('',#9160);
#3131=VERTEX_POINT('',#9162);
#3132=VERTEX_POINT('',#9166);
#3133=VERTEX_POINT('',#9167);
#3134=VERTEX_POINT('',#9169);
#3135=VERTEX_POINT('',#9171);
#3136=VERTEX_POINT('',#9173);
#3137=VERTEX_POINT('',#9175);
#3138=VERTEX_POINT('',#9177);
#3139=VERTEX_POINT('',#9179);
#3140=VERTEX_POINT('',#9181);
#3141=VERTEX_POINT('',#9185);
#3142=VERTEX_POINT('',#9186);
#3143=VERTEX_POINT('',#9188);
#3144=VERTEX_POINT('',#9191);
#3145=VERTEX_POINT('',#9193);
#3146=VERTEX_POINT('',#9195);
#3147=VERTEX_POINT('',#9197);
#3148=VERTEX_POINT('',#9201);
#3149=VERTEX_POINT('',#9202);
#3150=VERTEX_POINT('',#9204);
#3151=VERTEX_POINT('',#9206);
#3152=VERTEX_POINT('',#9208);
#3153=VERTEX_POINT('',#9210);
#3154=VERTEX_POINT('',#9214);
#3155=VERTEX_POINT('',#9215);
#3156=VERTEX_POINT('',#9217);
#3157=VERTEX_POINT('',#9219);
#3158=VERTEX_POINT('',#9221);
#3159=VERTEX_POINT('',#9223);
#3160=VERTEX_POINT('',#9227);
#3161=VERTEX_POINT('',#9228);
#3162=VERTEX_POINT('',#9230);
#3163=VERTEX_POINT('',#9232);
#3164=VERTEX_POINT('',#9236);
#3165=VERTEX_POINT('',#9237);
#3166=VERTEX_POINT('',#9239);
#3167=VERTEX_POINT('',#9241);
#3168=VERTEX_POINT('',#9245);
#3169=VERTEX_POINT('',#9246);
#3170=VERTEX_POINT('',#9248);
#3171=VERTEX_POINT('',#9250);
#3172=VERTEX_POINT('',#9254);
#3173=VERTEX_POINT('',#9255);
#3174=VERTEX_POINT('',#9257);
#3175=VERTEX_POINT('',#9259);
#3176=VERTEX_POINT('',#9261);
#3177=VERTEX_POINT('',#9263);
#3178=VERTEX_POINT('',#9265);
#3179=VERTEX_POINT('',#9267);
#3180=VERTEX_POINT('',#9269);
#3181=VERTEX_POINT('',#9271);
#3182=VERTEX_POINT('',#9273);
#3183=VERTEX_POINT('',#9275);
#3184=VERTEX_POINT('',#9277);
#3185=VERTEX_POINT('',#9279);
#3186=VERTEX_POINT('',#9283);
#3187=VERTEX_POINT('',#9285);
#3188=VERTEX_POINT('',#9287);
#3189=VERTEX_POINT('',#9289);
#3190=VERTEX_POINT('',#9291);
#3191=VERTEX_POINT('',#9293);
#3192=VERTEX_POINT('',#9296);
#3193=VERTEX_POINT('',#9300);
#3194=VERTEX_POINT('',#9303);
#3195=VERTEX_POINT('',#9305);
#3196=VERTEX_POINT('',#9307);
#3197=VERTEX_POINT('',#9311);
#3198=VERTEX_POINT('',#9312);
#3199=VERTEX_POINT('',#9314);
#3200=VERTEX_POINT('',#9316);
#3201=VERTEX_POINT('',#9318);
#3202=VERTEX_POINT('',#9320);
#3203=VERTEX_POINT('',#9323);
#3204=VERTEX_POINT('',#9325);
#3205=VERTEX_POINT('',#9328);
#3206=VERTEX_POINT('',#9330);
#3207=VERTEX_POINT('',#9335);
#3208=VERTEX_POINT('',#9336);
#3209=VERTEX_POINT('',#9339);
#3210=VERTEX_POINT('',#9341);
#3211=VERTEX_POINT('',#9345);
#3212=VERTEX_POINT('',#9346);
#3213=VERTEX_POINT('',#9348);
#3214=VERTEX_POINT('',#9350);
#3215=VERTEX_POINT('',#9356);
#3216=VERTEX_POINT('',#9358);
#3217=VERTEX_POINT('',#9360);
#3218=VERTEX_POINT('',#9362);
#3219=VERTEX_POINT('',#9366);
#3220=VERTEX_POINT('',#9367);
#3221=VERTEX_POINT('',#9369);
#3222=VERTEX_POINT('',#9371);
#3223=VERTEX_POINT('',#9375);
#3224=VERTEX_POINT('',#9377);
#3225=VERTEX_POINT('',#9379);
#3226=VERTEX_POINT('',#9381);
#3227=VERTEX_POINT('',#9385);
#3228=VERTEX_POINT('',#9386);
#3229=VERTEX_POINT('',#9388);
#3230=VERTEX_POINT('',#9390);
#3231=VERTEX_POINT('',#9393);
#3232=VERTEX_POINT('',#9395);
#3233=VERTEX_POINT('',#9399);
#3234=VERTEX_POINT('',#9401);
#3235=VERTEX_POINT('',#9405);
#3236=VERTEX_POINT('',#9407);
#3237=VERTEX_POINT('',#9409);
#3238=VERTEX_POINT('',#9411);
#3239=VERTEX_POINT('',#9415);
#3240=VERTEX_POINT('',#9422);
#3241=VERTEX_POINT('',#9424);
#3242=VERTEX_POINT('',#9426);
#3243=VERTEX_POINT('',#9428);
#3244=VERTEX_POINT('',#9430);
#3245=VERTEX_POINT('',#9432);
#3246=VERTEX_POINT('',#9450);
#3247=VERTEX_POINT('',#9457);
#3248=VERTEX_POINT('',#9458);
#3249=VERTEX_POINT('',#9463);
#3250=VERTEX_POINT('',#9465);
#3251=VERTEX_POINT('',#9476);
#3252=VERTEX_POINT('',#9477);
#3253=VERTEX_POINT('',#9479);
#3254=VERTEX_POINT('',#9481);
#3255=VERTEX_POINT('',#9494);
#3256=VERTEX_POINT('',#9497);
#3257=VERTEX_POINT('',#9500);
#3258=VERTEX_POINT('',#9503);
#3259=VERTEX_POINT('',#9506);
#3260=VERTEX_POINT('',#9509);
#3261=VERTEX_POINT('',#9512);
#3262=VERTEX_POINT('',#9565);
#3263=VERTEX_POINT('',#9566);
#3264=VERTEX_POINT('',#9568);
#3265=VERTEX_POINT('',#9570);
#3266=VERTEX_POINT('',#9574);
#3267=VERTEX_POINT('',#9576);
#3268=VERTEX_POINT('',#9580);
#3269=VERTEX_POINT('',#9582);
#3270=VERTEX_POINT('',#9586);
#3271=VERTEX_POINT('',#9590);
#3272=VERTEX_POINT('',#9591);
#3273=VERTEX_POINT('',#9596);
#3274=VERTEX_POINT('',#9600);
#3275=VERTEX_POINT('',#9604);
#3276=VERTEX_POINT('',#9608);
#3277=VERTEX_POINT('',#9609);
#3278=VERTEX_POINT('',#9611);
#3279=VERTEX_POINT('',#9616);
#3280=VERTEX_POINT('',#9618);
#3281=VERTEX_POINT('',#9631);
#3282=VERTEX_POINT('',#9632);
#3283=VERTEX_POINT('',#9634);
#3284=VERTEX_POINT('',#9636);
#3285=VERTEX_POINT('',#9640);
#3286=VERTEX_POINT('',#9642);
#3287=VERTEX_POINT('',#9646);
#3288=VERTEX_POINT('',#9648);
#3289=VERTEX_POINT('',#9652);
#3290=VERTEX_POINT('',#9654);
#3291=VERTEX_POINT('',#9658);
#3292=VERTEX_POINT('',#9662);
#3293=VERTEX_POINT('',#9663);
#3294=VERTEX_POINT('',#9668);
#3295=VERTEX_POINT('',#9672);
#3296=VERTEX_POINT('',#9676);
#3297=VERTEX_POINT('',#9680);
#3298=VERTEX_POINT('',#9682);
#3299=VERTEX_POINT('',#9684);
#3300=VERTEX_POINT('',#9707);
#3301=VERTEX_POINT('',#9709);
#3302=VERTEX_POINT('',#9713);
#3303=VERTEX_POINT('',#9717);
#3304=VERTEX_POINT('',#9721);
#3305=VERTEX_POINT('',#9725);
#3306=VERTEX_POINT('',#9729);
#3307=VERTEX_POINT('',#9733);
#3308=VERTEX_POINT('',#9737);
#3309=VERTEX_POINT('',#9741);
#3310=VERTEX_POINT('',#9745);
#3311=VERTEX_POINT('',#9749);
#3312=VERTEX_POINT('',#9753);
#3313=VERTEX_POINT('',#9797);
#3314=VERTEX_POINT('',#9817);
#3315=VERTEX_POINT('',#9877);
#3316=VERTEX_POINT('',#9910);
#3317=VERTEX_POINT('',#9951);
#3318=VERTEX_POINT('',#10010);
#3319=VERTEX_POINT('',#10032);
#3320=VERTEX_POINT('',#10036);
#3321=VERTEX_POINT('',#10040);
#3322=VERTEX_POINT('',#10081);
#3323=VERTEX_POINT('',#10156);
#3324=VERTEX_POINT('',#10239);
#3325=VERTEX_POINT('',#10290);
#3326=VERTEX_POINT('',#10307);
#3327=VERTEX_POINT('',#10308);
#3328=VERTEX_POINT('',#10324);
#3329=VERTEX_POINT('',#10340);
#3330=VERTEX_POINT('',#10356);
#3331=VERTEX_POINT('',#10376);
#3332=VERTEX_POINT('',#10378);
#3333=VERTEX_POINT('',#10380);
#3334=VERTEX_POINT('',#10401);
#3335=VERTEX_POINT('',#10402);
#3336=VERTEX_POINT('',#10422);
#3337=VERTEX_POINT('',#10442);
#3338=VERTEX_POINT('',#10662);
#3339=VERTEX_POINT('',#10663);
#3340=VERTEX_POINT('',#10723);
#3341=VERTEX_POINT('',#10782);
#3342=VERTEX_POINT('',#10844);
#3343=VERTEX_POINT('',#10845);
#3344=VERTEX_POINT('',#10861);
#3345=VERTEX_POINT('',#10877);
#3346=VERTEX_POINT('',#10893);
#3347=VERTEX_POINT('',#10913);
#3348=VERTEX_POINT('',#10915);
#3349=VERTEX_POINT('',#10917);
#3350=VERTEX_POINT('',#10938);
#3351=VERTEX_POINT('',#10939);
#3352=VERTEX_POINT('',#10959);
#3353=VERTEX_POINT('',#10979);
#3354=VERTEX_POINT('',#11199);
#3355=VERTEX_POINT('',#11200);
#3356=VERTEX_POINT('',#11260);
#3357=VERTEX_POINT('',#11319);
#3358=VERTEX_POINT('',#11381);
#3359=VERTEX_POINT('',#11382);
#3360=VERTEX_POINT('',#11398);
#3361=VERTEX_POINT('',#11414);
#3362=VERTEX_POINT('',#11430);
#3363=VERTEX_POINT('',#11450);
#3364=VERTEX_POINT('',#11452);
#3365=VERTEX_POINT('',#11454);
#3366=VERTEX_POINT('',#11475);
#3367=VERTEX_POINT('',#11476);
#3368=VERTEX_POINT('',#11496);
#3369=VERTEX_POINT('',#11516);
#3370=VERTEX_POINT('',#11736);
#3371=VERTEX_POINT('',#11737);
#3372=VERTEX_POINT('',#11797);
#3373=VERTEX_POINT('',#11856);
#3374=VERTEX_POINT('',#11918);
#3375=VERTEX_POINT('',#11919);
#3376=VERTEX_POINT('',#11921);
#3377=VERTEX_POINT('',#11923);
#3378=VERTEX_POINT('',#11925);
#3379=VERTEX_POINT('',#11927);
#3380=VERTEX_POINT('',#11929);
#3381=VERTEX_POINT('',#11931);
#3382=VERTEX_POINT('',#11951);
#3383=VERTEX_POINT('',#11971);
#3384=VERTEX_POINT('',#11983);
#3385=VERTEX_POINT('',#11986);
#3386=VERTEX_POINT('',#11987);
#3387=VERTEX_POINT('',#11989);
#3388=VERTEX_POINT('',#12009);
#3389=VERTEX_POINT('',#12029);
#3390=VERTEX_POINT('',#12150);
#3391=VERTEX_POINT('',#12151);
#3392=VERTEX_POINT('',#12156);
#3393=VERTEX_POINT('',#12160);
#3394=VERTEX_POINT('',#12219);
#3395=LINE('',#8006,#3924);
#3396=LINE('',#8009,#3925);
#3397=LINE('',#8011,#3926);
#3398=LINE('',#8013,#3927);
#3399=LINE('',#8021,#3928);
#3400=LINE('',#8024,#3929);
#3401=LINE('',#8026,#3930);
#3402=LINE('',#8028,#3931);
#3403=LINE('',#8034,#3932);
#3404=LINE('',#8035,#3933);
#3405=LINE('',#8037,#3934);
#3406=LINE('',#8041,#3935);
#3407=LINE('',#8052,#3936);
#3408=LINE('',#8055,#3937);
#3409=LINE('',#8057,#3938);
#3410=LINE('',#8059,#3939);
#3411=LINE('',#8061,#3940);
#3412=LINE('',#8063,#3941);
#3413=LINE('',#8065,#3942);
#3414=LINE('',#8067,#3943);
#3415=LINE('',#8069,#3944);
#3416=LINE('',#8071,#3945);
#3417=LINE('',#8073,#3946);
#3418=LINE('',#8075,#3947);
#3419=LINE('',#8077,#3948);
#3420=LINE('',#8079,#3949);
#3421=LINE('',#8081,#3950);
#3422=LINE('',#8083,#3951);
#3423=LINE('',#8087,#3952);
#3424=LINE('',#8090,#3953);
#3425=LINE('',#8092,#3954);
#3426=LINE('',#8094,#3955);
#3427=LINE('',#8098,#3956);
#3428=LINE('',#8099,#3957);
#3429=LINE('',#8101,#3958);
#3430=LINE('',#8102,#3959);
#3431=LINE('',#8104,#3960);
#3432=LINE('',#8106,#3961);
#3433=LINE('',#8108,#3962);
#3434=LINE('',#8113,#3963);
#3435=LINE('',#8115,#3964);
#3436=LINE('',#8117,#3965);
#3437=LINE('',#8119,#3966);
#3438=LINE('',#8121,#3967);
#3439=LINE('',#8123,#3968);
#3440=LINE('',#8125,#3969);
#3441=LINE('',#8127,#3970);
#3442=LINE('',#8129,#3971);
#3443=LINE('',#8131,#3972);
#3444=LINE('',#8133,#3973);
#3445=LINE('',#8135,#3974);
#3446=LINE('',#8137,#3975);
#3447=LINE('',#8139,#3976);
#3448=LINE('',#8141,#3977);
#3449=LINE('',#8143,#3978);
#3450=LINE('',#8145,#3979);
#3451=LINE('',#8147,#3980);
#3452=LINE('',#8149,#3981);
#3453=LINE('',#8151,#3982);
#3454=LINE('',#8153,#3983);
#3455=LINE('',#8157,#3984);
#3456=LINE('',#8160,#3985);
#3457=LINE('',#8162,#3986);
#3458=LINE('',#8164,#3987);
#3459=LINE('',#8171,#3988);
#3460=LINE('',#8175,#3989);
#3461=LINE('',#8177,#3990);
#3462=LINE('',#8181,#3991);
#3463=LINE('',#8183,#3992);
#3464=LINE('',#8187,#3993);
#3465=LINE('',#8189,#3994);
#3466=LINE('',#8227,#3995);
#3467=LINE('',#8231,#3996);
#3468=LINE('',#8233,#3997);
#3469=LINE('',#8237,#3998);
#3470=LINE('',#8239,#3999);
#3471=LINE('',#8243,#4000);
#3472=LINE('',#8245,#4001);
#3473=LINE('',#8291,#4002);
#3474=LINE('',#8297,#4003);
#3475=LINE('',#8299,#4004);
#3476=LINE('',#8301,#4005);
#3477=LINE('',#8302,#4006);
#3478=LINE('',#8304,#4007);
#3479=LINE('',#8311,#4008);
#3480=LINE('',#8312,#4009);
#3481=LINE('',#8314,#4010);
#3482=LINE('',#8321,#4011);
#3483=LINE('',#8329,#4012);
#3484=LINE('',#8332,#4013);
#3485=LINE('',#8334,#4014);
#3486=LINE('',#8336,#4015);
#3487=LINE('',#8337,#4016);
#3488=LINE('',#8340,#4017);
#3489=LINE('',#8342,#4018);
#3490=LINE('',#8344,#4019);
#3491=LINE('',#8346,#4020);
#3492=LINE('',#8349,#4021);
#3493=LINE('',#8351,#4022);
#3494=LINE('',#8353,#4023);
#3495=LINE('',#8354,#4024);
#3496=LINE('',#8357,#4025);
#3497=LINE('',#8359,#4026);
#3498=LINE('',#8361,#4027);
#3499=LINE('',#8363,#4028);
#3500=LINE('',#8365,#4029);
#3501=LINE('',#8367,#4030);
#3502=LINE('',#8369,#4031);
#3503=LINE('',#8371,#4032);
#3504=LINE('',#8372,#4033);
#3505=LINE('',#8374,#4034);
#3506=LINE('',#8376,#4035);
#3507=LINE('',#8378,#4036);
#3508=LINE('',#8380,#4037);
#3509=LINE('',#8382,#4038);
#3510=LINE('',#8384,#4039);
#3511=LINE('',#8385,#4040);
#3512=LINE('',#8387,#4041);
#3513=LINE('',#8389,#4042);
#3514=LINE('',#8390,#4043);
#3515=LINE('',#8392,#4044);
#3516=LINE('',#8394,#4045);
#3517=LINE('',#8397,#4046);
#3518=LINE('',#8400,#4047);
#3519=LINE('',#8404,#4048);
#3520=LINE('',#8407,#4049);
#3521=LINE('',#8409,#4050);
#3522=LINE('',#8411,#4051);
#3523=LINE('',#8415,#4052);
#3524=LINE('',#8418,#4053);
#3525=LINE('',#8420,#4054);
#3526=LINE('',#8422,#4055);
#3527=LINE('',#8424,#4056);
#3528=LINE('',#8427,#4057);
#3529=LINE('',#8429,#4058);
#3530=LINE('',#8431,#4059);
#3531=LINE('',#8437,#4060);
#3532=LINE('',#8439,#4061);
#3533=LINE('',#8441,#4062);
#3534=LINE('',#8443,#4063);
#3535=LINE('',#8445,#4064);
#3536=LINE('',#8447,#4065);
#3537=LINE('',#8448,#4066);
#3538=LINE('',#8450,#4067);
#3539=LINE('',#8452,#4068);
#3540=LINE('',#8455,#4069);
#3541=LINE('',#8457,#4070);
#3542=LINE('',#8459,#4071);
#3543=LINE('',#8460,#4072);
#3544=LINE('',#8464,#4073);
#3545=LINE('',#8466,#4074);
#3546=LINE('',#8467,#4075);
#3547=LINE('',#8469,#4076);
#3548=LINE('',#8471,#4077);
#3549=LINE('',#8472,#4078);
#3550=LINE('',#8477,#4079);
#3551=LINE('',#8480,#4080);
#3552=LINE('',#8483,#4081);
#3553=LINE('',#8485,#4082);
#3554=LINE('',#8487,#4083);
#3555=LINE('',#8491,#4084);
#3556=LINE('',#8492,#4085);
#3557=LINE('',#8494,#4086);
#3558=LINE('',#8496,#4087);
#3559=LINE('',#8498,#4088);
#3560=LINE('',#8499,#4089);
#3561=LINE('',#8503,#4090);
#3562=LINE('',#8504,#4091);
#3563=LINE('',#8506,#4092);
#3564=LINE('',#8508,#4093);
#3565=LINE('',#8513,#4094);
#3566=LINE('',#8518,#4095);
#3567=LINE('',#8532,#4096);
#3568=LINE('',#8536,#4097);
#3569=LINE('',#8537,#4098);
#3570=LINE('',#8541,#4099);
#3571=LINE('',#8562,#4100);
#3572=LINE('',#8566,#4101);
#3573=LINE('',#8567,#4102);
#3574=LINE('',#8571,#4103);
#3575=LINE('',#8591,#4104);
#3576=LINE('',#8592,#4105);
#3577=LINE('',#8602,#4106);
#3578=LINE('',#8604,#4107);
#3579=LINE('',#8611,#4108);
#3580=LINE('',#8613,#4109);
#3581=LINE('',#8629,#4110);
#3582=LINE('',#8632,#4111);
#3583=LINE('',#8686,#4112);
#3584=LINE('',#8688,#4113);
#3585=LINE('',#8690,#4114);
#3586=LINE('',#8692,#4115);
#3587=LINE('',#8694,#4116);
#3588=LINE('',#8696,#4117);
#3589=LINE('',#8697,#4118);
#3590=LINE('',#8700,#4119);
#3591=LINE('',#8702,#4120);
#3592=LINE('',#8773,#4121);
#3593=LINE('',#8776,#4122);
#3594=LINE('',#8778,#4123);
#3595=LINE('',#8849,#4124);
#3596=LINE('',#8852,#4125);
#3597=LINE('',#8854,#4126);
#3598=LINE('',#8946,#4127);
#3599=LINE('',#9036,#4128);
#3600=LINE('',#9038,#4129);
#3601=LINE('',#9040,#4130);
#3602=LINE('',#9111,#4131);
#3603=LINE('',#9114,#4132);
#3604=LINE('',#9116,#4133);
#3605=LINE('',#9118,#4134);
#3606=LINE('',#9120,#4135);
#3607=LINE('',#9122,#4136);
#3608=LINE('',#9124,#4137);
#3609=LINE('',#9126,#4138);
#3610=LINE('',#9128,#4139);
#3611=LINE('',#9130,#4140);
#3612=LINE('',#9132,#4141);
#3613=LINE('',#9134,#4142);
#3614=LINE('',#9136,#4143);
#3615=LINE('',#9137,#4144);
#3616=LINE('',#9140,#4145);
#3617=LINE('',#9142,#4146);
#3618=LINE('',#9144,#4147);
#3619=LINE('',#9146,#4148);
#3620=LINE('',#9151,#4149);
#3621=LINE('',#9153,#4150);
#3622=LINE('',#9155,#4151);
#3623=LINE('',#9157,#4152);
#3624=LINE('',#9159,#4153);
#3625=LINE('',#9163,#4154);
#3626=LINE('',#9165,#4155);
#3627=LINE('',#9168,#4156);
#3628=LINE('',#9170,#4157);
#3629=LINE('',#9172,#4158);
#3630=LINE('',#9174,#4159);
#3631=LINE('',#9176,#4160);
#3632=LINE('',#9178,#4161);
#3633=LINE('',#9180,#4162);
#3634=LINE('',#9182,#4163);
#3635=LINE('',#9184,#4164);
#3636=LINE('',#9189,#4165);
#3637=LINE('',#9190,#4166);
#3638=LINE('',#9192,#4167);
#3639=LINE('',#9194,#4168);
#3640=LINE('',#9198,#4169);
#3641=LINE('',#9200,#4170);
#3642=LINE('',#9203,#4171);
#3643=LINE('',#9205,#4172);
#3644=LINE('',#9207,#4173);
#3645=LINE('',#9209,#4174);
#3646=LINE('',#9211,#4175);
#3647=LINE('',#9213,#4176);
#3648=LINE('',#9216,#4177);
#3649=LINE('',#9218,#4178);
#3650=LINE('',#9220,#4179);
#3651=LINE('',#9222,#4180);
#3652=LINE('',#9224,#4181);
#3653=LINE('',#9226,#4182);
#3654=LINE('',#9229,#4183);
#3655=LINE('',#9231,#4184);
#3656=LINE('',#9233,#4185);
#3657=LINE('',#9235,#4186);
#3658=LINE('',#9238,#4187);
#3659=LINE('',#9240,#4188);
#3660=LINE('',#9242,#4189);
#3661=LINE('',#9244,#4190);
#3662=LINE('',#9253,#4191);
#3663=LINE('',#9260,#4192);
#3664=LINE('',#9264,#4193);
#3665=LINE('',#9268,#4194);
#3666=LINE('',#9274,#4195);
#3667=LINE('',#9278,#4196);
#3668=LINE('',#9286,#4197);
#3669=LINE('',#9290,#4198);
#3670=LINE('',#9295,#4199);
#3671=LINE('',#9301,#4200);
#3672=LINE('',#9304,#4201);
#3673=LINE('',#9306,#4202);
#3674=LINE('',#9313,#4203);
#3675=LINE('',#9317,#4204);
#3676=LINE('',#9321,#4205);
#3677=LINE('',#9322,#4206);
#3678=LINE('',#9326,#4207);
#3679=LINE('',#9327,#4208);
#3680=LINE('',#9331,#4209);
#3681=LINE('',#9332,#4210);
#3682=LINE('',#9334,#4211);
#3683=LINE('',#9337,#4212);
#3684=LINE('',#9338,#4213);
#3685=LINE('',#9340,#4214);
#3686=LINE('',#9342,#4215);
#3687=LINE('',#9344,#4216);
#3688=LINE('',#9347,#4217);
#3689=LINE('',#9349,#4218);
#3690=LINE('',#9351,#4219);
#3691=LINE('',#9352,#4220);
#3692=LINE('',#9353,#4221);
#3693=LINE('',#9355,#4222);
#3694=LINE('',#9357,#4223);
#3695=LINE('',#9359,#4224);
#3696=LINE('',#9361,#4225);
#3697=LINE('',#9363,#4226);
#3698=LINE('',#9365,#4227);
#3699=LINE('',#9368,#4228);
#3700=LINE('',#9370,#4229);
#3701=LINE('',#9372,#4230);
#3702=LINE('',#9374,#4231);
#3703=LINE('',#9376,#4232);
#3704=LINE('',#9378,#4233);
#3705=LINE('',#9380,#4234);
#3706=LINE('',#9382,#4235);
#3707=LINE('',#9384,#4236);
#3708=LINE('',#9387,#4237);
#3709=LINE('',#9389,#4238);
#3710=LINE('',#9391,#4239);
#3711=LINE('',#9392,#4240);
#3712=LINE('',#9394,#4241);
#3713=LINE('',#9396,#4242);
#3714=LINE('',#9398,#4243);
#3715=LINE('',#9402,#4244);
#3716=LINE('',#9404,#4245);
#3717=LINE('',#9406,#4246);
#3718=LINE('',#9408,#4247);
#3719=LINE('',#9410,#4248);
#3720=LINE('',#9412,#4249);
#3721=LINE('',#9423,#4250);
#3722=LINE('',#9427,#4251);
#3723=LINE('',#9431,#4252);
#3724=LINE('',#9440,#4253);
#3725=LINE('',#9441,#4254);
#3726=LINE('',#9443,#4255);
#3727=LINE('',#9444,#4256);
#3728=LINE('',#9446,#4257);
#3729=LINE('',#9447,#4258);
#3730=LINE('',#9449,#4259);
#3731=LINE('',#9451,#4260);
#3732=LINE('',#9453,#4261);
#3733=LINE('',#9456,#4262);
#3734=LINE('',#9459,#4263);
#3735=LINE('',#9460,#4264);
#3736=LINE('',#9462,#4265);
#3737=LINE('',#9464,#4266);
#3738=LINE('',#9466,#4267);
#3739=LINE('',#9475,#4268);
#3740=LINE('',#9478,#4269);
#3741=LINE('',#9480,#4270);
#3742=LINE('',#9482,#4271);
#3743=LINE('',#9484,#4272);
#3744=LINE('',#9485,#4273);
#3745=LINE('',#9487,#4274);
#3746=LINE('',#9489,#4275);
#3747=LINE('',#9543,#4276);
#3748=LINE('',#9545,#4277);
#3749=LINE('',#9547,#4278);
#3750=LINE('',#9549,#4279);
#3751=LINE('',#9564,#4280);
#3752=LINE('',#9567,#4281);
#3753=LINE('',#9569,#4282);
#3754=LINE('',#9571,#4283);
#3755=LINE('',#9573,#4284);
#3756=LINE('',#9575,#4285);
#3757=LINE('',#9577,#4286);
#3758=LINE('',#9579,#4287);
#3759=LINE('',#9581,#4288);
#3760=LINE('',#9583,#4289);
#3761=LINE('',#9585,#4290);
#3762=LINE('',#9587,#4291);
#3763=LINE('',#9589,#4292);
#3764=LINE('',#9592,#4293);
#3765=LINE('',#9593,#4294);
#3766=LINE('',#9595,#4295);
#3767=LINE('',#9597,#4296);
#3768=LINE('',#9599,#4297);
#3769=LINE('',#9603,#4298);
#3770=LINE('',#9605,#4299);
#3771=LINE('',#9607,#4300);
#3772=LINE('',#9610,#4301);
#3773=LINE('',#9612,#4302);
#3774=LINE('',#9613,#4303);
#3775=LINE('',#9615,#4304);
#3776=LINE('',#9617,#4305);
#3777=LINE('',#9619,#4306);
#3778=LINE('',#9628,#4307);
#3779=LINE('',#9633,#4308);
#3780=LINE('',#9637,#4309);
#3781=LINE('',#9639,#4310);
#3782=LINE('',#9641,#4311);
#3783=LINE('',#9643,#4312);
#3784=LINE('',#9645,#4313);
#3785=LINE('',#9647,#4314);
#3786=LINE('',#9649,#4315);
#3787=LINE('',#9651,#4316);
#3788=LINE('',#9653,#4317);
#3789=LINE('',#9655,#4318);
#3790=LINE('',#9657,#4319);
#3791=LINE('',#9659,#4320);
#3792=LINE('',#9661,#4321);
#3793=LINE('',#9664,#4322);
#3794=LINE('',#9665,#4323);
#3795=LINE('',#9667,#4324);
#3796=LINE('',#9669,#4325);
#3797=LINE('',#9671,#4326);
#3798=LINE('',#9675,#4327);
#3799=LINE('',#9677,#4328);
#3800=LINE('',#9679,#4329);
#3801=LINE('',#9681,#4330);
#3802=LINE('',#9683,#4331);
#3803=LINE('',#9685,#4332);
#3804=LINE('',#9687,#4333);
#3805=LINE('',#9688,#4334);
#3806=LINE('',#9694,#4335);
#3807=LINE('',#9696,#4336);
#3808=LINE('',#9697,#4337);
#3809=LINE('',#9701,#4338);
#3810=LINE('',#9702,#4339);
#3811=LINE('',#9706,#4340);
#3812=LINE('',#9708,#4341);
#3813=LINE('',#9710,#4342);
#3814=LINE('',#9712,#4343);
#3815=LINE('',#9714,#4344);
#3816=LINE('',#9716,#4345);
#3817=LINE('',#9718,#4346);
#3818=LINE('',#9720,#4347);
#3819=LINE('',#9722,#4348);
#3820=LINE('',#9724,#4349);
#3821=LINE('',#9726,#4350);
#3822=LINE('',#9728,#4351);
#3823=LINE('',#9730,#4352);
#3824=LINE('',#9732,#4353);
#3825=LINE('',#9734,#4354);
#3826=LINE('',#9736,#4355);
#3827=LINE('',#9738,#4356);
#3828=LINE('',#9740,#4357);
#3829=LINE('',#9742,#4358);
#3830=LINE('',#9744,#4359);
#3831=LINE('',#9746,#4360);
#3832=LINE('',#9748,#4361);
#3833=LINE('',#9750,#4362);
#3834=LINE('',#9752,#4363);
#3835=LINE('',#9754,#4364);
#3836=LINE('',#9756,#4365);
#3837=LINE('',#9796,#4366);
#3838=LINE('',#9818,#4367);
#3839=LINE('',#9950,#4368);
#3840=LINE('',#10009,#4369);
#3841=LINE('',#10031,#4370);
#3842=LINE('',#10033,#4371);
#3843=LINE('',#10035,#4372);
#3844=LINE('',#10037,#4373);
#3845=LINE('',#10039,#4374);
#3846=LINE('',#10041,#4375);
#3847=LINE('',#10080,#4376);
#3848=LINE('',#10155,#4377);
#3849=LINE('',#10238,#4378);
#3850=LINE('',#10289,#4379);
#3851=LINE('',#10303,#4380);
#3852=LINE('',#10306,#4381);
#3853=LINE('',#10379,#4382);
#3854=LINE('',#10381,#4383);
#3855=LINE('',#10463,#4384);
#3856=LINE('',#10464,#4385);
#3857=LINE('',#10495,#4386);
#3858=LINE('',#10526,#4387);
#3859=LINE('',#10557,#4388);
#3860=LINE('',#10601,#4389);
#3861=LINE('',#10603,#4390);
#3862=LINE('',#10664,#4391);
#3863=LINE('',#10665,#4392);
#3864=LINE('',#10724,#4393);
#3865=LINE('',#10783,#4394);
#3866=LINE('',#10843,#4395);
#3867=LINE('',#10916,#4396);
#3868=LINE('',#10918,#4397);
#3869=LINE('',#11000,#4398);
#3870=LINE('',#11001,#4399);
#3871=LINE('',#11032,#4400);
#3872=LINE('',#11063,#4401);
#3873=LINE('',#11094,#4402);
#3874=LINE('',#11138,#4403);
#3875=LINE('',#11140,#4404);
#3876=LINE('',#11201,#4405);
#3877=LINE('',#11202,#4406);
#3878=LINE('',#11261,#4407);
#3879=LINE('',#11320,#4408);
#3880=LINE('',#11380,#4409);
#3881=LINE('',#11453,#4410);
#3882=LINE('',#11455,#4411);
#3883=LINE('',#11537,#4412);
#3884=LINE('',#11538,#4413);
#3885=LINE('',#11569,#4414);
#3886=LINE('',#11600,#4415);
#3887=LINE('',#11631,#4416);
#3888=LINE('',#11675,#4417);
#3889=LINE('',#11677,#4418);
#3890=LINE('',#11738,#4419);
#3891=LINE('',#11739,#4420);
#3892=LINE('',#11798,#4421);
#3893=LINE('',#11857,#4422);
#3894=LINE('',#11917,#4423);
#3895=LINE('',#11920,#4424);
#3896=LINE('',#11922,#4425);
#3897=LINE('',#11924,#4426);
#3898=LINE('',#11926,#4427);
#3899=LINE('',#11928,#4428);
#3900=LINE('',#11930,#4429);
#3901=LINE('',#11984,#4430);
#3902=LINE('',#11985,#4431);
#3903=LINE('',#11988,#4432);
#3904=LINE('',#12030,#4433);
#3905=LINE('',#12032,#4434);
#3906=LINE('',#12033,#4435);
#3907=LINE('',#12035,#4436);
#3908=LINE('',#12037,#4437);
#3909=LINE('',#12039,#4438);
#3910=LINE('',#12041,#4439);
#3911=LINE('',#12043,#4440);
#3912=LINE('',#12045,#4441);
#3913=LINE('',#12084,#4442);
#3914=LINE('',#12123,#4443);
#3915=LINE('',#12146,#4444);
#3916=LINE('',#12149,#4445);
#3917=LINE('',#12152,#4446);
#3918=LINE('',#12153,#4447);
#3919=LINE('',#12155,#4448);
#3920=LINE('',#12157,#4449);
#3921=LINE('',#12159,#4450);
#3922=LINE('',#12161,#4451);
#3923=LINE('',#12220,#4452);
#3924=VECTOR('',#6513,1.);
#3925=VECTOR('',#6514,1.);
#3926=VECTOR('',#6515,1.);
#3927=VECTOR('',#6516,1.);
#3928=VECTOR('',#6525,1.);
#3929=VECTOR('',#6526,1.);
#3930=VECTOR('',#6527,1.);
#3931=VECTOR('',#6528,1.);
#3932=VECTOR('',#6535,1.);
#3933=VECTOR('',#6536,1.);
#3934=VECTOR('',#6539,1.);
#3935=VECTOR('',#6544,1.);
#3936=VECTOR('',#6561,1.);
#3937=VECTOR('',#6562,1.);
#3938=VECTOR('',#6563,1.);
#3939=VECTOR('',#6564,1.);
#3940=VECTOR('',#6565,1.);
#3941=VECTOR('',#6566,1.);
#3942=VECTOR('',#6567,1.);
#3943=VECTOR('',#6568,1.);
#3944=VECTOR('',#6569,1.);
#3945=VECTOR('',#6570,1.);
#3946=VECTOR('',#6571,1.);
#3947=VECTOR('',#6572,1.);
#3948=VECTOR('',#6573,1.);
#3949=VECTOR('',#6574,1.);
#3950=VECTOR('',#6575,1.);
#3951=VECTOR('',#6576,1.);
#3952=VECTOR('',#6581,1.);
#3953=VECTOR('',#6582,1.);
#3954=VECTOR('',#6583,1.);
#3955=VECTOR('',#6584,1.);
#3956=VECTOR('',#6589,1.);
#3957=VECTOR('',#6590,1.);
#3958=VECTOR('',#6593,1.);
#3959=VECTOR('',#6594,1.);
#3960=VECTOR('',#6595,1.);
#3961=VECTOR('',#6596,1.);
#3962=VECTOR('',#6599,1.);
#3963=VECTOR('',#6608,1.);
#3964=VECTOR('',#6609,1.);
#3965=VECTOR('',#6610,1.);
#3966=VECTOR('',#6613,1.);
#3967=VECTOR('',#6616,1.);
#3968=VECTOR('',#6617,1.);
#3969=VECTOR('',#6620,1.);
#3970=VECTOR('',#6621,1.);
#3971=VECTOR('',#6624,1.);
#3972=VECTOR('',#6625,1.);
#3973=VECTOR('',#6628,1.);
#3974=VECTOR('',#6629,1.);
#3975=VECTOR('',#6632,1.);
#3976=VECTOR('',#6633,1.);
#3977=VECTOR('',#6636,1.);
#3978=VECTOR('',#6637,1.);
#3979=VECTOR('',#6640,1.);
#3980=VECTOR('',#6641,1.);
#3981=VECTOR('',#6644,1.);
#3982=VECTOR('',#6645,1.);
#3983=VECTOR('',#6648,1.);
#3984=VECTOR('',#6655,1.);
#3985=VECTOR('',#6656,1.);
#3986=VECTOR('',#6657,1.);
#3987=VECTOR('',#6658,1.);
#3988=VECTOR('',#6667,1.);
#3989=VECTOR('',#6670,1.);
#3990=VECTOR('',#6671,1.);
#3991=VECTOR('',#6674,1.);
#3992=VECTOR('',#6675,1.);
#3993=VECTOR('',#6678,1.);
#3994=VECTOR('',#6679,1.);
#3995=VECTOR('',#6718,1.);
#3996=VECTOR('',#6721,1.);
#3997=VECTOR('',#6722,1.);
#3998=VECTOR('',#6725,1.);
#3999=VECTOR('',#6726,1.);
#4000=VECTOR('',#6729,1.);
#4001=VECTOR('',#6730,1.);
#4002=VECTOR('',#6781,1.);
#4003=VECTOR('',#6792,1.);
#4004=VECTOR('',#6795,1.);
#4005=VECTOR('',#6798,1.);
#4006=VECTOR('',#6799,1.);
#4007=VECTOR('',#6802,1.);
#4008=VECTOR('',#6815,1.);
#4009=VECTOR('',#6816,1.);
#4010=VECTOR('',#6819,1.);
#4011=VECTOR('',#6832,1.);
#4012=VECTOR('',#6847,1.);
#4013=VECTOR('',#6848,1.);
#4014=VECTOR('',#6849,1.);
#4015=VECTOR('',#6850,1.);
#4016=VECTOR('',#6851,1.);
#4017=VECTOR('',#6852,1.);
#4018=VECTOR('',#6853,1.);
#4019=VECTOR('',#6854,1.);
#4020=VECTOR('',#6857,1.);
#4021=VECTOR('',#6858,1.);
#4022=VECTOR('',#6859,1.);
#4023=VECTOR('',#6860,1.);
#4024=VECTOR('',#6861,1.);
#4025=VECTOR('',#6862,1.);
#4026=VECTOR('',#6863,1.);
#4027=VECTOR('',#6864,1.);
#4028=VECTOR('',#6867,1.);
#4029=VECTOR('',#6868,1.);
#4030=VECTOR('',#6869,1.);
#4031=VECTOR('',#6872,1.);
#4032=VECTOR('',#6873,1.);
#4033=VECTOR('',#6874,1.);
#4034=VECTOR('',#6875,1.);
#4035=VECTOR('',#6876,1.);
#4036=VECTOR('',#6879,1.);
#4037=VECTOR('',#6880,1.);
#4038=VECTOR('',#6883,1.);
#4039=VECTOR('',#6884,1.);
#4040=VECTOR('',#6885,1.);
#4041=VECTOR('',#6886,1.);
#4042=VECTOR('',#6889,1.);
#4043=VECTOR('',#6890,1.);
#4044=VECTOR('',#6893,1.);
#4045=VECTOR('',#6896,1.);
#4046=VECTOR('',#6901,1.);
#4047=VECTOR('',#6906,1.);
#4048=VECTOR('',#6913,1.);
#4049=VECTOR('',#6914,1.);
#4050=VECTOR('',#6915,1.);
#4051=VECTOR('',#6916,1.);
#4052=VECTOR('',#6921,1.);
#4053=VECTOR('',#6922,1.);
#4054=VECTOR('',#6923,1.);
#4055=VECTOR('',#6924,1.);
#4056=VECTOR('',#6927,1.);
#4057=VECTOR('',#6928,1.);
#4058=VECTOR('',#6929,1.);
#4059=VECTOR('',#6930,1.);
#4060=VECTOR('',#6937,1.);
#4061=VECTOR('',#6938,1.);
#4062=VECTOR('',#6939,1.);
#4063=VECTOR('',#6942,1.);
#4064=VECTOR('',#6943,1.);
#4065=VECTOR('',#6944,1.);
#4066=VECTOR('',#6945,1.);
#4067=VECTOR('',#6946,1.);
#4068=VECTOR('',#6949,1.);
#4069=VECTOR('',#6950,1.);
#4070=VECTOR('',#6951,1.);
#4071=VECTOR('',#6952,1.);
#4072=VECTOR('',#6953,1.);
#4073=VECTOR('',#6956,1.);
#4074=VECTOR('',#6957,1.);
#4075=VECTOR('',#6958,1.);
#4076=VECTOR('',#6961,1.);
#4077=VECTOR('',#6962,1.);
#4078=VECTOR('',#6963,1.);
#4079=VECTOR('',#6970,1.);
#4080=VECTOR('',#6975,1.);
#4081=VECTOR('',#6976,1.);
#4082=VECTOR('',#6977,1.);
#4083=VECTOR('',#6978,1.);
#4084=VECTOR('',#6981,1.);
#4085=VECTOR('',#6982,1.);
#4086=VECTOR('',#6983,1.);
#4087=VECTOR('',#6986,1.);
#4088=VECTOR('',#6989,1.);
#4089=VECTOR('',#6990,1.);
#4090=VECTOR('',#6997,1.);
#4091=VECTOR('',#6998,1.);
#4092=VECTOR('',#7001,1.);
#4093=VECTOR('',#7004,1.);
#4094=VECTOR('',#7013,1.);
#4095=VECTOR('',#7016,1.);
#4096=VECTOR('',#7031,1.);
#4097=VECTOR('',#7034,1.);
#4098=VECTOR('',#7035,1.);
#4099=VECTOR('',#7038,1.);
#4100=VECTOR('',#7059,1.);
#4101=VECTOR('',#7062,1.);
#4102=VECTOR('',#7063,1.);
#4103=VECTOR('',#7066,1.);
#4104=VECTOR('',#7087,1.);
#4105=VECTOR('',#7088,1.);
#4106=VECTOR('',#7103,1.);
#4107=VECTOR('',#7106,1.);
#4108=VECTOR('',#7119,1.);
#4109=VECTOR('',#7122,1.);
#4110=VECTOR('',#7149,1.);
#4111=VECTOR('',#7150,1.);
#4112=VECTOR('',#7151,1.);
#4113=VECTOR('',#7152,1.);
#4114=VECTOR('',#7153,1.);
#4115=VECTOR('',#7154,1.);
#4116=VECTOR('',#7155,1.);
#4117=VECTOR('',#7156,1.);
#4118=VECTOR('',#7157,1.);
#4119=VECTOR('',#7158,1.);
#4120=VECTOR('',#7159,1.);
#4121=VECTOR('',#7162,1.);
#4122=VECTOR('',#7163,1.);
#4123=VECTOR('',#7164,1.);
#4124=VECTOR('',#7167,1.);
#4125=VECTOR('',#7168,1.);
#4126=VECTOR('',#7169,1.);
#4127=VECTOR('',#7172,1.);
#4128=VECTOR('',#7173,1.);
#4129=VECTOR('',#7174,1.);
#4130=VECTOR('',#7175,1.);
#4131=VECTOR('',#7178,1.);
#4132=VECTOR('',#7179,1.);
#4133=VECTOR('',#7180,1.);
#4134=VECTOR('',#7181,1.);
#4135=VECTOR('',#7182,1.);
#4136=VECTOR('',#7183,1.);
#4137=VECTOR('',#7184,1.);
#4138=VECTOR('',#7185,1.);
#4139=VECTOR('',#7186,1.);
#4140=VECTOR('',#7187,1.);
#4141=VECTOR('',#7188,1.);
#4142=VECTOR('',#7189,1.);
#4143=VECTOR('',#7190,1.);
#4144=VECTOR('',#7191,1.);
#4145=VECTOR('',#7192,1.);
#4146=VECTOR('',#7193,1.);
#4147=VECTOR('',#7194,1.);
#4148=VECTOR('',#7197,1.);
#4149=VECTOR('',#7200,1.);
#4150=VECTOR('',#7201,1.);
#4151=VECTOR('',#7202,1.);
#4152=VECTOR('',#7203,1.);
#4153=VECTOR('',#7204,1.);
#4154=VECTOR('',#7207,1.);
#4155=VECTOR('',#7210,1.);
#4156=VECTOR('',#7211,1.);
#4157=VECTOR('',#7212,1.);
#4158=VECTOR('',#7213,1.);
#4159=VECTOR('',#7214,1.);
#4160=VECTOR('',#7215,1.);
#4161=VECTOR('',#7216,1.);
#4162=VECTOR('',#7217,1.);
#4163=VECTOR('',#7218,1.);
#4164=VECTOR('',#7221,1.);
#4165=VECTOR('',#7224,1.);
#4166=VECTOR('',#7225,1.);
#4167=VECTOR('',#7226,1.);
#4168=VECTOR('',#7227,1.);
#4169=VECTOR('',#7230,1.);
#4170=VECTOR('',#7233,1.);
#4171=VECTOR('',#7234,1.);
#4172=VECTOR('',#7235,1.);
#4173=VECTOR('',#7236,1.);
#4174=VECTOR('',#7237,1.);
#4175=VECTOR('',#7238,1.);
#4176=VECTOR('',#7241,1.);
#4177=VECTOR('',#7242,1.);
#4178=VECTOR('',#7243,1.);
#4179=VECTOR('',#7244,1.);
#4180=VECTOR('',#7245,1.);
#4181=VECTOR('',#7246,1.);
#4182=VECTOR('',#7249,1.);
#4183=VECTOR('',#7250,1.);
#4184=VECTOR('',#7251,1.);
#4185=VECTOR('',#7252,1.);
#4186=VECTOR('',#7255,1.);
#4187=VECTOR('',#7256,1.);
#4188=VECTOR('',#7257,1.);
#4189=VECTOR('',#7258,1.);
#4190=VECTOR('',#7261,1.);
#4191=VECTOR('',#7270,1.);
#4192=VECTOR('',#7275,1.);
#4193=VECTOR('',#7278,1.);
#4194=VECTOR('',#7281,1.);
#4195=VECTOR('',#7286,1.);
#4196=VECTOR('',#7289,1.);
#4197=VECTOR('',#7298,1.);
#4198=VECTOR('',#7301,1.);
#4199=VECTOR('',#7306,1.);
#4200=VECTOR('',#7313,1.);
#4201=VECTOR('',#7316,1.);
#4202=VECTOR('',#7317,1.);
#4203=VECTOR('',#7324,1.);
#4204=VECTOR('',#7327,1.);
#4205=VECTOR('',#7330,1.);
#4206=VECTOR('',#7331,1.);
#4207=VECTOR('',#7334,1.);
#4208=VECTOR('',#7335,1.);
#4209=VECTOR('',#7338,1.);
#4210=VECTOR('',#7339,1.);
#4211=VECTOR('',#7342,1.);
#4212=VECTOR('',#7343,1.);
#4213=VECTOR('',#7344,1.);
#4214=VECTOR('',#7345,1.);
#4215=VECTOR('',#7346,1.);
#4216=VECTOR('',#7349,1.);
#4217=VECTOR('',#7350,1.);
#4218=VECTOR('',#7351,1.);
#4219=VECTOR('',#7352,1.);
#4220=VECTOR('',#7353,1.);
#4221=VECTOR('',#7354,1.);
#4222=VECTOR('',#7357,1.);
#4223=VECTOR('',#7358,1.);
#4224=VECTOR('',#7359,1.);
#4225=VECTOR('',#7360,1.);
#4226=VECTOR('',#7361,1.);
#4227=VECTOR('',#7364,1.);
#4228=VECTOR('',#7365,1.);
#4229=VECTOR('',#7366,1.);
#4230=VECTOR('',#7367,1.);
#4231=VECTOR('',#7370,1.);
#4232=VECTOR('',#7371,1.);
#4233=VECTOR('',#7372,1.);
#4234=VECTOR('',#7373,1.);
#4235=VECTOR('',#7374,1.);
#4236=VECTOR('',#7377,1.);
#4237=VECTOR('',#7378,1.);
#4238=VECTOR('',#7379,1.);
#4239=VECTOR('',#7380,1.);
#4240=VECTOR('',#7381,1.);
#4241=VECTOR('',#7382,1.);
#4242=VECTOR('',#7383,1.);
#4243=VECTOR('',#7386,1.);
#4244=VECTOR('',#7389,1.);
#4245=VECTOR('',#7392,1.);
#4246=VECTOR('',#7393,1.);
#4247=VECTOR('',#7394,1.);
#4248=VECTOR('',#7395,1.);
#4249=VECTOR('',#7396,1.);
#4250=VECTOR('',#7413,1.);
#4251=VECTOR('',#7416,1.);
#4252=VECTOR('',#7419,1.);
#4253=VECTOR('',#7434,1.);
#4254=VECTOR('',#7435,1.);
#4255=VECTOR('',#7438,1.);
#4256=VECTOR('',#7439,1.);
#4257=VECTOR('',#7442,1.);
#4258=VECTOR('',#7443,1.);
#4259=VECTOR('',#7446,1.);
#4260=VECTOR('',#7447,1.);
#4261=VECTOR('',#7450,1.);
#4262=VECTOR('',#7455,1.);
#4263=VECTOR('',#7456,1.);
#4264=VECTOR('',#7457,1.);
#4265=VECTOR('',#7460,1.);
#4266=VECTOR('',#7461,1.);
#4267=VECTOR('',#7462,1.);
#4268=VECTOR('',#7479,1.);
#4269=VECTOR('',#7480,1.);
#4270=VECTOR('',#7481,1.);
#4271=VECTOR('',#7482,1.);
#4272=VECTOR('',#7485,1.);
#4273=VECTOR('',#7486,1.);
#4274=VECTOR('',#7489,1.);
#4275=VECTOR('',#7492,1.);
#4276=VECTOR('',#7585,1.);
#4277=VECTOR('',#7588,1.);
#4278=VECTOR('',#7591,1.);
#4279=VECTOR('',#7594,1.);
#4280=VECTOR('',#7623,1.);
#4281=VECTOR('',#7624,1.);
#4282=VECTOR('',#7625,1.);
#4283=VECTOR('',#7626,1.);
#4284=VECTOR('',#7629,1.);
#4285=VECTOR('',#7630,1.);
#4286=VECTOR('',#7631,1.);
#4287=VECTOR('',#7634,1.);
#4288=VECTOR('',#7635,1.);
#4289=VECTOR('',#7636,1.);
#4290=VECTOR('',#7639,1.);
#4291=VECTOR('',#7640,1.);
#4292=VECTOR('',#7643,1.);
#4293=VECTOR('',#7644,1.);
#4294=VECTOR('',#7645,1.);
#4295=VECTOR('',#7648,1.);
#4296=VECTOR('',#7649,1.);
#4297=VECTOR('',#7652,1.);
#4298=VECTOR('',#7657,1.);
#4299=VECTOR('',#7658,1.);
#4300=VECTOR('',#7661,1.);
#4301=VECTOR('',#7662,1.);
#4302=VECTOR('',#7663,1.);
#4303=VECTOR('',#7664,1.);
#4304=VECTOR('',#7667,1.);
#4305=VECTOR('',#7668,1.);
#4306=VECTOR('',#7669,1.);
#4307=VECTOR('',#7686,1.);
#4308=VECTOR('',#7691,1.);
#4309=VECTOR('',#7694,1.);
#4310=VECTOR('',#7697,1.);
#4311=VECTOR('',#7698,1.);
#4312=VECTOR('',#7699,1.);
#4313=VECTOR('',#7702,1.);
#4314=VECTOR('',#7703,1.);
#4315=VECTOR('',#7704,1.);
#4316=VECTOR('',#7707,1.);
#4317=VECTOR('',#7708,1.);
#4318=VECTOR('',#7709,1.);
#4319=VECTOR('',#7712,1.);
#4320=VECTOR('',#7713,1.);
#4321=VECTOR('',#7716,1.);
#4322=VECTOR('',#7717,1.);
#4323=VECTOR('',#7718,1.);
#4324=VECTOR('',#7721,1.);
#4325=VECTOR('',#7722,1.);
#4326=VECTOR('',#7725,1.);
#4327=VECTOR('',#7730,1.);
#4328=VECTOR('',#7731,1.);
#4329=VECTOR('',#7734,1.);
#4330=VECTOR('',#7735,1.);
#4331=VECTOR('',#7736,1.);
#4332=VECTOR('',#7737,1.);
#4333=VECTOR('',#7740,1.);
#4334=VECTOR('',#7741,1.);
#4335=VECTOR('',#7752,1.);
#4336=VECTOR('',#7755,1.);
#4337=VECTOR('',#7756,1.);
#4338=VECTOR('',#7763,1.);
#4339=VECTOR('',#7764,1.);
#4340=VECTOR('',#7771,1.);
#4341=VECTOR('',#7772,1.);
#4342=VECTOR('',#7773,1.);
#4343=VECTOR('',#7776,1.);
#4344=VECTOR('',#7777,1.);
#4345=VECTOR('',#7780,1.);
#4346=VECTOR('',#7781,1.);
#4347=VECTOR('',#7784,1.);
#4348=VECTOR('',#7785,1.);
#4349=VECTOR('',#7788,1.);
#4350=VECTOR('',#7789,1.);
#4351=VECTOR('',#7792,1.);
#4352=VECTOR('',#7793,1.);
#4353=VECTOR('',#7796,1.);
#4354=VECTOR('',#7797,1.);
#4355=VECTOR('',#7800,1.);
#4356=VECTOR('',#7801,1.);
#4357=VECTOR('',#7804,1.);
#4358=VECTOR('',#7805,1.);
#4359=VECTOR('',#7808,1.);
#4360=VECTOR('',#7809,1.);
#4361=VECTOR('',#7812,1.);
#4362=VECTOR('',#7813,1.);
#4363=VECTOR('',#7816,1.);
#4364=VECTOR('',#7817,1.);
#4365=VECTOR('',#7820,1.);
#4366=VECTOR('',#7823,1.);
#4367=VECTOR('',#7824,1.);
#4368=VECTOR('',#7829,1.);
#4369=VECTOR('',#7830,1.);
#4370=VECTOR('',#7833,1.);
#4371=VECTOR('',#7834,1.);
#4372=VECTOR('',#7837,1.);
#4373=VECTOR('',#7838,1.);
#4374=VECTOR('',#7841,1.);
#4375=VECTOR('',#7842,1.);
#4376=VECTOR('',#7843,1.);
#4377=VECTOR('',#7844,1.);
#4378=VECTOR('',#7845,1.);
#4379=VECTOR('',#7846,1.);
#4380=VECTOR('',#7849,1.);
#4381=VECTOR('',#7854,1.);
#4382=VECTOR('',#7857,1.);
#4383=VECTOR('',#7858,1.);
#4384=VECTOR('',#7861,1.);
#4385=VECTOR('',#7862,1.);
#4386=VECTOR('',#7863,1.);
#4387=VECTOR('',#7864,1.);
#4388=VECTOR('',#7865,1.);
#4389=VECTOR('',#7868,1.);
#4390=VECTOR('',#7871,1.);
#4391=VECTOR('',#7874,1.);
#4392=VECTOR('',#7875,1.);
#4393=VECTOR('',#7876,1.);
#4394=VECTOR('',#7877,1.);
#4395=VECTOR('',#7882,1.);
#4396=VECTOR('',#7885,1.);
#4397=VECTOR('',#7886,1.);
#4398=VECTOR('',#7889,1.);
#4399=VECTOR('',#7890,1.);
#4400=VECTOR('',#7891,1.);
#4401=VECTOR('',#7892,1.);
#4402=VECTOR('',#7893,1.);
#4403=VECTOR('',#7896,1.);
#4404=VECTOR('',#7899,1.);
#4405=VECTOR('',#7902,1.);
#4406=VECTOR('',#7903,1.);
#4407=VECTOR('',#7904,1.);
#4408=VECTOR('',#7905,1.);
#4409=VECTOR('',#7910,1.);
#4410=VECTOR('',#7913,1.);
#4411=VECTOR('',#7914,1.);
#4412=VECTOR('',#7917,1.);
#4413=VECTOR('',#7918,1.);
#4414=VECTOR('',#7919,1.);
#4415=VECTOR('',#7920,1.);
#4416=VECTOR('',#7921,1.);
#4417=VECTOR('',#7924,1.);
#4418=VECTOR('',#7927,1.);
#4419=VECTOR('',#7930,1.);
#4420=VECTOR('',#7931,1.);
#4421=VECTOR('',#7932,1.);
#4422=VECTOR('',#7933,1.);
#4423=VECTOR('',#7938,1.);
#4424=VECTOR('',#7939,1.);
#4425=VECTOR('',#7940,1.);
#4426=VECTOR('',#7941,1.);
#4427=VECTOR('',#7942,1.);
#4428=VECTOR('',#7943,1.);
#4429=VECTOR('',#7944,1.);
#4430=VECTOR('',#7945,1.);
#4431=VECTOR('',#7946,1.);
#4432=VECTOR('',#7947,1.);
#4433=VECTOR('',#7948,1.);
#4434=VECTOR('',#7951,1.);
#4435=VECTOR('',#7952,1.);
#4436=VECTOR('',#7955,1.);
#4437=VECTOR('',#7958,1.);
#4438=VECTOR('',#7961,1.);
#4439=VECTOR('',#7964,1.);
#4440=VECTOR('',#7967,1.);
#4441=VECTOR('',#7970,1.);
#4442=VECTOR('',#7971,1.);
#4443=VECTOR('',#7972,1.);
#4444=VECTOR('',#7973,1.);
#4445=VECTOR('',#7978,1.);
#4446=VECTOR('',#7979,1.);
#4447=VECTOR('',#7980,1.);
#4448=VECTOR('',#7983,1.);
#4449=VECTOR('',#7984,1.);
#4450=VECTOR('',#7987,1.);
#4451=VECTOR('',#7988,1.);
#4452=VECTOR('',#7989,1.);
#4453=EDGE_LOOP('',(#461,#462,#463,#464));
#4454=EDGE_LOOP('',(#465));
#4455=EDGE_LOOP('',(#466));
#4456=EDGE_LOOP('',(#467));
#4457=EDGE_LOOP('',(#468,#469,#470,#471));
#4458=EDGE_LOOP('',(#472));
#4459=EDGE_LOOP('',(#473));
#4460=EDGE_LOOP('',(#474,#475,#476,#477));
#4461=EDGE_LOOP('',(#478,#479,#480,#481));
#4462=EDGE_LOOP('',(#482));
#4463=EDGE_LOOP('',(#483,#484,#485,#486));
#4464=EDGE_LOOP('',(#487,#488,#489,#490));
#4465=EDGE_LOOP('',(#491));
#4466=EDGE_LOOP('',(#492));
#4467=EDGE_LOOP('',(#493));
#4468=EDGE_LOOP('',(#494));
#4469=EDGE_LOOP('',(#495));
#4470=EDGE_LOOP('',(#496));
#4471=EDGE_LOOP('',(#497));
#4472=EDGE_LOOP('',(#498));
#4473=EDGE_LOOP('',(#499,#500,#501,#502,#503,#504,#505,#506,#507,#508,#509,
#510,#511,#512,#513,#514));
#4474=EDGE_LOOP('',(#515));
#4475=EDGE_LOOP('',(#516,#517,#518,#519));
#4476=EDGE_LOOP('',(#520));
#4477=EDGE_LOOP('',(#521,#522,#523,#524));
#4478=EDGE_LOOP('',(#525,#526,#527,#528,#529,#530,#531,#532));
#4479=EDGE_LOOP('',(#533,#534,#535,#536));
#4480=EDGE_LOOP('',(#537,#538,#539,#540));
#4481=EDGE_LOOP('',(#541));
#4482=EDGE_LOOP('',(#542));
#4483=EDGE_LOOP('',(#543));
#4484=EDGE_LOOP('',(#544));
#4485=EDGE_LOOP('',(#545,#546,#547,#548));
#4486=EDGE_LOOP('',(#549,#550,#551,#552));
#4487=EDGE_LOOP('',(#553,#554,#555,#556));
#4488=EDGE_LOOP('',(#557,#558,#559,#560));
#4489=EDGE_LOOP('',(#561,#562,#563,#564));
#4490=EDGE_LOOP('',(#565,#566,#567,#568));
#4491=EDGE_LOOP('',(#569,#570,#571,#572));
#4492=EDGE_LOOP('',(#573,#574,#575,#576));
#4493=EDGE_LOOP('',(#577,#578,#579,#580));
#4494=EDGE_LOOP('',(#581,#582,#583,#584));
#4495=EDGE_LOOP('',(#585,#586,#587,#588));
#4496=EDGE_LOOP('',(#589,#590,#591,#592,#593,#594,#595,#596,#597,#598,#599,
#600));
#4497=EDGE_LOOP('',(#601,#602,#603,#604));
#4498=EDGE_LOOP('',(#605));
#4499=EDGE_LOOP('',(#606));
#4500=EDGE_LOOP('',(#607,#608,#609,#610,#611,#612,#613,#614,#615,#616,#617,
#618));
#4501=EDGE_LOOP('',(#619));
#4502=EDGE_LOOP('',(#620));
#4503=EDGE_LOOP('',(#621));
#4504=EDGE_LOOP('',(#622));
#4505=EDGE_LOOP('',(#623));
#4506=EDGE_LOOP('',(#624));
#4507=EDGE_LOOP('',(#625));
#4508=EDGE_LOOP('',(#626));
#4509=EDGE_LOOP('',(#627));
#4510=EDGE_LOOP('',(#628));
#4511=EDGE_LOOP('',(#629));
#4512=EDGE_LOOP('',(#630));
#4513=EDGE_LOOP('',(#631));
#4514=EDGE_LOOP('',(#632));
#4515=EDGE_LOOP('',(#633));
#4516=EDGE_LOOP('',(#634));
#4517=EDGE_LOOP('',(#635));
#4518=EDGE_LOOP('',(#636,#637,#638,#639,#640,#641,#642,#643,#644,#645,#646,
#647));
#4519=EDGE_LOOP('',(#648));
#4520=EDGE_LOOP('',(#649));
#4521=EDGE_LOOP('',(#650));
#4522=EDGE_LOOP('',(#651));
#4523=EDGE_LOOP('',(#652));
#4524=EDGE_LOOP('',(#653));
#4525=EDGE_LOOP('',(#654));
#4526=EDGE_LOOP('',(#655));
#4527=EDGE_LOOP('',(#656));
#4528=EDGE_LOOP('',(#657));
#4529=EDGE_LOOP('',(#658));
#4530=EDGE_LOOP('',(#659));
#4531=EDGE_LOOP('',(#660));
#4532=EDGE_LOOP('',(#661));
#4533=EDGE_LOOP('',(#662));
#4534=EDGE_LOOP('',(#663));
#4535=EDGE_LOOP('',(#664));
#4536=EDGE_LOOP('',(#665));
#4537=EDGE_LOOP('',(#666));
#4538=EDGE_LOOP('',(#667));
#4539=EDGE_LOOP('',(#668));
#4540=EDGE_LOOP('',(#669));
#4541=EDGE_LOOP('',(#670));
#4542=EDGE_LOOP('',(#671));
#4543=EDGE_LOOP('',(#672));
#4544=EDGE_LOOP('',(#673,#674,#675,#676));
#4545=EDGE_LOOP('',(#677));
#4546=EDGE_LOOP('',(#678));
#4547=EDGE_LOOP('',(#679));
#4548=EDGE_LOOP('',(#680));
#4549=EDGE_LOOP('',(#681));
#4550=EDGE_LOOP('',(#682));
#4551=EDGE_LOOP('',(#683));
#4552=EDGE_LOOP('',(#684));
#4553=EDGE_LOOP('',(#685,#686,#687,#688));
#4554=EDGE_LOOP('',(#689,#690,#691,#692));
#4555=EDGE_LOOP('',(#693,#694,#695,#696));
#4556=EDGE_LOOP('',(#697,#698,#699,#700));
#4557=EDGE_LOOP('',(#701));
#4558=EDGE_LOOP('',(#702));
#4559=EDGE_LOOP('',(#703));
#4560=EDGE_LOOP('',(#704));
#4561=EDGE_LOOP('',(#705));
#4562=EDGE_LOOP('',(#706));
#4563=EDGE_LOOP('',(#707));
#4564=EDGE_LOOP('',(#708));
#4565=EDGE_LOOP('',(#709,#710,#711,#712));
#4566=EDGE_LOOP('',(#713,#714,#715,#716));
#4567=EDGE_LOOP('',(#717,#718,#719,#720));
#4568=EDGE_LOOP('',(#721));
#4569=EDGE_LOOP('',(#722));
#4570=EDGE_LOOP('',(#723));
#4571=EDGE_LOOP('',(#724));
#4572=EDGE_LOOP('',(#725));
#4573=EDGE_LOOP('',(#726));
#4574=EDGE_LOOP('',(#727));
#4575=EDGE_LOOP('',(#728));
#4576=EDGE_LOOP('',(#729,#730,#731,#732));
#4577=EDGE_LOOP('',(#733,#734,#735,#736));
#4578=EDGE_LOOP('',(#737));
#4579=EDGE_LOOP('',(#738));
#4580=EDGE_LOOP('',(#739));
#4581=EDGE_LOOP('',(#740));
#4582=EDGE_LOOP('',(#741));
#4583=EDGE_LOOP('',(#742));
#4584=EDGE_LOOP('',(#743));
#4585=EDGE_LOOP('',(#744));
#4586=EDGE_LOOP('',(#745,#746,#747,#748));
#4587=EDGE_LOOP('',(#749,#750,#751,#752));
#4588=EDGE_LOOP('',(#753,#754,#755,#756));
#4589=EDGE_LOOP('',(#757,#758,#759,#760));
#4590=EDGE_LOOP('',(#761,#762,#763,#764));
#4591=EDGE_LOOP('',(#765,#766,#767,#768));
#4592=EDGE_LOOP('',(#769,#770,#771,#772,#773,#774,#775,#776));
#4593=EDGE_LOOP('',(#777,#778,#779,#780));
#4594=EDGE_LOOP('',(#781,#782,#783,#784,#785,#786,#787,#788));
#4595=EDGE_LOOP('',(#789,#790,#791,#792));
#4596=EDGE_LOOP('',(#793,#794,#795,#796));
#4597=EDGE_LOOP('',(#797,#798,#799,#800));
#4598=EDGE_LOOP('',(#801,#802,#803,#804));
#4599=EDGE_LOOP('',(#805,#806,#807,#808));
#4600=EDGE_LOOP('',(#809,#810,#811,#812));
#4601=EDGE_LOOP('',(#813,#814,#815,#816));
#4602=EDGE_LOOP('',(#817,#818,#819,#820));
#4603=EDGE_LOOP('',(#821,#822,#823,#824));
#4604=EDGE_LOOP('',(#825));
#4605=EDGE_LOOP('',(#826,#827,#828,#829));
#4606=EDGE_LOOP('',(#830,#831,#832,#833));
#4607=EDGE_LOOP('',(#834));
#4608=EDGE_LOOP('',(#835));
#4609=EDGE_LOOP('',(#836,#837,#838,#839));
#4610=EDGE_LOOP('',(#840,#841,#842,#843,#844,#845,#846,#847));
#4611=EDGE_LOOP('',(#848,#849,#850,#851));
#4612=EDGE_LOOP('',(#852,#853,#854,#855,#856,#857,#858,#859));
#4613=EDGE_LOOP('',(#860,#861,#862,#863,#864,#865,#866,#867));
#4614=EDGE_LOOP('',(#868));
#4615=EDGE_LOOP('',(#869));
#4616=EDGE_LOOP('',(#870));
#4617=EDGE_LOOP('',(#871,#872,#873,#874));
#4618=EDGE_LOOP('',(#875,#876,#877,#878));
#4619=EDGE_LOOP('',(#879,#880,#881,#882));
#4620=EDGE_LOOP('',(#883,#884,#885,#886,#887,#888,#889,#890));
#4621=EDGE_LOOP('',(#891,#892,#893,#894));
#4622=EDGE_LOOP('',(#895,#896,#897,#898));
#4623=EDGE_LOOP('',(#899,#900,#901,#902));
#4624=EDGE_LOOP('',(#903,#904,#905,#906));
#4625=EDGE_LOOP('',(#907,#908,#909,#910));
#4626=EDGE_LOOP('',(#911,#912,#913,#914));
#4627=EDGE_LOOP('',(#915,#916,#917,#918));
#4628=EDGE_LOOP('',(#919,#920,#921,#922));
#4629=EDGE_LOOP('',(#923));
#4630=EDGE_LOOP('',(#924));
#4631=EDGE_LOOP('',(#925,#926,#927,#928));
#4632=EDGE_LOOP('',(#929));
#4633=EDGE_LOOP('',(#930));
#4634=EDGE_LOOP('',(#931));
#4635=EDGE_LOOP('',(#932,#933,#934,#935,#936,#937,#938,#939));
#4636=EDGE_LOOP('',(#940));
#4637=EDGE_LOOP('',(#941));
#4638=EDGE_LOOP('',(#942));
#4639=EDGE_LOOP('',(#943));
#4640=EDGE_LOOP('',(#944));
#4641=EDGE_LOOP('',(#945));
#4642=EDGE_LOOP('',(#946));
#4643=EDGE_LOOP('',(#947));
#4644=EDGE_LOOP('',(#948,#949,#950,#951,#952,#953,#954,#955));
#4645=EDGE_LOOP('',(#956));
#4646=EDGE_LOOP('',(#957));
#4647=EDGE_LOOP('',(#958));
#4648=EDGE_LOOP('',(#959));
#4649=EDGE_LOOP('',(#960));
#4650=EDGE_LOOP('',(#961));
#4651=EDGE_LOOP('',(#962));
#4652=EDGE_LOOP('',(#963));
#4653=EDGE_LOOP('',(#964));
#4654=EDGE_LOOP('',(#965,#966,#967,#968));
#4655=EDGE_LOOP('',(#969));
#4656=EDGE_LOOP('',(#970));
#4657=EDGE_LOOP('',(#971));
#4658=EDGE_LOOP('',(#972));
#4659=EDGE_LOOP('',(#973));
#4660=EDGE_LOOP('',(#974));
#4661=EDGE_LOOP('',(#975));
#4662=EDGE_LOOP('',(#976));
#4663=EDGE_LOOP('',(#977,#978,#979,#980));
#4664=EDGE_LOOP('',(#981,#982,#983,#984));
#4665=EDGE_LOOP('',(#985));
#4666=EDGE_LOOP('',(#986));
#4667=EDGE_LOOP('',(#987));
#4668=EDGE_LOOP('',(#988));
#4669=EDGE_LOOP('',(#989));
#4670=EDGE_LOOP('',(#990));
#4671=EDGE_LOOP('',(#991));
#4672=EDGE_LOOP('',(#992));
#4673=EDGE_LOOP('',(#993,#994,#995,#996));
#4674=EDGE_LOOP('',(#997,#998,#999,#1000));
#4675=EDGE_LOOP('',(#1001,#1002,#1003,#1004));
#4676=EDGE_LOOP('',(#1005));
#4677=EDGE_LOOP('',(#1006));
#4678=EDGE_LOOP('',(#1007));
#4679=EDGE_LOOP('',(#1008));
#4680=EDGE_LOOP('',(#1009));
#4681=EDGE_LOOP('',(#1010));
#4682=EDGE_LOOP('',(#1011));
#4683=EDGE_LOOP('',(#1012));
#4684=EDGE_LOOP('',(#1013,#1014,#1015,#1016));
#4685=EDGE_LOOP('',(#1017));
#4686=EDGE_LOOP('',(#1018));
#4687=EDGE_LOOP('',(#1019));
#4688=EDGE_LOOP('',(#1020));
#4689=EDGE_LOOP('',(#1021,#1022,#1023,#1024,#1025,#1026,#1027,#1028,#1029,
#1030,#1031));
#4690=EDGE_LOOP('',(#1032,#1033,#1034,#1035,#1036,#1037,#1038,#1039));
#4691=EDGE_LOOP('',(#1040,#1041,#1042,#1043,#1044,#1045,#1046,#1047));
#4692=EDGE_LOOP('',(#1048,#1049,#1050,#1051,#1052,#1053,#1054,#1055));
#4693=EDGE_LOOP('',(#1056,#1057,#1058,#1059,#1060,#1061,#1062,#1063,#1064,
#1065,#1066,#1067,#1068));
#4694=EDGE_LOOP('',(#1069,#1070,#1071,#1072,#1073,#1074,#1075,#1076,#1077,
#1078,#1079,#1080,#1081));
#4695=EDGE_LOOP('',(#1082,#1083,#1084,#1085));
#4696=EDGE_LOOP('',(#1086,#1087,#1088,#1089,#1090,#1091,#1092,#1093,#1094));
#4697=EDGE_LOOP('',(#1095,#1096,#1097,#1098,#1099,#1100,#1101,#1102,#1103));
#4698=EDGE_LOOP('',(#1104,#1105,#1106,#1107,#1108,#1109,#1110,#1111,#1112));
#4699=EDGE_LOOP('',(#1113,#1114,#1115,#1116,#1117,#1118));
#4700=EDGE_LOOP('',(#1119,#1120,#1121,#1122,#1123,#1124));
#4701=EDGE_LOOP('',(#1125,#1126,#1127,#1128));
#4702=EDGE_LOOP('',(#1129,#1130,#1131,#1132));
#4703=EDGE_LOOP('',(#1133,#1134,#1135,#1136));
#4704=EDGE_LOOP('',(#1137,#1138,#1139,#1140,#1141,#1142,#1143,#1144,#1145,
#1146,#1147,#1148,#1149,#1150));
#4705=EDGE_LOOP('',(#1151,#1152,#1153,#1154,#1155,#1156,#1157,#1158,#1159,
#1160));
#4706=EDGE_LOOP('',(#1161,#1162,#1163,#1164,#1165,#1166,#1167));
#4707=EDGE_LOOP('',(#1168,#1169,#1170,#1171,#1172,#1173,#1174,#1175,#1176,
#1177,#1178,#1179,#1180,#1181,#1182,#1183,#1184,#1185,#1186));
#4708=EDGE_LOOP('',(#1187,#1188,#1189,#1190,#1191,#1192,#1193));
#4709=EDGE_LOOP('',(#1194,#1195,#1196,#1197,#1198,#1199,#1200,#1201));
#4710=EDGE_LOOP('',(#1202,#1203,#1204,#1205,#1206,#1207,#1208));
#4711=EDGE_LOOP('',(#1209,#1210,#1211,#1212));
#4712=EDGE_LOOP('',(#1213,#1214,#1215,#1216,#1217,#1218));
#4713=EDGE_LOOP('',(#1219,#1220,#1221,#1222,#1223,#1224,#1225,#1226));
#4714=EDGE_LOOP('',(#1227,#1228,#1229,#1230));
#4715=EDGE_LOOP('',(#1231,#1232,#1233,#1234,#1235,#1236));
#4716=EDGE_LOOP('',(#1237));
#4717=EDGE_LOOP('',(#1238,#1239,#1240,#1241,#1242,#1243,#1244,#1245));
#4718=EDGE_LOOP('',(#1246,#1247,#1248,#1249,#1250,#1251,#1252,#1253,#1254,
#1255,#1256,#1257,#1258,#1259,#1260,#1261,#1262,#1263,#1264,#1265));
#4719=EDGE_LOOP('',(#1266,#1267,#1268,#1269));
#4720=EDGE_LOOP('',(#1270,#1271,#1272,#1273));
#4721=EDGE_LOOP('',(#1274,#1275,#1276,#1277));
#4722=EDGE_LOOP('',(#1278,#1279,#1280));
#4723=EDGE_LOOP('',(#1281,#1282,#1283,#1284));
#4724=EDGE_LOOP('',(#1285,#1286,#1287,#1288));
#4725=EDGE_LOOP('',(#1289,#1290,#1291,#1292));
#4726=EDGE_LOOP('',(#1293,#1294,#1295,#1296));
#4727=EDGE_LOOP('',(#1297,#1298,#1299,#1300,#1301,#1302));
#4728=EDGE_LOOP('',(#1303,#1304,#1305,#1306,#1307,#1308,#1309,#1310));
#4729=EDGE_LOOP('',(#1311,#1312,#1313,#1314));
#4730=EDGE_LOOP('',(#1315,#1316,#1317,#1318));
#4731=EDGE_LOOP('',(#1319,#1320,#1321,#1322));
#4732=EDGE_LOOP('',(#1323,#1324,#1325,#1326));
#4733=EDGE_LOOP('',(#1327,#1328,#1329,#1330));
#4734=EDGE_LOOP('',(#1331,#1332,#1333,#1334));
#4735=EDGE_LOOP('',(#1335));
#4736=EDGE_LOOP('',(#1336));
#4737=EDGE_LOOP('',(#1337));
#4738=EDGE_LOOP('',(#1338));
#4739=EDGE_LOOP('',(#1339));
#4740=EDGE_LOOP('',(#1340));
#4741=EDGE_LOOP('',(#1341));
#4742=EDGE_LOOP('',(#1342));
#4743=EDGE_LOOP('',(#1343));
#4744=EDGE_LOOP('',(#1344));
#4745=EDGE_LOOP('',(#1345));
#4746=EDGE_LOOP('',(#1346));
#4747=EDGE_LOOP('',(#1347));
#4748=EDGE_LOOP('',(#1348));
#4749=EDGE_LOOP('',(#1349));
#4750=EDGE_LOOP('',(#1350,#1351,#1352,#1353));
#4751=EDGE_LOOP('',(#1354,#1355,#1356,#1357));
#4752=EDGE_LOOP('',(#1358,#1359,#1360,#1361));
#4753=EDGE_LOOP('',(#1362,#1363,#1364,#1365));
#4754=EDGE_LOOP('',(#1366,#1367,#1368));
#4755=EDGE_LOOP('',(#1369,#1370,#1371,#1372));
#4756=EDGE_LOOP('',(#1373,#1374,#1375));
#4757=EDGE_LOOP('',(#1376,#1377,#1378,#1379));
#4758=EDGE_LOOP('',(#1380,#1381,#1382));
#4759=EDGE_LOOP('',(#1383,#1384,#1385,#1386));
#4760=EDGE_LOOP('',(#1387,#1388,#1389));
#4761=EDGE_LOOP('',(#1390,#1391,#1392,#1393));
#4762=EDGE_LOOP('',(#1394,#1395,#1396,#1397,#1398,#1399));
#4763=EDGE_LOOP('',(#1400,#1401,#1402,#1403,#1404,#1405));
#4764=EDGE_LOOP('',(#1406,#1407,#1408,#1409,#1410,#1411));
#4765=EDGE_LOOP('',(#1412,#1413,#1414,#1415,#1416,#1417));
#4766=EDGE_LOOP('',(#1418,#1419,#1420,#1421));
#4767=EDGE_LOOP('',(#1422,#1423,#1424,#1425));
#4768=EDGE_LOOP('',(#1426,#1427,#1428,#1429));
#4769=EDGE_LOOP('',(#1430,#1431,#1432,#1433));
#4770=EDGE_LOOP('',(#1434,#1435,#1436,#1437));
#4771=EDGE_LOOP('',(#1438,#1439,#1440,#1441));
#4772=EDGE_LOOP('',(#1442,#1443,#1444,#1445));
#4773=EDGE_LOOP('',(#1446,#1447,#1448,#1449));
#4774=EDGE_LOOP('',(#1450,#1451,#1452,#1453));
#4775=EDGE_LOOP('',(#1454,#1455,#1456,#1457));
#4776=EDGE_LOOP('',(#1458,#1459,#1460,#1461));
#4777=EDGE_LOOP('',(#1462,#1463,#1464,#1465));
#4778=EDGE_LOOP('',(#1466,#1467,#1468,#1469));
#4779=EDGE_LOOP('',(#1470,#1471,#1472,#1473));
#4780=EDGE_LOOP('',(#1474,#1475,#1476,#1477));
#4781=EDGE_LOOP('',(#1478,#1479,#1480,#1481));
#4782=EDGE_LOOP('',(#1482,#1483,#1484,#1485));
#4783=EDGE_LOOP('',(#1486,#1487,#1488,#1489));
#4784=EDGE_LOOP('',(#1490,#1491,#1492,#1493));
#4785=EDGE_LOOP('',(#1494,#1495,#1496,#1497));
#4786=EDGE_LOOP('',(#1498,#1499,#1500,#1501));
#4787=EDGE_LOOP('',(#1502,#1503,#1504,#1505,#1506,#1507));
#4788=EDGE_LOOP('',(#1508,#1509,#1510,#1511));
#4789=EDGE_LOOP('',(#1512,#1513,#1514,#1515));
#4790=EDGE_LOOP('',(#1516,#1517,#1518,#1519,#1520,#1521,#1522,#1523,#1524,
#1525,#1526,#1527,#1528,#1529));
#4791=EDGE_LOOP('',(#1530,#1531,#1532,#1533,#1534,#1535,#1536,#1537,#1538));
#4792=EDGE_LOOP('',(#1539,#1540,#1541,#1542));
#4793=EDGE_LOOP('',(#1543,#1544,#1545,#1546));
#4794=EDGE_LOOP('',(#1547,#1548,#1549,#1550));
#4795=EDGE_LOOP('',(#1551,#1552,#1553,#1554));
#4796=EDGE_LOOP('',(#1555,#1556,#1557,#1558));
#4797=EDGE_LOOP('',(#1559,#1560,#1561,#1562));
#4798=EDGE_LOOP('',(#1563,#1564,#1565,#1566));
#4799=EDGE_LOOP('',(#1567,#1568,#1569,#1570));
#4800=EDGE_LOOP('',(#1571,#1572,#1573,#1574));
#4801=EDGE_LOOP('',(#1575,#1576,#1577,#1578,#1579,#1580));
#4802=EDGE_LOOP('',(#1581,#1582,#1583,#1584));
#4803=EDGE_LOOP('',(#1585,#1586,#1587,#1588,#1589,#1590,#1591,#1592,#1593,
#1594,#1595,#1596,#1597,#1598));
#4804=EDGE_LOOP('',(#1599,#1600,#1601,#1602,#1603,#1604,#1605,#1606,#1607));
#4805=EDGE_LOOP('',(#1608,#1609,#1610,#1611));
#4806=EDGE_LOOP('',(#1612,#1613,#1614));
#4807=EDGE_LOOP('',(#1615,#1616,#1617));
#4808=EDGE_LOOP('',(#1618,#1619,#1620,#1621));
#4809=EDGE_LOOP('',(#1622,#1623,#1624));
#4810=EDGE_LOOP('',(#1625,#1626,#1627));
#4811=EDGE_LOOP('',(#1628,#1629,#1630,#1631));
#4812=EDGE_LOOP('',(#1632,#1633,#1634,#1635));
#4813=EDGE_LOOP('',(#1636,#1637,#1638,#1639));
#4814=EDGE_LOOP('',(#1640,#1641,#1642,#1643));
#4815=EDGE_LOOP('',(#1644,#1645,#1646,#1647));
#4816=EDGE_LOOP('',(#1648,#1649,#1650,#1651));
#4817=EDGE_LOOP('',(#1652,#1653,#1654,#1655));
#4818=EDGE_LOOP('',(#1656,#1657,#1658,#1659));
#4819=EDGE_LOOP('',(#1660,#1661,#1662,#1663));
#4820=EDGE_LOOP('',(#1664,#1665,#1666,#1667));
#4821=EDGE_LOOP('',(#1668,#1669,#1670,#1671));
#4822=EDGE_LOOP('',(#1672,#1673,#1674,#1675));
#4823=EDGE_LOOP('',(#1676,#1677,#1678,#1679));
#4824=EDGE_LOOP('',(#1680,#1681,#1682,#1683,#1684,#1685,#1686,#1687,#1688,
#1689,#1690,#1691,#1692));
#4825=EDGE_LOOP('',(#1693,#1694,#1695,#1696));
#4826=EDGE_LOOP('',(#1697,#1698,#1699,#1700));
#4827=EDGE_LOOP('',(#1701,#1702,#1703,#1704));
#4828=EDGE_LOOP('',(#1705,#1706,#1707,#1708));
#4829=EDGE_LOOP('',(#1709,#1710,#1711,#1712));
#4830=EDGE_LOOP('',(#1713,#1714,#1715,#1716));
#4831=EDGE_LOOP('',(#1717,#1718,#1719,#1720));
#4832=EDGE_LOOP('',(#1721,#1722,#1723,#1724));
#4833=EDGE_LOOP('',(#1725,#1726,#1727,#1728));
#4834=EDGE_LOOP('',(#1729,#1730,#1731,#1732));
#4835=EDGE_LOOP('',(#1733,#1734,#1735,#1736));
#4836=EDGE_LOOP('',(#1737,#1738,#1739,#1740));
#4837=EDGE_LOOP('',(#1741,#1742,#1743,#1744));
#4838=EDGE_LOOP('',(#1745,#1746,#1747,#1748,#1749,#1750,#1751,#1752,#1753,
#1754,#1755,#1756,#1757));
#4839=EDGE_LOOP('',(#1758,#1759,#1760,#1761,#1762,#1763,#1764,#1765));
#4840=EDGE_LOOP('',(#1766,#1767,#1768,#1769));
#4841=EDGE_LOOP('',(#1770,#1771,#1772,#1773));
#4842=EDGE_LOOP('',(#1774,#1775,#1776,#1777));
#4843=EDGE_LOOP('',(#1778,#1779,#1780,#1781));
#4844=EDGE_LOOP('',(#1782,#1783,#1784,#1785));
#4845=EDGE_LOOP('',(#1786,#1787,#1788,#1789));
#4846=EDGE_LOOP('',(#1790,#1791,#1792,#1793));
#4847=EDGE_LOOP('',(#1794,#1795,#1796,#1797));
#4848=EDGE_LOOP('',(#1798,#1799,#1800,#1801));
#4849=EDGE_LOOP('',(#1802,#1803,#1804,#1805));
#4850=EDGE_LOOP('',(#1806,#1807,#1808,#1809));
#4851=EDGE_LOOP('',(#1810,#1811,#1812,#1813));
#4852=EDGE_LOOP('',(#1814,#1815,#1816,#1817));
#4853=EDGE_LOOP('',(#1818,#1819,#1820,#1821));
#4854=EDGE_LOOP('',(#1822,#1823,#1824,#1825,#1826,#1827,#1828,#1829));
#4855=EDGE_LOOP('',(#1830,#1831,#1832,#1833));
#4856=EDGE_LOOP('',(#1834,#1835,#1836,#1837));
#4857=EDGE_LOOP('',(#1838,#1839,#1840,#1841));
#4858=EDGE_LOOP('',(#1842,#1843,#1844,#1845));
#4859=EDGE_LOOP('',(#1846,#1847,#1848,#1849));
#4860=EDGE_LOOP('',(#1850,#1851,#1852,#1853));
#4861=EDGE_LOOP('',(#1854,#1855,#1856,#1857));
#4862=EDGE_LOOP('',(#1858,#1859,#1860,#1861));
#4863=EDGE_LOOP('',(#1862,#1863,#1864,#1865));
#4864=EDGE_LOOP('',(#1866,#1867,#1868,#1869));
#4865=EDGE_LOOP('',(#1870,#1871,#1872,#1873));
#4866=EDGE_LOOP('',(#1874,#1875,#1876,#1877));
#4867=EDGE_LOOP('',(#1878,#1879,#1880,#1881));
#4868=EDGE_LOOP('',(#1882,#1883,#1884,#1885));
#4869=EDGE_LOOP('',(#1886,#1887,#1888,#1889,#1890,#1891,#1892,#1893));
#4870=EDGE_LOOP('',(#1894,#1895,#1896,#1897));
#4871=EDGE_LOOP('',(#1898,#1899,#1900,#1901));
#4872=EDGE_LOOP('',(#1902,#1903,#1904,#1905));
#4873=EDGE_LOOP('',(#1906,#1907,#1908,#1909));
#4874=EDGE_LOOP('',(#1910,#1911,#1912,#1913));
#4875=EDGE_LOOP('',(#1914,#1915,#1916,#1917));
#4876=EDGE_LOOP('',(#1918,#1919,#1920,#1921));
#4877=EDGE_LOOP('',(#1922,#1923,#1924,#1925));
#4878=EDGE_LOOP('',(#1926,#1927,#1928,#1929));
#4879=EDGE_LOOP('',(#1930,#1931,#1932,#1933));
#4880=EDGE_LOOP('',(#1934,#1935,#1936,#1937));
#4881=EDGE_LOOP('',(#1938,#1939,#1940,#1941));
#4882=EDGE_LOOP('',(#1942,#1943,#1944,#1945));
#4883=EDGE_LOOP('',(#1946,#1947,#1948,#1949));
#4884=EDGE_LOOP('',(#1950,#1951,#1952,#1953,#1954,#1955,#1956,#1957,#1958,
#1959,#1960));
#4885=EDGE_LOOP('',(#1961,#1962,#1963,#1964,#1965));
#4886=EDGE_LOOP('',(#1966,#1967,#1968,#1969));
#4887=EDGE_LOOP('',(#1970,#1971,#1972,#1973));
#4888=EDGE_LOOP('',(#1974,#1975,#1976,#1977));
#4889=EDGE_LOOP('',(#1978,#1979,#1980,#1981));
#4890=EDGE_LOOP('',(#1982,#1983,#1984,#1985));
#4891=EDGE_LOOP('',(#1986,#1987,#1988,#1989));
#4892=EDGE_LOOP('',(#1990,#1991,#1992,#1993));
#4893=EDGE_LOOP('',(#1994,#1995,#1996,#1997));
#4894=EDGE_LOOP('',(#1998,#1999,#2000,#2001));
#4895=EDGE_LOOP('',(#2002,#2003,#2004,#2005));
#4896=EDGE_LOOP('',(#2006,#2007,#2008,#2009));
#4897=EDGE_LOOP('',(#2010,#2011,#2012,#2013));
#4898=EDGE_LOOP('',(#2014,#2015,#2016,#2017));
#4899=EDGE_LOOP('',(#2018,#2019,#2020,#2021));
#4900=EDGE_LOOP('',(#2022,#2023,#2024,#2025));
#4901=EDGE_LOOP('',(#2026,#2027,#2028,#2029));
#4902=EDGE_LOOP('',(#2030,#2031,#2032,#2033,#2034));
#4903=EDGE_LOOP('',(#2035,#2036,#2037,#2038));
#4904=EDGE_LOOP('',(#2039,#2040,#2041,#2042));
#4905=EDGE_LOOP('',(#2043,#2044,#2045,#2046));
#4906=EDGE_LOOP('',(#2047,#2048,#2049,#2050));
#4907=FACE_BOUND('',#4453,.T.);
#4908=FACE_BOUND('',#4454,.T.);
#4909=FACE_BOUND('',#4455,.T.);
#4910=FACE_BOUND('',#4456,.T.);
#4911=FACE_BOUND('',#4457,.T.);
#4912=FACE_BOUND('',#4458,.T.);
#4913=FACE_BOUND('',#4459,.T.);
#4914=FACE_BOUND('',#4460,.T.);
#4915=FACE_BOUND('',#4461,.T.);
#4916=FACE_BOUND('',#4462,.T.);
#4917=FACE_BOUND('',#4463,.T.);
#4918=FACE_BOUND('',#4464,.T.);
#4919=FACE_BOUND('',#4465,.T.);
#4920=FACE_BOUND('',#4466,.T.);
#4921=FACE_BOUND('',#4467,.T.);
#4922=FACE_BOUND('',#4468,.T.);
#4923=FACE_BOUND('',#4469,.T.);
#4924=FACE_BOUND('',#4470,.T.);
#4925=FACE_BOUND('',#4471,.T.);
#4926=FACE_BOUND('',#4472,.T.);
#4927=FACE_BOUND('',#4473,.T.);
#4928=FACE_BOUND('',#4474,.T.);
#4929=FACE_BOUND('',#4475,.T.);
#4930=FACE_BOUND('',#4476,.T.);
#4931=FACE_BOUND('',#4477,.T.);
#4932=FACE_BOUND('',#4478,.T.);
#4933=FACE_BOUND('',#4479,.T.);
#4934=FACE_BOUND('',#4480,.T.);
#4935=FACE_BOUND('',#4481,.T.);
#4936=FACE_BOUND('',#4482,.T.);
#4937=FACE_BOUND('',#4483,.T.);
#4938=FACE_BOUND('',#4484,.T.);
#4939=FACE_BOUND('',#4485,.T.);
#4940=FACE_BOUND('',#4486,.T.);
#4941=FACE_BOUND('',#4487,.T.);
#4942=FACE_BOUND('',#4488,.T.);
#4943=FACE_BOUND('',#4489,.T.);
#4944=FACE_BOUND('',#4490,.T.);
#4945=FACE_BOUND('',#4491,.T.);
#4946=FACE_BOUND('',#4492,.T.);
#4947=FACE_BOUND('',#4493,.T.);
#4948=FACE_BOUND('',#4494,.T.);
#4949=FACE_BOUND('',#4495,.T.);
#4950=FACE_BOUND('',#4496,.T.);
#4951=FACE_BOUND('',#4497,.T.);
#4952=FACE_BOUND('',#4498,.T.);
#4953=FACE_BOUND('',#4499,.T.);
#4954=FACE_BOUND('',#4500,.T.);
#4955=FACE_BOUND('',#4501,.T.);
#4956=FACE_BOUND('',#4502,.T.);
#4957=FACE_BOUND('',#4503,.T.);
#4958=FACE_BOUND('',#4504,.T.);
#4959=FACE_BOUND('',#4505,.T.);
#4960=FACE_BOUND('',#4506,.T.);
#4961=FACE_BOUND('',#4507,.T.);
#4962=FACE_BOUND('',#4508,.T.);
#4963=FACE_BOUND('',#4509,.T.);
#4964=FACE_BOUND('',#4510,.T.);
#4965=FACE_BOUND('',#4511,.T.);
#4966=FACE_BOUND('',#4512,.T.);
#4967=FACE_BOUND('',#4513,.T.);
#4968=FACE_BOUND('',#4514,.T.);
#4969=FACE_BOUND('',#4515,.T.);
#4970=FACE_BOUND('',#4516,.T.);
#4971=FACE_BOUND('',#4517,.T.);
#4972=FACE_BOUND('',#4518,.T.);
#4973=FACE_BOUND('',#4519,.T.);
#4974=FACE_BOUND('',#4520,.T.);
#4975=FACE_BOUND('',#4521,.T.);
#4976=FACE_BOUND('',#4522,.T.);
#4977=FACE_BOUND('',#4523,.T.);
#4978=FACE_BOUND('',#4524,.T.);
#4979=FACE_BOUND('',#4525,.T.);
#4980=FACE_BOUND('',#4526,.T.);
#4981=FACE_BOUND('',#4527,.T.);
#4982=FACE_BOUND('',#4528,.T.);
#4983=FACE_BOUND('',#4529,.T.);
#4984=FACE_BOUND('',#4530,.T.);
#4985=FACE_BOUND('',#4531,.T.);
#4986=FACE_BOUND('',#4532,.T.);
#4987=FACE_BOUND('',#4533,.T.);
#4988=FACE_BOUND('',#4534,.T.);
#4989=FACE_BOUND('',#4535,.T.);
#4990=FACE_BOUND('',#4536,.T.);
#4991=FACE_BOUND('',#4537,.T.);
#4992=FACE_BOUND('',#4538,.T.);
#4993=FACE_BOUND('',#4539,.T.);
#4994=FACE_BOUND('',#4540,.T.);
#4995=FACE_BOUND('',#4541,.T.);
#4996=FACE_BOUND('',#4542,.T.);
#4997=FACE_BOUND('',#4543,.T.);
#4998=FACE_BOUND('',#4544,.T.);
#4999=FACE_BOUND('',#4545,.T.);
#5000=FACE_BOUND('',#4546,.T.);
#5001=FACE_BOUND('',#4547,.T.);
#5002=FACE_BOUND('',#4548,.T.);
#5003=FACE_BOUND('',#4549,.T.);
#5004=FACE_BOUND('',#4550,.T.);
#5005=FACE_BOUND('',#4551,.T.);
#5006=FACE_BOUND('',#4552,.T.);
#5007=FACE_BOUND('',#4553,.T.);
#5008=FACE_BOUND('',#4554,.T.);
#5009=FACE_BOUND('',#4555,.T.);
#5010=FACE_BOUND('',#4556,.T.);
#5011=FACE_BOUND('',#4557,.T.);
#5012=FACE_BOUND('',#4558,.T.);
#5013=FACE_BOUND('',#4559,.T.);
#5014=FACE_BOUND('',#4560,.T.);
#5015=FACE_BOUND('',#4561,.T.);
#5016=FACE_BOUND('',#4562,.T.);
#5017=FACE_BOUND('',#4563,.T.);
#5018=FACE_BOUND('',#4564,.T.);
#5019=FACE_BOUND('',#4565,.T.);
#5020=FACE_BOUND('',#4566,.T.);
#5021=FACE_BOUND('',#4567,.T.);
#5022=FACE_BOUND('',#4568,.T.);
#5023=FACE_BOUND('',#4569,.T.);
#5024=FACE_BOUND('',#4570,.T.);
#5025=FACE_BOUND('',#4571,.T.);
#5026=FACE_BOUND('',#4572,.T.);
#5027=FACE_BOUND('',#4573,.T.);
#5028=FACE_BOUND('',#4574,.T.);
#5029=FACE_BOUND('',#4575,.T.);
#5030=FACE_BOUND('',#4576,.T.);
#5031=FACE_BOUND('',#4577,.T.);
#5032=FACE_BOUND('',#4578,.T.);
#5033=FACE_BOUND('',#4579,.T.);
#5034=FACE_BOUND('',#4580,.T.);
#5035=FACE_BOUND('',#4581,.T.);
#5036=FACE_BOUND('',#4582,.T.);
#5037=FACE_BOUND('',#4583,.T.);
#5038=FACE_BOUND('',#4584,.T.);
#5039=FACE_BOUND('',#4585,.T.);
#5040=FACE_BOUND('',#4586,.T.);
#5041=FACE_BOUND('',#4587,.T.);
#5042=FACE_BOUND('',#4588,.T.);
#5043=FACE_BOUND('',#4589,.T.);
#5044=FACE_BOUND('',#4590,.T.);
#5045=FACE_BOUND('',#4591,.T.);
#5046=FACE_BOUND('',#4592,.T.);
#5047=FACE_BOUND('',#4593,.T.);
#5048=FACE_BOUND('',#4594,.T.);
#5049=FACE_BOUND('',#4595,.T.);
#5050=FACE_BOUND('',#4596,.T.);
#5051=FACE_BOUND('',#4597,.T.);
#5052=FACE_BOUND('',#4598,.T.);
#5053=FACE_BOUND('',#4599,.T.);
#5054=FACE_BOUND('',#4600,.T.);
#5055=FACE_BOUND('',#4601,.T.);
#5056=FACE_BOUND('',#4602,.T.);
#5057=FACE_BOUND('',#4603,.T.);
#5058=FACE_BOUND('',#4604,.T.);
#5059=FACE_BOUND('',#4605,.T.);
#5060=FACE_BOUND('',#4606,.T.);
#5061=FACE_BOUND('',#4607,.T.);
#5062=FACE_BOUND('',#4608,.T.);
#5063=FACE_BOUND('',#4609,.T.);
#5064=FACE_BOUND('',#4610,.T.);
#5065=FACE_BOUND('',#4611,.T.);
#5066=FACE_BOUND('',#4612,.T.);
#5067=FACE_BOUND('',#4613,.T.);
#5068=FACE_BOUND('',#4614,.T.);
#5069=FACE_BOUND('',#4615,.T.);
#5070=FACE_BOUND('',#4616,.T.);
#5071=FACE_BOUND('',#4617,.T.);
#5072=FACE_BOUND('',#4618,.T.);
#5073=FACE_BOUND('',#4619,.T.);
#5074=FACE_BOUND('',#4620,.T.);
#5075=FACE_BOUND('',#4621,.T.);
#5076=FACE_BOUND('',#4622,.T.);
#5077=FACE_BOUND('',#4623,.T.);
#5078=FACE_BOUND('',#4624,.T.);
#5079=FACE_BOUND('',#4625,.T.);
#5080=FACE_BOUND('',#4626,.T.);
#5081=FACE_BOUND('',#4627,.T.);
#5082=FACE_BOUND('',#4628,.T.);
#5083=FACE_BOUND('',#4629,.T.);
#5084=FACE_BOUND('',#4630,.T.);
#5085=FACE_BOUND('',#4631,.T.);
#5086=FACE_BOUND('',#4632,.T.);
#5087=FACE_BOUND('',#4633,.T.);
#5088=FACE_BOUND('',#4634,.T.);
#5089=FACE_BOUND('',#4635,.T.);
#5090=FACE_BOUND('',#4636,.T.);
#5091=FACE_BOUND('',#4637,.T.);
#5092=FACE_BOUND('',#4638,.T.);
#5093=FACE_BOUND('',#4639,.T.);
#5094=FACE_BOUND('',#4640,.T.);
#5095=FACE_BOUND('',#4641,.T.);
#5096=FACE_BOUND('',#4642,.T.);
#5097=FACE_BOUND('',#4643,.T.);
#5098=FACE_BOUND('',#4644,.T.);
#5099=FACE_BOUND('',#4645,.T.);
#5100=FACE_BOUND('',#4646,.T.);
#5101=FACE_BOUND('',#4647,.T.);
#5102=FACE_BOUND('',#4648,.T.);
#5103=FACE_BOUND('',#4649,.T.);
#5104=FACE_BOUND('',#4650,.T.);
#5105=FACE_BOUND('',#4651,.T.);
#5106=FACE_BOUND('',#4652,.T.);
#5107=FACE_BOUND('',#4653,.T.);
#5108=FACE_BOUND('',#4654,.T.);
#5109=FACE_BOUND('',#4655,.T.);
#5110=FACE_BOUND('',#4656,.T.);
#5111=FACE_BOUND('',#4657,.T.);
#5112=FACE_BOUND('',#4658,.T.);
#5113=FACE_BOUND('',#4659,.T.);
#5114=FACE_BOUND('',#4660,.T.);
#5115=FACE_BOUND('',#4661,.T.);
#5116=FACE_BOUND('',#4662,.T.);
#5117=FACE_BOUND('',#4663,.T.);
#5118=FACE_BOUND('',#4664,.T.);
#5119=FACE_BOUND('',#4665,.T.);
#5120=FACE_BOUND('',#4666,.T.);
#5121=FACE_BOUND('',#4667,.T.);
#5122=FACE_BOUND('',#4668,.T.);
#5123=FACE_BOUND('',#4669,.T.);
#5124=FACE_BOUND('',#4670,.T.);
#5125=FACE_BOUND('',#4671,.T.);
#5126=FACE_BOUND('',#4672,.T.);
#5127=FACE_BOUND('',#4673,.T.);
#5128=FACE_BOUND('',#4674,.T.);
#5129=FACE_BOUND('',#4675,.T.);
#5130=FACE_BOUND('',#4676,.T.);
#5131=FACE_BOUND('',#4677,.T.);
#5132=FACE_BOUND('',#4678,.T.);
#5133=FACE_BOUND('',#4679,.T.);
#5134=FACE_BOUND('',#4680,.T.);
#5135=FACE_BOUND('',#4681,.T.);
#5136=FACE_BOUND('',#4682,.T.);
#5137=FACE_BOUND('',#4683,.T.);
#5138=FACE_BOUND('',#4684,.T.);
#5139=FACE_BOUND('',#4685,.T.);
#5140=FACE_BOUND('',#4686,.T.);
#5141=FACE_BOUND('',#4687,.T.);
#5142=FACE_BOUND('',#4688,.T.);
#5143=FACE_BOUND('',#4689,.T.);
#5144=FACE_BOUND('',#4690,.T.);
#5145=FACE_BOUND('',#4691,.T.);
#5146=FACE_BOUND('',#4692,.T.);
#5147=FACE_BOUND('',#4693,.T.);
#5148=FACE_BOUND('',#4694,.T.);
#5149=FACE_BOUND('',#4695,.T.);
#5150=FACE_BOUND('',#4696,.T.);
#5151=FACE_BOUND('',#4697,.T.);
#5152=FACE_BOUND('',#4698,.T.);
#5153=FACE_BOUND('',#4699,.T.);
#5154=FACE_BOUND('',#4700,.T.);
#5155=FACE_BOUND('',#4701,.T.);
#5156=FACE_BOUND('',#4702,.T.);
#5157=FACE_BOUND('',#4703,.T.);
#5158=FACE_BOUND('',#4704,.T.);
#5159=FACE_BOUND('',#4705,.T.);
#5160=FACE_BOUND('',#4706,.T.);
#5161=FACE_BOUND('',#4707,.T.);
#5162=FACE_BOUND('',#4708,.T.);
#5163=FACE_BOUND('',#4709,.T.);
#5164=FACE_BOUND('',#4710,.T.);
#5165=FACE_BOUND('',#4711,.T.);
#5166=FACE_BOUND('',#4712,.T.);
#5167=FACE_BOUND('',#4713,.T.);
#5168=FACE_BOUND('',#4714,.T.);
#5169=FACE_BOUND('',#4715,.T.);
#5170=FACE_BOUND('',#4716,.T.);
#5171=FACE_BOUND('',#4717,.T.);
#5172=FACE_BOUND('',#4718,.T.);
#5173=FACE_BOUND('',#4719,.T.);
#5174=FACE_BOUND('',#4720,.T.);
#5175=FACE_BOUND('',#4721,.T.);
#5176=FACE_BOUND('',#4722,.T.);
#5177=FACE_BOUND('',#4723,.T.);
#5178=FACE_BOUND('',#4724,.T.);
#5179=FACE_BOUND('',#4725,.T.);
#5180=FACE_BOUND('',#4726,.T.);
#5181=FACE_BOUND('',#4727,.T.);
#5182=FACE_BOUND('',#4728,.T.);
#5183=FACE_BOUND('',#4729,.T.);
#5184=FACE_BOUND('',#4730,.T.);
#5185=FACE_BOUND('',#4731,.T.);
#5186=FACE_BOUND('',#4732,.T.);
#5187=FACE_BOUND('',#4733,.T.);
#5188=FACE_BOUND('',#4734,.T.);
#5189=FACE_BOUND('',#4735,.T.);
#5190=FACE_BOUND('',#4736,.T.);
#5191=FACE_BOUND('',#4737,.T.);
#5192=FACE_BOUND('',#4738,.T.);
#5193=FACE_BOUND('',#4739,.T.);
#5194=FACE_BOUND('',#4740,.T.);
#5195=FACE_BOUND('',#4741,.T.);
#5196=FACE_BOUND('',#4742,.T.);
#5197=FACE_BOUND('',#4743,.T.);
#5198=FACE_BOUND('',#4744,.T.);
#5199=FACE_BOUND('',#4745,.T.);
#5200=FACE_BOUND('',#4746,.T.);
#5201=FACE_BOUND('',#4747,.T.);
#5202=FACE_BOUND('',#4748,.T.);
#5203=FACE_BOUND('',#4749,.T.);
#5204=FACE_BOUND('',#4750,.T.);
#5205=FACE_BOUND('',#4751,.T.);
#5206=FACE_BOUND('',#4752,.T.);
#5207=FACE_BOUND('',#4753,.T.);
#5208=FACE_BOUND('',#4754,.T.);
#5209=FACE_BOUND('',#4755,.T.);
#5210=FACE_BOUND('',#4756,.T.);
#5211=FACE_BOUND('',#4757,.T.);
#5212=FACE_BOUND('',#4758,.T.);
#5213=FACE_BOUND('',#4759,.T.);
#5214=FACE_BOUND('',#4760,.T.);
#5215=FACE_BOUND('',#4761,.T.);
#5216=FACE_BOUND('',#4762,.T.);
#5217=FACE_BOUND('',#4763,.T.);
#5218=FACE_BOUND('',#4764,.T.);
#5219=FACE_BOUND('',#4765,.T.);
#5220=FACE_BOUND('',#4766,.T.);
#5221=FACE_BOUND('',#4767,.T.);
#5222=FACE_BOUND('',#4768,.T.);
#5223=FACE_BOUND('',#4769,.T.);
#5224=FACE_BOUND('',#4770,.T.);
#5225=FACE_BOUND('',#4771,.T.);
#5226=FACE_BOUND('',#4772,.T.);
#5227=FACE_BOUND('',#4773,.T.);
#5228=FACE_BOUND('',#4774,.T.);
#5229=FACE_BOUND('',#4775,.T.);
#5230=FACE_BOUND('',#4776,.T.);
#5231=FACE_BOUND('',#4777,.T.);
#5232=FACE_BOUND('',#4778,.T.);
#5233=FACE_BOUND('',#4779,.T.);
#5234=FACE_BOUND('',#4780,.T.);
#5235=FACE_BOUND('',#4781,.T.);
#5236=FACE_BOUND('',#4782,.T.);
#5237=FACE_BOUND('',#4783,.T.);
#5238=FACE_BOUND('',#4784,.T.);
#5239=FACE_BOUND('',#4785,.T.);
#5240=FACE_BOUND('',#4786,.T.);
#5241=FACE_BOUND('',#4787,.T.);
#5242=FACE_BOUND('',#4788,.T.);
#5243=FACE_BOUND('',#4789,.T.);
#5244=FACE_BOUND('',#4790,.T.);
#5245=FACE_BOUND('',#4791,.T.);
#5246=FACE_BOUND('',#4792,.T.);
#5247=FACE_BOUND('',#4793,.T.);
#5248=FACE_BOUND('',#4794,.T.);
#5249=FACE_BOUND('',#4795,.T.);
#5250=FACE_BOUND('',#4796,.T.);
#5251=FACE_BOUND('',#4797,.T.);
#5252=FACE_BOUND('',#4798,.T.);
#5253=FACE_BOUND('',#4799,.T.);
#5254=FACE_BOUND('',#4800,.T.);
#5255=FACE_BOUND('',#4801,.T.);
#5256=FACE_BOUND('',#4802,.T.);
#5257=FACE_BOUND('',#4803,.T.);
#5258=FACE_BOUND('',#4804,.T.);
#5259=FACE_BOUND('',#4805,.T.);
#5260=FACE_BOUND('',#4806,.T.);
#5261=FACE_BOUND('',#4807,.T.);
#5262=FACE_BOUND('',#4808,.T.);
#5263=FACE_BOUND('',#4809,.T.);
#5264=FACE_BOUND('',#4810,.T.);
#5265=FACE_BOUND('',#4811,.T.);
#5266=FACE_BOUND('',#4812,.T.);
#5267=FACE_BOUND('',#4813,.T.);
#5268=FACE_BOUND('',#4814,.T.);
#5269=FACE_BOUND('',#4815,.T.);
#5270=FACE_BOUND('',#4816,.T.);
#5271=FACE_BOUND('',#4817,.T.);
#5272=FACE_BOUND('',#4818,.T.);
#5273=FACE_BOUND('',#4819,.T.);
#5274=FACE_BOUND('',#4820,.T.);
#5275=FACE_BOUND('',#4821,.T.);
#5276=FACE_BOUND('',#4822,.T.);
#5277=FACE_BOUND('',#4823,.T.);
#5278=FACE_BOUND('',#4824,.T.);
#5279=FACE_BOUND('',#4825,.T.);
#5280=FACE_BOUND('',#4826,.T.);
#5281=FACE_BOUND('',#4827,.T.);
#5282=FACE_BOUND('',#4828,.T.);
#5283=FACE_BOUND('',#4829,.T.);
#5284=FACE_BOUND('',#4830,.T.);
#5285=FACE_BOUND('',#4831,.T.);
#5286=FACE_BOUND('',#4832,.T.);
#5287=FACE_BOUND('',#4833,.T.);
#5288=FACE_BOUND('',#4834,.T.);
#5289=FACE_BOUND('',#4835,.T.);
#5290=FACE_BOUND('',#4836,.T.);
#5291=FACE_BOUND('',#4837,.T.);
#5292=FACE_BOUND('',#4838,.T.);
#5293=FACE_BOUND('',#4839,.T.);
#5294=FACE_BOUND('',#4840,.T.);
#5295=FACE_BOUND('',#4841,.T.);
#5296=FACE_BOUND('',#4842,.T.);
#5297=FACE_BOUND('',#4843,.T.);
#5298=FACE_BOUND('',#4844,.T.);
#5299=FACE_BOUND('',#4845,.T.);
#5300=FACE_BOUND('',#4846,.T.);
#5301=FACE_BOUND('',#4847,.T.);
#5302=FACE_BOUND('',#4848,.T.);
#5303=FACE_BOUND('',#4849,.T.);
#5304=FACE_BOUND('',#4850,.T.);
#5305=FACE_BOUND('',#4851,.T.);
#5306=FACE_BOUND('',#4852,.T.);
#5307=FACE_BOUND('',#4853,.T.);
#5308=FACE_BOUND('',#4854,.T.);
#5309=FACE_BOUND('',#4855,.T.);
#5310=FACE_BOUND('',#4856,.T.);
#5311=FACE_BOUND('',#4857,.T.);
#5312=FACE_BOUND('',#4858,.T.);
#5313=FACE_BOUND('',#4859,.T.);
#5314=FACE_BOUND('',#4860,.T.);
#5315=FACE_BOUND('',#4861,.T.);
#5316=FACE_BOUND('',#4862,.T.);
#5317=FACE_BOUND('',#4863,.T.);
#5318=FACE_BOUND('',#4864,.T.);
#5319=FACE_BOUND('',#4865,.T.);
#5320=FACE_BOUND('',#4866,.T.);
#5321=FACE_BOUND('',#4867,.T.);
#5322=FACE_BOUND('',#4868,.T.);
#5323=FACE_BOUND('',#4869,.T.);
#5324=FACE_BOUND('',#4870,.T.);
#5325=FACE_BOUND('',#4871,.T.);
#5326=FACE_BOUND('',#4872,.T.);
#5327=FACE_BOUND('',#4873,.T.);
#5328=FACE_BOUND('',#4874,.T.);
#5329=FACE_BOUND('',#4875,.T.);
#5330=FACE_BOUND('',#4876,.T.);
#5331=FACE_BOUND('',#4877,.T.);
#5332=FACE_BOUND('',#4878,.T.);
#5333=FACE_BOUND('',#4879,.T.);
#5334=FACE_BOUND('',#4880,.T.);
#5335=FACE_BOUND('',#4881,.T.);
#5336=FACE_BOUND('',#4882,.T.);
#5337=FACE_BOUND('',#4883,.T.);
#5338=FACE_BOUND('',#4884,.T.);
#5339=FACE_BOUND('',#4885,.T.);
#5340=FACE_BOUND('',#4886,.T.);
#5341=FACE_BOUND('',#4887,.T.);
#5342=FACE_BOUND('',#4888,.T.);
#5343=FACE_BOUND('',#4889,.T.);
#5344=FACE_BOUND('',#4890,.T.);
#5345=FACE_BOUND('',#4891,.T.);
#5346=FACE_BOUND('',#4892,.T.);
#5347=FACE_BOUND('',#4893,.T.);
#5348=FACE_BOUND('',#4894,.T.);
#5349=FACE_BOUND('',#4895,.T.);
#5350=FACE_BOUND('',#4896,.T.);
#5351=FACE_BOUND('',#4897,.T.);
#5352=FACE_BOUND('',#4898,.T.);
#5353=FACE_BOUND('',#4899,.T.);
#5354=FACE_BOUND('',#4900,.T.);
#5355=FACE_BOUND('',#4901,.T.);
#5356=FACE_BOUND('',#4902,.T.);
#5357=FACE_BOUND('',#4903,.T.);
#5358=FACE_BOUND('',#4904,.T.);
#5359=FACE_BOUND('',#4905,.T.);
#5360=FACE_BOUND('',#4906,.T.);
#5361=PLANE('',#6027);
#5362=PLANE('',#6030);
#5363=PLANE('',#6033);
#5364=PLANE('',#6035);
#5365=PLANE('',#6036);
#5366=PLANE('',#6038);
#5367=PLANE('',#6043);
#5368=PLANE('',#6046);
#5369=PLANE('',#6049);
#5370=PLANE('',#6050);
#5371=PLANE('',#6051);
#5372=PLANE('',#6052);
#5373=PLANE('',#6055);
#5374=PLANE('',#6056);
#5375=PLANE('',#6057);
#5376=PLANE('',#6058);
#5377=PLANE('',#6059);
#5378=PLANE('',#6060);
#5379=PLANE('',#6061);
#5380=PLANE('',#6062);
#5381=PLANE('',#6063);
#5382=PLANE('',#6064);
#5383=PLANE('',#6065);
#5384=PLANE('',#6066);
#5385=PLANE('',#6068);
#5386=PLANE('',#6069);
#5387=PLANE('',#6072);
#5388=PLANE('',#6094);
#5389=PLANE('',#6117);
#5390=PLANE('',#6127);
#5391=PLANE('',#6128);
#5392=PLANE('',#6129);
#5393=PLANE('',#6135);
#5394=PLANE('',#6136);
#5395=PLANE('',#6142);
#5396=PLANE('',#6148);
#5397=PLANE('',#6150);
#5398=PLANE('',#6151);
#5399=PLANE('',#6152);
#5400=PLANE('',#6153);
#5401=PLANE('',#6154);
#5402=PLANE('',#6155);
#5403=PLANE('',#6156);
#5404=PLANE('',#6157);
#5405=PLANE('',#6158);
#5406=PLANE('',#6159);
#5407=PLANE('',#6160);
#5408=PLANE('',#6161);
#5409=PLANE('',#6162);
#5410=PLANE('',#6163);
#5411=PLANE('',#6165);
#5412=PLANE('',#6166);
#5413=PLANE('',#6168);
#5414=PLANE('',#6170);
#5415=PLANE('',#6172);
#5416=PLANE('',#6173);
#5417=PLANE('',#6175);
#5418=PLANE('',#6177);
#5419=PLANE('',#6179);
#5420=PLANE('',#6180);
#5421=PLANE('',#6182);
#5422=PLANE('',#6184);
#5423=PLANE('',#6185);
#5424=PLANE('',#6186);
#5425=PLANE('',#6187);
#5426=PLANE('',#6188);
#5427=PLANE('',#6189);
#5428=PLANE('',#6195);
#5429=PLANE('',#6198);
#5430=PLANE('',#6211);
#5431=PLANE('',#6226);
#5432=PLANE('',#6231);
#5433=PLANE('',#6237);
#5434=PLANE('',#6238);
#5435=PLANE('',#6244);
#5436=PLANE('',#6249);
#5437=PLANE('',#6250);
#5438=PLANE('',#6252);
#5439=PLANE('',#6257);
#5440=PLANE('',#6260);
#5441=PLANE('',#6261);
#5442=PLANE('',#6264);
#5443=PLANE('',#6265);
#5444=PLANE('',#6266);
#5445=PLANE('',#6267);
#5446=PLANE('',#6268);
#5447=PLANE('',#6272);
#5448=PLANE('',#6281);
#5449=PLANE('',#6288);
#5450=PLANE('',#6298);
#5451=PLANE('',#6299);
#5452=PLANE('',#6300);
#5453=PLANE('',#6301);
#5454=PLANE('',#6302);
#5455=PLANE('',#6303);
#5456=PLANE('',#6306);
#5457=PLANE('',#6307);
#5458=PLANE('',#6312);
#5459=PLANE('',#6323);
#5460=PLANE('',#6324);
#5461=PLANE('',#6325);
#5462=PLANE('',#6326);
#5463=PLANE('',#6327);
#5464=PLANE('',#6328);
#5465=PLANE('',#6329);
#5466=PLANE('',#6330);
#5467=PLANE('',#6331);
#5468=PLANE('',#6335);
#5469=PLANE('',#6339);
#5470=PLANE('',#6340);
#5471=PLANE('',#6341);
#5472=PLANE('',#6342);
#5473=PLANE('',#6346);
#5474=PLANE('',#6350);
#5475=PLANE('',#6354);
#5476=PLANE('',#6358);
#5477=PLANE('',#6359);
#5478=PLANE('',#6362);
#5479=PLANE('',#6365);
#5480=PLANE('',#6368);
#5481=PLANE('',#6373);
#5482=PLANE('',#6377);
#5483=PLANE('',#6381);
#5484=PLANE('',#6385);
#5485=PLANE('',#6404);
#5486=PLANE('',#6405);
#5487=PLANE('',#6406);
#5488=PLANE('',#6407);
#5489=PLANE('',#6408);
#5490=PLANE('',#6409);
#5491=PLANE('',#6412);
#5492=PLANE('',#6413);
#5493=PLANE('',#6414);
#5494=PLANE('',#6418);
#5495=PLANE('',#6421);
#5496=PLANE('',#6426);
#5497=PLANE('',#6427);
#5498=PLANE('',#6428);
#5499=PLANE('',#6429);
#5500=PLANE('',#6430);
#5501=PLANE('',#6431);
#5502=PLANE('',#6434);
#5503=PLANE('',#6435);
#5504=PLANE('',#6436);
#5505=PLANE('',#6437);
#5506=PLANE('',#6440);
#5507=PLANE('',#6442);
#5508=PLANE('',#6443);
#5509=PLANE('',#6444);
#5510=PLANE('',#6445);
#5511=PLANE('',#6446);
#5512=PLANE('',#6447);
#5513=PLANE('',#6448);
#5514=PLANE('',#6449);
#5515=PLANE('',#6450);
#5516=PLANE('',#6451);
#5517=PLANE('',#6452);
#5518=PLANE('',#6453);
#5519=PLANE('',#6454);
#5520=PLANE('',#6455);
#5521=PLANE('',#6456);
#5522=PLANE('',#6457);
#5523=PLANE('',#6458);
#5524=PLANE('',#6459);
#5525=PLANE('',#6460);
#5526=PLANE('',#6461);
#5527=PLANE('',#6464);
#5528=PLANE('',#6465);
#5529=PLANE('',#6466);
#5530=PLANE('',#6467);
#5531=PLANE('',#6468);
#5532=PLANE('',#6469);
#5533=PLANE('',#6471);
#5534=PLANE('',#6473);
#5535=PLANE('',#6474);
#5536=PLANE('',#6475);
#5537=PLANE('',#6476);
#5538=PLANE('',#6478);
#5539=PLANE('',#6480);
#5540=PLANE('',#6481);
#5541=PLANE('',#6482);
#5542=PLANE('',#6483);
#5543=PLANE('',#6485);
#5544=PLANE('',#6487);
#5545=PLANE('',#6488);
#5546=PLANE('',#6489);
#5547=PLANE('',#6490);
#5548=PLANE('',#6491);
#5549=PLANE('',#6492);
#5550=PLANE('',#6493);
#5551=PLANE('',#6494);
#5552=PLANE('',#6495);
#5553=PLANE('',#6496);
#5554=PLANE('',#6497);
#5555=PLANE('',#6498);
#5556=PLANE('',#6499);
#5557=PLANE('',#6500);
#5558=PLANE('',#6501);
#5559=PLANE('',#6502);
#5560=ADVANCED_FACE('',(#4907,#4908,#4909),#5361,.F.);
#5561=ADVANCED_FACE('',(#4910,#4911,#4912),#5362,.T.);
#5562=ADVANCED_FACE('',(#4913,#4914),#5363,.F.);
#5563=ADVANCED_FACE('',(#4915),#5364,.F.);
#5564=ADVANCED_FACE('',(#4916,#4917),#5365,.F.);
#5565=ADVANCED_FACE('',(#4918),#5366,.F.);
#5566=ADVANCED_FACE('',(#4919,#4920),#195,.F.);
#5567=ADVANCED_FACE('',(#4921,#4922),#196,.F.);
#5568=ADVANCED_FACE('',(#4923,#4924),#197,.F.);
#5569=ADVANCED_FACE('',(#4925,#4926,#4927),#5367,.F.);
#5570=ADVANCED_FACE('',(#4928,#4929,#4930),#5368,.T.);
#5571=ADVANCED_FACE('',(#4931),#5369,.F.);
#5572=ADVANCED_FACE('',(#4932),#5370,.F.);
#5573=ADVANCED_FACE('',(#4933),#5371,.F.);
#5574=ADVANCED_FACE('',(#4934),#5372,.F.);
#5575=ADVANCED_FACE('',(#4935,#4936),#198,.F.);
#5576=ADVANCED_FACE('',(#4937,#4938),#199,.F.);
#5577=ADVANCED_FACE('',(#4939),#5373,.F.);
#5578=ADVANCED_FACE('',(#4940),#5374,.F.);
#5579=ADVANCED_FACE('',(#4941),#5375,.F.);
#5580=ADVANCED_FACE('',(#4942),#5376,.F.);
#5581=ADVANCED_FACE('',(#4943),#5377,.F.);
#5582=ADVANCED_FACE('',(#4944),#5378,.F.);
#5583=ADVANCED_FACE('',(#4945),#5379,.F.);
#5584=ADVANCED_FACE('',(#4946),#5380,.F.);
#5585=ADVANCED_FACE('',(#4947),#5381,.F.);
#5586=ADVANCED_FACE('',(#4948),#5382,.F.);
#5587=ADVANCED_FACE('',(#4949),#5383,.F.);
#5588=ADVANCED_FACE('',(#4950),#5384,.F.);
#5589=ADVANCED_FACE('',(#4951),#5385,.T.);
#5590=ADVANCED_FACE('',(#4952,#4953),#5386,.T.);
#5591=ADVANCED_FACE('',(#4954,#4955,#4956,#4957,#4958,#4959,#4960,#4961,
#4962,#4963,#4964,#4965,#4966,#4967,#4968,#4969,#4970,#4971),#5387,.T.);
#5592=ADVANCED_FACE('',(#4972,#4973,#4974,#4975,#4976,#4977,#4978,#4979,
#4980,#4981,#4982,#4983,#4984,#4985,#4986,#4987,#4988,#4989),#5388,.F.);
#5593=ADVANCED_FACE('',(#4990,#4991),#200,.F.);
#5594=ADVANCED_FACE('',(#4992,#4993),#5389,.T.);
#5595=ADVANCED_FACE('',(#4994,#4995),#201,.T.);
#5596=ADVANCED_FACE('',(#4996,#4997),#202,.F.);
#5597=ADVANCED_FACE('',(#4998),#203,.T.);
#5598=ADVANCED_FACE('',(#4999,#5000),#204,.F.);
#5599=ADVANCED_FACE('',(#5001,#5002),#205,.F.);
#5600=ADVANCED_FACE('',(#5003,#5004),#206,.F.);
#5601=ADVANCED_FACE('',(#5005,#5006),#207,.F.);
#5602=ADVANCED_FACE('',(#5007),#5390,.F.);
#5603=ADVANCED_FACE('',(#5008),#5391,.T.);
#5604=ADVANCED_FACE('',(#5009),#5392,.T.);
#5605=ADVANCED_FACE('',(#5010),#208,.T.);
#5606=ADVANCED_FACE('',(#5011,#5012),#209,.F.);
#5607=ADVANCED_FACE('',(#5013,#5014),#210,.F.);
#5608=ADVANCED_FACE('',(#5015,#5016),#211,.F.);
#5609=ADVANCED_FACE('',(#5017,#5018),#212,.F.);
#5610=ADVANCED_FACE('',(#5019),#5393,.F.);
#5611=ADVANCED_FACE('',(#5020),#5394,.T.);
#5612=ADVANCED_FACE('',(#5021),#213,.T.);
#5613=ADVANCED_FACE('',(#5022,#5023),#214,.F.);
#5614=ADVANCED_FACE('',(#5024,#5025),#215,.F.);
#5615=ADVANCED_FACE('',(#5026,#5027),#216,.F.);
#5616=ADVANCED_FACE('',(#5028,#5029),#217,.F.);
#5617=ADVANCED_FACE('',(#5030),#5395,.F.);
#5618=ADVANCED_FACE('',(#5031),#218,.T.);
#5619=ADVANCED_FACE('',(#5032,#5033),#219,.F.);
#5620=ADVANCED_FACE('',(#5034,#5035),#220,.F.);
#5621=ADVANCED_FACE('',(#5036,#5037),#221,.F.);
#5622=ADVANCED_FACE('',(#5038,#5039),#222,.F.);
#5623=ADVANCED_FACE('',(#5040),#5396,.F.);
#5624=ADVANCED_FACE('',(#5041,#5042),#5397,.T.);
#5625=ADVANCED_FACE('',(#5043,#5044),#5398,.F.);
#5626=ADVANCED_FACE('',(#5045),#5399,.F.);
#5627=ADVANCED_FACE('',(#5046),#5400,.F.);
#5628=ADVANCED_FACE('',(#5047),#5401,.F.);
#5629=ADVANCED_FACE('',(#5048),#5402,.F.);
#5630=ADVANCED_FACE('',(#5049),#5403,.T.);
#5631=ADVANCED_FACE('',(#5050),#5404,.T.);
#5632=ADVANCED_FACE('',(#5051),#5405,.T.);
#5633=ADVANCED_FACE('',(#5052),#5406,.T.);
#5634=ADVANCED_FACE('',(#5053),#5407,.F.);
#5635=ADVANCED_FACE('',(#5054),#5408,.F.);
#5636=ADVANCED_FACE('',(#5055),#5409,.F.);
#5637=ADVANCED_FACE('',(#5056),#5410,.T.);
#5638=ADVANCED_FACE('',(#5057),#5411,.T.);
#5639=ADVANCED_FACE('',(#5058,#5059),#5412,.F.);
#5640=ADVANCED_FACE('',(#5060,#5061),#5413,.T.);
#5641=ADVANCED_FACE('',(#5062,#5063),#5414,.F.);
#5642=ADVANCED_FACE('',(#5064),#5415,.F.);
#5643=ADVANCED_FACE('',(#5065,#5066),#5416,.F.);
#5644=ADVANCED_FACE('',(#5067),#5417,.F.);
#5645=ADVANCED_FACE('',(#5068,#5069),#223,.F.);
#5646=ADVANCED_FACE('',(#5070,#5071),#5418,.F.);
#5647=ADVANCED_FACE('',(#5072),#5419,.F.);
#5648=ADVANCED_FACE('',(#5073,#5074),#5420,.F.);
#5649=ADVANCED_FACE('',(#5075),#5421,.T.);
#5650=ADVANCED_FACE('',(#5076),#224,.F.);
#5651=ADVANCED_FACE('',(#5077),#5422,.F.);
#5652=ADVANCED_FACE('',(#5078),#5423,.F.);
#5653=ADVANCED_FACE('',(#5079),#5424,.F.);
#5654=ADVANCED_FACE('',(#5080),#5425,.F.);
#5655=ADVANCED_FACE('',(#5081),#5426,.F.);
#5656=ADVANCED_FACE('',(#5082),#5427,.F.);
#5657=ADVANCED_FACE('',(#5083,#5084),#225,.F.);
#5658=ADVANCED_FACE('',(#5085),#226,.T.);
#5659=ADVANCED_FACE('',(#5086,#5087),#5428,.T.);
#5660=ADVANCED_FACE('',(#5088,#5089,#5090,#5091,#5092,#5093,#5094,#5095,
#5096,#5097),#5429,.T.);
#5661=ADVANCED_FACE('',(#5098,#5099,#5100,#5101,#5102,#5103,#5104,#5105,
#5106,#5107),#5430,.F.);
#5662=ADVANCED_FACE('',(#5108),#227,.T.);
#5663=ADVANCED_FACE('',(#5109,#5110),#228,.F.);
#5664=ADVANCED_FACE('',(#5111,#5112),#5431,.T.);
#5665=ADVANCED_FACE('',(#5113,#5114),#229,.T.);
#5666=ADVANCED_FACE('',(#5115,#5116),#230,.F.);
#5667=ADVANCED_FACE('',(#5117),#5432,.T.);
#5668=ADVANCED_FACE('',(#5118),#231,.T.);
#5669=ADVANCED_FACE('',(#5119,#5120),#232,.F.);
#5670=ADVANCED_FACE('',(#5121,#5122),#233,.F.);
#5671=ADVANCED_FACE('',(#5123,#5124),#234,.F.);
#5672=ADVANCED_FACE('',(#5125,#5126),#235,.F.);
#5673=ADVANCED_FACE('',(#5127),#5433,.F.);
#5674=ADVANCED_FACE('',(#5128),#5434,.T.);
#5675=ADVANCED_FACE('',(#5129),#236,.T.);
#5676=ADVANCED_FACE('',(#5130,#5131),#237,.F.);
#5677=ADVANCED_FACE('',(#5132,#5133),#238,.F.);
#5678=ADVANCED_FACE('',(#5134,#5135),#239,.F.);
#5679=ADVANCED_FACE('',(#5136,#5137),#240,.F.);
#5680=ADVANCED_FACE('',(#5138),#5435,.F.);
#5681=ADVANCED_FACE('',(#5139,#5140),#241,.T.);
#5682=ADVANCED_FACE('',(#5141),#5436,.T.);
#5683=ADVANCED_FACE('',(#5142),#5437,.F.);
#5684=ADVANCED_FACE('',(#5143,#5144,#5145,#5146,#5147,#5148,#5149),#5438,
 .T.);
#5685=ADVANCED_FACE('',(#5150),#5439,.T.);
#5686=ADVANCED_FACE('',(#5151),#5440,.F.);
#5687=ADVANCED_FACE('',(#5152),#5441,.T.);
#5688=ADVANCED_FACE('',(#5153),#5442,.F.);
#5689=ADVANCED_FACE('',(#5154),#5443,.F.);
#5690=ADVANCED_FACE('',(#5155),#5444,.F.);
#5691=ADVANCED_FACE('',(#5156),#5445,.F.);
#5692=ADVANCED_FACE('',(#5157),#5446,.T.);
#5693=ADVANCED_FACE('',(#5158),#5447,.T.);
#5694=ADVANCED_FACE('',(#5159),#5448,.T.);
#5695=ADVANCED_FACE('',(#5160),#5449,.T.);
#5696=ADVANCED_FACE('',(#5161),#242,.T.);
#5697=ADVANCED_FACE('',(#5162),#5450,.F.);
#5698=ADVANCED_FACE('',(#5163),#5451,.F.);
#5699=ADVANCED_FACE('',(#5164),#5452,.F.);
#5700=ADVANCED_FACE('',(#5165),#5453,.F.);
#5701=ADVANCED_FACE('',(#5166),#5454,.T.);
#5702=ADVANCED_FACE('',(#5167),#5455,.T.);
#5703=ADVANCED_FACE('',(#5168),#243,.T.);
#5704=ADVANCED_FACE('',(#5169),#5456,.F.);
#5705=ADVANCED_FACE('',(#5170,#5171),#5457,.T.);
#5706=ADVANCED_FACE('',(#5172),#5458,.T.);
#5707=ADVANCED_FACE('',(#5173),#5459,.F.);
#5708=ADVANCED_FACE('',(#5174),#5460,.F.);
#5709=ADVANCED_FACE('',(#5175),#5461,.F.);
#5710=ADVANCED_FACE('',(#5176),#5462,.T.);
#5711=ADVANCED_FACE('',(#5177),#5463,.F.);
#5712=ADVANCED_FACE('',(#5178),#5464,.F.);
#5713=ADVANCED_FACE('',(#5179),#5465,.F.);
#5714=ADVANCED_FACE('',(#5180),#5466,.F.);
#5715=ADVANCED_FACE('',(#5181),#5467,.T.);
#5716=ADVANCED_FACE('',(#5182,#5183),#5468,.T.);
#5717=ADVANCED_FACE('',(#5184),#5469,.T.);
#5718=ADVANCED_FACE('',(#5185),#5470,.T.);
#5719=ADVANCED_FACE('',(#5186),#5471,.T.);
#5720=ADVANCED_FACE('',(#5187),#5472,.T.);
#5721=ADVANCED_FACE('',(#5188),#244,.T.);
#5722=ADVANCED_FACE('',(#5189,#5190),#245,.T.);
#5723=ADVANCED_FACE('',(#5191,#5192),#5473,.T.);
#5724=ADVANCED_FACE('',(#5193,#5194),#246,.T.);
#5725=ADVANCED_FACE('',(#5195,#5196),#5474,.T.);
#5726=ADVANCED_FACE('',(#5197,#5198),#247,.T.);
#5727=ADVANCED_FACE('',(#5199,#5200),#5475,.T.);
#5728=ADVANCED_FACE('',(#5201,#5202),#248,.F.);
#5729=ADVANCED_FACE('',(#5203),#5476,.T.);
#5730=ADVANCED_FACE('',(#5204),#5477,.F.);
#5731=ADVANCED_FACE('',(#5205),#5478,.F.);
#5732=ADVANCED_FACE('',(#5206),#5479,.F.);
#5733=ADVANCED_FACE('',(#5207),#5480,.F.);
#5734=ADVANCED_FACE('',(#5208),#249,.F.);
#5735=ADVANCED_FACE('',(#5209),#5481,.F.);
#5736=ADVANCED_FACE('',(#5210),#250,.F.);
#5737=ADVANCED_FACE('',(#5211),#5482,.T.);
#5738=ADVANCED_FACE('',(#5212),#251,.F.);
#5739=ADVANCED_FACE('',(#5213),#5483,.F.);
#5740=ADVANCED_FACE('',(#5214),#252,.F.);
#5741=ADVANCED_FACE('',(#5215),#5484,.T.);
#5742=ADVANCED_FACE('',(#5216),#253,.T.);
#5743=ADVANCED_FACE('',(#5217),#254,.T.);
#5744=ADVANCED_FACE('',(#5218),#255,.T.);
#5745=ADVANCED_FACE('',(#5219),#256,.T.);
#5746=ADVANCED_FACE('',(#5220),#257,.F.);
#5747=ADVANCED_FACE('',(#5221),#258,.T.);
#5748=ADVANCED_FACE('',(#5222),#259,.F.);
#5749=ADVANCED_FACE('',(#5223),#260,.F.);
#5750=ADVANCED_FACE('',(#5224),#261,.T.);
#5751=ADVANCED_FACE('',(#5225),#262,.T.);
#5752=ADVANCED_FACE('',(#5226),#263,.T.);
#5753=ADVANCED_FACE('',(#5227),#264,.F.);
#5754=ADVANCED_FACE('',(#5228),#265,.F.);
#5755=ADVANCED_FACE('',(#5229),#266,.F.);
#5756=ADVANCED_FACE('',(#5230),#267,.F.);
#5757=ADVANCED_FACE('',(#5231),#268,.F.);
#5758=ADVANCED_FACE('',(#5232),#269,.T.);
#5759=ADVANCED_FACE('',(#5233),#5485,.T.);
#5760=ADVANCED_FACE('',(#5234),#5486,.T.);
#5761=ADVANCED_FACE('',(#5235),#5487,.T.);
#5762=ADVANCED_FACE('',(#5236),#5488,.F.);
#5763=ADVANCED_FACE('',(#5237),#5489,.T.);
#5764=ADVANCED_FACE('',(#5238),#5490,.F.);
#5765=ADVANCED_FACE('',(#5239),#270,.F.);
#5766=ADVANCED_FACE('',(#5240),#5491,.T.);
#5767=ADVANCED_FACE('',(#5241),#5492,.T.);
#5768=ADVANCED_FACE('',(#5242),#5493,.F.);
#5769=ADVANCED_FACE('',(#5243),#271,.F.);
#5770=ADVANCED_FACE('',(#5244),#5494,.F.);
#5771=ADVANCED_FACE('',(#5245),#5495,.T.);
#5772=ADVANCED_FACE('',(#5246),#272,.F.);
#5773=ADVANCED_FACE('',(#5247),#5496,.T.);
#5774=ADVANCED_FACE('',(#5248),#5497,.F.);
#5775=ADVANCED_FACE('',(#5249),#5498,.T.);
#5776=ADVANCED_FACE('',(#5250),#5499,.F.);
#5777=ADVANCED_FACE('',(#5251),#5500,.F.);
#5778=ADVANCED_FACE('',(#5252),#5501,.F.);
#5779=ADVANCED_FACE('',(#5253),#273,.F.);
#5780=ADVANCED_FACE('',(#5254),#5502,.T.);
#5781=ADVANCED_FACE('',(#5255),#5503,.F.);
#5782=ADVANCED_FACE('',(#5256),#5504,.F.);
#5783=ADVANCED_FACE('',(#5257),#5505,.F.);
#5784=ADVANCED_FACE('',(#5258),#5506,.T.);
#5785=ADVANCED_FACE('',(#5259),#5507,.T.);
#5786=ADVANCED_FACE('',(#5260),#5508,.F.);
#5787=ADVANCED_FACE('',(#5261),#5509,.T.);
#5788=ADVANCED_FACE('',(#5262),#5510,.T.);
#5789=ADVANCED_FACE('',(#5263),#5511,.T.);
#5790=ADVANCED_FACE('',(#5264),#5512,.F.);
#5791=ADVANCED_FACE('',(#5265),#5513,.T.);
#5792=ADVANCED_FACE('',(#5266),#5514,.T.);
#5793=ADVANCED_FACE('',(#5267),#5515,.T.);
#5794=ADVANCED_FACE('',(#5268),#5516,.T.);
#5795=ADVANCED_FACE('',(#5269),#5517,.T.);
#5796=ADVANCED_FACE('',(#5270),#5518,.T.);
#5797=ADVANCED_FACE('',(#5271),#5519,.T.);
#5798=ADVANCED_FACE('',(#5272),#5520,.T.);
#5799=ADVANCED_FACE('',(#5273),#5521,.T.);
#5800=ADVANCED_FACE('',(#5274),#5522,.T.);
#5801=ADVANCED_FACE('',(#5275),#5523,.T.);
#5802=ADVANCED_FACE('',(#5276),#5524,.T.);
#5803=ADVANCED_FACE('',(#5277),#5525,.T.);
#5804=ADVANCED_FACE('',(#5278),#5526,.F.);
#5805=ADVANCED_FACE('',(#5279),#10,.T.);
#5806=ADVANCED_FACE('',(#5280),#11,.T.);
#5807=ADVANCED_FACE('',(#5281),#274,.T.);
#5808=ADVANCED_FACE('',(#5282),#12,.T.);
#5809=ADVANCED_FACE('',(#5283),#13,.T.);
#5810=ADVANCED_FACE('',(#5284),#5527,.T.);
#5811=ADVANCED_FACE('',(#5285),#5528,.T.);
#5812=ADVANCED_FACE('',(#5286),#5529,.T.);
#5813=ADVANCED_FACE('',(#5287),#14,.T.);
#5814=ADVANCED_FACE('',(#5288),#15,.T.);
#5815=ADVANCED_FACE('',(#5289),#16,.T.);
#5816=ADVANCED_FACE('',(#5290),#17,.T.);
#5817=ADVANCED_FACE('',(#5291),#5530,.T.);
#5818=ADVANCED_FACE('',(#5292),#5531,.T.);
#5819=ADVANCED_FACE('',(#5293,#5294),#5532,.T.);
#5820=ADVANCED_FACE('',(#5295),#5533,.T.);
#5821=ADVANCED_FACE('',(#5296),#18,.T.);
#5822=ADVANCED_FACE('',(#5297),#19,.T.);
#5823=ADVANCED_FACE('',(#5298),#20,.T.);
#5824=ADVANCED_FACE('',(#5299),#21,.T.);
#5825=ADVANCED_FACE('',(#5300),#275,.T.);
#5826=ADVANCED_FACE('',(#5301),#5534,.T.);
#5827=ADVANCED_FACE('',(#5302),#5535,.T.);
#5828=ADVANCED_FACE('',(#5303),#22,.T.);
#5829=ADVANCED_FACE('',(#5304),#23,.T.);
#5830=ADVANCED_FACE('',(#5305),#24,.T.);
#5831=ADVANCED_FACE('',(#5306),#25,.T.);
#5832=ADVANCED_FACE('',(#5307),#5536,.T.);
#5833=ADVANCED_FACE('',(#5308,#5309),#5537,.T.);
#5834=ADVANCED_FACE('',(#5310),#5538,.T.);
#5835=ADVANCED_FACE('',(#5311),#26,.T.);
#5836=ADVANCED_FACE('',(#5312),#27,.T.);
#5837=ADVANCED_FACE('',(#5313),#28,.T.);
#5838=ADVANCED_FACE('',(#5314),#29,.T.);
#5839=ADVANCED_FACE('',(#5315),#276,.T.);
#5840=ADVANCED_FACE('',(#5316),#5539,.T.);
#5841=ADVANCED_FACE('',(#5317),#5540,.T.);
#5842=ADVANCED_FACE('',(#5318),#30,.T.);
#5843=ADVANCED_FACE('',(#5319),#31,.T.);
#5844=ADVANCED_FACE('',(#5320),#32,.T.);
#5845=ADVANCED_FACE('',(#5321),#33,.T.);
#5846=ADVANCED_FACE('',(#5322),#5541,.T.);
#5847=ADVANCED_FACE('',(#5323,#5324),#5542,.T.);
#5848=ADVANCED_FACE('',(#5325),#5543,.T.);
#5849=ADVANCED_FACE('',(#5326),#34,.T.);
#5850=ADVANCED_FACE('',(#5327),#35,.T.);
#5851=ADVANCED_FACE('',(#5328),#36,.T.);
#5852=ADVANCED_FACE('',(#5329),#37,.T.);
#5853=ADVANCED_FACE('',(#5330),#277,.T.);
#5854=ADVANCED_FACE('',(#5331),#5544,.T.);
#5855=ADVANCED_FACE('',(#5332),#5545,.T.);
#5856=ADVANCED_FACE('',(#5333),#38,.T.);
#5857=ADVANCED_FACE('',(#5334),#39,.T.);
#5858=ADVANCED_FACE('',(#5335),#40,.T.);
#5859=ADVANCED_FACE('',(#5336),#41,.T.);
#5860=ADVANCED_FACE('',(#5337),#5546,.T.);
#5861=ADVANCED_FACE('',(#5338,#5339),#5547,.T.);
#5862=ADVANCED_FACE('',(#5340),#5548,.T.);
#5863=ADVANCED_FACE('',(#5341),#5549,.T.);
#5864=ADVANCED_FACE('',(#5342),#5550,.T.);
#5865=ADVANCED_FACE('',(#5343),#5551,.T.);
#5866=ADVANCED_FACE('',(#5344),#5552,.T.);
#5867=ADVANCED_FACE('',(#5345),#5553,.T.);
#5868=ADVANCED_FACE('',(#5346),#5554,.T.);
#5869=ADVANCED_FACE('',(#5347),#42,.T.);
#5870=ADVANCED_FACE('',(#5348),#43,.T.);
#5871=ADVANCED_FACE('',(#5349),#44,.T.);
#5872=ADVANCED_FACE('',(#5350),#5555,.T.);
#5873=ADVANCED_FACE('',(#5351),#5556,.T.);
#5874=ADVANCED_FACE('',(#5352),#5557,.T.);
#5875=ADVANCED_FACE('',(#5353),#5558,.T.);
#5876=ADVANCED_FACE('',(#5354),#45,.T.);
#5877=ADVANCED_FACE('',(#5355),#46,.T.);
#5878=ADVANCED_FACE('',(#5356),#5559,.T.);
#5879=ADVANCED_FACE('',(#5357),#278,.T.);
#5880=ADVANCED_FACE('',(#5358),#279,.T.);
#5881=ADVANCED_FACE('',(#5359),#280,.T.);
#5882=ADVANCED_FACE('',(#5360),#281,.T.);
#5883=CLOSED_SHELL('',(#5560,#5561,#5562,#5563,#5564,#5565,#5566,#5567,
#5568));
#5884=CLOSED_SHELL('',(#5569,#5570,#5571,#5572,#5573,#5574,#5575,#5576,
#5577,#5578,#5579,#5580,#5581,#5582,#5583,#5584,#5585,#5586,#5587,#5588));
#5885=CLOSED_SHELL('',(#5589,#5590,#5591,#5592,#5593,#5594,#5595,#5596,
#5597,#5598,#5599,#5600,#5601,#5602,#5603,#5604,#5605,#5606,#5607,#5608,
#5609,#5610,#5611,#5612,#5613,#5614,#5615,#5616,#5617,#5618,#5619,#5620,
#5621,#5622,#5623));
#5886=CLOSED_SHELL('',(#5624,#5625,#5626,#5627,#5628,#5629,#5630,#5631,
#5632,#5633,#5634,#5635,#5636,#5637));
#5887=CLOSED_SHELL('',(#5638,#5639,#5640,#5641,#5642,#5643,#5644,#5645,
#5646,#5647,#5648,#5649,#5650,#5651,#5652,#5653,#5654,#5655,#5656,#5657));
#5888=CLOSED_SHELL('',(#5658,#5659,#5660,#5661,#5662,#5663,#5664,#5665,
#5666,#5667,#5668,#5669,#5670,#5671,#5672,#5673,#5674,#5675,#5676,#5677,
#5678,#5679,#5680));
#5889=CLOSED_SHELL('',(#5681,#5682,#5683));
#5890=CLOSED_SHELL('',(#5684,#5685,#5686,#5687,#5688,#5689,#5690,#5691,
#5692,#5693,#5694,#5695,#5696,#5697,#5698,#5699,#5700,#5701,#5702,#5703,
#5704,#5705,#5706,#5707,#5708,#5709,#5710,#5711,#5712,#5713,#5714,#5715,
#5716,#5717,#5718,#5719,#5720,#5721,#5722,#5723,#5724,#5725,#5726,#5727,
#5728,#5729,#5730,#5731,#5732,#5733,#5734,#5735,#5736,#5737,#5738,#5739,
#5740,#5741,#5742,#5743,#5744,#5745,#5746,#5747,#5748,#5749,#5750,#5751,
#5752,#5753,#5754,#5755,#5756,#5757,#5758,#5759,#5760,#5761,#5762,#5763,
#5764,#5765,#5766,#5767,#5768,#5769,#5770,#5771,#5772,#5773,#5774,#5775,
#5776,#5777,#5778,#5779,#5780,#5781,#5782,#5783,#5784,#5785,#5786,#5787,
#5788,#5789,#5790,#5791,#5792,#5793,#5794,#5795,#5796,#5797,#5798,#5799,
#5800,#5801,#5802,#5803,#5804,#5805,#5806,#5807,#5808,#5809,#5810,#5811,
#5812,#5813,#5814,#5815,#5816,#5817,#5818,#5819,#5820,#5821,#5822,#5823,
#5824,#5825,#5826,#5827,#5828,#5829,#5830,#5831,#5832,#5833,#5834,#5835,
#5836,#5837,#5838,#5839,#5840,#5841,#5842,#5843,#5844,#5845,#5846,#5847,
#5848,#5849,#5850,#5851,#5852,#5853,#5854,#5855,#5856,#5857,#5858,#5859,
#5860,#5861,#5862,#5863,#5864,#5865,#5866,#5867,#5868,#5869,#5870,#5871,
#5872,#5873,#5874,#5875,#5876,#5877,#5878,#5879,#5880,#5881,#5882));
#5891=STYLED_ITEM('',(#5899),#6000);
#5892=STYLED_ITEM('',(#5900),#6001);
#5893=STYLED_ITEM('',(#5901),#6002);
#5894=STYLED_ITEM('',(#5902),#6003);
#5895=STYLED_ITEM('',(#5903),#6004);
#5896=STYLED_ITEM('',(#5904),#6005);
#5897=STYLED_ITEM('',(#5905),#6006);
#5898=STYLED_ITEM('',(#5906),#6007);
#5899=PRESENTATION_STYLE_ASSIGNMENT((#5915));
#5900=PRESENTATION_STYLE_ASSIGNMENT((#5916));
#5901=PRESENTATION_STYLE_ASSIGNMENT((#5917));
#5902=PRESENTATION_STYLE_ASSIGNMENT((#5918));
#5903=PRESENTATION_STYLE_ASSIGNMENT((#5919));
#5904=PRESENTATION_STYLE_ASSIGNMENT((#5920));
#5905=PRESENTATION_STYLE_ASSIGNMENT((#5921));
#5906=PRESENTATION_STYLE_ASSIGNMENT((#5922));
#5907=PRESENTATION_STYLE_ASSIGNMENT((#5923));
#5908=PRESENTATION_STYLE_ASSIGNMENT((#5924));
#5909=PRESENTATION_STYLE_ASSIGNMENT((#5925));
#5910=PRESENTATION_STYLE_ASSIGNMENT((#5926));
#5911=PRESENTATION_STYLE_ASSIGNMENT((#5927));
#5912=PRESENTATION_STYLE_ASSIGNMENT((#5928));
#5913=PRESENTATION_STYLE_ASSIGNMENT((#5929));
#5914=PRESENTATION_STYLE_ASSIGNMENT((#5930));
#5915=SURFACE_STYLE_USAGE(.BOTH.,#5931);
#5916=SURFACE_STYLE_USAGE(.BOTH.,#5932);
#5917=SURFACE_STYLE_USAGE(.BOTH.,#5933);
#5918=SURFACE_STYLE_USAGE(.BOTH.,#5934);
#5919=SURFACE_STYLE_USAGE(.BOTH.,#5935);
#5920=SURFACE_STYLE_USAGE(.BOTH.,#5936);
#5921=SURFACE_STYLE_USAGE(.BOTH.,#5937);
#5922=SURFACE_STYLE_USAGE(.BOTH.,#5938);
#5923=SURFACE_STYLE_USAGE(.BOTH.,#5939);
#5924=SURFACE_STYLE_USAGE(.BOTH.,#5940);
#5925=SURFACE_STYLE_USAGE(.BOTH.,#5941);
#5926=SURFACE_STYLE_USAGE(.BOTH.,#5942);
#5927=SURFACE_STYLE_USAGE(.BOTH.,#5943);
#5928=SURFACE_STYLE_USAGE(.BOTH.,#5944);
#5929=SURFACE_STYLE_USAGE(.BOTH.,#5945);
#5930=SURFACE_STYLE_USAGE(.BOTH.,#5946);
#5931=SURFACE_SIDE_STYLE('',(#5947));
#5932=SURFACE_SIDE_STYLE('',(#5948));
#5933=SURFACE_SIDE_STYLE('',(#5949));
#5934=SURFACE_SIDE_STYLE('',(#5950));
#5935=SURFACE_SIDE_STYLE('',(#5951));
#5936=SURFACE_SIDE_STYLE('',(#5952));
#5937=SURFACE_SIDE_STYLE('',(#5953));
#5938=SURFACE_SIDE_STYLE('',(#5954));
#5939=SURFACE_SIDE_STYLE('',(#5955));
#5940=SURFACE_SIDE_STYLE('',(#5956));
#5941=SURFACE_SIDE_STYLE('',(#5957));
#5942=SURFACE_SIDE_STYLE('',(#5958));
#5943=SURFACE_SIDE_STYLE('',(#5959));
#5944=SURFACE_SIDE_STYLE('',(#5960));
#5945=SURFACE_SIDE_STYLE('',(#5961));
#5946=SURFACE_SIDE_STYLE('',(#5962));
#5947=SURFACE_STYLE_FILL_AREA(#5963);
#5948=SURFACE_STYLE_FILL_AREA(#5964);
#5949=SURFACE_STYLE_FILL_AREA(#5965);
#5950=SURFACE_STYLE_FILL_AREA(#5966);
#5951=SURFACE_STYLE_FILL_AREA(#5967);
#5952=SURFACE_STYLE_FILL_AREA(#5968);
#5953=SURFACE_STYLE_FILL_AREA(#5969);
#5954=SURFACE_STYLE_FILL_AREA(#5970);
#5955=SURFACE_STYLE_FILL_AREA(#5971);
#5956=SURFACE_STYLE_FILL_AREA(#5972);
#5957=SURFACE_STYLE_FILL_AREA(#5973);
#5958=SURFACE_STYLE_FILL_AREA(#5974);
#5959=SURFACE_STYLE_FILL_AREA(#5975);
#5960=SURFACE_STYLE_FILL_AREA(#5976);
#5961=SURFACE_STYLE_FILL_AREA(#5977);
#5962=SURFACE_STYLE_FILL_AREA(#5978);
#5963=FILL_AREA_STYLE('',(#5979));
#5964=FILL_AREA_STYLE('',(#5980));
#5965=FILL_AREA_STYLE('',(#5981));
#5966=FILL_AREA_STYLE('',(#5982));
#5967=FILL_AREA_STYLE('',(#5983));
#5968=FILL_AREA_STYLE('',(#5984));
#5969=FILL_AREA_STYLE('',(#5985));
#5970=FILL_AREA_STYLE('',(#5986));
#5971=FILL_AREA_STYLE('',(#5987));
#5972=FILL_AREA_STYLE('',(#5988));
#5973=FILL_AREA_STYLE('',(#5989));
#5974=FILL_AREA_STYLE('',(#5990));
#5975=FILL_AREA_STYLE('',(#5991));
#5976=FILL_AREA_STYLE('',(#5992));
#5977=FILL_AREA_STYLE('',(#5993));
#5978=FILL_AREA_STYLE('',(#5994));
#5979=FILL_AREA_STYLE_COLOUR('',#5995);
#5980=FILL_AREA_STYLE_COLOUR('',#5995);
#5981=FILL_AREA_STYLE_COLOUR('',#142);
#5982=FILL_AREA_STYLE_COLOUR('',#5995);
#5983=FILL_AREA_STYLE_COLOUR('',#5996);
#5984=FILL_AREA_STYLE_COLOUR('',#142);
#5985=FILL_AREA_STYLE_COLOUR('',#5995);
#5986=FILL_AREA_STYLE_COLOUR('',#5997);
#5987=FILL_AREA_STYLE_COLOUR('',#5998);
#5988=FILL_AREA_STYLE_COLOUR('',#5999);
#5989=FILL_AREA_STYLE_COLOUR('',#5999);
#5990=FILL_AREA_STYLE_COLOUR('',#5999);
#5991=FILL_AREA_STYLE_COLOUR('',#5998);
#5992=FILL_AREA_STYLE_COLOUR('',#5998);
#5993=FILL_AREA_STYLE_COLOUR('',#5998);
#5994=FILL_AREA_STYLE_COLOUR('',#5998);
#5995=COLOUR_RGB('',0.796078431372549,0.823529411764706,0.937254901960784);
#5996=COLOUR_RGB('',0.501960784313726,0.501960784313726,0.501960784313726);
#5997=COLOUR_RGB('',0.250980392156863,0.250980392156863,0.250980392156863);
#5998=COLOUR_RGB('',0.752941176470588,0.,0.752941176470588);
#5999=COLOUR_RGB('',0.752941176470588,0.752941176470588,0.752941176470588);
#6000=MANIFOLD_SOLID_BREP('panel_base',#5883);
#6001=MANIFOLD_SOLID_BREP('LDR_sensor_base',#5884);
#6002=MANIFOLD_SOLID_BREP('Quadruple_Blade_Rudder',#5885);
#6003=MANIFOLD_SOLID_BREP('bais',#5886);
#6004=MANIFOLD_SOLID_BREP('servo2_fixs',#5887);
#6005=MANIFOLD_SOLID_BREP('Double_Blade_Rudder',#5888);
#6006=MANIFOLD_SOLID_BREP('hing_rod',#5889);
#6007=MANIFOLD_SOLID_BREP('##Servo_MG_996R',#5890);
#6008=SHAPE_DEFINITION_REPRESENTATION(#12307,#6017);
#6009=SHAPE_DEFINITION_REPRESENTATION(#12308,#6018);
#6010=SHAPE_DEFINITION_REPRESENTATION(#12310,#6019);
#6011=SHAPE_DEFINITION_REPRESENTATION(#12312,#6020);
#6012=SHAPE_DEFINITION_REPRESENTATION(#12314,#6021);
#6013=SHAPE_DEFINITION_REPRESENTATION(#12316,#6022);
#6014=SHAPE_DEFINITION_REPRESENTATION(#12318,#6023);
#6015=SHAPE_DEFINITION_REPRESENTATION(#12320,#6024);
#6016=SHAPE_DEFINITION_REPRESENTATION(#12322,#6025);
#6017=SHAPE_REPRESENTATION('dual-axis-solar-panel-tracker-OKOK',(#6026,
#6042,#6067,#6149,#6164,#6191,#6245,#6251,#6507,#6508),#12286);
#6018=SHAPE_REPRESENTATION('panel_base',(#6026),#12287);
#6019=SHAPE_REPRESENTATION('LDR_sensor_base',(#6026),#12288);
#6020=SHAPE_REPRESENTATION('Quadruple_Blade_Rudder',(#6026),#12289);
#6021=SHAPE_REPRESENTATION('bais',(#6026),#12290);
#6022=SHAPE_REPRESENTATION('servo2_fixs',(#6026),#12291);
#6023=SHAPE_REPRESENTATION('Double_Blade_Rudder',(#6026),#12292);
#6024=SHAPE_REPRESENTATION('hing_rod',(#6026),#12293);
#6025=SHAPE_REPRESENTATION('##Servo_MG_996R',(#6026),#12294);
#6026=AXIS2_PLACEMENT_3D('',#8004,#6509,#6510);
#6027=AXIS2_PLACEMENT_3D('',#8005,#6511,#6512);
#6028=AXIS2_PLACEMENT_3D('',#8014,#6517,#6518);
#6029=AXIS2_PLACEMENT_3D('',#8016,#6519,#6520);
#6030=AXIS2_PLACEMENT_3D('',#8018,#6521,#6522);
#6031=AXIS2_PLACEMENT_3D('',#8019,#6523,#6524);
#6032=AXIS2_PLACEMENT_3D('',#8029,#6529,#6530);
#6033=AXIS2_PLACEMENT_3D('',#8031,#6531,#6532);
#6034=AXIS2_PLACEMENT_3D('',#8032,#6533,#6534);
#6035=AXIS2_PLACEMENT_3D('',#8036,#6537,#6538);
#6036=AXIS2_PLACEMENT_3D('',#8038,#6540,#6541);
#6037=AXIS2_PLACEMENT_3D('',#8039,#6542,#6543);
#6038=AXIS2_PLACEMENT_3D('',#8042,#6545,#6546);
#6039=AXIS2_PLACEMENT_3D('',#8043,#6547,#6548);
#6040=AXIS2_PLACEMENT_3D('',#8044,#6549,#6550);
#6041=AXIS2_PLACEMENT_3D('',#8045,#6551,#6552);
#6042=AXIS2_PLACEMENT_3D('',#8046,#6553,#6554);
#6043=AXIS2_PLACEMENT_3D('',#8047,#6555,#6556);
#6044=AXIS2_PLACEMENT_3D('',#8048,#6557,#6558);
#6045=AXIS2_PLACEMENT_3D('',#8050,#6559,#6560);
#6046=AXIS2_PLACEMENT_3D('',#8084,#6577,#6578);
#6047=AXIS2_PLACEMENT_3D('',#8085,#6579,#6580);
#6048=AXIS2_PLACEMENT_3D('',#8095,#6585,#6586);
#6049=AXIS2_PLACEMENT_3D('',#8097,#6587,#6588);
#6050=AXIS2_PLACEMENT_3D('',#8100,#6591,#6592);
#6051=AXIS2_PLACEMENT_3D('',#8107,#6597,#6598);
#6052=AXIS2_PLACEMENT_3D('',#8109,#6600,#6601);
#6053=AXIS2_PLACEMENT_3D('',#8110,#6602,#6603);
#6054=AXIS2_PLACEMENT_3D('',#8111,#6604,#6605);
#6055=AXIS2_PLACEMENT_3D('',#8112,#6606,#6607);
#6056=AXIS2_PLACEMENT_3D('',#8118,#6611,#6612);
#6057=AXIS2_PLACEMENT_3D('',#8120,#6614,#6615);
#6058=AXIS2_PLACEMENT_3D('',#8124,#6618,#6619);
#6059=AXIS2_PLACEMENT_3D('',#8128,#6622,#6623);
#6060=AXIS2_PLACEMENT_3D('',#8132,#6626,#6627);
#6061=AXIS2_PLACEMENT_3D('',#8136,#6630,#6631);
#6062=AXIS2_PLACEMENT_3D('',#8140,#6634,#6635);
#6063=AXIS2_PLACEMENT_3D('',#8144,#6638,#6639);
#6064=AXIS2_PLACEMENT_3D('',#8148,#6642,#6643);
#6065=AXIS2_PLACEMENT_3D('',#8152,#6646,#6647);
#6066=AXIS2_PLACEMENT_3D('',#8154,#6649,#6650);
#6067=AXIS2_PLACEMENT_3D('',#8155,#6651,#6652);
#6068=AXIS2_PLACEMENT_3D('',#8156,#6653,#6654);
#6069=AXIS2_PLACEMENT_3D('',#8165,#6659,#6660);
#6070=AXIS2_PLACEMENT_3D('',#8166,#6661,#6662);
#6071=AXIS2_PLACEMENT_3D('',#8168,#6663,#6664);
#6072=AXIS2_PLACEMENT_3D('',#8170,#6665,#6666);
#6073=AXIS2_PLACEMENT_3D('',#8173,#6668,#6669);
#6074=AXIS2_PLACEMENT_3D('',#8179,#6672,#6673);
#6075=AXIS2_PLACEMENT_3D('',#8185,#6676,#6677);
#6076=AXIS2_PLACEMENT_3D('',#8191,#6680,#6681);
#6077=AXIS2_PLACEMENT_3D('',#8192,#6682,#6683);
#6078=AXIS2_PLACEMENT_3D('',#8194,#6684,#6685);
#6079=AXIS2_PLACEMENT_3D('',#8196,#6686,#6687);
#6080=AXIS2_PLACEMENT_3D('',#8198,#6688,#6689);
#6081=AXIS2_PLACEMENT_3D('',#8200,#6690,#6691);
#6082=AXIS2_PLACEMENT_3D('',#8202,#6692,#6693);
#6083=AXIS2_PLACEMENT_3D('',#8204,#6694,#6695);
#6084=AXIS2_PLACEMENT_3D('',#8206,#6696,#6697);
#6085=AXIS2_PLACEMENT_3D('',#8208,#6698,#6699);
#6086=AXIS2_PLACEMENT_3D('',#8210,#6700,#6701);
#6087=AXIS2_PLACEMENT_3D('',#8212,#6702,#6703);
#6088=AXIS2_PLACEMENT_3D('',#8214,#6704,#6705);
#6089=AXIS2_PLACEMENT_3D('',#8216,#6706,#6707);
#6090=AXIS2_PLACEMENT_3D('',#8218,#6708,#6709);
#6091=AXIS2_PLACEMENT_3D('',#8220,#6710,#6711);
#6092=AXIS2_PLACEMENT_3D('',#8222,#6712,#6713);
#6093=AXIS2_PLACEMENT_3D('',#8224,#6714,#6715);
#6094=AXIS2_PLACEMENT_3D('',#8226,#6716,#6717);
#6095=AXIS2_PLACEMENT_3D('',#8229,#6719,#6720);
#6096=AXIS2_PLACEMENT_3D('',#8235,#6723,#6724);
#6097=AXIS2_PLACEMENT_3D('',#8241,#6727,#6728);
#6098=AXIS2_PLACEMENT_3D('',#8247,#6731,#6732);
#6099=AXIS2_PLACEMENT_3D('',#8248,#6733,#6734);
#6100=AXIS2_PLACEMENT_3D('',#8250,#6735,#6736);
#6101=AXIS2_PLACEMENT_3D('',#8252,#6737,#6738);
#6102=AXIS2_PLACEMENT_3D('',#8254,#6739,#6740);
#6103=AXIS2_PLACEMENT_3D('',#8256,#6741,#6742);
#6104=AXIS2_PLACEMENT_3D('',#8258,#6743,#6744);
#6105=AXIS2_PLACEMENT_3D('',#8260,#6745,#6746);
#6106=AXIS2_PLACEMENT_3D('',#8262,#6747,#6748);
#6107=AXIS2_PLACEMENT_3D('',#8264,#6749,#6750);
#6108=AXIS2_PLACEMENT_3D('',#8266,#6751,#6752);
#6109=AXIS2_PLACEMENT_3D('',#8268,#6753,#6754);
#6110=AXIS2_PLACEMENT_3D('',#8270,#6755,#6756);
#6111=AXIS2_PLACEMENT_3D('',#8272,#6757,#6758);
#6112=AXIS2_PLACEMENT_3D('',#8274,#6759,#6760);
#6113=AXIS2_PLACEMENT_3D('',#8276,#6761,#6762);
#6114=AXIS2_PLACEMENT_3D('',#8278,#6763,#6764);
#6115=AXIS2_PLACEMENT_3D('',#8280,#6765,#6766);
#6116=AXIS2_PLACEMENT_3D('',#8282,#6767,#6768);
#6117=AXIS2_PLACEMENT_3D('',#8283,#6769,#6770);
#6118=AXIS2_PLACEMENT_3D('',#8284,#6771,#6772);
#6119=AXIS2_PLACEMENT_3D('',#8286,#6773,#6774);
#6120=AXIS2_PLACEMENT_3D('',#8288,#6775,#6776);
#6121=AXIS2_PLACEMENT_3D('',#8289,#6777,#6778);
#6122=AXIS2_PLACEMENT_3D('',#8290,#6779,#6780);
#6123=AXIS2_PLACEMENT_3D('',#8292,#6782,#6783);
#6124=AXIS2_PLACEMENT_3D('',#8293,#6784,#6785);
#6125=AXIS2_PLACEMENT_3D('',#8294,#6786,#6787);
#6126=AXIS2_PLACEMENT_3D('',#8295,#6788,#6789);
#6127=AXIS2_PLACEMENT_3D('',#8296,#6790,#6791);
#6128=AXIS2_PLACEMENT_3D('',#8298,#6793,#6794);
#6129=AXIS2_PLACEMENT_3D('',#8300,#6796,#6797);
#6130=AXIS2_PLACEMENT_3D('',#8303,#6800,#6801);
#6131=AXIS2_PLACEMENT_3D('',#8305,#6803,#6804);
#6132=AXIS2_PLACEMENT_3D('',#8306,#6805,#6806);
#6133=AXIS2_PLACEMENT_3D('',#8307,#6807,#6808);
#6134=AXIS2_PLACEMENT_3D('',#8308,#6809,#6810);
#6135=AXIS2_PLACEMENT_3D('',#8309,#6811,#6812);
#6136=AXIS2_PLACEMENT_3D('',#8310,#6813,#6814);
#6137=AXIS2_PLACEMENT_3D('',#8313,#6817,#6818);
#6138=AXIS2_PLACEMENT_3D('',#8315,#6820,#6821);
#6139=AXIS2_PLACEMENT_3D('',#8316,#6822,#6823);
#6140=AXIS2_PLACEMENT_3D('',#8317,#6824,#6825);
#6141=AXIS2_PLACEMENT_3D('',#8318,#6826,#6827);
#6142=AXIS2_PLACEMENT_3D('',#8319,#6828,#6829);
#6143=AXIS2_PLACEMENT_3D('',#8320,#6830,#6831);
#6144=AXIS2_PLACEMENT_3D('',#8322,#6833,#6834);
#6145=AXIS2_PLACEMENT_3D('',#8323,#6835,#6836);
#6146=AXIS2_PLACEMENT_3D('',#8324,#6837,#6838);
#6147=AXIS2_PLACEMENT_3D('',#8325,#6839,#6840);
#6148=AXIS2_PLACEMENT_3D('',#8326,#6841,#6842);
#6149=AXIS2_PLACEMENT_3D('',#8327,#6843,#6844);
#6150=AXIS2_PLACEMENT_3D('',#8328,#6845,#6846);
#6151=AXIS2_PLACEMENT_3D('',#8345,#6855,#6856);
#6152=AXIS2_PLACEMENT_3D('',#8362,#6865,#6866);
#6153=AXIS2_PLACEMENT_3D('',#8368,#6870,#6871);
#6154=AXIS2_PLACEMENT_3D('',#8377,#6877,#6878);
#6155=AXIS2_PLACEMENT_3D('',#8381,#6881,#6882);
#6156=AXIS2_PLACEMENT_3D('',#8388,#6887,#6888);
#6157=AXIS2_PLACEMENT_3D('',#8391,#6891,#6892);
#6158=AXIS2_PLACEMENT_3D('',#8393,#6894,#6895);
#6159=AXIS2_PLACEMENT_3D('',#8395,#6897,#6898);
#6160=AXIS2_PLACEMENT_3D('',#8396,#6899,#6900);
#6161=AXIS2_PLACEMENT_3D('',#8398,#6902,#6903);
#6162=AXIS2_PLACEMENT_3D('',#8399,#6904,#6905);
#6163=AXIS2_PLACEMENT_3D('',#8401,#6907,#6908);
#6164=AXIS2_PLACEMENT_3D('',#8402,#6909,#6910);
#6165=AXIS2_PLACEMENT_3D('',#8403,#6911,#6912);
#6166=AXIS2_PLACEMENT_3D('',#8412,#6917,#6918);
#6167=AXIS2_PLACEMENT_3D('',#8413,#6919,#6920);
#6168=AXIS2_PLACEMENT_3D('',#8423,#6925,#6926);
#6169=AXIS2_PLACEMENT_3D('',#8432,#6931,#6932);
#6170=AXIS2_PLACEMENT_3D('',#8434,#6933,#6934);
#6171=AXIS2_PLACEMENT_3D('',#8435,#6935,#6936);
#6172=AXIS2_PLACEMENT_3D('',#8442,#6940,#6941);
#6173=AXIS2_PLACEMENT_3D('',#8451,#6947,#6948);
#6174=AXIS2_PLACEMENT_3D('',#8462,#6954,#6955);
#6175=AXIS2_PLACEMENT_3D('',#8468,#6959,#6960);
#6176=AXIS2_PLACEMENT_3D('',#8473,#6964,#6965);
#6177=AXIS2_PLACEMENT_3D('',#8474,#6966,#6967);
#6178=AXIS2_PLACEMENT_3D('',#8475,#6968,#6969);
#6179=AXIS2_PLACEMENT_3D('',#8478,#6971,#6972);
#6180=AXIS2_PLACEMENT_3D('',#8479,#6973,#6974);
#6181=AXIS2_PLACEMENT_3D('',#8488,#6979,#6980);
#6182=AXIS2_PLACEMENT_3D('',#8495,#6984,#6985);
#6183=AXIS2_PLACEMENT_3D('',#8497,#6987,#6988);
#6184=AXIS2_PLACEMENT_3D('',#8500,#6991,#6992);
#6185=AXIS2_PLACEMENT_3D('',#8501,#6993,#6994);
#6186=AXIS2_PLACEMENT_3D('',#8502,#6995,#6996);
#6187=AXIS2_PLACEMENT_3D('',#8505,#6999,#7000);
#6188=AXIS2_PLACEMENT_3D('',#8507,#7002,#7003);
#6189=AXIS2_PLACEMENT_3D('',#8509,#7005,#7006);
#6190=AXIS2_PLACEMENT_3D('',#8510,#7007,#7008);
#6191=AXIS2_PLACEMENT_3D('',#8511,#7009,#7010);
#6192=AXIS2_PLACEMENT_3D('',#8512,#7011,#7012);
#6193=AXIS2_PLACEMENT_3D('',#8516,#7014,#7015);
#6194=AXIS2_PLACEMENT_3D('',#8520,#7017,#7018);
#6195=AXIS2_PLACEMENT_3D('',#8521,#7019,#7020);
#6196=AXIS2_PLACEMENT_3D('',#8522,#7021,#7022);
#6197=AXIS2_PLACEMENT_3D('',#8524,#7023,#7024);
#6198=AXIS2_PLACEMENT_3D('',#8526,#7025,#7026);
#6199=AXIS2_PLACEMENT_3D('',#8527,#7027,#7028);
#6200=AXIS2_PLACEMENT_3D('',#8529,#7029,#7030);
#6201=AXIS2_PLACEMENT_3D('',#8534,#7032,#7033);
#6202=AXIS2_PLACEMENT_3D('',#8539,#7036,#7037);
#6203=AXIS2_PLACEMENT_3D('',#8542,#7039,#7040);
#6204=AXIS2_PLACEMENT_3D('',#8544,#7041,#7042);
#6205=AXIS2_PLACEMENT_3D('',#8546,#7043,#7044);
#6206=AXIS2_PLACEMENT_3D('',#8548,#7045,#7046);
#6207=AXIS2_PLACEMENT_3D('',#8550,#7047,#7048);
#6208=AXIS2_PLACEMENT_3D('',#8552,#7049,#7050);
#6209=AXIS2_PLACEMENT_3D('',#8554,#7051,#7052);
#6210=AXIS2_PLACEMENT_3D('',#8556,#7053,#7054);
#6211=AXIS2_PLACEMENT_3D('',#8558,#7055,#7056);
#6212=AXIS2_PLACEMENT_3D('',#8559,#7057,#7058);
#6213=AXIS2_PLACEMENT_3D('',#8564,#7060,#7061);
#6214=AXIS2_PLACEMENT_3D('',#8569,#7064,#7065);
#6215=AXIS2_PLACEMENT_3D('',#8572,#7067,#7068);
#6216=AXIS2_PLACEMENT_3D('',#8574,#7069,#7070);
#6217=AXIS2_PLACEMENT_3D('',#8576,#7071,#7072);
#6218=AXIS2_PLACEMENT_3D('',#8578,#7073,#7074);
#6219=AXIS2_PLACEMENT_3D('',#8580,#7075,#7076);
#6220=AXIS2_PLACEMENT_3D('',#8582,#7077,#7078);
#6221=AXIS2_PLACEMENT_3D('',#8584,#7079,#7080);
#6222=AXIS2_PLACEMENT_3D('',#8586,#7081,#7082);
#6223=AXIS2_PLACEMENT_3D('',#8588,#7083,#7084);
#6224=AXIS2_PLACEMENT_3D('',#8590,#7085,#7086);
#6225=AXIS2_PLACEMENT_3D('',#8593,#7089,#7090);
#6226=AXIS2_PLACEMENT_3D('',#8594,#7091,#7092);
#6227=AXIS2_PLACEMENT_3D('',#8595,#7093,#7094);
#6228=AXIS2_PLACEMENT_3D('',#8597,#7095,#7096);
#6229=AXIS2_PLACEMENT_3D('',#8599,#7097,#7098);
#6230=AXIS2_PLACEMENT_3D('',#8600,#7099,#7100);
#6231=AXIS2_PLACEMENT_3D('',#8601,#7101,#7102);
#6232=AXIS2_PLACEMENT_3D('',#8603,#7104,#7105);
#6233=AXIS2_PLACEMENT_3D('',#8605,#7107,#7108);
#6234=AXIS2_PLACEMENT_3D('',#8606,#7109,#7110);
#6235=AXIS2_PLACEMENT_3D('',#8607,#7111,#7112);
#6236=AXIS2_PLACEMENT_3D('',#8608,#7113,#7114);
#6237=AXIS2_PLACEMENT_3D('',#8609,#7115,#7116);
#6238=AXIS2_PLACEMENT_3D('',#8610,#7117,#7118);
#6239=AXIS2_PLACEMENT_3D('',#8612,#7120,#7121);
#6240=AXIS2_PLACEMENT_3D('',#8614,#7123,#7124);
#6241=AXIS2_PLACEMENT_3D('',#8615,#7125,#7126);
#6242=AXIS2_PLACEMENT_3D('',#8616,#7127,#7128);
#6243=AXIS2_PLACEMENT_3D('',#8617,#7129,#7130);
#6244=AXIS2_PLACEMENT_3D('',#8618,#7131,#7132);
#6245=AXIS2_PLACEMENT_3D('',#8619,#7133,#7134);
#6246=AXIS2_PLACEMENT_3D('',#8620,#7135,#7136);
#6247=AXIS2_PLACEMENT_3D('',#8621,#7137,#7138);
#6248=AXIS2_PLACEMENT_3D('',#8623,#7139,#7140);
#6249=AXIS2_PLACEMENT_3D('',#8625,#7141,#7142);
#6250=AXIS2_PLACEMENT_3D('',#8626,#7143,#7144);
#6251=AXIS2_PLACEMENT_3D('',#8627,#7145,#7146);
#6252=AXIS2_PLACEMENT_3D('',#8628,#7147,#7148);
#6253=AXIS2_PLACEMENT_3D('',#8704,#7160,#7161);
#6254=AXIS2_PLACEMENT_3D('',#8780,#7165,#7166);
#6255=AXIS2_PLACEMENT_3D('',#8856,#7170,#7171);
#6256=AXIS2_PLACEMENT_3D('',#9082,#7176,#7177);
#6257=AXIS2_PLACEMENT_3D('',#9145,#7195,#7196);
#6258=AXIS2_PLACEMENT_3D('',#9149,#7198,#7199);
#6259=AXIS2_PLACEMENT_3D('',#9161,#7205,#7206);
#6260=AXIS2_PLACEMENT_3D('',#9164,#7208,#7209);
#6261=AXIS2_PLACEMENT_3D('',#9183,#7219,#7220);
#6262=AXIS2_PLACEMENT_3D('',#9187,#7222,#7223);
#6263=AXIS2_PLACEMENT_3D('',#9196,#7228,#7229);
#6264=AXIS2_PLACEMENT_3D('',#9199,#7231,#7232);
#6265=AXIS2_PLACEMENT_3D('',#9212,#7239,#7240);
#6266=AXIS2_PLACEMENT_3D('',#9225,#7247,#7248);
#6267=AXIS2_PLACEMENT_3D('',#9234,#7253,#7254);
#6268=AXIS2_PLACEMENT_3D('',#9243,#7259,#7260);
#6269=AXIS2_PLACEMENT_3D('',#9247,#7262,#7263);
#6270=AXIS2_PLACEMENT_3D('',#9249,#7264,#7265);
#6271=AXIS2_PLACEMENT_3D('',#9251,#7266,#7267);
#6272=AXIS2_PLACEMENT_3D('',#9252,#7268,#7269);
#6273=AXIS2_PLACEMENT_3D('',#9256,#7271,#7272);
#6274=AXIS2_PLACEMENT_3D('',#9258,#7273,#7274);
#6275=AXIS2_PLACEMENT_3D('',#9262,#7276,#7277);
#6276=AXIS2_PLACEMENT_3D('',#9266,#7279,#7280);
#6277=AXIS2_PLACEMENT_3D('',#9270,#7282,#7283);
#6278=AXIS2_PLACEMENT_3D('',#9272,#7284,#7285);
#6279=AXIS2_PLACEMENT_3D('',#9276,#7287,#7288);
#6280=AXIS2_PLACEMENT_3D('',#9280,#7290,#7291);
#6281=AXIS2_PLACEMENT_3D('',#9281,#7292,#7293);
#6282=AXIS2_PLACEMENT_3D('',#9282,#7294,#7295);
#6283=AXIS2_PLACEMENT_3D('',#9284,#7296,#7297);
#6284=AXIS2_PLACEMENT_3D('',#9288,#7299,#7300);
#6285=AXIS2_PLACEMENT_3D('',#9292,#7302,#7303);
#6286=AXIS2_PLACEMENT_3D('',#9294,#7304,#7305);
#6287=AXIS2_PLACEMENT_3D('',#9297,#7307,#7308);
#6288=AXIS2_PLACEMENT_3D('',#9298,#7309,#7310);
#6289=AXIS2_PLACEMENT_3D('',#9299,#7311,#7312);
#6290=AXIS2_PLACEMENT_3D('',#9302,#7314,#7315);
#6291=AXIS2_PLACEMENT_3D('',#9308,#7318,#7319);
#6292=AXIS2_PLACEMENT_3D('',#9309,#7320,#7321);
#6293=AXIS2_PLACEMENT_3D('',#9310,#7322,#7323);
#6294=AXIS2_PLACEMENT_3D('',#9315,#7325,#7326);
#6295=AXIS2_PLACEMENT_3D('',#9319,#7328,#7329);
#6296=AXIS2_PLACEMENT_3D('',#9324,#7332,#7333);
#6297=AXIS2_PLACEMENT_3D('',#9329,#7336,#7337);
#6298=AXIS2_PLACEMENT_3D('',#9333,#7340,#7341);
#6299=AXIS2_PLACEMENT_3D('',#9343,#7347,#7348);
#6300=AXIS2_PLACEMENT_3D('',#9354,#7355,#7356);
#6301=AXIS2_PLACEMENT_3D('',#9364,#7362,#7363);
#6302=AXIS2_PLACEMENT_3D('',#9373,#7368,#7369);
#6303=AXIS2_PLACEMENT_3D('',#9383,#7375,#7376);
#6304=AXIS2_PLACEMENT_3D('',#9397,#7384,#7385);
#6305=AXIS2_PLACEMENT_3D('',#9400,#7387,#7388);
#6306=AXIS2_PLACEMENT_3D('',#9403,#7390,#7391);
#6307=AXIS2_PLACEMENT_3D('',#9413,#7397,#7398);
#6308=AXIS2_PLACEMENT_3D('',#9414,#7399,#7400);
#6309=AXIS2_PLACEMENT_3D('',#9416,#7401,#7402);
#6310=AXIS2_PLACEMENT_3D('',#9417,#7403,#7404);
#6311=AXIS2_PLACEMENT_3D('',#9418,#7405,#7406);
#6312=AXIS2_PLACEMENT_3D('',#9419,#7407,#7408);
#6313=AXIS2_PLACEMENT_3D('',#9420,#7409,#7410);
#6314=AXIS2_PLACEMENT_3D('',#9421,#7411,#7412);
#6315=AXIS2_PLACEMENT_3D('',#9425,#7414,#7415);
#6316=AXIS2_PLACEMENT_3D('',#9429,#7417,#7418);
#6317=AXIS2_PLACEMENT_3D('',#9433,#7420,#7421);
#6318=AXIS2_PLACEMENT_3D('',#9434,#7422,#7423);
#6319=AXIS2_PLACEMENT_3D('',#9435,#7424,#7425);
#6320=AXIS2_PLACEMENT_3D('',#9436,#7426,#7427);
#6321=AXIS2_PLACEMENT_3D('',#9437,#7428,#7429);
#6322=AXIS2_PLACEMENT_3D('',#9438,#7430,#7431);
#6323=AXIS2_PLACEMENT_3D('',#9439,#7432,#7433);
#6324=AXIS2_PLACEMENT_3D('',#9442,#7436,#7437);
#6325=AXIS2_PLACEMENT_3D('',#9445,#7440,#7441);
#6326=AXIS2_PLACEMENT_3D('',#9448,#7444,#7445);
#6327=AXIS2_PLACEMENT_3D('',#9452,#7448,#7449);
#6328=AXIS2_PLACEMENT_3D('',#9454,#7451,#7452);
#6329=AXIS2_PLACEMENT_3D('',#9455,#7453,#7454);
#6330=AXIS2_PLACEMENT_3D('',#9461,#7458,#7459);
#6331=AXIS2_PLACEMENT_3D('',#9467,#7463,#7464);
#6332=AXIS2_PLACEMENT_3D('',#9468,#7465,#7466);
#6333=AXIS2_PLACEMENT_3D('',#9469,#7467,#7468);
#6334=AXIS2_PLACEMENT_3D('',#9470,#7469,#7470);
#6335=AXIS2_PLACEMENT_3D('',#9471,#7471,#7472);
#6336=AXIS2_PLACEMENT_3D('',#9472,#7473,#7474);
#6337=AXIS2_PLACEMENT_3D('',#9473,#7475,#7476);
#6338=AXIS2_PLACEMENT_3D('',#9474,#7477,#7478);
#6339=AXIS2_PLACEMENT_3D('',#9483,#7483,#7484);
#6340=AXIS2_PLACEMENT_3D('',#9486,#7487,#7488);
#6341=AXIS2_PLACEMENT_3D('',#9488,#7490,#7491);
#6342=AXIS2_PLACEMENT_3D('',#9490,#7493,#7494);
#6343=AXIS2_PLACEMENT_3D('',#9491,#7495,#7496);
#6344=AXIS2_PLACEMENT_3D('',#9492,#7497,#7498);
#6345=AXIS2_PLACEMENT_3D('',#9493,#7499,#7500);
#6346=AXIS2_PLACEMENT_3D('',#9495,#7501,#7502);
#6347=AXIS2_PLACEMENT_3D('',#9496,#7503,#7504);
#6348=AXIS2_PLACEMENT_3D('',#9498,#7505,#7506);
#6349=AXIS2_PLACEMENT_3D('',#9499,#7507,#7508);
#6350=AXIS2_PLACEMENT_3D('',#9501,#7509,#7510);
#6351=AXIS2_PLACEMENT_3D('',#9502,#7511,#7512);
#6352=AXIS2_PLACEMENT_3D('',#9504,#7513,#7514);
#6353=AXIS2_PLACEMENT_3D('',#9505,#7515,#7516);
#6354=AXIS2_PLACEMENT_3D('',#9507,#7517,#7518);
#6355=AXIS2_PLACEMENT_3D('',#9508,#7519,#7520);
#6356=AXIS2_PLACEMENT_3D('',#9510,#7521,#7522);
#6357=AXIS2_PLACEMENT_3D('',#9511,#7523,#7524);
#6358=AXIS2_PLACEMENT_3D('',#9513,#7525,#7526);
#6359=AXIS2_PLACEMENT_3D('',#9514,#7527,#7528);
#6360=AXIS2_PLACEMENT_3D('',#9515,#7529,#7530);
#6361=AXIS2_PLACEMENT_3D('',#9516,#7531,#7532);
#6362=AXIS2_PLACEMENT_3D('',#9517,#7533,#7534);
#6363=AXIS2_PLACEMENT_3D('',#9518,#7535,#7536);
#6364=AXIS2_PLACEMENT_3D('',#9519,#7537,#7538);
#6365=AXIS2_PLACEMENT_3D('',#9520,#7539,#7540);
#6366=AXIS2_PLACEMENT_3D('',#9521,#7541,#7542);
#6367=AXIS2_PLACEMENT_3D('',#9522,#7543,#7544);
#6368=AXIS2_PLACEMENT_3D('',#9523,#7545,#7546);
#6369=AXIS2_PLACEMENT_3D('',#9524,#7547,#7548);
#6370=AXIS2_PLACEMENT_3D('',#9525,#7549,#7550);
#6371=AXIS2_PLACEMENT_3D('',#9526,#7551,#7552);
#6372=AXIS2_PLACEMENT_3D('',#9527,#7553,#7554);
#6373=AXIS2_PLACEMENT_3D('',#9528,#7555,#7556);
#6374=AXIS2_PLACEMENT_3D('',#9529,#7557,#7558);
#6375=AXIS2_PLACEMENT_3D('',#9530,#7559,#7560);
#6376=AXIS2_PLACEMENT_3D('',#9531,#7561,#7562);
#6377=AXIS2_PLACEMENT_3D('',#9532,#7563,#7564);
#6378=AXIS2_PLACEMENT_3D('',#9533,#7565,#7566);
#6379=AXIS2_PLACEMENT_3D('',#9534,#7567,#7568);
#6380=AXIS2_PLACEMENT_3D('',#9535,#7569,#7570);
#6381=AXIS2_PLACEMENT_3D('',#9536,#7571,#7572);
#6382=AXIS2_PLACEMENT_3D('',#9537,#7573,#7574);
#6383=AXIS2_PLACEMENT_3D('',#9538,#7575,#7576);
#6384=AXIS2_PLACEMENT_3D('',#9539,#7577,#7578);
#6385=AXIS2_PLACEMENT_3D('',#9540,#7579,#7580);
#6386=AXIS2_PLACEMENT_3D('',#9541,#7581,#7582);
#6387=AXIS2_PLACEMENT_3D('',#9542,#7583,#7584);
#6388=AXIS2_PLACEMENT_3D('',#9544,#7586,#7587);
#6389=AXIS2_PLACEMENT_3D('',#9546,#7589,#7590);
#6390=AXIS2_PLACEMENT_3D('',#9548,#7592,#7593);
#6391=AXIS2_PLACEMENT_3D('',#9550,#7595,#7596);
#6392=AXIS2_PLACEMENT_3D('',#9551,#7597,#7598);
#6393=AXIS2_PLACEMENT_3D('',#9552,#7599,#7600);
#6394=AXIS2_PLACEMENT_3D('',#9553,#7601,#7602);
#6395=AXIS2_PLACEMENT_3D('',#9554,#7603,#7604);
#6396=AXIS2_PLACEMENT_3D('',#9555,#7605,#7606);
#6397=AXIS2_PLACEMENT_3D('',#9556,#7607,#7608);
#6398=AXIS2_PLACEMENT_3D('',#9557,#7609,#7610);
#6399=AXIS2_PLACEMENT_3D('',#9558,#7611,#7612);
#6400=AXIS2_PLACEMENT_3D('',#9559,#7613,#7614);
#6401=AXIS2_PLACEMENT_3D('',#9560,#7615,#7616);
#6402=AXIS2_PLACEMENT_3D('',#9561,#7617,#7618);
#6403=AXIS2_PLACEMENT_3D('',#9562,#7619,#7620);
#6404=AXIS2_PLACEMENT_3D('',#9563,#7621,#7622);
#6405=AXIS2_PLACEMENT_3D('',#9572,#7627,#7628);
#6406=AXIS2_PLACEMENT_3D('',#9578,#7632,#7633);
#6407=AXIS2_PLACEMENT_3D('',#9584,#7637,#7638);
#6408=AXIS2_PLACEMENT_3D('',#9588,#7641,#7642);
#6409=AXIS2_PLACEMENT_3D('',#9594,#7646,#7647);
#6410=AXIS2_PLACEMENT_3D('',#9598,#7650,#7651);
#6411=AXIS2_PLACEMENT_3D('',#9601,#7653,#7654);
#6412=AXIS2_PLACEMENT_3D('',#9602,#7655,#7656);
#6413=AXIS2_PLACEMENT_3D('',#9606,#7659,#7660);
#6414=AXIS2_PLACEMENT_3D('',#9614,#7665,#7666);
#6415=AXIS2_PLACEMENT_3D('',#9620,#7670,#7671);
#6416=AXIS2_PLACEMENT_3D('',#9621,#7672,#7673);
#6417=AXIS2_PLACEMENT_3D('',#9622,#7674,#7675);
#6418=AXIS2_PLACEMENT_3D('',#9623,#7676,#7677);
#6419=AXIS2_PLACEMENT_3D('',#9624,#7678,#7679);
#6420=AXIS2_PLACEMENT_3D('',#9625,#7680,#7681);
#6421=AXIS2_PLACEMENT_3D('',#9626,#7682,#7683);
#6422=AXIS2_PLACEMENT_3D('',#9627,#7684,#7685);
#6423=AXIS2_PLACEMENT_3D('',#9629,#7687,#7688);
#6424=AXIS2_PLACEMENT_3D('',#9630,#7689,#7690);
#6425=AXIS2_PLACEMENT_3D('',#9635,#7692,#7693);
#6426=AXIS2_PLACEMENT_3D('',#9638,#7695,#7696);
#6427=AXIS2_PLACEMENT_3D('',#9644,#7700,#7701);
#6428=AXIS2_PLACEMENT_3D('',#9650,#7705,#7706);
#6429=AXIS2_PLACEMENT_3D('',#9656,#7710,#7711);
#6430=AXIS2_PLACEMENT_3D('',#9660,#7714,#7715);
#6431=AXIS2_PLACEMENT_3D('',#9666,#7719,#7720);
#6432=AXIS2_PLACEMENT_3D('',#9670,#7723,#7724);
#6433=AXIS2_PLACEMENT_3D('',#9673,#7726,#7727);
#6434=AXIS2_PLACEMENT_3D('',#9674,#7728,#7729);
#6435=AXIS2_PLACEMENT_3D('',#9678,#7732,#7733);
#6436=AXIS2_PLACEMENT_3D('',#9686,#7738,#7739);
#6437=AXIS2_PLACEMENT_3D('',#9689,#7742,#7743);
#6438=AXIS2_PLACEMENT_3D('',#9690,#7744,#7745);
#6439=AXIS2_PLACEMENT_3D('',#9691,#7746,#7747);
#6440=AXIS2_PLACEMENT_3D('',#9692,#7748,#7749);
#6441=AXIS2_PLACEMENT_3D('',#9693,#7750,#7751);
#6442=AXIS2_PLACEMENT_3D('',#9695,#7753,#7754);
#6443=AXIS2_PLACEMENT_3D('',#9698,#7757,#7758);
#6444=AXIS2_PLACEMENT_3D('',#9699,#7759,#7760);
#6445=AXIS2_PLACEMENT_3D('',#9700,#7761,#7762);
#6446=AXIS2_PLACEMENT_3D('',#9703,#7765,#7766);
#6447=AXIS2_PLACEMENT_3D('',#9704,#7767,#7768);
#6448=AXIS2_PLACEMENT_3D('',#9705,#7769,#7770);
#6449=AXIS2_PLACEMENT_3D('',#9711,#7774,#7775);
#6450=AXIS2_PLACEMENT_3D('',#9715,#7778,#7779);
#6451=AXIS2_PLACEMENT_3D('',#9719,#7782,#7783);
#6452=AXIS2_PLACEMENT_3D('',#9723,#7786,#7787);
#6453=AXIS2_PLACEMENT_3D('',#9727,#7790,#7791);
#6454=AXIS2_PLACEMENT_3D('',#9731,#7794,#7795);
#6455=AXIS2_PLACEMENT_3D('',#9735,#7798,#7799);
#6456=AXIS2_PLACEMENT_3D('',#9739,#7802,#7803);
#6457=AXIS2_PLACEMENT_3D('',#9743,#7806,#7807);
#6458=AXIS2_PLACEMENT_3D('',#9747,#7810,#7811);
#6459=AXIS2_PLACEMENT_3D('',#9751,#7814,#7815);
#6460=AXIS2_PLACEMENT_3D('',#9755,#7818,#7819);
#6461=AXIS2_PLACEMENT_3D('',#9757,#7821,#7822);
#6462=AXIS2_PLACEMENT_3D('',#9905,#7825,#7826);
#6463=AXIS2_PLACEMENT_3D('',#9911,#7827,#7828);
#6464=AXIS2_PLACEMENT_3D('',#10030,#7831,#7832);
#6465=AXIS2_PLACEMENT_3D('',#10034,#7835,#7836);
#6466=AXIS2_PLACEMENT_3D('',#10038,#7839,#7840);
#6467=AXIS2_PLACEMENT_3D('',#10302,#7847,#7848);
#6468=AXIS2_PLACEMENT_3D('',#10304,#7850,#7851);
#6469=AXIS2_PLACEMENT_3D('',#10305,#7852,#7853);
#6470=AXIS2_PLACEMENT_3D('',#10377,#7855,#7856);
#6471=AXIS2_PLACEMENT_3D('',#10462,#7859,#7860);
#6472=AXIS2_PLACEMENT_3D('',#10600,#7866,#7867);
#6473=AXIS2_PLACEMENT_3D('',#10602,#7869,#7870);
#6474=AXIS2_PLACEMENT_3D('',#10604,#7872,#7873);
#6475=AXIS2_PLACEMENT_3D('',#10841,#7878,#7879);
#6476=AXIS2_PLACEMENT_3D('',#10842,#7880,#7881);
#6477=AXIS2_PLACEMENT_3D('',#10914,#7883,#7884);
#6478=AXIS2_PLACEMENT_3D('',#10999,#7887,#7888);
#6479=AXIS2_PLACEMENT_3D('',#11137,#7894,#7895);
#6480=AXIS2_PLACEMENT_3D('',#11139,#7897,#7898);
#6481=AXIS2_PLACEMENT_3D('',#11141,#7900,#7901);
#6482=AXIS2_PLACEMENT_3D('',#11378,#7906,#7907);
#6483=AXIS2_PLACEMENT_3D('',#11379,#7908,#7909);
#6484=AXIS2_PLACEMENT_3D('',#11451,#7911,#7912);
#6485=AXIS2_PLACEMENT_3D('',#11536,#7915,#7916);
#6486=AXIS2_PLACEMENT_3D('',#11674,#7922,#7923);
#6487=AXIS2_PLACEMENT_3D('',#11676,#7925,#7926);
#6488=AXIS2_PLACEMENT_3D('',#11678,#7928,#7929);
#6489=AXIS2_PLACEMENT_3D('',#11915,#7934,#7935);
#6490=AXIS2_PLACEMENT_3D('',#11916,#7936,#7937);
#6491=AXIS2_PLACEMENT_3D('',#12031,#7949,#7950);
#6492=AXIS2_PLACEMENT_3D('',#12034,#7953,#7954);
#6493=AXIS2_PLACEMENT_3D('',#12036,#7956,#7957);
#6494=AXIS2_PLACEMENT_3D('',#12038,#7959,#7960);
#6495=AXIS2_PLACEMENT_3D('',#12040,#7962,#7963);
#6496=AXIS2_PLACEMENT_3D('',#12042,#7965,#7966);
#6497=AXIS2_PLACEMENT_3D('',#12044,#7968,#7969);
#6498=AXIS2_PLACEMENT_3D('',#12147,#7974,#7975);
#6499=AXIS2_PLACEMENT_3D('',#12148,#7976,#7977);
#6500=AXIS2_PLACEMENT_3D('',#12154,#7981,#7982);
#6501=AXIS2_PLACEMENT_3D('',#12158,#7985,#7986);
#6502=AXIS2_PLACEMENT_3D('',#12278,#7990,#7991);
#6503=AXIS2_PLACEMENT_3D('',#12279,#7992,#7993);
#6504=AXIS2_PLACEMENT_3D('',#12280,#7994,#7995);
#6505=AXIS2_PLACEMENT_3D('',#12281,#7996,#7997);
#6506=AXIS2_PLACEMENT_3D('',#12282,#7998,#7999);
#6507=AXIS2_PLACEMENT_3D('',#12283,#8000,#8001);
#6508=AXIS2_PLACEMENT_3D('',#12284,#8002,#8003);
#6509=DIRECTION('',(0.,0.,1.));
#6510=DIRECTION('',(1.,0.,0.));
#6511=DIRECTION('',(0.,0.,-1.));
#6512=DIRECTION('',(-1.,0.,0.));
#6513=DIRECTION('',(0.,1.,0.));
#6514=DIRECTION('',(-1.,0.,0.));
#6515=DIRECTION('',(0.,-1.,0.));
#6516=DIRECTION('',(1.,0.,0.));
#6517=DIRECTION('',(0.,0.,1.));
#6518=DIRECTION('',(1.,0.,0.));
#6519=DIRECTION('',(0.,0.,1.));
#6520=DIRECTION('',(-1.,0.,0.));
#6521=DIRECTION('',(0.,0.,-1.));
#6522=DIRECTION('',(-1.,0.,0.));
#6523=DIRECTION('',(0.,0.,1.));
#6524=DIRECTION('',(1.,0.,0.));
#6525=DIRECTION('',(0.,1.,0.));
#6526=DIRECTION('',(1.,0.,0.));
#6527=DIRECTION('',(0.,-1.,0.));
#6528=DIRECTION('',(-1.,0.,0.));
#6529=DIRECTION('',(0.,0.,1.));
#6530=DIRECTION('',(-1.,0.,0.));
#6531=DIRECTION('',(-1.,0.,0.));
#6532=DIRECTION('',(0.,0.,1.));
#6533=DIRECTION('',(1.,0.,0.));
#6534=DIRECTION('',(0.,0.,-1.));
#6535=DIRECTION('',(0.,0.,-1.));
#6536=DIRECTION('',(0.,0.,-1.));
#6537=DIRECTION('',(0.,-1.,0.));
#6538=DIRECTION('',(0.,0.,-1.));
#6539=DIRECTION('',(0.,0.,-1.));
#6540=DIRECTION('',(1.,0.,0.));
#6541=DIRECTION('',(0.,0.,-1.));
#6542=DIRECTION('',(1.,0.,0.));
#6543=DIRECTION('',(0.,0.,-1.));
#6544=DIRECTION('',(0.,0.,-1.));
#6545=DIRECTION('',(0.,1.,0.));
#6546=DIRECTION('',(0.,0.,1.));
#6547=DIRECTION('',(0.,0.,-1.));
#6548=DIRECTION('',(-1.,0.,0.));
#6549=DIRECTION('',(0.,0.,-1.));
#6550=DIRECTION('',(-1.,0.,0.));
#6551=DIRECTION('',(1.,0.,0.));
#6552=DIRECTION('',(0.,0.,-1.));
#6553=DIRECTION('',(0.317429136226372,-0.782213482760496,-0.536079108772459));
#6554=DIRECTION('',(-0.860465625587362,8.38442032567761E-16,-0.509508495692221));
#6555=DIRECTION('',(0.,-1.,0.));
#6556=DIRECTION('',(0.,0.,-1.));
#6557=DIRECTION('',(0.,1.,0.));
#6558=DIRECTION('',(0.,0.,-1.));
#6559=DIRECTION('',(0.,1.,0.));
#6560=DIRECTION('',(0.,0.,1.));
#6561=DIRECTION('',(0.,0.,1.));
#6562=DIRECTION('',(-1.,0.,0.));
#6563=DIRECTION('',(0.,0.,1.));
#6564=DIRECTION('',(1.,0.,2.60208521396521E-16));
#6565=DIRECTION('',(-2.08166817117217E-16,0.,-1.));
#6566=DIRECTION('',(-1.,0.,0.));
#6567=DIRECTION('',(-3.46944695195361E-16,0.,-1.));
#6568=DIRECTION('',(-1.,0.,3.46944695195361E-16));
#6569=DIRECTION('',(-4.33680868994202E-16,0.,-1.));
#6570=DIRECTION('',(1.,0.,-8.67361737988404E-17));
#6571=DIRECTION('',(8.67361737988404E-17,0.,-1.));
#6572=DIRECTION('',(1.,0.,-1.62630325872826E-16));
#6573=DIRECTION('',(4.33680868994202E-16,0.,1.));
#6574=DIRECTION('',(1.,0.,-2.60208521396521E-16));
#6575=DIRECTION('',(0.,0.,1.));
#6576=DIRECTION('',(-1.,0.,0.));
#6577=DIRECTION('',(0.,-1.,0.));
#6578=DIRECTION('',(0.,0.,-1.));
#6579=DIRECTION('',(0.,1.,0.));
#6580=DIRECTION('',(0.,0.,1.));
#6581=DIRECTION('',(-2.08166817117217E-16,0.,-1.));
#6582=DIRECTION('',(1.,0.,2.60208521396521E-16));
#6583=DIRECTION('',(0.,0.,1.));
#6584=DIRECTION('',(-1.,0.,0.));
#6585=DIRECTION('',(0.,1.,0.));
#6586=DIRECTION('',(0.,0.,-1.));
#6587=DIRECTION('',(-1.,0.,2.08166817117217E-16));
#6588=DIRECTION('',(2.08166817117217E-16,0.,1.));
#6589=DIRECTION('',(0.,-1.,0.));
#6590=DIRECTION('',(0.,-1.,0.));
#6591=DIRECTION('',(0.,0.,1.));
#6592=DIRECTION('',(1.,0.,0.));
#6593=DIRECTION('',(0.,-1.,0.));
#6594=DIRECTION('',(0.,-1.,0.));
#6595=DIRECTION('',(-1.,0.,0.));
#6596=DIRECTION('',(0.,-1.,0.));
#6597=DIRECTION('',(1.,0.,0.));
#6598=DIRECTION('',(0.,0.,-1.));
#6599=DIRECTION('',(0.,-1.,0.));
#6600=DIRECTION('',(2.60208521396521E-16,0.,-1.));
#6601=DIRECTION('',(-1.,0.,-2.60208521396521E-16));
#6602=DIRECTION('',(0.,-1.,0.));
#6603=DIRECTION('',(0.,0.,-1.));
#6604=DIRECTION('',(0.,-1.,0.));
#6605=DIRECTION('',(0.,0.,-1.));
#6606=DIRECTION('',(3.46944695195361E-16,0.,1.));
#6607=DIRECTION('',(1.,0.,-3.46944695195361E-16));
#6608=DIRECTION('',(0.,-1.,0.));
#6609=DIRECTION('',(-1.,0.,3.46944695195361E-16));
#6610=DIRECTION('',(0.,-1.,0.));
#6611=DIRECTION('',(-1.,0.,3.46944695195361E-16));
#6612=DIRECTION('',(3.46944695195361E-16,0.,1.));
#6613=DIRECTION('',(-3.46944695195361E-16,0.,-1.));
#6614=DIRECTION('',(1.,0.,0.));
#6615=DIRECTION('',(0.,0.,-1.));
#6616=DIRECTION('',(0.,-1.,0.));
#6617=DIRECTION('',(0.,0.,1.));
#6618=DIRECTION('',(0.,0.,1.));
#6619=DIRECTION('',(1.,0.,0.));
#6620=DIRECTION('',(0.,-1.,0.));
#6621=DIRECTION('',(-1.,0.,0.));
#6622=DIRECTION('',(1.,0.,0.));
#6623=DIRECTION('',(0.,0.,-1.));
#6624=DIRECTION('',(0.,-1.,0.));
#6625=DIRECTION('',(0.,0.,1.));
#6626=DIRECTION('',(-2.60208521396521E-16,0.,-1.));
#6627=DIRECTION('',(-1.,0.,2.60208521396521E-16));
#6628=DIRECTION('',(0.,-1.,0.));
#6629=DIRECTION('',(1.,0.,-2.60208521396521E-16));
#6630=DIRECTION('',(1.,0.,-4.33680868994202E-16));
#6631=DIRECTION('',(-4.33680868994202E-16,0.,-1.));
#6632=DIRECTION('',(0.,-1.,0.));
#6633=DIRECTION('',(4.33680868994202E-16,0.,1.));
#6634=DIRECTION('',(-1.62630325872826E-16,0.,-1.));
#6635=DIRECTION('',(-1.,0.,1.62630325872826E-16));
#6636=DIRECTION('',(0.,-1.,0.));
#6637=DIRECTION('',(1.,0.,-1.62630325872826E-16));
#6638=DIRECTION('',(-1.,0.,-8.67361737988404E-17));
#6639=DIRECTION('',(-8.67361737988404E-17,0.,1.));
#6640=DIRECTION('',(0.,-1.,0.));
#6641=DIRECTION('',(8.67361737988404E-17,0.,-1.));
#6642=DIRECTION('',(-8.67361737988404E-17,0.,-1.));
#6643=DIRECTION('',(-1.,0.,8.67361737988404E-17));
#6644=DIRECTION('',(0.,-1.,0.));
#6645=DIRECTION('',(1.,0.,-8.67361737988404E-17));
#6646=DIRECTION('',(-1.,0.,4.33680868994202E-16));
#6647=DIRECTION('',(4.33680868994202E-16,0.,1.));
#6648=DIRECTION('',(-4.33680868994202E-16,0.,-1.));
#6649=DIRECTION('',(0.,-1.,0.));
#6650=DIRECTION('',(0.,0.,-1.));
#6651=DIRECTION('',(-0.398544414911007,-0.623010487381791,0.673067813786654));
#6652=DIRECTION('',(0.860465625587578,3.36507760744047E-13,0.509508495691856));
#6653=DIRECTION('',(0.987595455307073,0.,-0.157019797021949));
#6654=DIRECTION('',(-0.157019797021949,0.,-0.987595455307074));
#6655=DIRECTION('',(0.157019797021949,0.,0.987595455307073));
#6656=DIRECTION('',(0.,-1.,0.));
#6657=DIRECTION('',(0.157019797021949,0.,0.987595455307073));
#6658=DIRECTION('',(0.,-1.,0.));
#6659=DIRECTION('',(0.,1.,0.));
#6660=DIRECTION('',(0.,0.,1.));
#6661=DIRECTION('',(0.,1.,0.));
#6662=DIRECTION('',(0.,0.,1.));
#6663=DIRECTION('',(0.,1.,0.));
#6664=DIRECTION('',(0.,0.,1.));
#6665=DIRECTION('',(0.,1.,0.));
#6666=DIRECTION('',(0.,0.,1.));
#6667=DIRECTION('',(-0.987595455307073,0.,-0.157019797021953));
#6668=DIRECTION('',(0.,-1.,0.));
#6669=DIRECTION('',(0.,0.,-1.));
#6670=DIRECTION('',(-0.15701979702195,0.,0.987595455307073));
#6671=DIRECTION('',(0.987595455307075,0.,-0.157019797021939));
#6672=DIRECTION('',(0.,-1.,0.));
#6673=DIRECTION('',(-1.,0.,-1.04744440165294E-14));
#6674=DIRECTION('',(0.987595455307072,0.,0.15701979702196));
#6675=DIRECTION('',(-0.157019797021949,0.,-0.987595455307073));
#6676=DIRECTION('',(0.,-1.,0.));
#6677=DIRECTION('',(0.,0.,1.));
#6678=DIRECTION('',(0.15701979702195,0.,-0.987595455307073));
#6679=DIRECTION('',(-0.987595455307074,0.,0.157019797021946));
#6680=DIRECTION('',(0.,-1.,0.));
#6681=DIRECTION('',(1.,0.,3.49148133884313E-15));
#6682=DIRECTION('',(0.,-1.,0.));
#6683=DIRECTION('',(1.,0.,3.49148133884313E-15));
#6684=DIRECTION('',(0.,-1.,0.));
#6685=DIRECTION('',(1.,0.,3.49148133884313E-15));
#6686=DIRECTION('',(0.,-1.,0.));
#6687=DIRECTION('',(1.,0.,3.49148133884313E-15));
#6688=DIRECTION('',(0.,-1.,0.));
#6689=DIRECTION('',(1.,0.,3.49148133884313E-15));
#6690=DIRECTION('',(0.,-1.,0.));
#6691=DIRECTION('',(0.,0.,1.));
#6692=DIRECTION('',(0.,-1.,0.));
#6693=DIRECTION('',(0.,0.,1.));
#6694=DIRECTION('',(0.,-1.,0.));
#6695=DIRECTION('',(0.,0.,1.));
#6696=DIRECTION('',(0.,-1.,0.));
#6697=DIRECTION('',(0.,0.,1.));
#6698=DIRECTION('',(0.,-1.,0.));
#6699=DIRECTION('',(-1.,0.,-1.04744440165294E-14));
#6700=DIRECTION('',(0.,-1.,0.));
#6701=DIRECTION('',(-1.,0.,-1.04744440165294E-14));
#6702=DIRECTION('',(0.,-1.,0.));
#6703=DIRECTION('',(-1.,0.,-1.04744440165294E-14));
#6704=DIRECTION('',(0.,-1.,0.));
#6705=DIRECTION('',(-1.,0.,-1.04744440165294E-14));
#6706=DIRECTION('',(0.,1.,0.));
#6707=DIRECTION('',(0.,0.,1.));
#6708=DIRECTION('',(0.,-1.,0.));
#6709=DIRECTION('',(0.,0.,-1.));
#6710=DIRECTION('',(0.,-1.,0.));
#6711=DIRECTION('',(0.,0.,-1.));
#6712=DIRECTION('',(0.,-1.,0.));
#6713=DIRECTION('',(0.,0.,-1.));
#6714=DIRECTION('',(0.,-1.,0.));
#6715=DIRECTION('',(0.,0.,-1.));
#6716=DIRECTION('',(0.,1.,0.));
#6717=DIRECTION('',(0.,0.,1.));
#6718=DIRECTION('',(-0.987595455307073,0.,-0.157019797021953));
#6719=DIRECTION('',(0.,-1.,0.));
#6720=DIRECTION('',(1.,0.,3.49148133884313E-15));
#6721=DIRECTION('',(-0.987595455307074,0.,0.157019797021946));
#6722=DIRECTION('',(0.15701979702195,0.,-0.987595455307073));
#6723=DIRECTION('',(0.,-1.,0.));
#6724=DIRECTION('',(0.,0.,1.));
#6725=DIRECTION('',(-0.157019797021949,0.,-0.987595455307073));
#6726=DIRECTION('',(0.987595455307072,0.,0.15701979702196));
#6727=DIRECTION('',(0.,-1.,0.));
#6728=DIRECTION('',(-1.,0.,-1.04744440165294E-14));
#6729=DIRECTION('',(0.987595455307075,0.,-0.157019797021939));
#6730=DIRECTION('',(-0.15701979702195,0.,0.987595455307073));
#6731=DIRECTION('',(0.,-1.,0.));
#6732=DIRECTION('',(0.,0.,-1.));
#6733=DIRECTION('',(0.,-1.,0.));
#6734=DIRECTION('',(-1.,0.,-1.04744440165294E-14));
#6735=DIRECTION('',(0.,-1.,0.));
#6736=DIRECTION('',(-1.,0.,-1.04744440165294E-14));
#6737=DIRECTION('',(0.,-1.,0.));
#6738=DIRECTION('',(-1.,0.,-1.04744440165294E-14));
#6739=DIRECTION('',(0.,-1.,0.));
#6740=DIRECTION('',(-1.,0.,-1.04744440165294E-14));
#6741=DIRECTION('',(0.,-1.,0.));
#6742=DIRECTION('',(0.,0.,1.));
#6743=DIRECTION('',(0.,-1.,0.));
#6744=DIRECTION('',(0.,0.,1.));
#6745=DIRECTION('',(0.,-1.,0.));
#6746=DIRECTION('',(0.,0.,1.));
#6747=DIRECTION('',(0.,-1.,0.));
#6748=DIRECTION('',(0.,0.,1.));
#6749=DIRECTION('',(0.,-1.,0.));
#6750=DIRECTION('',(1.,0.,3.49148133884313E-15));
#6751=DIRECTION('',(0.,-1.,0.));
#6752=DIRECTION('',(1.,0.,3.49148133884313E-15));
#6753=DIRECTION('',(0.,-1.,0.));
#6754=DIRECTION('',(1.,0.,3.49148133884313E-15));
#6755=DIRECTION('',(0.,-1.,0.));
#6756=DIRECTION('',(1.,0.,3.49148133884313E-15));
#6757=DIRECTION('',(0.,1.,0.));
#6758=DIRECTION('',(0.,0.,1.));
#6759=DIRECTION('',(0.,-1.,0.));
#6760=DIRECTION('',(0.,0.,-1.));
#6761=DIRECTION('',(0.,-1.,0.));
#6762=DIRECTION('',(0.,0.,-1.));
#6763=DIRECTION('',(0.,-1.,0.));
#6764=DIRECTION('',(0.,0.,-1.));
#6765=DIRECTION('',(0.,-1.,0.));
#6766=DIRECTION('',(0.,0.,-1.));
#6767=DIRECTION('',(0.,-1.,0.));
#6768=DIRECTION('',(0.,0.,-1.));
#6769=DIRECTION('',(0.,1.,0.));
#6770=DIRECTION('',(0.,0.,1.));
#6771=DIRECTION('',(0.,1.,0.));
#6772=DIRECTION('',(0.,0.,1.));
#6773=DIRECTION('',(0.,1.,0.));
#6774=DIRECTION('',(0.,0.,1.));
#6775=DIRECTION('',(0.,-1.,0.));
#6776=DIRECTION('',(0.,0.,-1.));
#6777=DIRECTION('',(0.,-1.,0.));
#6778=DIRECTION('',(0.,0.,-1.));
#6779=DIRECTION('',(0.,-1.,0.));
#6780=DIRECTION('',(0.,0.,-1.));
#6781=DIRECTION('',(0.,-1.,0.));
#6782=DIRECTION('',(0.,-1.,0.));
#6783=DIRECTION('',(0.,0.,-1.));
#6784=DIRECTION('',(0.,-1.,0.));
#6785=DIRECTION('',(0.,0.,-1.));
#6786=DIRECTION('',(0.,-1.,0.));
#6787=DIRECTION('',(0.,0.,-1.));
#6788=DIRECTION('',(0.,-1.,0.));
#6789=DIRECTION('',(0.,0.,-1.));
#6790=DIRECTION('',(0.987595455307073,0.,0.15701979702195));
#6791=DIRECTION('',(0.15701979702195,0.,-0.987595455307073));
#6792=DIRECTION('',(0.,1.,0.));
#6793=DIRECTION('',(-0.157019797021939,0.,-0.987595455307075));
#6794=DIRECTION('',(-0.987595455307075,0.,0.157019797021939));
#6795=DIRECTION('',(0.,-1.,0.));
#6796=DIRECTION('',(0.157019797021946,0.,0.987595455307074));
#6797=DIRECTION('',(0.987595455307074,0.,-0.157019797021946));
#6798=DIRECTION('',(0.,-1.,0.));
#6799=DIRECTION('',(0.,-1.,0.));
#6800=DIRECTION('',(0.,-1.,0.));
#6801=DIRECTION('',(0.,0.,-1.));
#6802=DIRECTION('',(0.,-1.,0.));
#6803=DIRECTION('',(0.,-1.,0.));
#6804=DIRECTION('',(0.,0.,-1.));
#6805=DIRECTION('',(0.,-1.,0.));
#6806=DIRECTION('',(0.,0.,-1.));
#6807=DIRECTION('',(0.,-1.,0.));
#6808=DIRECTION('',(0.,0.,-1.));
#6809=DIRECTION('',(0.,-1.,0.));
#6810=DIRECTION('',(0.,0.,-1.));
#6811=DIRECTION('',(-0.157019797021953,0.,0.987595455307073));
#6812=DIRECTION('',(0.987595455307073,0.,0.157019797021953));
#6813=DIRECTION('',(-0.987595455307073,0.,0.157019797021949));
#6814=DIRECTION('',(0.157019797021949,0.,0.987595455307074));
#6815=DIRECTION('',(0.,-1.,0.));
#6816=DIRECTION('',(0.,-1.,0.));
#6817=DIRECTION('',(0.,-1.,0.));
#6818=DIRECTION('',(0.,0.,-1.));
#6819=DIRECTION('',(0.,-1.,0.));
#6820=DIRECTION('',(0.,-1.,0.));
#6821=DIRECTION('',(0.,0.,-1.));
#6822=DIRECTION('',(0.,-1.,0.));
#6823=DIRECTION('',(0.,0.,-1.));
#6824=DIRECTION('',(0.,-1.,0.));
#6825=DIRECTION('',(0.,0.,-1.));
#6826=DIRECTION('',(0.,-1.,0.));
#6827=DIRECTION('',(0.,0.,-1.));
#6828=DIRECTION('',(-0.987595455307073,0.,-0.15701979702195));
#6829=DIRECTION('',(-0.15701979702195,0.,0.987595455307073));
#6830=DIRECTION('',(0.,-1.,0.));
#6831=DIRECTION('',(0.,0.,-1.));
#6832=DIRECTION('',(0.,-1.,0.));
#6833=DIRECTION('',(0.,-1.,0.));
#6834=DIRECTION('',(0.,0.,-1.));
#6835=DIRECTION('',(0.,-1.,0.));
#6836=DIRECTION('',(0.,0.,-1.));
#6837=DIRECTION('',(0.,-1.,0.));
#6838=DIRECTION('',(0.,0.,-1.));
#6839=DIRECTION('',(0.,-1.,0.));
#6840=DIRECTION('',(0.,0.,-1.));
#6841=DIRECTION('',(0.15701979702196,0.,-0.987595455307072));
#6842=DIRECTION('',(-0.987595455307072,0.,-0.15701979702196));
#6843=DIRECTION('',(0.50950849569222,1.67929626142807E-16,-0.860465625587363));
#6844=DIRECTION('',(0.860465625587363,-3.28894355436181E-16,0.50950849569222));
#6845=DIRECTION('',(0.,-1.,0.));
#6846=DIRECTION('',(0.,0.,-1.));
#6847=DIRECTION('',(1.,0.,0.));
#6848=DIRECTION('',(0.,0.,-1.));
#6849=DIRECTION('',(-1.,0.,1.38777878078145E-15));
#6850=DIRECTION('',(1.73472347597681E-16,0.,1.));
#6851=DIRECTION('',(1.,0.,0.));
#6852=DIRECTION('',(9.25185853854297E-17,0.,1.));
#6853=DIRECTION('',(-1.,0.,0.));
#6854=DIRECTION('',(9.25185853854297E-17,0.,-1.));
#6855=DIRECTION('',(0.,-1.,0.));
#6856=DIRECTION('',(0.,0.,-1.));
#6857=DIRECTION('',(0.,0.,-1.));
#6858=DIRECTION('',(-1.,0.,0.));
#6859=DIRECTION('',(0.,0.,1.));
#6860=DIRECTION('',(1.,0.,0.));
#6861=DIRECTION('',(0.,0.,-1.));
#6862=DIRECTION('',(1.,0.,0.));
#6863=DIRECTION('',(1.73472347597681E-16,0.,1.));
#6864=DIRECTION('',(-1.,0.,1.38777878078145E-15));
#6865=DIRECTION('',(-1.,0.,0.));
#6866=DIRECTION('',(0.,0.,1.));
#6867=DIRECTION('',(0.,-1.,0.));
#6868=DIRECTION('',(-9.25185853854297E-17,0.,1.));
#6869=DIRECTION('',(0.,-1.,0.));
#6870=DIRECTION('',(0.,0.,1.));
#6871=DIRECTION('',(1.,0.,0.));
#6872=DIRECTION('',(1.,0.,0.));
#6873=DIRECTION('',(0.,1.,0.));
#6874=DIRECTION('',(0.,1.,0.));
#6875=DIRECTION('',(1.,0.,0.));
#6876=DIRECTION('',(0.,-1.,0.));
#6877=DIRECTION('',(1.,0.,0.));
#6878=DIRECTION('',(0.,0.,-1.));
#6879=DIRECTION('',(-9.25185853854297E-17,0.,-1.));
#6880=DIRECTION('',(0.,-1.,0.));
#6881=DIRECTION('',(0.,0.,-1.));
#6882=DIRECTION('',(-1.,0.,0.));
#6883=DIRECTION('',(-1.,0.,0.));
#6884=DIRECTION('',(0.,1.,0.));
#6885=DIRECTION('',(0.,1.,0.));
#6886=DIRECTION('',(-1.,0.,0.));
#6887=DIRECTION('',(-1.,0.,0.));
#6888=DIRECTION('',(0.,0.,1.));
#6889=DIRECTION('',(0.,-1.,0.));
#6890=DIRECTION('',(0.,-1.,0.));
#6891=DIRECTION('',(1.38777878078145E-15,0.,1.));
#6892=DIRECTION('',(1.,0.,-1.38777878078145E-15));
#6893=DIRECTION('',(0.,-1.,0.));
#6894=DIRECTION('',(1.,0.,-1.73472347597681E-16));
#6895=DIRECTION('',(-1.73472347597681E-16,0.,-1.));
#6896=DIRECTION('',(0.,-1.,0.));
#6897=DIRECTION('',(0.,0.,-1.));
#6898=DIRECTION('',(-1.,0.,0.));
#6899=DIRECTION('',(1.,0.,9.25185853854297E-17));
#6900=DIRECTION('',(9.25185853854297E-17,0.,-1.));
#6901=DIRECTION('',(9.25185853854297E-17,0.,-1.));
#6902=DIRECTION('',(0.,1.,0.));
#6903=DIRECTION('',(0.,0.,1.));
#6904=DIRECTION('',(-1.,0.,9.25185853854297E-17));
#6905=DIRECTION('',(9.25185853854297E-17,0.,1.));
#6906=DIRECTION('',(9.25185853854297E-17,0.,1.));
#6907=DIRECTION('',(0.,-1.,0.));
#6908=DIRECTION('',(0.,0.,-1.));
#6909=DIRECTION('',(0.,0.,1.));
#6910=DIRECTION('',(1.,0.,0.));
#6911=DIRECTION('',(0.,1.,0.));
#6912=DIRECTION('',(0.,0.,1.));
#6913=DIRECTION('',(1.,0.,0.));
#6914=DIRECTION('',(0.,0.,1.));
#6915=DIRECTION('',(1.,0.,0.));
#6916=DIRECTION('',(0.,0.,-1.));
#6917=DIRECTION('',(0.,-1.,0.));
#6918=DIRECTION('',(0.,0.,-1.));
#6919=DIRECTION('',(0.,1.,0.));
#6920=DIRECTION('',(0.,0.,1.));
#6921=DIRECTION('',(0.,0.,-1.));
#6922=DIRECTION('',(1.,0.,0.));
#6923=DIRECTION('',(0.,0.,1.));
#6924=DIRECTION('',(-1.,0.,0.));
#6925=DIRECTION('',(0.,-1.,0.));
#6926=DIRECTION('',(0.,0.,-1.));
#6927=DIRECTION('',(0.,0.,-1.));
#6928=DIRECTION('',(1.,0.,0.));
#6929=DIRECTION('',(0.,0.,1.));
#6930=DIRECTION('',(-1.,0.,0.));
#6931=DIRECTION('',(0.,1.,0.));
#6932=DIRECTION('',(0.,0.,1.));
#6933=DIRECTION('',(-1.,0.,0.));
#6934=DIRECTION('',(0.,0.,1.));
#6935=DIRECTION('',(1.,0.,0.));
#6936=DIRECTION('',(0.,0.,-1.));
#6937=DIRECTION('',(0.,-1.,0.));
#6938=DIRECTION('',(0.,0.,-1.));
#6939=DIRECTION('',(0.,-1.,0.));
#6940=DIRECTION('',(0.,0.,1.));
#6941=DIRECTION('',(1.,0.,0.));
#6942=DIRECTION('',(0.,-1.,0.));
#6943=DIRECTION('',(-1.,0.,0.));
#6944=DIRECTION('',(0.,-1.,0.));
#6945=DIRECTION('',(0.,-1.,0.));
#6946=DIRECTION('',(-1.,0.,0.));
#6947=DIRECTION('',(1.,0.,0.));
#6948=DIRECTION('',(0.,0.,-1.));
#6949=DIRECTION('',(0.,0.,-1.));
#6950=DIRECTION('',(0.,1.,-8.67361737988404E-17));
#6951=DIRECTION('',(0.,0.,1.));
#6952=DIRECTION('',(0.,-1.,-8.67361737988404E-17));
#6953=DIRECTION('',(0.,1.,1.23908819712629E-16));
#6954=DIRECTION('',(-1.,0.,0.));
#6955=DIRECTION('',(0.,0.,1.));
#6956=DIRECTION('',(0.,-1.,3.71726459137887E-16));
#6957=DIRECTION('',(0.,0.,1.));
#6958=DIRECTION('',(0.,-1.,0.));
#6959=DIRECTION('',(0.,0.,-1.));
#6960=DIRECTION('',(-1.,0.,0.));
#6961=DIRECTION('',(1.,0.,0.));
#6962=DIRECTION('',(0.,-1.,0.));
#6963=DIRECTION('',(0.,-1.,0.));
#6964=DIRECTION('',(0.,-1.,0.));
#6965=DIRECTION('',(0.,0.,-1.));
#6966=DIRECTION('',(1.,0.,0.));
#6967=DIRECTION('',(0.,0.,-1.));
#6968=DIRECTION('',(1.,0.,0.));
#6969=DIRECTION('',(0.,0.,-1.));
#6970=DIRECTION('',(0.,0.,1.));
#6971=DIRECTION('',(0.,-1.,0.));
#6972=DIRECTION('',(0.,0.,-1.));
#6973=DIRECTION('',(-1.,0.,0.));
#6974=DIRECTION('',(0.,0.,1.));
#6975=DIRECTION('',(0.,0.,1.));
#6976=DIRECTION('',(0.,1.,-8.67361737988404E-17));
#6977=DIRECTION('',(0.,0.,-1.));
#6978=DIRECTION('',(0.,-1.,-8.67361737988404E-17));
#6979=DIRECTION('',(-1.,0.,0.));
#6980=DIRECTION('',(0.,0.,1.));
#6981=DIRECTION('',(0.,1.,1.23908819712629E-16));
#6982=DIRECTION('',(0.,0.,-1.));
#6983=DIRECTION('',(0.,-1.,3.71726459137887E-16));
#6984=DIRECTION('',(0.,1.,0.));
#6985=DIRECTION('',(0.,0.,1.));
#6986=DIRECTION('',(-1.,0.,0.));
#6987=DIRECTION('',(-1.,0.,0.));
#6988=DIRECTION('',(0.,0.,1.));
#6989=DIRECTION('',(-1.,0.,0.));
#6990=DIRECTION('',(-1.,0.,0.));
#6991=DIRECTION('',(0.,-1.23908819712629E-16,1.));
#6992=DIRECTION('',(0.,-1.,-1.23908819712629E-16));
#6993=DIRECTION('',(0.,-3.71726459137887E-16,-1.));
#6994=DIRECTION('',(0.,1.,-3.71726459137887E-16));
#6995=DIRECTION('',(0.,8.67361737988404E-17,1.));
#6996=DIRECTION('',(0.,-1.,8.67361737988404E-17));
#6997=DIRECTION('',(-1.,0.,0.));
#6998=DIRECTION('',(-1.,0.,0.));
#6999=DIRECTION('',(0.,-1.,0.));
#7000=DIRECTION('',(0.,0.,-1.));
#7001=DIRECTION('',(-1.,0.,0.));
#7002=DIRECTION('',(0.,8.67361737988404E-17,-1.));
#7003=DIRECTION('',(0.,1.,8.67361737988404E-17));
#7004=DIRECTION('',(-1.,0.,0.));
#7005=DIRECTION('',(0.,1.,0.));
#7006=DIRECTION('',(0.,0.,1.));
#7007=DIRECTION('',(1.,0.,0.));
#7008=DIRECTION('',(0.,0.,-1.));
#7009=DIRECTION('',(-0.509508495692221,-3.04924967478049E-16,0.860465625587362));
#7010=DIRECTION('',(0.860465625587362,-3.59174611409841E-16,0.509508495692221));
#7011=DIRECTION('',(0.,-1.,0.));
#7012=DIRECTION('',(0.,0.,-1.));
#7013=DIRECTION('',(0.,-1.,0.));
#7014=DIRECTION('',(0.,1.,0.));
#7015=DIRECTION('',(0.,0.,1.));
#7016=DIRECTION('',(0.,-1.,0.));
#7017=DIRECTION('',(0.,1.,0.));
#7018=DIRECTION('',(0.,0.,1.));
#7019=DIRECTION('',(0.,1.,0.));
#7020=DIRECTION('',(0.,0.,1.));
#7021=DIRECTION('',(0.,1.,0.));
#7022=DIRECTION('',(0.,0.,1.));
#7023=DIRECTION('',(0.,1.,0.));
#7024=DIRECTION('',(0.,0.,1.));
#7025=DIRECTION('',(0.,1.,0.));
#7026=DIRECTION('',(0.,0.,1.));
#7027=DIRECTION('',(0.,1.,0.));
#7028=DIRECTION('',(0.,0.,1.));
#7029=DIRECTION('',(0.,1.,0.));
#7030=DIRECTION('',(0.,0.,1.));
#7031=DIRECTION('',(-0.157019797021949,0.,-0.987595455307073));
#7032=DIRECTION('',(0.,-1.,0.));
#7033=DIRECTION('',(0.,0.,1.));
#7034=DIRECTION('',(0.15701979702195,0.,-0.987595455307073));
#7035=DIRECTION('',(0.157019797021949,0.,0.987595455307073));
#7036=DIRECTION('',(0.,-1.,0.));
#7037=DIRECTION('',(0.,0.,-1.));
#7038=DIRECTION('',(-0.15701979702195,0.,0.987595455307073));
#7039=DIRECTION('',(0.,-1.,0.));
#7040=DIRECTION('',(0.,0.,-1.));
#7041=DIRECTION('',(0.,-1.,0.));
#7042=DIRECTION('',(0.,0.,-1.));
#7043=DIRECTION('',(0.,-1.,0.));
#7044=DIRECTION('',(0.,0.,-1.));
#7045=DIRECTION('',(0.,-1.,0.));
#7046=DIRECTION('',(0.,0.,-1.));
#7047=DIRECTION('',(0.,-1.,0.));
#7048=DIRECTION('',(0.,0.,1.));
#7049=DIRECTION('',(0.,-1.,0.));
#7050=DIRECTION('',(0.,0.,1.));
#7051=DIRECTION('',(0.,-1.,0.));
#7052=DIRECTION('',(0.,0.,1.));
#7053=DIRECTION('',(0.,-1.,0.));
#7054=DIRECTION('',(0.,0.,1.));
#7055=DIRECTION('',(0.,1.,0.));
#7056=DIRECTION('',(0.,0.,1.));
#7057=DIRECTION('',(0.,1.,0.));
#7058=DIRECTION('',(0.,0.,1.));
#7059=DIRECTION('',(-0.15701979702195,0.,0.987595455307073));
#7060=DIRECTION('',(0.,-1.,0.));
#7061=DIRECTION('',(0.,0.,-1.));
#7062=DIRECTION('',(0.157019797021949,0.,0.987595455307073));
#7063=DIRECTION('',(0.15701979702195,0.,-0.987595455307073));
#7064=DIRECTION('',(0.,-1.,0.));
#7065=DIRECTION('',(0.,0.,1.));
#7066=DIRECTION('',(-0.157019797021949,0.,-0.987595455307073));
#7067=DIRECTION('',(0.,1.,0.));
#7068=DIRECTION('',(0.,0.,1.));
#7069=DIRECTION('',(0.,-1.,0.));
#7070=DIRECTION('',(0.,0.,-1.));
#7071=DIRECTION('',(0.,-1.,0.));
#7072=DIRECTION('',(0.,0.,-1.));
#7073=DIRECTION('',(0.,-1.,0.));
#7074=DIRECTION('',(0.,0.,-1.));
#7075=DIRECTION('',(0.,-1.,0.));
#7076=DIRECTION('',(0.,0.,-1.));
#7077=DIRECTION('',(0.,-1.,0.));
#7078=DIRECTION('',(0.,0.,1.));
#7079=DIRECTION('',(0.,-1.,0.));
#7080=DIRECTION('',(0.,0.,1.));
#7081=DIRECTION('',(0.,-1.,0.));
#7082=DIRECTION('',(0.,0.,1.));
#7083=DIRECTION('',(0.,-1.,0.));
#7084=DIRECTION('',(0.,0.,1.));
#7085=DIRECTION('',(0.,-1.,0.));
#7086=DIRECTION('',(0.,0.,-1.));
#7087=DIRECTION('',(0.,-1.,0.));
#7088=DIRECTION('',(0.,-1.,0.));
#7089=DIRECTION('',(0.,-1.,0.));
#7090=DIRECTION('',(0.,0.,-1.));
#7091=DIRECTION('',(0.,1.,0.));
#7092=DIRECTION('',(0.,0.,1.));
#7093=DIRECTION('',(0.,1.,0.));
#7094=DIRECTION('',(0.,0.,1.));
#7095=DIRECTION('',(0.,1.,0.));
#7096=DIRECTION('',(0.,0.,1.));
#7097=DIRECTION('',(0.,-1.,0.));
#7098=DIRECTION('',(0.,0.,-1.));
#7099=DIRECTION('',(0.,-1.,0.));
#7100=DIRECTION('',(0.,0.,-1.));
#7101=DIRECTION('',(0.987595455307073,0.,-0.157019797021949));
#7102=DIRECTION('',(-0.157019797021949,0.,-0.987595455307074));
#7103=DIRECTION('',(0.,-1.,0.));
#7104=DIRECTION('',(0.,-1.,0.));
#7105=DIRECTION('',(0.,0.,-1.));
#7106=DIRECTION('',(0.,-1.,0.));
#7107=DIRECTION('',(0.,-1.,0.));
#7108=DIRECTION('',(0.,0.,-1.));
#7109=DIRECTION('',(0.,-1.,0.));
#7110=DIRECTION('',(0.,0.,-1.));
#7111=DIRECTION('',(0.,-1.,0.));
#7112=DIRECTION('',(0.,0.,-1.));
#7113=DIRECTION('',(0.,-1.,0.));
#7114=DIRECTION('',(0.,0.,-1.));
#7115=DIRECTION('',(0.987595455307073,0.,0.15701979702195));
#7116=DIRECTION('',(0.15701979702195,0.,-0.987595455307073));
#7117=DIRECTION('',(-0.987595455307073,0.,0.157019797021949));
#7118=DIRECTION('',(0.157019797021949,0.,0.987595455307074));
#7119=DIRECTION('',(0.,-1.,0.));
#7120=DIRECTION('',(0.,-1.,0.));
#7121=DIRECTION('',(0.,0.,-1.));
#7122=DIRECTION('',(0.,-1.,0.));
#7123=DIRECTION('',(0.,-1.,0.));
#7124=DIRECTION('',(0.,0.,-1.));
#7125=DIRECTION('',(0.,-1.,0.));
#7126=DIRECTION('',(0.,0.,-1.));
#7127=DIRECTION('',(0.,-1.,0.));
#7128=DIRECTION('',(0.,0.,-1.));
#7129=DIRECTION('',(0.,-1.,0.));
#7130=DIRECTION('',(0.,0.,-1.));
#7131=DIRECTION('',(-0.987595455307073,0.,-0.15701979702195));
#7132=DIRECTION('',(-0.15701979702195,0.,0.987595455307073));
#7133=DIRECTION('',(0.398544414911473,0.623010487381793,-0.673067813786377));
#7134=DIRECTION('',(0.317429136226373,-0.782213482760494,-0.536079108772462));
#7135=DIRECTION('',(0.,-1.,0.));
#7136=DIRECTION('',(0.,0.,-1.));
#7137=DIRECTION('',(0.,1.,0.));
#7138=DIRECTION('',(0.,0.,1.));
#7139=DIRECTION('',(0.,1.,0.));
#7140=DIRECTION('',(0.,0.,1.));
#7141=DIRECTION('',(0.,1.,0.));
#7142=DIRECTION('',(0.,0.,1.));
#7143=DIRECTION('',(0.,1.,0.));
#7144=DIRECTION('',(0.,0.,1.));
#7145=DIRECTION('',(0.475258153125331,0.360452212636944,-0.802623130923243));
#7146=DIRECTION('',(-0.183653464629582,0.932777681125107,0.310156738640997));
#7147=DIRECTION('',(0.,1.,0.));
#7148=DIRECTION('',(0.,0.,1.));
#7149=DIRECTION('',(1.,0.,0.));
#7150=DIRECTION('',(0.,0.,1.));
#7151=DIRECTION('',(-0.782390450976026,0.,0.622788232243939));
#7152=DIRECTION('',(0.,0.,-1.));
#7153=DIRECTION('',(0.782390450976027,0.,-0.622788232243938));
#7154=DIRECTION('',(0.,0.,-1.));
#7155=DIRECTION('',(-1.,0.,0.));
#7156=DIRECTION('',(0.,0.,-1.));
#7157=DIRECTION('',(0.836878996160949,0.,0.547387929885783));
#7158=DIRECTION('',(-0.617720878793951,0.,0.786397428722926));
#7159=DIRECTION('',(-0.836933063027772,0.,-0.547305260353809));
#7160=DIRECTION('',(0.,-1.,0.));
#7161=DIRECTION('',(0.,0.,-1.));
#7162=DIRECTION('',(-0.825496364640035,0.,-0.56440743436465));
#7163=DIRECTION('',(0.570997298104572,0.,-0.820951938640307));
#7164=DIRECTION('',(0.825357146174,0.,0.564610999945546));
#7165=DIRECTION('',(0.,-1.,0.));
#7166=DIRECTION('',(0.,0.,-1.));
#7167=DIRECTION('',(-0.825496364640035,0.,-0.56440743436465));
#7168=DIRECTION('',(0.570997298104572,0.,-0.820951938640307));
#7169=DIRECTION('',(0.825357146174,0.,0.564610999945546));
#7170=DIRECTION('',(0.,-1.,0.));
#7171=DIRECTION('',(0.,0.,-1.));
#7172=DIRECTION('',(-0.687954310916553,0.,-0.725753998329551));
#7173=DIRECTION('',(0.,0.,-1.));
#7174=DIRECTION('',(1.,0.,0.));
#7175=DIRECTION('',(0.,0.,1.));
#7176=DIRECTION('',(0.,-1.,0.));
#7177=DIRECTION('',(0.,0.,-1.));
#7178=DIRECTION('',(0.,0.,-1.));
#7179=DIRECTION('',(0.991398777198715,0.,0.130875760050872));
#7180=DIRECTION('',(0.,0.,1.));
#7181=DIRECTION('',(-0.893290255312065,0.,0.44948027739213));
#7182=DIRECTION('',(0.893727875972725,0.,0.448609500244122));
#7183=DIRECTION('',(0.,0.,1.));
#7184=DIRECTION('',(-0.991295408390988,0.,0.131656421426928));
#7185=DIRECTION('',(0.,0.,-1.));
#7186=DIRECTION('',(0.991261610664234,0.,-0.131910648635162));
#7187=DIRECTION('',(-0.893829180214607,0.,-0.448407623259109));
#7188=DIRECTION('',(0.,0.,-1.));
#7189=DIRECTION('',(0.893531873849379,0.,-0.448999766609313));
#7190=DIRECTION('',(-0.991335792784035,0.,-0.131351992543885));
#7191=DIRECTION('',(1.,0.,0.));
#7192=DIRECTION('',(0.,0.,-1.));
#7193=DIRECTION('',(-1.,0.,0.));
#7194=DIRECTION('',(0.,0.,1.));
#7195=DIRECTION('',(0.,1.,0.));
#7196=DIRECTION('',(0.,0.,1.));
#7197=DIRECTION('',(-1.82602471155454E-16,0.,1.));
#7198=DIRECTION('',(0.,1.,0.));
#7199=DIRECTION('',(0.,0.,1.));
#7200=DIRECTION('',(-1.,0.,0.));
#7201=DIRECTION('',(0.,0.,1.));
#7202=DIRECTION('',(1.,0.,0.));
#7203=DIRECTION('',(-1.82602471155454E-16,0.,1.));
#7204=DIRECTION('',(1.,0.,2.71050543121376E-16));
#7205=DIRECTION('',(0.,1.,0.));
#7206=DIRECTION('',(0.,0.,1.));
#7207=DIRECTION('',(1.,0.,0.));
#7208=DIRECTION('',(-1.,0.,0.));
#7209=DIRECTION('',(0.,0.,1.));
#7210=DIRECTION('',(0.,-1.,0.));
#7211=DIRECTION('',(0.,0.,1.));
#7212=DIRECTION('',(0.,-1.,0.));
#7213=DIRECTION('',(0.,0.,-1.));
#7214=DIRECTION('',(0.,0.,-1.));
#7215=DIRECTION('',(0.,-1.,0.));
#7216=DIRECTION('',(0.,0.,1.));
#7217=DIRECTION('',(0.,-1.,0.));
#7218=DIRECTION('',(0.,0.,1.));
#7219=DIRECTION('',(0.,1.,0.));
#7220=DIRECTION('',(0.,0.,1.));
#7221=DIRECTION('',(1.82602471155453E-16,0.,1.));
#7222=DIRECTION('',(0.,1.,0.));
#7223=DIRECTION('',(0.,0.,1.));
#7224=DIRECTION('',(1.,0.,0.));
#7225=DIRECTION('',(1.,0.,0.));
#7226=DIRECTION('',(1.82602471155453E-16,0.,1.));
#7227=DIRECTION('',(-1.,0.,-2.71050543121376E-16));
#7228=DIRECTION('',(0.,1.,0.));
#7229=DIRECTION('',(0.,0.,1.));
#7230=DIRECTION('',(-1.,0.,0.));
#7231=DIRECTION('',(-1.,0.,0.));
#7232=DIRECTION('',(0.,0.,1.));
#7233=DIRECTION('',(0.,0.,1.));
#7234=DIRECTION('',(0.,-1.,0.));
#7235=DIRECTION('',(0.,0.,-1.));
#7236=DIRECTION('',(0.,0.,-1.));
#7237=DIRECTION('',(0.,0.,-1.));
#7238=DIRECTION('',(0.,-1.,0.));
#7239=DIRECTION('',(1.,0.,-1.73472347597681E-16));
#7240=DIRECTION('',(-1.73472347597681E-16,0.,-1.));
#7241=DIRECTION('',(0.,0.,1.));
#7242=DIRECTION('',(0.,-1.,0.));
#7243=DIRECTION('',(1.73472347597681E-16,0.,1.));
#7244=DIRECTION('',(1.73472347597681E-16,0.,1.));
#7245=DIRECTION('',(-1.73472347597681E-16,0.,-1.));
#7246=DIRECTION('',(0.,-1.,0.));
#7247=DIRECTION('',(-1.,0.,9.74563750548768E-17));
#7248=DIRECTION('',(9.74563750548768E-17,0.,1.));
#7249=DIRECTION('',(0.,-1.,0.));
#7250=DIRECTION('',(-9.74563750548768E-17,0.,-1.));
#7251=DIRECTION('',(0.,-1.,0.));
#7252=DIRECTION('',(-9.74563750548768E-17,0.,-1.));
#7253=DIRECTION('',(-1.,0.,9.74563750548768E-17));
#7254=DIRECTION('',(9.74563750548768E-17,0.,1.));
#7255=DIRECTION('',(0.,-1.,0.));
#7256=DIRECTION('',(-9.74563750548768E-17,0.,-1.));
#7257=DIRECTION('',(0.,-1.,0.));
#7258=DIRECTION('',(-9.74563750548768E-17,0.,-1.));
#7259=DIRECTION('',(0.,1.,0.));
#7260=DIRECTION('',(0.,0.,1.));
#7261=DIRECTION('',(0.,0.,1.));
#7262=DIRECTION('',(0.,1.,0.));
#7263=DIRECTION('',(0.,0.,1.));
#7264=DIRECTION('',(0.,1.,0.));
#7265=DIRECTION('',(0.,0.,1.));
#7266=DIRECTION('',(0.,1.,0.));
#7267=DIRECTION('',(0.,0.,1.));
#7268=DIRECTION('',(0.,1.,0.));
#7269=DIRECTION('',(0.,0.,1.));
#7270=DIRECTION('',(-1.,0.,-3.59528181549597E-16));
#7271=DIRECTION('',(0.,1.,0.));
#7272=DIRECTION('',(0.,0.,1.));
#7273=DIRECTION('',(0.,1.,0.));
#7274=DIRECTION('',(0.,0.,1.));
#7275=DIRECTION('',(-1.,0.,0.));
#7276=DIRECTION('',(0.,1.,0.));
#7277=DIRECTION('',(0.,0.,1.));
#7278=DIRECTION('',(1.73472347597681E-16,0.,1.));
#7279=DIRECTION('',(0.,1.,0.));
#7280=DIRECTION('',(0.,0.,1.));
#7281=DIRECTION('',(1.,0.,0.));
#7282=DIRECTION('',(0.,1.,0.));
#7283=DIRECTION('',(0.,0.,1.));
#7284=DIRECTION('',(0.,1.,0.));
#7285=DIRECTION('',(0.,0.,1.));
#7286=DIRECTION('',(1.,0.,-7.19056363099194E-16));
#7287=DIRECTION('',(0.,1.,0.));
#7288=DIRECTION('',(0.,0.,1.));
#7289=DIRECTION('',(1.79764090774799E-16,0.,1.));
#7290=DIRECTION('',(0.,1.,0.));
#7291=DIRECTION('',(0.,0.,1.));
#7292=DIRECTION('',(0.,1.,0.));
#7293=DIRECTION('',(0.,0.,1.));
#7294=DIRECTION('',(0.,1.,0.));
#7295=DIRECTION('',(0.,0.,1.));
#7296=DIRECTION('',(0.,1.,0.));
#7297=DIRECTION('',(0.,0.,1.));
#7298=DIRECTION('',(-3.59528181549597E-16,0.,-1.));
#7299=DIRECTION('',(0.,1.,0.));
#7300=DIRECTION('',(0.,0.,1.));
#7301=DIRECTION('',(1.,0.,-7.19056363099194E-16));
#7302=DIRECTION('',(0.,1.,0.));
#7303=DIRECTION('',(0.,0.,1.));
#7304=DIRECTION('',(0.,1.,0.));
#7305=DIRECTION('',(0.,0.,1.));
#7306=DIRECTION('',(1.,0.,0.));
#7307=DIRECTION('',(0.,1.,0.));
#7308=DIRECTION('',(0.,0.,1.));
#7309=DIRECTION('',(0.,1.,0.));
#7310=DIRECTION('',(0.,0.,1.));
#7311=DIRECTION('',(0.,1.,0.));
#7312=DIRECTION('',(0.,0.,1.));
#7313=DIRECTION('',(-1.,0.,0.));
#7314=DIRECTION('',(0.,1.,0.));
#7315=DIRECTION('',(0.,0.,1.));
#7316=DIRECTION('',(-1.,0.,-3.59528181549597E-16));
#7317=DIRECTION('',(-3.59528181549597E-16,0.,-1.));
#7318=DIRECTION('',(0.,1.,0.));
#7319=DIRECTION('',(0.,0.,1.));
#7320=DIRECTION('',(0.,-1.,0.));
#7321=DIRECTION('',(0.,0.,-1.));
#7322=DIRECTION('',(0.,1.,0.));
#7323=DIRECTION('',(0.,0.,1.));
#7324=DIRECTION('',(0.,-1.,0.));
#7325=DIRECTION('',(0.,1.,0.));
#7326=DIRECTION('',(0.,0.,1.));
#7327=DIRECTION('',(0.,-1.,0.));
#7328=DIRECTION('',(0.,1.,0.));
#7329=DIRECTION('',(0.,0.,1.));
#7330=DIRECTION('',(0.,-1.,0.));
#7331=DIRECTION('',(0.,-1.,0.));
#7332=DIRECTION('',(0.,1.,0.));
#7333=DIRECTION('',(0.,0.,1.));
#7334=DIRECTION('',(0.,-1.,0.));
#7335=DIRECTION('',(0.,-1.,0.));
#7336=DIRECTION('',(0.,1.,0.));
#7337=DIRECTION('',(0.,0.,1.));
#7338=DIRECTION('',(0.,-1.,0.));
#7339=DIRECTION('',(0.,-1.,0.));
#7340=DIRECTION('',(0.,0.,1.));
#7341=DIRECTION('',(1.,0.,0.));
#7342=DIRECTION('',(-1.,0.,0.));
#7343=DIRECTION('',(0.,-1.,0.));
#7344=DIRECTION('',(0.,-1.,0.));
#7345=DIRECTION('',(-1.,0.,0.));
#7346=DIRECTION('',(-1.,0.,0.));
#7347=DIRECTION('',(1.,0.,-1.73472347597681E-16));
#7348=DIRECTION('',(-1.73472347597681E-16,0.,-1.));
#7349=DIRECTION('',(0.,0.,1.));
#7350=DIRECTION('',(0.,1.,0.));
#7351=DIRECTION('',(0.,0.,1.));
#7352=DIRECTION('',(0.,1.,0.));
#7353=DIRECTION('',(0.,-1.,0.));
#7354=DIRECTION('',(0.,-1.,0.));
#7355=DIRECTION('',(0.,0.,-1.));
#7356=DIRECTION('',(-1.,0.,0.));
#7357=DIRECTION('',(0.,-1.,0.));
#7358=DIRECTION('',(1.,0.,0.));
#7359=DIRECTION('',(1.,0.,0.));
#7360=DIRECTION('',(1.,0.,0.));
#7361=DIRECTION('',(0.,-1.,0.));
#7362=DIRECTION('',(0.,1.,0.));
#7363=DIRECTION('',(0.,0.,1.));
#7364=DIRECTION('',(1.,0.,0.));
#7365=DIRECTION('',(0.,0.,1.));
#7366=DIRECTION('',(-1.,0.,0.));
#7367=DIRECTION('',(-1.73472347597681E-16,0.,-1.));
#7368=DIRECTION('',(8.83242672925298E-17,0.,-1.));
#7369=DIRECTION('',(-1.,0.,-8.83242672925298E-17));
#7370=DIRECTION('',(1.,0.,8.83242672925298E-17));
#7371=DIRECTION('',(0.,-1.,0.));
#7372=DIRECTION('',(1.,0.,8.83242672925298E-17));
#7373=DIRECTION('',(0.,-1.,0.));
#7374=DIRECTION('',(-1.,0.,0.));
#7375=DIRECTION('',(-1.,0.,0.));
#7376=DIRECTION('',(0.,0.,1.));
#7377=DIRECTION('',(0.,0.,1.));
#7378=DIRECTION('',(0.,-1.,0.));
#7379=DIRECTION('',(0.,0.,-1.));
#7380=DIRECTION('',(0.,-1.,0.));
#7381=DIRECTION('',(0.,-1.,0.));
#7382=DIRECTION('',(0.,0.,-1.));
#7383=DIRECTION('',(0.,-1.,0.));
#7384=DIRECTION('',(0.,-1.,0.));
#7385=DIRECTION('',(0.,0.,-1.));
#7386=DIRECTION('',(0.,-1.,0.));
#7387=DIRECTION('',(0.,1.,0.));
#7388=DIRECTION('',(0.,0.,1.));
#7389=DIRECTION('',(0.,-1.,0.));
#7390=DIRECTION('',(8.83242672925298E-17,0.,-1.));
#7391=DIRECTION('',(-1.,0.,-8.83242672925298E-17));
#7392=DIRECTION('',(1.,0.,-1.35525271560688E-16));
#7393=DIRECTION('',(0.,-1.,0.));
#7394=DIRECTION('',(1.,0.,8.83242672925298E-17));
#7395=DIRECTION('',(0.,1.,0.));
#7396=DIRECTION('',(1.,0.,8.83242672925298E-17));
#7397=DIRECTION('',(0.,1.,0.));
#7398=DIRECTION('',(0.,0.,1.));
#7399=DIRECTION('',(0.,1.,0.));
#7400=DIRECTION('',(0.,0.,1.));
#7401=DIRECTION('',(0.,1.,0.));
#7402=DIRECTION('',(0.,0.,1.));
#7403=DIRECTION('',(0.,1.,0.));
#7404=DIRECTION('',(0.,0.,1.));
#7405=DIRECTION('',(0.,1.,0.));
#7406=DIRECTION('',(0.,0.,1.));
#7407=DIRECTION('',(0.,1.,0.));
#7408=DIRECTION('',(0.,0.,1.));
#7409=DIRECTION('',(0.,1.,0.));
#7410=DIRECTION('',(0.,0.,1.));
#7411=DIRECTION('',(0.,1.,0.));
#7412=DIRECTION('',(0.,0.,1.));
#7413=DIRECTION('',(-1.,0.,1.17013387924237E-16));
#7414=DIRECTION('',(0.,1.,0.));
#7415=DIRECTION('',(0.,0.,1.));
#7416=DIRECTION('',(1.79764090774799E-16,0.,1.));
#7417=DIRECTION('',(0.,1.,0.));
#7418=DIRECTION('',(0.,0.,1.));
#7419=DIRECTION('',(1.,0.,2.34026775848473E-16));
#7420=DIRECTION('',(0.,1.,0.));
#7421=DIRECTION('',(0.,0.,1.));
#7422=DIRECTION('',(0.,1.,0.));
#7423=DIRECTION('',(0.,0.,1.));
#7424=DIRECTION('',(0.,1.,0.));
#7425=DIRECTION('',(0.,0.,1.));
#7426=DIRECTION('',(0.,1.,0.));
#7427=DIRECTION('',(0.,0.,1.));
#7428=DIRECTION('',(0.,1.,0.));
#7429=DIRECTION('',(0.,0.,1.));
#7430=DIRECTION('',(0.,1.,0.));
#7431=DIRECTION('',(0.,0.,1.));
#7432=DIRECTION('',(-3.59528181549597E-16,0.,1.));
#7433=DIRECTION('',(1.,0.,3.59528181549597E-16));
#7434=DIRECTION('',(0.,-1.,0.));
#7435=DIRECTION('',(0.,1.,0.));
#7436=DIRECTION('',(-7.19056363099194E-16,0.,-1.));
#7437=DIRECTION('',(-1.,0.,7.19056363099194E-16));
#7438=DIRECTION('',(0.,-1.,0.));
#7439=DIRECTION('',(0.,1.,0.));
#7440=DIRECTION('',(1.,0.,-1.79764090774799E-16));
#7441=DIRECTION('',(-1.79764090774799E-16,0.,-1.));
#7442=DIRECTION('',(0.,-1.,0.));
#7443=DIRECTION('',(0.,-1.,0.));
#7444=DIRECTION('',(0.,1.,0.));
#7445=DIRECTION('',(0.,0.,1.));
#7446=DIRECTION('',(3.59528181549597E-16,0.,-1.));
#7447=DIRECTION('',(-1.,0.,1.17013387924237E-16));
#7448=DIRECTION('',(-3.59528181549597E-16,0.,1.));
#7449=DIRECTION('',(1.,0.,3.59528181549597E-16));
#7450=DIRECTION('',(0.,-1.,0.));
#7451=DIRECTION('',(-1.,0.,3.59528181549597E-16));
#7452=DIRECTION('',(3.59528181549597E-16,0.,1.));
#7453=DIRECTION('',(-7.19056363099194E-16,0.,-1.));
#7454=DIRECTION('',(-1.,0.,7.19056363099194E-16));
#7455=DIRECTION('',(1.,0.,2.34026775848473E-16));
#7456=DIRECTION('',(0.,1.,0.));
#7457=DIRECTION('',(0.,-1.,0.));
#7458=DIRECTION('',(-1.,0.,3.59528181549597E-16));
#7459=DIRECTION('',(3.59528181549597E-16,0.,1.));
#7460=DIRECTION('',(0.,1.,0.));
#7461=DIRECTION('',(3.59528181549597E-16,0.,-1.));
#7462=DIRECTION('',(0.,-1.,0.));
#7463=DIRECTION('',(0.,1.,0.));
#7464=DIRECTION('',(0.,0.,1.));
#7465=DIRECTION('',(0.,1.,0.));
#7466=DIRECTION('',(0.,0.,1.));
#7467=DIRECTION('',(0.,1.,0.));
#7468=DIRECTION('',(0.,0.,1.));
#7469=DIRECTION('',(0.,1.,0.));
#7470=DIRECTION('',(0.,0.,1.));
#7471=DIRECTION('',(0.,1.,0.));
#7472=DIRECTION('',(0.,0.,1.));
#7473=DIRECTION('',(0.,1.,0.));
#7474=DIRECTION('',(0.,0.,1.));
#7475=DIRECTION('',(0.,1.,0.));
#7476=DIRECTION('',(0.,0.,1.));
#7477=DIRECTION('',(0.,1.,0.));
#7478=DIRECTION('',(0.,0.,1.));
#7479=DIRECTION('',(-1.,0.,0.));
#7480=DIRECTION('',(0.,0.,-1.));
#7481=DIRECTION('',(1.,0.,0.));
#7482=DIRECTION('',(0.,0.,1.));
#7483=DIRECTION('',(-1.,0.,0.));
#7484=DIRECTION('',(0.,0.,1.));
#7485=DIRECTION('',(0.,-1.,0.));
#7486=DIRECTION('',(0.,-1.,0.));
#7487=DIRECTION('',(0.,0.,1.));
#7488=DIRECTION('',(1.,0.,0.));
#7489=DIRECTION('',(0.,-1.,0.));
#7490=DIRECTION('',(1.,0.,0.));
#7491=DIRECTION('',(0.,0.,-1.));
#7492=DIRECTION('',(0.,-1.,0.));
#7493=DIRECTION('',(0.,0.,-1.));
#7494=DIRECTION('',(-1.,0.,0.));
#7495=DIRECTION('',(0.,-1.,0.));
#7496=DIRECTION('',(0.,0.,-1.));
#7497=DIRECTION('',(0.,-1.,0.));
#7498=DIRECTION('',(0.,0.,-1.));
#7499=DIRECTION('',(0.,1.,0.));
#7500=DIRECTION('',(0.,0.,1.));
#7501=DIRECTION('',(0.,1.,0.));
#7502=DIRECTION('',(0.,0.,1.));
#7503=DIRECTION('',(0.,1.,0.));
#7504=DIRECTION('',(0.,0.,1.));
#7505=DIRECTION('',(0.,-1.,0.));
#7506=DIRECTION('',(0.,0.,-1.));
#7507=DIRECTION('',(0.,1.,0.));
#7508=DIRECTION('',(0.,0.,1.));
#7509=DIRECTION('',(0.,1.,0.));
#7510=DIRECTION('',(0.,0.,1.));
#7511=DIRECTION('',(0.,1.,0.));
#7512=DIRECTION('',(0.,0.,1.));
#7513=DIRECTION('',(0.,-1.,0.));
#7514=DIRECTION('',(0.,0.,-1.));
#7515=DIRECTION('',(0.,1.,0.));
#7516=DIRECTION('',(0.,0.,1.));
#7517=DIRECTION('',(0.,1.,0.));
#7518=DIRECTION('',(0.,0.,1.));
#7519=DIRECTION('',(0.,1.,0.));
#7520=DIRECTION('',(0.,0.,1.));
#7521=DIRECTION('',(0.,1.,0.));
#7522=DIRECTION('',(0.,0.,1.));
#7523=DIRECTION('',(0.,1.,0.));
#7524=DIRECTION('',(0.,0.,1.));
#7525=DIRECTION('',(0.,1.,0.));
#7526=DIRECTION('',(0.,0.,1.));
#7527=DIRECTION('',(0.707106781186544,0.707106781186551,-1.22663473334669E-16));
#7528=DIRECTION('',(1.73472347597681E-16,0.,1.));
#7529=DIRECTION('',(0.707106781186544,0.707106781186551,-1.22663473334669E-16));
#7530=DIRECTION('',(0.707106781186551,-0.707106781186544,-1.22663473334671E-16));
#7531=DIRECTION('',(0.707106781186544,0.707106781186551,-1.22663473334669E-16));
#7532=DIRECTION('',(0.707106781186551,-0.707106781186544,-1.22663473334671E-16));
#7533=DIRECTION('',(0.,0.70710678118655,-0.707106781186545));
#7534=DIRECTION('',(1.,0.,0.));
#7535=DIRECTION('',(0.,0.70710678118655,-0.707106781186545));
#7536=DIRECTION('',(0.,-0.707106781186545,-0.70710678118655));
#7537=DIRECTION('',(0.,0.70710678118655,-0.707106781186545));
#7538=DIRECTION('',(0.,-0.707106781186545,-0.70710678118655));
#7539=DIRECTION('',(0.,0.70710678118655,0.707106781186545));
#7540=DIRECTION('',(-1.,0.,0.));
#7541=DIRECTION('',(0.,0.70710678118655,0.707106781186545));
#7542=DIRECTION('',(0.,-0.707106781186545,0.70710678118655));
#7543=DIRECTION('',(0.,0.70710678118655,0.707106781186545));
#7544=DIRECTION('',(0.,-0.707106781186545,0.70710678118655));
#7545=DIRECTION('',(-0.707106781186545,0.70710678118655,0.));
#7546=DIRECTION('',(0.,0.,-1.));
#7547=DIRECTION('',(-0.707106781186545,0.70710678118655,0.));
#7548=DIRECTION('',(-0.70710678118655,-0.707106781186545,0.));
#7549=DIRECTION('',(-0.707106781186545,0.70710678118655,0.));
#7550=DIRECTION('',(-0.70710678118655,-0.707106781186545,0.));
#7551=DIRECTION('',(0.,-1.,0.));
#7552=DIRECTION('',(0.,0.,-1.));
#7553=DIRECTION('',(0.,-1.,0.));
#7554=DIRECTION('',(0.,0.,1.));
#7555=DIRECTION('',(0.,1.,0.));
#7556=DIRECTION('',(0.,0.,1.));
#7557=DIRECTION('',(0.,1.,0.));
#7558=DIRECTION('',(0.,0.,1.));
#7559=DIRECTION('',(0.,-1.,0.));
#7560=DIRECTION('',(0.,0.,-1.));
#7561=DIRECTION('',(0.,-1.,0.));
#7562=DIRECTION('',(0.,0.,-1.));
#7563=DIRECTION('',(0.,-1.,0.));
#7564=DIRECTION('',(0.,0.,-1.));
#7565=DIRECTION('',(0.,-1.,0.));
#7566=DIRECTION('',(0.,0.,-1.));
#7567=DIRECTION('',(0.,-1.,0.));
#7568=DIRECTION('',(0.,0.,-1.));
#7569=DIRECTION('',(0.,-1.,0.));
#7570=DIRECTION('',(0.,0.,1.));
#7571=DIRECTION('',(0.,1.,0.));
#7572=DIRECTION('',(0.,0.,1.));
#7573=DIRECTION('',(0.,1.,0.));
#7574=DIRECTION('',(0.,0.,1.));
#7575=DIRECTION('',(0.,-1.,0.));
#7576=DIRECTION('',(0.,0.,-1.));
#7577=DIRECTION('',(0.,-1.,0.));
#7578=DIRECTION('',(0.,0.,-1.));
#7579=DIRECTION('',(0.,-1.,0.));
#7580=DIRECTION('',(0.,0.,-1.));
#7581=DIRECTION('',(0.,-1.,0.));
#7582=DIRECTION('',(0.,0.,-1.));
#7583=DIRECTION('',(0.,-1.,0.));
#7584=DIRECTION('',(0.,0.,-1.));
#7585=DIRECTION('',(0.,1.,0.));
#7586=DIRECTION('',(0.,-1.,0.));
#7587=DIRECTION('',(0.,0.,-1.));
#7588=DIRECTION('',(0.,1.,0.));
#7589=DIRECTION('',(0.,-1.,0.));
#7590=DIRECTION('',(0.,0.,-1.));
#7591=DIRECTION('',(0.,1.,0.));
#7592=DIRECTION('',(0.,-1.,0.));
#7593=DIRECTION('',(0.,0.,-1.));
#7594=DIRECTION('',(0.,1.,0.));
#7595=DIRECTION('',(0.,-1.,0.));
#7596=DIRECTION('',(0.,0.,-1.));
#7597=DIRECTION('',(0.,-1.,0.));
#7598=DIRECTION('',(0.,0.,-1.));
#7599=DIRECTION('',(0.,-1.,0.));
#7600=DIRECTION('',(0.,0.,-1.));
#7601=DIRECTION('',(0.,-1.,0.));
#7602=DIRECTION('',(0.,0.,-1.));
#7603=DIRECTION('',(0.,1.,0.));
#7604=DIRECTION('',(0.,0.,1.));
#7605=DIRECTION('',(0.,-1.,0.));
#7606=DIRECTION('',(0.,0.,-1.));
#7607=DIRECTION('',(0.,-1.,0.));
#7608=DIRECTION('',(0.,0.,-1.));
#7609=DIRECTION('',(0.,-1.,0.));
#7610=DIRECTION('',(0.,0.,-1.));
#7611=DIRECTION('',(0.,-1.,0.));
#7612=DIRECTION('',(0.,0.,-1.));
#7613=DIRECTION('',(0.,-1.,0.));
#7614=DIRECTION('',(0.,0.,-1.));
#7615=DIRECTION('',(0.,-1.,0.));
#7616=DIRECTION('',(0.,0.,-1.));
#7617=DIRECTION('',(0.,-1.,0.));
#7618=DIRECTION('',(0.,0.,-1.));
#7619=DIRECTION('',(0.,-1.,0.));
#7620=DIRECTION('',(0.,0.,-1.));
#7621=DIRECTION('',(0.,0.,1.));
#7622=DIRECTION('',(1.,0.,0.));
#7623=DIRECTION('',(1.,0.,0.));
#7624=DIRECTION('',(0.,1.,0.));
#7625=DIRECTION('',(1.,0.,0.));
#7626=DIRECTION('',(0.,1.,0.));
#7627=DIRECTION('',(-1.,0.,-1.82602471155454E-16));
#7628=DIRECTION('',(-1.82602471155454E-16,0.,1.));
#7629=DIRECTION('',(-1.82602471155454E-16,0.,1.));
#7630=DIRECTION('',(0.,1.,0.));
#7631=DIRECTION('',(-1.82602471155454E-16,0.,1.));
#7632=DIRECTION('',(0.,0.,-1.));
#7633=DIRECTION('',(-1.,0.,0.));
#7634=DIRECTION('',(-1.,0.,0.));
#7635=DIRECTION('',(0.,1.,0.));
#7636=DIRECTION('',(-1.,0.,0.));
#7637=DIRECTION('',(0.,0.,-1.));
#7638=DIRECTION('',(-1.,0.,0.));
#7639=DIRECTION('',(0.,1.,0.));
#7640=DIRECTION('',(-1.,0.,0.));
#7641=DIRECTION('',(-1.,0.,-1.82602471155454E-16));
#7642=DIRECTION('',(-1.82602471155454E-16,0.,1.));
#7643=DIRECTION('',(-1.82602471155454E-16,0.,1.));
#7644=DIRECTION('',(0.,1.,0.));
#7645=DIRECTION('',(0.,1.,0.));
#7646=DIRECTION('',(0.,0.,1.));
#7647=DIRECTION('',(1.,0.,0.));
#7648=DIRECTION('',(0.,1.,0.));
#7649=DIRECTION('',(1.,0.,0.));
#7650=DIRECTION('',(0.,1.,0.));
#7651=DIRECTION('',(0.,0.,1.));
#7652=DIRECTION('',(0.,1.,0.));
#7653=DIRECTION('',(0.,1.,0.));
#7654=DIRECTION('',(0.,0.,1.));
#7655=DIRECTION('',(-2.71050543121376E-16,0.,1.));
#7656=DIRECTION('',(1.,0.,2.71050543121376E-16));
#7657=DIRECTION('',(0.,1.,0.));
#7658=DIRECTION('',(1.,0.,2.71050543121376E-16));
#7659=DIRECTION('',(-1.,0.,-1.82602471155454E-16));
#7660=DIRECTION('',(-1.82602471155454E-16,0.,1.));
#7661=DIRECTION('',(-1.82602471155454E-16,0.,1.));
#7662=DIRECTION('',(0.,1.,0.));
#7663=DIRECTION('',(-1.82602471155454E-16,0.,1.));
#7664=DIRECTION('',(0.,0.,1.));
#7665=DIRECTION('',(2.71050543121376E-16,0.,1.));
#7666=DIRECTION('',(1.,0.,-2.71050543121376E-16));
#7667=DIRECTION('',(1.,0.,-2.71050543121376E-16));
#7668=DIRECTION('',(0.,1.,0.));
#7669=DIRECTION('',(1.,0.,-2.71050543121376E-16));
#7670=DIRECTION('',(0.,1.,0.));
#7671=DIRECTION('',(0.,0.,1.));
#7672=DIRECTION('',(0.,1.,0.));
#7673=DIRECTION('',(0.,0.,1.));
#7674=DIRECTION('',(0.,1.,0.));
#7675=DIRECTION('',(0.,0.,1.));
#7676=DIRECTION('',(0.,1.,0.));
#7677=DIRECTION('',(0.,0.,1.));
#7678=DIRECTION('',(0.,1.,0.));
#7679=DIRECTION('',(0.,0.,1.));
#7680=DIRECTION('',(0.,1.,0.));
#7681=DIRECTION('',(0.,0.,1.));
#7682=DIRECTION('',(0.,1.,0.));
#7683=DIRECTION('',(0.,0.,1.));
#7684=DIRECTION('',(0.,1.,0.));
#7685=DIRECTION('',(0.,0.,1.));
#7686=DIRECTION('',(1.,0.,0.));
#7687=DIRECTION('',(0.,1.,0.));
#7688=DIRECTION('',(0.,0.,1.));
#7689=DIRECTION('',(0.,1.,0.));
#7690=DIRECTION('',(0.,0.,1.));
#7691=DIRECTION('',(0.,1.,0.));
#7692=DIRECTION('',(0.,1.,0.));
#7693=DIRECTION('',(0.,0.,1.));
#7694=DIRECTION('',(0.,1.,0.));
#7695=DIRECTION('',(0.,0.,-1.));
#7696=DIRECTION('',(-1.,0.,0.));
#7697=DIRECTION('',(-1.,0.,0.));
#7698=DIRECTION('',(0.,1.,0.));
#7699=DIRECTION('',(-1.,0.,0.));
#7700=DIRECTION('',(-1.,0.,1.82602471155453E-16));
#7701=DIRECTION('',(1.82602471155453E-16,0.,1.));
#7702=DIRECTION('',(1.82602471155453E-16,0.,1.));
#7703=DIRECTION('',(0.,1.,0.));
#7704=DIRECTION('',(1.82602471155453E-16,0.,1.));
#7705=DIRECTION('',(0.,0.,1.));
#7706=DIRECTION('',(1.,0.,0.));
#7707=DIRECTION('',(1.,0.,0.));
#7708=DIRECTION('',(0.,1.,0.));
#7709=DIRECTION('',(1.,0.,0.));
#7710=DIRECTION('',(0.,0.,1.));
#7711=DIRECTION('',(1.,0.,0.));
#7712=DIRECTION('',(0.,1.,0.));
#7713=DIRECTION('',(1.,0.,0.));
#7714=DIRECTION('',(-1.,0.,1.82602471155453E-16));
#7715=DIRECTION('',(1.82602471155453E-16,0.,1.));
#7716=DIRECTION('',(1.82602471155453E-16,0.,1.));
#7717=DIRECTION('',(0.,1.,0.));
#7718=DIRECTION('',(0.,1.,0.));
#7719=DIRECTION('',(0.,0.,-1.));
#7720=DIRECTION('',(-1.,0.,0.));
#7721=DIRECTION('',(0.,1.,0.));
#7722=DIRECTION('',(-1.,0.,0.));
#7723=DIRECTION('',(0.,1.,0.));
#7724=DIRECTION('',(0.,0.,1.));
#7725=DIRECTION('',(0.,1.,0.));
#7726=DIRECTION('',(0.,1.,0.));
#7727=DIRECTION('',(0.,0.,1.));
#7728=DIRECTION('',(2.71050543121376E-16,0.,-1.));
#7729=DIRECTION('',(-1.,0.,-2.71050543121376E-16));
#7730=DIRECTION('',(0.,1.,0.));
#7731=DIRECTION('',(-1.,0.,-2.71050543121376E-16));
#7732=DIRECTION('',(-1.,0.,1.82602471155453E-16));
#7733=DIRECTION('',(1.82602471155453E-16,0.,1.));
#7734=DIRECTION('',(0.,0.,1.));
#7735=DIRECTION('',(1.82602471155453E-16,0.,1.));
#7736=DIRECTION('',(0.,1.,0.));
#7737=DIRECTION('',(1.82602471155453E-16,0.,1.));
#7738=DIRECTION('',(-2.71050543121376E-16,0.,-1.));
#7739=DIRECTION('',(-1.,0.,2.71050543121376E-16));
#7740=DIRECTION('',(-1.,0.,2.71050543121376E-16));
#7741=DIRECTION('',(-1.,0.,2.71050543121376E-16));
#7742=DIRECTION('',(0.,1.,0.));
#7743=DIRECTION('',(0.,0.,1.));
#7744=DIRECTION('',(0.,1.,0.));
#7745=DIRECTION('',(0.,0.,1.));
#7746=DIRECTION('',(0.,1.,0.));
#7747=DIRECTION('',(0.,0.,1.));
#7748=DIRECTION('',(0.,1.,0.));
#7749=DIRECTION('',(0.,0.,1.));
#7750=DIRECTION('',(0.,1.,0.));
#7751=DIRECTION('',(0.,0.,1.));
#7752=DIRECTION('',(1.,0.,0.));
#7753=DIRECTION('',(0.215409655911161,0.976523773463931,0.));
#7754=DIRECTION('',(-0.976523773463931,0.215409655911161,0.));
#7755=DIRECTION('',(-0.976523773463931,0.215409655911161,0.));
#7756=DIRECTION('',(-0.976523773463931,0.215409655911161,0.));
#7757=DIRECTION('',(0.,0.,1.));
#7758=DIRECTION('',(1.,0.,0.));
#7759=DIRECTION('',(0.,0.,1.));
#7760=DIRECTION('',(1.,0.,0.));
#7761=DIRECTION('',(-0.215409655911161,0.976523773463931,0.));
#7762=DIRECTION('',(-0.976523773463931,-0.215409655911161,0.));
#7763=DIRECTION('',(-0.976523773463931,-0.215409655911161,0.));
#7764=DIRECTION('',(-0.976523773463931,-0.215409655911161,0.));
#7765=DIRECTION('',(0.,0.,-1.));
#7766=DIRECTION('',(-1.,0.,0.));
#7767=DIRECTION('',(0.,0.,-1.));
#7768=DIRECTION('',(-1.,0.,0.));
#7769=DIRECTION('',(-1.,0.,0.));
#7770=DIRECTION('',(0.,0.,1.));
#7771=DIRECTION('',(0.,-1.,0.));
#7772=DIRECTION('',(0.,0.,-1.));
#7773=DIRECTION('',(0.,-1.,0.));
#7774=DIRECTION('',(-0.131351992543885,0.,0.991335792784035));
#7775=DIRECTION('',(0.991335792784035,0.,0.131351992543885));
#7776=DIRECTION('',(0.,-1.,0.));
#7777=DIRECTION('',(-0.991335792784035,0.,-0.131351992543885));
#7778=DIRECTION('',(-0.448999766609313,0.,-0.893531873849379));
#7779=DIRECTION('',(-0.893531873849379,0.,0.448999766609313));
#7780=DIRECTION('',(0.,-1.,0.));
#7781=DIRECTION('',(0.893531873849379,0.,-0.448999766609313));
#7782=DIRECTION('',(-1.,0.,0.));
#7783=DIRECTION('',(0.,0.,1.));
#7784=DIRECTION('',(0.,-1.,0.));
#7785=DIRECTION('',(0.,0.,-1.));
#7786=DIRECTION('',(-0.448407623259109,0.,0.893829180214607));
#7787=DIRECTION('',(0.893829180214607,0.,0.448407623259109));
#7788=DIRECTION('',(0.,-1.,0.));
#7789=DIRECTION('',(-0.893829180214607,0.,-0.448407623259109));
#7790=DIRECTION('',(-0.131910648635162,0.,-0.991261610664234));
#7791=DIRECTION('',(-0.991261610664234,0.,0.131910648635162));
#7792=DIRECTION('',(0.,-1.,0.));
#7793=DIRECTION('',(0.991261610664234,0.,-0.131910648635162));
#7794=DIRECTION('',(-1.,0.,0.));
#7795=DIRECTION('',(0.,0.,1.));
#7796=DIRECTION('',(0.,-1.,0.));
#7797=DIRECTION('',(0.,0.,-1.));
#7798=DIRECTION('',(0.131656421426928,0.,0.991295408390988));
#7799=DIRECTION('',(0.991295408390988,0.,-0.131656421426928));
#7800=DIRECTION('',(0.,-1.,0.));
#7801=DIRECTION('',(-0.991295408390988,0.,0.131656421426928));
#7802=DIRECTION('',(1.,0.,0.));
#7803=DIRECTION('',(0.,0.,-1.));
#7804=DIRECTION('',(0.,-1.,0.));
#7805=DIRECTION('',(0.,0.,1.));
#7806=DIRECTION('',(0.448609500244122,0.,-0.893727875972725));
#7807=DIRECTION('',(-0.893727875972725,0.,-0.448609500244122));
#7808=DIRECTION('',(0.,-1.,0.));
#7809=DIRECTION('',(0.893727875972725,0.,0.448609500244122));
#7810=DIRECTION('',(0.44948027739213,0.,0.893290255312065));
#7811=DIRECTION('',(0.893290255312065,0.,-0.44948027739213));
#7812=DIRECTION('',(0.,-1.,0.));
#7813=DIRECTION('',(-0.893290255312065,0.,0.44948027739213));
#7814=DIRECTION('',(1.,0.,0.));
#7815=DIRECTION('',(0.,0.,-1.));
#7816=DIRECTION('',(0.,-1.,0.));
#7817=DIRECTION('',(0.,0.,1.));
#7818=DIRECTION('',(0.130875760050872,0.,-0.991398777198715));
#7819=DIRECTION('',(-0.991398777198715,0.,-0.130875760050872));
#7820=DIRECTION('',(0.991398777198715,0.,0.130875760050872));
#7821=DIRECTION('',(0.,-1.,0.));
#7822=DIRECTION('',(0.,0.,-1.));
#7823=DIRECTION('',(0.,-1.,0.));
#7824=DIRECTION('',(0.,-1.,0.));
#7825=DIRECTION('',(0.,-1.,0.));
#7826=DIRECTION('',(-0.341705644429415,0.,-0.939807029429488));
#7827=DIRECTION('',(0.,-1.,0.));
#7828=DIRECTION('',(0.,0.,-1.));
#7829=DIRECTION('',(0.,-1.,0.));
#7830=DIRECTION('',(0.,-1.,0.));
#7831=DIRECTION('',(1.,0.,0.));
#7832=DIRECTION('',(0.,0.,-1.));
#7833=DIRECTION('',(0.,-1.,0.));
#7834=DIRECTION('',(0.,0.,1.));
#7835=DIRECTION('',(0.,0.,-1.));
#7836=DIRECTION('',(-1.,0.,0.));
#7837=DIRECTION('',(0.,-1.,0.));
#7838=DIRECTION('',(1.,0.,0.));
#7839=DIRECTION('',(-1.,0.,0.));
#7840=DIRECTION('',(0.,0.,1.));
#7841=DIRECTION('',(0.,-1.,0.));
#7842=DIRECTION('',(0.,0.,-1.));
#7843=DIRECTION('',(0.,-1.,0.));
#7844=DIRECTION('',(0.,-1.,0.));
#7845=DIRECTION('',(0.,-1.,0.));
#7846=DIRECTION('',(0.,-1.,0.));
#7847=DIRECTION('',(-0.725753998329551,0.,0.687954310916553));
#7848=DIRECTION('',(0.687954310916553,0.,0.725753998329551));
#7849=DIRECTION('',(-0.687954310916553,0.,-0.725753998329551));
#7850=DIRECTION('',(-1.08399287085584E-11,1.,-4.89526530931045E-13));
#7851=DIRECTION('',(-1.,-1.08399287085584E-11,0.));
#7852=DIRECTION('',(-4.61516380189935E-12,1.,3.79597200632838E-13));
#7853=DIRECTION('',(-1.,-4.61516380189935E-12,0.));
#7854=DIRECTION('',(-0.825496364640035,0.,-0.56440743436465));
#7855=DIRECTION('',(0.,-1.,0.));
#7856=DIRECTION('',(0.,0.,-1.));
#7857=DIRECTION('',(0.825357146174,0.,0.564610999945546));
#7858=DIRECTION('',(0.570997298104572,0.,-0.820951938640307));
#7859=DIRECTION('',(-0.56440743436465,0.,0.825496364640035));
#7860=DIRECTION('',(0.825496364640035,0.,0.56440743436465));
#7861=DIRECTION('',(0.,-1.,0.));
#7862=DIRECTION('',(0.,-1.,0.));
#7863=DIRECTION('',(0.,-1.,0.));
#7864=DIRECTION('',(0.,-1.,0.));
#7865=DIRECTION('',(0.,-1.,0.));
#7866=DIRECTION('',(0.,-1.,0.));
#7867=DIRECTION('',(-0.997385194248869,0.,0.0722687642979093));
#7868=DIRECTION('',(0.,-1.,0.));
#7869=DIRECTION('',(0.564610999945546,0.,-0.825357146174));
#7870=DIRECTION('',(-0.825357146174001,0.,-0.564610999945546));
#7871=DIRECTION('',(0.,-1.,0.));
#7872=DIRECTION('',(-0.820951938640307,0.,-0.570997298104572));
#7873=DIRECTION('',(-0.570997298104572,0.,0.820951938640307));
#7874=DIRECTION('',(0.,-1.,0.));
#7875=DIRECTION('',(0.,-1.,0.));
#7876=DIRECTION('',(0.,-1.,0.));
#7877=DIRECTION('',(0.,-1.,0.));
#7878=DIRECTION('',(0.,1.,0.));
#7879=DIRECTION('',(0.,0.,1.));
#7880=DIRECTION('',(-5.54709920976693E-12,1.,4.93563390535527E-13));
#7881=DIRECTION('',(-1.,-5.54709920976693E-12,0.));
#7882=DIRECTION('',(-0.825496364640035,0.,-0.56440743436465));
#7883=DIRECTION('',(0.,-1.,0.));
#7884=DIRECTION('',(0.,0.,-1.));
#7885=DIRECTION('',(0.825357146174,0.,0.564610999945546));
#7886=DIRECTION('',(0.570997298104572,0.,-0.820951938640307));
#7887=DIRECTION('',(-0.56440743436465,0.,0.825496364640035));
#7888=DIRECTION('',(0.825496364640035,0.,0.56440743436465));
#7889=DIRECTION('',(0.,-1.,0.));
#7890=DIRECTION('',(0.,-1.,0.));
#7891=DIRECTION('',(0.,-1.,0.));
#7892=DIRECTION('',(0.,-1.,0.));
#7893=DIRECTION('',(0.,-1.,0.));
#7894=DIRECTION('',(0.,-1.,0.));
#7895=DIRECTION('',(-0.997385194248868,0.,0.0722687642979115));
#7896=DIRECTION('',(0.,-1.,0.));
#7897=DIRECTION('',(0.564610999945546,0.,-0.825357146174));
#7898=DIRECTION('',(-0.825357146174,0.,-0.564610999945546));
#7899=DIRECTION('',(0.,-1.,0.));
#7900=DIRECTION('',(-0.820951938640307,0.,-0.570997298104572));
#7901=DIRECTION('',(-0.570997298104572,0.,0.820951938640307));
#7902=DIRECTION('',(0.,-1.,0.));
#7903=DIRECTION('',(0.,-1.,0.));
#7904=DIRECTION('',(0.,-1.,0.));
#7905=DIRECTION('',(0.,-1.,0.));
#7906=DIRECTION('',(0.,1.,0.));
#7907=DIRECTION('',(0.,0.,1.));
#7908=DIRECTION('',(0.,1.,0.));
#7909=DIRECTION('',(0.,0.,1.));
#7910=DIRECTION('',(0.836878996160949,0.,0.547387929885783));
#7911=DIRECTION('',(0.,-1.,0.));
#7912=DIRECTION('',(0.,0.,-1.));
#7913=DIRECTION('',(-0.836933063027772,0.,-0.547305260353809));
#7914=DIRECTION('',(-0.617720878793951,0.,0.786397428722926));
#7915=DIRECTION('',(0.547387929885783,0.,-0.836878996160949));
#7916=DIRECTION('',(-0.836878996160949,0.,-0.547387929885783));
#7917=DIRECTION('',(0.,-1.,0.));
#7918=DIRECTION('',(0.,-1.,0.));
#7919=DIRECTION('',(0.,-1.,0.));
#7920=DIRECTION('',(0.,-1.,0.));
#7921=DIRECTION('',(0.,-1.,0.));
#7922=DIRECTION('',(0.,-1.,0.));
#7923=DIRECTION('',(0.995702617984914,0.,-0.0926082962697661));
#7924=DIRECTION('',(0.,-1.,0.));
#7925=DIRECTION('',(-0.547305260353809,0.,0.836933063027772));
#7926=DIRECTION('',(0.836933063027772,0.,0.547305260353809));
#7927=DIRECTION('',(0.,-1.,0.));
#7928=DIRECTION('',(0.786397428722926,0.,0.617720878793951));
#7929=DIRECTION('',(0.617720878793951,0.,-0.786397428722926));
#7930=DIRECTION('',(0.,-1.,0.));
#7931=DIRECTION('',(0.,-1.,0.));
#7932=DIRECTION('',(0.,-1.,0.));
#7933=DIRECTION('',(0.,-1.,0.));
#7934=DIRECTION('',(0.,1.,0.));
#7935=DIRECTION('',(0.,0.,1.));
#7936=DIRECTION('',(-9.26959633896014E-12,1.,-3.08554660732767E-14));
#7937=DIRECTION('',(-1.,-9.26959633896014E-12,0.));
#7938=DIRECTION('',(1.,0.,0.));
#7939=DIRECTION('',(0.,0.,-1.));
#7940=DIRECTION('',(-1.,0.,0.));
#7941=DIRECTION('',(0.,0.,-1.));
#7942=DIRECTION('',(0.782390450976027,0.,-0.622788232243938));
#7943=DIRECTION('',(0.,0.,-1.));
#7944=DIRECTION('',(-0.782390450976026,0.,0.622788232243939));
#7945=DIRECTION('',(0.,0.,1.));
#7946=DIRECTION('',(-1.,0.,0.));
#7947=DIRECTION('',(0.,0.,-1.));
#7948=DIRECTION('',(-0.00765841872775506,0.,0.999970673881285));
#7949=DIRECTION('',(0.,0.,-1.));
#7950=DIRECTION('',(-1.,0.,0.));
#7951=DIRECTION('',(0.,-1.,0.));
#7952=DIRECTION('',(0.,-1.,0.));
#7953=DIRECTION('',(-1.,0.,0.));
#7954=DIRECTION('',(0.,0.,1.));
#7955=DIRECTION('',(0.,-1.,0.));
#7956=DIRECTION('',(0.,0.,1.));
#7957=DIRECTION('',(1.,0.,0.));
#7958=DIRECTION('',(0.,-1.,0.));
#7959=DIRECTION('',(-1.,0.,0.));
#7960=DIRECTION('',(0.,0.,1.));
#7961=DIRECTION('',(0.,-1.,0.));
#7962=DIRECTION('',(-0.622788232243938,0.,-0.782390450976027));
#7963=DIRECTION('',(-0.782390450976027,0.,0.622788232243938));
#7964=DIRECTION('',(0.,-1.,0.));
#7965=DIRECTION('',(-1.,0.,0.));
#7966=DIRECTION('',(0.,0.,1.));
#7967=DIRECTION('',(0.,-1.,0.));
#7968=DIRECTION('',(0.622788232243939,0.,0.782390450976026));
#7969=DIRECTION('',(0.782390450976026,0.,-0.622788232243939));
#7970=DIRECTION('',(0.,-1.,0.));
#7971=DIRECTION('',(0.,-1.,0.));
#7972=DIRECTION('',(0.,-1.,0.));
#7973=DIRECTION('',(0.,-1.,0.));
#7974=DIRECTION('',(1.,0.,0.));
#7975=DIRECTION('',(0.,0.,-1.));
#7976=DIRECTION('',(-1.,0.,0.));
#7977=DIRECTION('',(0.,0.,1.));
#7978=DIRECTION('',(0.,0.,-1.));
#7979=DIRECTION('',(0.,-1.,0.));
#7980=DIRECTION('',(0.,-1.,0.));
#7981=DIRECTION('',(0.,0.,1.));
#7982=DIRECTION('',(1.,0.,0.));
#7983=DIRECTION('',(-1.,0.,0.));
#7984=DIRECTION('',(0.,-1.,0.));
#7985=DIRECTION('',(0.999970673881285,0.,0.00765841872775506));
#7986=DIRECTION('',(0.00765841872775506,0.,-0.999970673881285));
#7987=DIRECTION('',(-0.00765841872775506,0.,0.999970673881285));
#7988=DIRECTION('',(0.,-1.,0.));
#7989=DIRECTION('',(0.,-1.,0.));
#7990=DIRECTION('',(0.,1.,0.));
#7991=DIRECTION('',(0.,0.,1.));
#7992=DIRECTION('',(0.,1.,0.));
#7993=DIRECTION('',(0.,0.,1.));
#7994=DIRECTION('',(0.,-1.,0.));
#7995=DIRECTION('',(0.,0.,-1.));
#7996=DIRECTION('',(0.,1.,0.));
#7997=DIRECTION('',(0.,0.,1.));
#7998=DIRECTION('',(0.,-1.,0.));
#7999=DIRECTION('',(0.,0.,-1.));
#8000=DIRECTION('',(1.,-2.32384043700571E-16,-5.21230786135424E-32));
#8001=DIRECTION('',(0.,2.24297149595622E-16,-1.));
#8002=DIRECTION('',(0.509508495692221,4.71557386989518E-16,-0.860465625587362));
#8003=DIRECTION('',(9.90645534243472E-17,1.,6.06685035471156E-16));
#8004=CARTESIAN_POINT('',(0.,0.,0.));
#8005=CARTESIAN_POINT('',(0.,0.,0.01));
#8006=CARTESIAN_POINT('',(0.07,-0.025,0.01));
#8007=CARTESIAN_POINT('',(0.07,-0.025,0.01));
#8008=CARTESIAN_POINT('',(0.07,0.025,0.01));
#8009=CARTESIAN_POINT('',(-0.07,0.025,0.01));
#8010=CARTESIAN_POINT('',(-0.07,0.025,0.01));
#8011=CARTESIAN_POINT('',(-0.07,-0.025,0.01));
#8012=CARTESIAN_POINT('',(-0.07,-0.025,0.01));
#8013=CARTESIAN_POINT('',(-0.07,-0.025,0.01));
#8014=CARTESIAN_POINT('',(-0.01,0.015,0.01));
#8015=CARTESIAN_POINT('',(-0.008,0.015,0.01));
#8016=CARTESIAN_POINT('',(0.01,0.015,0.01));
#8017=CARTESIAN_POINT('',(0.008,0.015,0.01));
#8018=CARTESIAN_POINT('',(0.,0.,0.));
#8019=CARTESIAN_POINT('',(-0.01,0.015,0.));
#8020=CARTESIAN_POINT('',(-0.008,0.015,0.));
#8021=CARTESIAN_POINT('',(0.07,-0.025,0.));
#8022=CARTESIAN_POINT('',(0.07,-0.025,0.));
#8023=CARTESIAN_POINT('',(0.07,0.025,0.));
#8024=CARTESIAN_POINT('',(-0.07,-0.025,0.));
#8025=CARTESIAN_POINT('',(-0.07,-0.025,0.));
#8026=CARTESIAN_POINT('',(-0.07,-0.025,0.));
#8027=CARTESIAN_POINT('',(-0.07,0.025,0.));
#8028=CARTESIAN_POINT('',(-0.07,0.025,0.));
#8029=CARTESIAN_POINT('',(0.01,0.015,0.));
#8030=CARTESIAN_POINT('',(0.008,0.015,0.));
#8031=CARTESIAN_POINT('',(0.07,-0.025,0.01));
#8032=CARTESIAN_POINT('',(0.07,0.,0.005));
#8033=CARTESIAN_POINT('',(0.07,0.,0.0025));
#8034=CARTESIAN_POINT('',(0.07,0.025,0.01));
#8035=CARTESIAN_POINT('',(0.07,-0.025,0.01));
#8036=CARTESIAN_POINT('',(-0.07,0.025,0.01));
#8037=CARTESIAN_POINT('',(-0.07,0.025,0.01));
#8038=CARTESIAN_POINT('',(-0.07,-0.025,0.01));
#8039=CARTESIAN_POINT('',(-0.07,0.,0.005));
#8040=CARTESIAN_POINT('',(-0.07,0.,0.0025));
#8041=CARTESIAN_POINT('',(-0.07,-0.025,0.01));
#8042=CARTESIAN_POINT('',(-0.07,-0.025,0.01));
#8043=CARTESIAN_POINT('',(-0.01,0.015,0.01));
#8044=CARTESIAN_POINT('',(0.01,0.015,0.01));
#8045=CARTESIAN_POINT('',(-0.083,0.,0.005));
#8046=CARTESIAN_POINT('',(0.111778281198163,0.144869330154612,0.143555614137907));
#8047=CARTESIAN_POINT('',(0.,0.008,0.));
#8048=CARTESIAN_POINT('',(0.01,0.008,0.017));
#8049=CARTESIAN_POINT('',(0.01,0.008,0.015));
#8050=CARTESIAN_POINT('',(-0.01,0.008,0.017));
#8051=CARTESIAN_POINT('',(-0.01,0.008,0.019));
#8052=CARTESIAN_POINT('',(-0.004,0.008,-0.015));
#8053=CARTESIAN_POINT('',(-0.004,0.008,-0.025));
#8054=CARTESIAN_POINT('',(-0.004,0.008,-0.015));
#8055=CARTESIAN_POINT('',(-0.02,0.008,-0.025));
#8056=CARTESIAN_POINT('',(-0.02,0.008,-0.025));
#8057=CARTESIAN_POINT('',(-0.02,0.008,0.025));
#8058=CARTESIAN_POINT('',(-0.02,0.008,0.025));
#8059=CARTESIAN_POINT('',(-0.02,0.008,0.025));
#8060=CARTESIAN_POINT('',(0.02,0.008,0.025));
#8061=CARTESIAN_POINT('',(0.02,0.008,0.025));
#8062=CARTESIAN_POINT('',(0.02,0.008,-0.025));
#8063=CARTESIAN_POINT('',(-0.02,0.008,-0.025));
#8064=CARTESIAN_POINT('',(0.004,0.008,-0.025));
#8065=CARTESIAN_POINT('',(0.004,0.008,-0.025));
#8066=CARTESIAN_POINT('',(0.004,0.008,-0.015));
#8067=CARTESIAN_POINT('',(0.004,0.008,-0.015));
#8068=CARTESIAN_POINT('',(0.014,0.008,-0.015));
#8069=CARTESIAN_POINT('',(0.014,0.008,-0.015));
#8070=CARTESIAN_POINT('',(0.014,0.008,-0.007));
#8071=CARTESIAN_POINT('',(0.014,0.008,-0.007));
#8072=CARTESIAN_POINT('',(0.004,0.008,-0.007));
#8073=CARTESIAN_POINT('',(0.004,0.008,-0.007));
#8074=CARTESIAN_POINT('',(0.004,0.008,0.003));
#8075=CARTESIAN_POINT('',(0.004,0.008,0.003));
#8076=CARTESIAN_POINT('',(-0.004,0.008,0.003));
#8077=CARTESIAN_POINT('',(-0.004,0.008,0.003));
#8078=CARTESIAN_POINT('',(-0.004,0.008,-0.007));
#8079=CARTESIAN_POINT('',(-0.004,0.008,-0.007));
#8080=CARTESIAN_POINT('',(-0.014,0.008,-0.007));
#8081=CARTESIAN_POINT('',(-0.014,0.008,-0.007));
#8082=CARTESIAN_POINT('',(-0.014,0.008,-0.015));
#8083=CARTESIAN_POINT('',(-0.014,0.008,-0.015));
#8084=CARTESIAN_POINT('',(0.,0.,0.));
#8085=CARTESIAN_POINT('',(-0.01,0.,0.017));
#8086=CARTESIAN_POINT('',(-0.01,0.,0.019));
#8087=CARTESIAN_POINT('',(0.02,0.,0.025));
#8088=CARTESIAN_POINT('',(0.02,0.,0.025));
#8089=CARTESIAN_POINT('',(0.02,0.,-0.025));
#8090=CARTESIAN_POINT('',(-0.02,0.,0.025));
#8091=CARTESIAN_POINT('',(-0.02,0.,0.025));
#8092=CARTESIAN_POINT('',(-0.02,0.,0.025));
#8093=CARTESIAN_POINT('',(-0.02,0.,-0.025));
#8094=CARTESIAN_POINT('',(-0.02,0.,-0.025));
#8095=CARTESIAN_POINT('',(0.01,0.,0.017));
#8096=CARTESIAN_POINT('',(0.01,0.,0.015));
#8097=CARTESIAN_POINT('',(0.02,0.008,0.025));
#8098=CARTESIAN_POINT('',(0.02,0.008,-0.025));
#8099=CARTESIAN_POINT('',(0.02,0.008,0.025));
#8100=CARTESIAN_POINT('',(-0.02,0.008,-0.025));
#8101=CARTESIAN_POINT('',(-0.02,0.008,-0.025));
#8102=CARTESIAN_POINT('',(-0.004,0.033,-0.025));
#8103=CARTESIAN_POINT('',(-0.004,0.033,-0.025));
#8104=CARTESIAN_POINT('',(-0.004,0.033,-0.025));
#8105=CARTESIAN_POINT('',(0.004,0.033,-0.025));
#8106=CARTESIAN_POINT('',(0.004,0.033,-0.025));
#8107=CARTESIAN_POINT('',(-0.02,0.008,0.025));
#8108=CARTESIAN_POINT('',(-0.02,0.008,0.025));
#8109=CARTESIAN_POINT('',(-0.02,0.008,0.025));
#8110=CARTESIAN_POINT('',(-0.01,0.008,0.017));
#8111=CARTESIAN_POINT('',(0.01,0.008,0.017));
#8112=CARTESIAN_POINT('',(0.004,0.033,-0.015));
#8113=CARTESIAN_POINT('',(0.004,0.033,-0.015));
#8114=CARTESIAN_POINT('',(0.004,0.033,-0.015));
#8115=CARTESIAN_POINT('',(0.004,0.033,-0.015));
#8116=CARTESIAN_POINT('',(0.014,0.033,-0.015));
#8117=CARTESIAN_POINT('',(0.014,0.033,-0.015));
#8118=CARTESIAN_POINT('',(0.004,0.033,-0.025));
#8119=CARTESIAN_POINT('',(0.004,0.033,-0.025));
#8120=CARTESIAN_POINT('',(-0.004,0.033,-0.015));
#8121=CARTESIAN_POINT('',(-0.004,0.033,-0.015));
#8122=CARTESIAN_POINT('',(-0.004,0.033,-0.015));
#8123=CARTESIAN_POINT('',(-0.004,0.033,-0.015));
#8124=CARTESIAN_POINT('',(-0.014,0.033,-0.015));
#8125=CARTESIAN_POINT('',(-0.014,0.033,-0.015));
#8126=CARTESIAN_POINT('',(-0.014,0.033,-0.015));
#8127=CARTESIAN_POINT('',(-0.014,0.033,-0.015));
#8128=CARTESIAN_POINT('',(-0.014,0.033,-0.007));
#8129=CARTESIAN_POINT('',(-0.014,0.033,-0.007));
#8130=CARTESIAN_POINT('',(-0.014,0.033,-0.007));
#8131=CARTESIAN_POINT('',(-0.014,0.033,-0.007));
#8132=CARTESIAN_POINT('',(-0.004,0.033,-0.007));
#8133=CARTESIAN_POINT('',(-0.004,0.033,-0.007));
#8134=CARTESIAN_POINT('',(-0.004,0.033,-0.007));
#8135=CARTESIAN_POINT('',(-0.004,0.033,-0.007));
#8136=CARTESIAN_POINT('',(-0.004,0.033,0.003));
#8137=CARTESIAN_POINT('',(-0.004,0.033,0.003));
#8138=CARTESIAN_POINT('',(-0.004,0.033,0.003));
#8139=CARTESIAN_POINT('',(-0.004,0.033,0.003));
#8140=CARTESIAN_POINT('',(0.004,0.033,0.003));
#8141=CARTESIAN_POINT('',(0.004,0.033,0.003));
#8142=CARTESIAN_POINT('',(0.004,0.033,0.003));
#8143=CARTESIAN_POINT('',(0.004,0.033,0.003));
#8144=CARTESIAN_POINT('',(0.004,0.033,-0.007));
#8145=CARTESIAN_POINT('',(0.004,0.033,-0.007));
#8146=CARTESIAN_POINT('',(0.004,0.033,-0.007));
#8147=CARTESIAN_POINT('',(0.004,0.033,-0.007));
#8148=CARTESIAN_POINT('',(0.014,0.033,-0.007));
#8149=CARTESIAN_POINT('',(0.014,0.033,-0.007));
#8150=CARTESIAN_POINT('',(0.014,0.033,-0.007));
#8151=CARTESIAN_POINT('',(0.014,0.033,-0.007));
#8152=CARTESIAN_POINT('',(0.014,0.033,-0.015));
#8153=CARTESIAN_POINT('',(0.014,0.033,-0.015));
#8154=CARTESIAN_POINT('',(0.,0.033,0.));
#8155=CARTESIAN_POINT('',(0.130245426927404,0.150725823061216,0.112368020138727));
#8156=CARTESIAN_POINT('',(0.00502767726414761,0.0023,-0.000799360567392308));
#8157=CARTESIAN_POINT('',(0.00502767726414761,0.0023,-0.000799360567392308));
#8158=CARTESIAN_POINT('',(0.00246898863826769,0.0023,-0.0168925494925549));
#8159=CARTESIAN_POINT('',(0.00444763132459011,0.0023,-0.00444763132459009));
#8160=CARTESIAN_POINT('',(0.00444763132459011,0.0023,-0.00444763132459009));
#8161=CARTESIAN_POINT('',(0.00444763132459011,0.,-0.00444763132459009));
#8162=CARTESIAN_POINT('',(0.00502767726414761,0.,-0.000799360567392308));
#8163=CARTESIAN_POINT('',(0.00246898863826769,0.,-0.0168925494925549));
#8164=CARTESIAN_POINT('',(0.00246898863826769,0.0023,-0.0168925494925549));
#8165=CARTESIAN_POINT('',(0.,0.0023,0.));
#8166=CARTESIAN_POINT('',(0.,0.0023,0.));
#8167=CARTESIAN_POINT('',(0.,0.0023,0.0015));
#8168=CARTESIAN_POINT('',(0.,0.0023,0.));
#8169=CARTESIAN_POINT('',(0.,0.0023,0.003));
#8170=CARTESIAN_POINT('',(0.,0.0023,0.));
#8171=CARTESIAN_POINT('',(0.000799360567392327,0.0023,-0.0050276772641476));
#8172=CARTESIAN_POINT('',(0.0168925494925549,0.0023,-0.00246898863826762));
#8173=CARTESIAN_POINT('',(2.02066721859313E-18,0.0023,-0.0165));
#8174=CARTESIAN_POINT('',(-0.00246898863826768,0.0023,-0.0168925494925549));
#8175=CARTESIAN_POINT('',(-0.00502767726414761,0.0023,-0.000799360567392309));
#8176=CARTESIAN_POINT('',(-0.0044476313245901,0.0023,-0.00444763132459014));
#8177=CARTESIAN_POINT('',(-0.000799360567392255,0.0023,-0.00502767726414762));
#8178=CARTESIAN_POINT('',(-0.0168925494925548,0.0023,-0.00246898863826786));
#8179=CARTESIAN_POINT('',(-0.0165,0.0023,-1.74848993491328E-16));
#8180=CARTESIAN_POINT('',(-0.0168925494925549,0.0023,0.00246898863826751));
#8181=CARTESIAN_POINT('',(-0.000799360567392362,0.0023,0.0050276772641476));
#8182=CARTESIAN_POINT('',(-0.00444763132459011,0.0023,0.00444763132459006));
#8183=CARTESIAN_POINT('',(-0.00502767726414761,0.0023,0.000799360567392308));
#8184=CARTESIAN_POINT('',(-0.00246898863826769,0.0023,0.0168925494925549));
#8185=CARTESIAN_POINT('',(-2.02066721859313E-18,0.0023,0.0165));
#8186=CARTESIAN_POINT('',(0.00246898863826768,0.0023,0.0168925494925549));
#8187=CARTESIAN_POINT('',(0.00502767726414761,0.0023,0.000799360567392309));
#8188=CARTESIAN_POINT('',(0.0044476313245901,0.0023,0.00444763132459012));
#8189=CARTESIAN_POINT('',(0.00079936056739229,0.0023,0.00502767726414761));
#8190=CARTESIAN_POINT('',(0.0168925494925549,0.0023,0.00246898863826775));
#8191=CARTESIAN_POINT('',(0.0165,0.0023,5.96301093095048E-17));
#8192=CARTESIAN_POINT('',(0.016,0.0023,5.78231363001259E-17));
#8193=CARTESIAN_POINT('',(0.01675,0.0023,6.04417473042583E-17));
#8194=CARTESIAN_POINT('',(0.013,0.0023,4.69812982438523E-17));
#8195=CARTESIAN_POINT('',(0.01375,0.0023,4.95999092479846E-17));
#8196=CARTESIAN_POINT('',(0.01,0.0023,3.61394601875787E-17));
#8197=CARTESIAN_POINT('',(0.01075,0.0023,3.8758071191711E-17));
#8198=CARTESIAN_POINT('',(0.007,0.0023,2.52976221313051E-17));
#8199=CARTESIAN_POINT('',(0.00775,0.0023,2.79162331354374E-17));
#8200=CARTESIAN_POINT('',(-1.95943487863577E-18,0.0023,0.016));
#8201=CARTESIAN_POINT('',(-1.95943487863577E-18,0.0023,0.01675));
#8202=CARTESIAN_POINT('',(-1.59204083889156E-18,0.0023,0.013));
#8203=CARTESIAN_POINT('',(-1.59204083889156E-18,0.0023,0.01375));
#8204=CARTESIAN_POINT('',(-1.22464679914735E-18,0.0023,0.01));
#8205=CARTESIAN_POINT('',(-1.22464679914735E-18,0.0023,0.01075));
#8206=CARTESIAN_POINT('',(-8.57252759403147E-19,0.0023,0.007));
#8207=CARTESIAN_POINT('',(-8.57252759403147E-19,0.0023,0.00775));
#8208=CARTESIAN_POINT('',(-0.007,0.0023,-7.41783608751089E-17));
#8209=CARTESIAN_POINT('',(-0.00775,0.0023,-8.20341938875059E-17));
#8210=CARTESIAN_POINT('',(-0.01,0.0023,-1.05969086964441E-16));
#8211=CARTESIAN_POINT('',(-0.01075,0.0023,-1.13824919976838E-16));
#8212=CARTESIAN_POINT('',(-0.013,0.0023,-1.37759813053774E-16));
#8213=CARTESIAN_POINT('',(-0.01375,0.0023,-1.45615646066171E-16));
#8214=CARTESIAN_POINT('',(-0.016,0.0023,-1.69550539143106E-16));
#8215=CARTESIAN_POINT('',(-0.01675,0.0023,-1.77406372155503E-16));
#8216=CARTESIAN_POINT('',(0.,0.0023,0.));
#8217=CARTESIAN_POINT('',(0.,0.0023,0.0044));
#8218=CARTESIAN_POINT('',(8.57252759403147E-19,0.0023,-0.007));
#8219=CARTESIAN_POINT('',(8.57252759403147E-19,0.0023,-0.00775));
#8220=CARTESIAN_POINT('',(1.22464679914735E-18,0.0023,-0.01));
#8221=CARTESIAN_POINT('',(1.22464679914735E-18,0.0023,-0.01075));
#8222=CARTESIAN_POINT('',(1.59204083889156E-18,0.0023,-0.013));
#8223=CARTESIAN_POINT('',(1.59204083889156E-18,0.0023,-0.01375));
#8224=CARTESIAN_POINT('',(1.95943487863577E-18,0.0023,-0.016));
#8225=CARTESIAN_POINT('',(1.95943487863577E-18,0.0023,-0.01675));
#8226=CARTESIAN_POINT('',(0.,0.,0.));
#8227=CARTESIAN_POINT('',(0.000799360567392327,0.,-0.0050276772641476));
#8228=CARTESIAN_POINT('',(0.0168925494925549,0.,-0.00246898863826762));
#8229=CARTESIAN_POINT('',(0.0165,0.,5.96301093095048E-17));
#8230=CARTESIAN_POINT('',(0.0168925494925549,0.,0.00246898863826775));
#8231=CARTESIAN_POINT('',(0.00079936056739229,0.,0.00502767726414761));
#8232=CARTESIAN_POINT('',(0.0044476313245901,0.,0.00444763132459012));
#8233=CARTESIAN_POINT('',(0.00502767726414761,0.,0.000799360567392309));
#8234=CARTESIAN_POINT('',(0.00246898863826768,0.,0.0168925494925549));
#8235=CARTESIAN_POINT('',(-2.02066721859313E-18,0.,0.0165));
#8236=CARTESIAN_POINT('',(-0.00246898863826769,0.,0.0168925494925549));
#8237=CARTESIAN_POINT('',(-0.00502767726414761,0.,0.000799360567392308));
#8238=CARTESIAN_POINT('',(-0.00444763132459011,0.,0.00444763132459006));
#8239=CARTESIAN_POINT('',(-0.000799360567392362,0.,0.0050276772641476));
#8240=CARTESIAN_POINT('',(-0.0168925494925549,0.,0.00246898863826751));
#8241=CARTESIAN_POINT('',(-0.0165,0.,-1.74848993491328E-16));
#8242=CARTESIAN_POINT('',(-0.0168925494925548,0.,-0.00246898863826786));
#8243=CARTESIAN_POINT('',(-0.000799360567392255,0.,-0.00502767726414762));
#8244=CARTESIAN_POINT('',(-0.0044476313245901,0.,-0.00444763132459014));
#8245=CARTESIAN_POINT('',(-0.00502767726414761,0.,-0.000799360567392309));
#8246=CARTESIAN_POINT('',(-0.00246898863826768,0.,-0.0168925494925549));
#8247=CARTESIAN_POINT('',(2.02066721859313E-18,0.,-0.0165));
#8248=CARTESIAN_POINT('',(-0.016,0.,-1.69550539143106E-16));
#8249=CARTESIAN_POINT('',(-0.01675,0.,-1.77406372155503E-16));
#8250=CARTESIAN_POINT('',(-0.013,0.,-1.37759813053774E-16));
#8251=CARTESIAN_POINT('',(-0.01375,0.,-1.45615646066171E-16));
#8252=CARTESIAN_POINT('',(-0.01,0.,-1.05969086964441E-16));
#8253=CARTESIAN_POINT('',(-0.01075,0.,-1.13824919976838E-16));
#8254=CARTESIAN_POINT('',(-0.007,0.,-7.41783608751089E-17));
#8255=CARTESIAN_POINT('',(-0.00775,0.,-8.20341938875059E-17));
#8256=CARTESIAN_POINT('',(-1.95943487863577E-18,0.,0.016));
#8257=CARTESIAN_POINT('',(-1.95943487863577E-18,0.,0.01675));
#8258=CARTESIAN_POINT('',(-1.59204083889156E-18,0.,0.013));
#8259=CARTESIAN_POINT('',(-1.59204083889156E-18,0.,0.01375));
#8260=CARTESIAN_POINT('',(-1.22464679914735E-18,0.,0.01));
#8261=CARTESIAN_POINT('',(-1.22464679914735E-18,0.,0.01075));
#8262=CARTESIAN_POINT('',(-8.57252759403147E-19,0.,0.007));
#8263=CARTESIAN_POINT('',(-8.57252759403147E-19,0.,0.00775));
#8264=CARTESIAN_POINT('',(0.016,0.,5.78231363001259E-17));
#8265=CARTESIAN_POINT('',(0.01675,0.,6.04417473042583E-17));
#8266=CARTESIAN_POINT('',(0.013,0.,4.69812982438523E-17));
#8267=CARTESIAN_POINT('',(0.01375,0.,4.95999092479846E-17));
#8268=CARTESIAN_POINT('',(0.01,0.,3.61394601875787E-17));
#8269=CARTESIAN_POINT('',(0.01075,0.,3.8758071191711E-17));
#8270=CARTESIAN_POINT('',(0.007,0.,2.52976221313051E-17));
#8271=CARTESIAN_POINT('',(0.00775,0.,2.79162331354374E-17));
#8272=CARTESIAN_POINT('',(0.,0.,0.));
#8273=CARTESIAN_POINT('',(0.,0.,0.0015));
#8274=CARTESIAN_POINT('',(8.57252759403147E-19,0.,-0.007));
#8275=CARTESIAN_POINT('',(8.57252759403147E-19,0.,-0.00775));
#8276=CARTESIAN_POINT('',(1.22464679914735E-18,0.,-0.01));
#8277=CARTESIAN_POINT('',(1.22464679914735E-18,0.,-0.01075));
#8278=CARTESIAN_POINT('',(1.59204083889156E-18,0.,-0.013));
#8279=CARTESIAN_POINT('',(1.59204083889156E-18,0.,-0.01375));
#8280=CARTESIAN_POINT('',(1.95943487863577E-18,0.,-0.016));
#8281=CARTESIAN_POINT('',(1.95943487863577E-18,0.,-0.01675));
#8282=CARTESIAN_POINT('',(0.,0.0023,0.));
#8283=CARTESIAN_POINT('',(0.,0.0055,0.));
#8284=CARTESIAN_POINT('',(0.,0.0055,0.));
#8285=CARTESIAN_POINT('',(0.,0.0055,0.0044));
#8286=CARTESIAN_POINT('',(0.,0.0055,0.));
#8287=CARTESIAN_POINT('',(0.,0.0055,0.003));
#8288=CARTESIAN_POINT('',(0.,0.0055,0.));
#8289=CARTESIAN_POINT('',(0.,0.0055,0.));
#8290=CARTESIAN_POINT('',(2.02066721859313E-18,0.0023,-0.0165));
#8291=CARTESIAN_POINT('',(-0.00246898863826768,0.0023,-0.0168925494925549));
#8292=CARTESIAN_POINT('',(1.95943487863577E-18,0.0023,-0.016));
#8293=CARTESIAN_POINT('',(1.59204083889156E-18,0.0023,-0.013));
#8294=CARTESIAN_POINT('',(1.22464679914735E-18,0.0023,-0.01));
#8295=CARTESIAN_POINT('',(8.57252759403147E-19,0.0023,-0.007));
#8296=CARTESIAN_POINT('',(-0.00502767726414761,0.0023,-0.000799360567392309));
#8297=CARTESIAN_POINT('',(-0.0044476313245901,0.0023,-0.00444763132459014));
#8298=CARTESIAN_POINT('',(-0.000799360567392255,0.0023,-0.00502767726414762));
#8299=CARTESIAN_POINT('',(-0.0168925494925548,0.0023,-0.00246898863826786));
#8300=CARTESIAN_POINT('',(0.00079936056739229,0.0023,0.00502767726414761));
#8301=CARTESIAN_POINT('',(0.0044476313245901,0.0023,0.00444763132459012));
#8302=CARTESIAN_POINT('',(0.0168925494925549,0.0023,0.00246898863826775));
#8303=CARTESIAN_POINT('',(0.0165,0.0023,5.96301093095048E-17));
#8304=CARTESIAN_POINT('',(0.0168925494925549,0.0023,-0.00246898863826762));
#8305=CARTESIAN_POINT('',(0.016,0.0023,5.78231363001259E-17));
#8306=CARTESIAN_POINT('',(0.013,0.0023,4.69812982438523E-17));
#8307=CARTESIAN_POINT('',(0.01,0.0023,3.61394601875787E-17));
#8308=CARTESIAN_POINT('',(0.007,0.0023,2.52976221313051E-17));
#8309=CARTESIAN_POINT('',(0.000799360567392327,0.0023,-0.0050276772641476));
#8310=CARTESIAN_POINT('',(-0.00502767726414761,0.0023,0.000799360567392308));
#8311=CARTESIAN_POINT('',(-0.00444763132459011,0.0023,0.00444763132459006));
#8312=CARTESIAN_POINT('',(-0.00246898863826769,0.0023,0.0168925494925549));
#8313=CARTESIAN_POINT('',(-2.02066721859313E-18,0.0023,0.0165));
#8314=CARTESIAN_POINT('',(0.00246898863826768,0.0023,0.0168925494925549));
#8315=CARTESIAN_POINT('',(-1.95943487863577E-18,0.0023,0.016));
#8316=CARTESIAN_POINT('',(-1.59204083889156E-18,0.0023,0.013));
#8317=CARTESIAN_POINT('',(-1.22464679914735E-18,0.0023,0.01));
#8318=CARTESIAN_POINT('',(-8.57252759403147E-19,0.0023,0.007));
#8319=CARTESIAN_POINT('',(0.00502767726414761,0.0023,0.000799360567392309));
#8320=CARTESIAN_POINT('',(-0.0165,0.0023,-1.74848993491328E-16));
#8321=CARTESIAN_POINT('',(-0.0168925494925549,0.0023,0.00246898863826751));
#8322=CARTESIAN_POINT('',(-0.016,0.0023,-1.69550539143106E-16));
#8323=CARTESIAN_POINT('',(-0.013,0.0023,-1.37759813053774E-16));
#8324=CARTESIAN_POINT('',(-0.01,0.0023,-1.05969086964441E-16));
#8325=CARTESIAN_POINT('',(-0.007,0.0023,-7.41783608751089E-17));
#8326=CARTESIAN_POINT('',(-0.000799360567392362,0.0023,0.0050276772641476));
#8327=CARTESIAN_POINT('',(0.113365426879294,0.0809582627408086,0.140875218594046));
#8328=CARTESIAN_POINT('',(0.,0.,0.));
#8329=CARTESIAN_POINT('',(0.02,0.,-0.03));
#8330=CARTESIAN_POINT('',(0.02,0.,-0.03));
#8331=CARTESIAN_POINT('',(0.04,0.,-0.03));
#8332=CARTESIAN_POINT('',(0.04,0.,-0.03));
#8333=CARTESIAN_POINT('',(0.04,0.,-0.07));
#8334=CARTESIAN_POINT('',(0.02,0.,-0.07));
#8335=CARTESIAN_POINT('',(0.02,0.,-0.07));
#8336=CARTESIAN_POINT('',(0.02,0.,-0.03));
#8337=CARTESIAN_POINT('',(-0.125,0.,0.15));
#8338=CARTESIAN_POINT('',(-0.115,0.,0.15));
#8339=CARTESIAN_POINT('',(0.115,0.,0.15));
#8340=CARTESIAN_POINT('',(-0.115,0.,0.15));
#8341=CARTESIAN_POINT('',(-0.115,0.,-0.15));
#8342=CARTESIAN_POINT('',(-0.125,0.,-0.15));
#8343=CARTESIAN_POINT('',(0.115,0.,-0.15));
#8344=CARTESIAN_POINT('',(0.115,0.,0.15));
#8345=CARTESIAN_POINT('',(0.,0.01,0.));
#8346=CARTESIAN_POINT('',(0.125,0.01,0.15));
#8347=CARTESIAN_POINT('',(0.125,0.01,0.15));
#8348=CARTESIAN_POINT('',(0.125,0.01,-0.15));
#8349=CARTESIAN_POINT('',(-0.125,0.01,-0.15));
#8350=CARTESIAN_POINT('',(-0.125,0.01,-0.15));
#8351=CARTESIAN_POINT('',(-0.125,0.01,0.15));
#8352=CARTESIAN_POINT('',(-0.125,0.01,0.15));
#8353=CARTESIAN_POINT('',(-0.125,0.01,0.15));
#8354=CARTESIAN_POINT('',(0.04,0.01,-0.03));
#8355=CARTESIAN_POINT('',(0.04,0.01,-0.03));
#8356=CARTESIAN_POINT('',(0.04,0.01,-0.07));
#8357=CARTESIAN_POINT('',(0.02,0.01,-0.03));
#8358=CARTESIAN_POINT('',(0.02,0.01,-0.03));
#8359=CARTESIAN_POINT('',(0.02,0.01,-0.03));
#8360=CARTESIAN_POINT('',(0.02,0.01,-0.07));
#8361=CARTESIAN_POINT('',(0.02,0.01,-0.07));
#8362=CARTESIAN_POINT('',(0.125,0.01,0.15));
#8363=CARTESIAN_POINT('',(0.125,0.01,0.15));
#8364=CARTESIAN_POINT('',(0.125,-0.05,0.15));
#8365=CARTESIAN_POINT('',(0.125,-0.05,0.15));
#8366=CARTESIAN_POINT('',(0.125,-0.05,-0.15));
#8367=CARTESIAN_POINT('',(0.125,0.01,-0.15));
#8368=CARTESIAN_POINT('',(-0.125,0.01,-0.15));
#8369=CARTESIAN_POINT('',(0.125,-0.05,-0.15));
#8370=CARTESIAN_POINT('',(0.115,-0.05,-0.15));
#8371=CARTESIAN_POINT('',(0.115,-0.05,-0.15));
#8372=CARTESIAN_POINT('',(-0.115,-0.05,-0.15));
#8373=CARTESIAN_POINT('',(-0.115,-0.05,-0.15));
#8374=CARTESIAN_POINT('',(-0.125,-0.05,-0.15));
#8375=CARTESIAN_POINT('',(-0.125,-0.05,-0.15));
#8376=CARTESIAN_POINT('',(-0.125,0.01,-0.15));
#8377=CARTESIAN_POINT('',(-0.125,0.01,0.15));
#8378=CARTESIAN_POINT('',(-0.125,-0.05,0.15));
#8379=CARTESIAN_POINT('',(-0.125,-0.05,0.15));
#8380=CARTESIAN_POINT('',(-0.125,0.01,0.15));
#8381=CARTESIAN_POINT('',(-0.125,0.01,0.15));
#8382=CARTESIAN_POINT('',(-0.125,-0.05,0.15));
#8383=CARTESIAN_POINT('',(-0.115,-0.05,0.15));
#8384=CARTESIAN_POINT('',(-0.115,-0.05,0.15));
#8385=CARTESIAN_POINT('',(0.115,-0.05,0.15));
#8386=CARTESIAN_POINT('',(0.115,-0.05,0.15));
#8387=CARTESIAN_POINT('',(0.125,-0.05,0.15));
#8388=CARTESIAN_POINT('',(0.04,0.01,-0.03));
#8389=CARTESIAN_POINT('',(0.04,0.01,-0.03));
#8390=CARTESIAN_POINT('',(0.04,0.01,-0.07));
#8391=CARTESIAN_POINT('',(0.02,0.01,-0.07));
#8392=CARTESIAN_POINT('',(0.02,0.01,-0.07));
#8393=CARTESIAN_POINT('',(0.02,0.01,-0.03));
#8394=CARTESIAN_POINT('',(0.02,0.01,-0.03));
#8395=CARTESIAN_POINT('',(0.02,0.01,-0.03));
#8396=CARTESIAN_POINT('',(0.115,-0.05,0.15));
#8397=CARTESIAN_POINT('',(0.115,-0.05,0.15));
#8398=CARTESIAN_POINT('',(0.,-0.05,0.));
#8399=CARTESIAN_POINT('',(-0.115,-0.05,0.15));
#8400=CARTESIAN_POINT('',(-0.115,-0.05,0.15));
#8401=CARTESIAN_POINT('',(0.,-0.05,0.));
#8402=CARTESIAN_POINT('',(0.0833654268792944,0.0659582627408086,0.200875218594046));
#8403=CARTESIAN_POINT('',(0.,0.08,0.));
#8404=CARTESIAN_POINT('',(0.,0.08,0.003));
#8405=CARTESIAN_POINT('',(-0.085,0.08,0.003));
#8406=CARTESIAN_POINT('',(-0.075,0.08,0.003));
#8407=CARTESIAN_POINT('',(-0.085,0.08,-0.02));
#8408=CARTESIAN_POINT('',(-0.085,0.08,0.02));
#8409=CARTESIAN_POINT('',(-0.085,0.08,0.02));
#8410=CARTESIAN_POINT('',(-0.075,0.08,0.02));
#8411=CARTESIAN_POINT('',(-0.075,0.08,-0.02));
#8412=CARTESIAN_POINT('',(0.,0.01,0.));
#8413=CARTESIAN_POINT('',(4.16333634234434E-17,0.01,0.));
#8414=CARTESIAN_POINT('',(4.16333634234434E-17,0.01,0.0025));
#8415=CARTESIAN_POINT('',(-0.075,0.01,-0.02));
#8416=CARTESIAN_POINT('',(-0.075,0.01,0.02));
#8417=CARTESIAN_POINT('',(-0.075,0.01,-0.02));
#8418=CARTESIAN_POINT('',(-0.085,0.01,0.02));
#8419=CARTESIAN_POINT('',(0.075,0.01,0.02));
#8420=CARTESIAN_POINT('',(0.075,0.01,-0.02));
#8421=CARTESIAN_POINT('',(0.075,0.01,-0.02));
#8422=CARTESIAN_POINT('',(-0.085,0.01,-0.02));
#8423=CARTESIAN_POINT('',(0.,0.,0.));
#8424=CARTESIAN_POINT('',(0.085,0.,0.02));
#8425=CARTESIAN_POINT('',(0.085,0.,0.02));
#8426=CARTESIAN_POINT('',(0.085,0.,-0.02));
#8427=CARTESIAN_POINT('',(-0.085,0.,0.02));
#8428=CARTESIAN_POINT('',(-0.085,0.,0.02));
#8429=CARTESIAN_POINT('',(-0.085,0.,0.02));
#8430=CARTESIAN_POINT('',(-0.085,0.,-0.02));
#8431=CARTESIAN_POINT('',(-0.085,0.,-0.02));
#8432=CARTESIAN_POINT('',(4.16333634234434E-17,0.,0.));
#8433=CARTESIAN_POINT('',(4.16333634234434E-17,0.,0.0025));
#8434=CARTESIAN_POINT('',(0.085,0.01,0.02));
#8435=CARTESIAN_POINT('',(0.085,0.06,0.));
#8436=CARTESIAN_POINT('',(0.085,0.06,-0.0025));
#8437=CARTESIAN_POINT('',(0.085,0.01,-0.02));
#8438=CARTESIAN_POINT('',(0.085,0.08,-0.02));
#8439=CARTESIAN_POINT('',(0.085,0.08,-0.02));
#8440=CARTESIAN_POINT('',(0.085,0.08,0.02));
#8441=CARTESIAN_POINT('',(0.085,0.01,0.02));
#8442=CARTESIAN_POINT('',(-0.085,0.01,-0.02));
#8443=CARTESIAN_POINT('',(-0.085,0.01,-0.02));
#8444=CARTESIAN_POINT('',(-0.085,0.08,-0.02));
#8445=CARTESIAN_POINT('',(-0.085,0.08,-0.02));
#8446=CARTESIAN_POINT('',(-0.075,0.08,-0.02));
#8447=CARTESIAN_POINT('',(-0.075,0.08,-0.02));
#8448=CARTESIAN_POINT('',(0.075,0.08,-0.02));
#8449=CARTESIAN_POINT('',(0.075,0.08,-0.02));
#8450=CARTESIAN_POINT('',(0.085,0.08,-0.02));
#8451=CARTESIAN_POINT('',(-0.085,0.01,0.02));
#8452=CARTESIAN_POINT('',(-0.085,0.07,0.01));
#8453=CARTESIAN_POINT('',(-0.085,0.07,0.01));
#8454=CARTESIAN_POINT('',(-0.085,0.07,-0.01));
#8455=CARTESIAN_POINT('',(-0.085,0.07,0.01));
#8456=CARTESIAN_POINT('',(-0.085,0.03,0.01));
#8457=CARTESIAN_POINT('',(-0.085,0.03,0.01));
#8458=CARTESIAN_POINT('',(-0.085,0.03,-0.01));
#8459=CARTESIAN_POINT('',(-0.085,0.07,-0.01));
#8460=CARTESIAN_POINT('',(-0.085,0.08,0.003));
#8461=CARTESIAN_POINT('',(-0.085,0.0765,0.003));
#8462=CARTESIAN_POINT('',(-0.085,0.0765,4.28626379701574E-19));
#8463=CARTESIAN_POINT('',(-0.085,0.0765,-0.003));
#8464=CARTESIAN_POINT('',(-0.085,0.08,-0.003));
#8465=CARTESIAN_POINT('',(-0.085,0.08,-0.003));
#8466=CARTESIAN_POINT('',(-0.085,0.08,-0.02));
#8467=CARTESIAN_POINT('',(-0.085,0.01,0.02));
#8468=CARTESIAN_POINT('',(-0.085,0.01,0.02));
#8469=CARTESIAN_POINT('',(0.085,0.08,0.02));
#8470=CARTESIAN_POINT('',(0.075,0.08,0.02));
#8471=CARTESIAN_POINT('',(0.075,0.08,0.02));
#8472=CARTESIAN_POINT('',(-0.075,0.08,0.02));
#8473=CARTESIAN_POINT('',(4.16333634234434E-17,0.01,0.));
#8474=CARTESIAN_POINT('',(0.075,0.08,-0.02));
#8475=CARTESIAN_POINT('',(0.075,0.06,0.));
#8476=CARTESIAN_POINT('',(0.075,0.06,-0.0025));
#8477=CARTESIAN_POINT('',(0.075,0.08,-0.02));
#8478=CARTESIAN_POINT('',(0.,0.08,0.));
#8479=CARTESIAN_POINT('',(-0.075,0.08,-0.02));
#8480=CARTESIAN_POINT('',(-0.075,0.03,-0.02));
#8481=CARTESIAN_POINT('',(-0.075,0.03,-0.01));
#8482=CARTESIAN_POINT('',(-0.075,0.03,0.01));
#8483=CARTESIAN_POINT('',(-0.075,0.08,0.01));
#8484=CARTESIAN_POINT('',(-0.075,0.07,0.01));
#8485=CARTESIAN_POINT('',(-0.075,0.07,-0.02));
#8486=CARTESIAN_POINT('',(-0.075,0.07,-0.01));
#8487=CARTESIAN_POINT('',(-0.075,0.08,-0.01));
#8488=CARTESIAN_POINT('',(-0.075,0.0765,4.28626379701574E-19));
#8489=CARTESIAN_POINT('',(-0.075,0.0765,-0.003));
#8490=CARTESIAN_POINT('',(-0.075,0.0765,0.003));
#8491=CARTESIAN_POINT('',(-0.075,0.08,0.003));
#8492=CARTESIAN_POINT('',(-0.075,0.08,-0.02));
#8493=CARTESIAN_POINT('',(-0.075,0.08,-0.003));
#8494=CARTESIAN_POINT('',(-0.075,0.08,-0.003));
#8495=CARTESIAN_POINT('',(0.,0.08,0.));
#8496=CARTESIAN_POINT('',(0.,0.08,-0.003));
#8497=CARTESIAN_POINT('',(-0.035,0.0765,4.28626379701574E-19));
#8498=CARTESIAN_POINT('',(-0.035,0.0765,-0.003));
#8499=CARTESIAN_POINT('',(-0.035,0.0765,0.003));
#8500=CARTESIAN_POINT('',(-0.035,0.08,0.003));
#8501=CARTESIAN_POINT('',(-0.035,0.08,-0.003));
#8502=CARTESIAN_POINT('',(-0.035,0.07,0.01));
#8503=CARTESIAN_POINT('',(-0.035,0.03,0.01));
#8504=CARTESIAN_POINT('',(-0.035,0.07,0.01));
#8505=CARTESIAN_POINT('',(-0.035,0.03,0.01));
#8506=CARTESIAN_POINT('',(-0.035,0.03,-0.01));
#8507=CARTESIAN_POINT('',(-0.035,0.07,-0.01));
#8508=CARTESIAN_POINT('',(-0.035,0.07,-0.01));
#8509=CARTESIAN_POINT('',(-0.035,0.07,0.01));
#8510=CARTESIAN_POINT('',(0.061,0.06,0.));
#8511=CARTESIAN_POINT('',(0.113365426879294,0.0809582627408086,0.140875218594046));
#8512=CARTESIAN_POINT('',(0.,0.0023,0.));
#8513=CARTESIAN_POINT('',(0.0045,0.0023,0.0041182520563948));
#8514=CARTESIAN_POINT('',(0.0045,0.0023,0.0041182520563948));
#8515=CARTESIAN_POINT('',(0.0045,0.,0.0041182520563948));
#8516=CARTESIAN_POINT('',(0.,0.,0.));
#8517=CARTESIAN_POINT('',(0.0045,0.,-0.0041182520563948));
#8518=CARTESIAN_POINT('',(0.0045,0.0023,-0.0041182520563948));
#8519=CARTESIAN_POINT('',(0.0045,0.0023,-0.0041182520563948));
#8520=CARTESIAN_POINT('',(0.,0.0023,0.));
#8521=CARTESIAN_POINT('',(0.,0.0023,0.));
#8522=CARTESIAN_POINT('',(0.,0.0023,0.));
#8523=CARTESIAN_POINT('',(0.,0.0023,0.0015));
#8524=CARTESIAN_POINT('',(0.,0.0023,0.));
#8525=CARTESIAN_POINT('',(0.,0.0023,0.003));
#8526=CARTESIAN_POINT('',(0.,0.0023,0.));
#8527=CARTESIAN_POINT('',(0.,0.0023,0.));
#8528=CARTESIAN_POINT('',(0.,0.0023,0.0044));
#8529=CARTESIAN_POINT('',(0.,0.0023,0.));
#8530=CARTESIAN_POINT('',(-0.0045,0.0023,-0.0041182520563948));
#8531=CARTESIAN_POINT('',(-0.0045,0.0023,0.0041182520563948));
#8532=CARTESIAN_POINT('',(-0.00502767726414761,0.0023,0.000799360567392308));
#8533=CARTESIAN_POINT('',(-0.00246898863826769,0.0023,0.0168925494925549));
#8534=CARTESIAN_POINT('',(-2.02066721859313E-18,0.0023,0.0165));
#8535=CARTESIAN_POINT('',(0.00246898863826768,0.0023,0.0168925494925549));
#8536=CARTESIAN_POINT('',(0.00502767726414761,0.0023,0.000799360567392309));
#8537=CARTESIAN_POINT('',(0.00502767726414761,0.0023,-0.000799360567392308));
#8538=CARTESIAN_POINT('',(0.00246898863826769,0.0023,-0.0168925494925549));
#8539=CARTESIAN_POINT('',(2.02066721859313E-18,0.0023,-0.0165));
#8540=CARTESIAN_POINT('',(-0.00246898863826768,0.0023,-0.0168925494925549));
#8541=CARTESIAN_POINT('',(-0.00502767726414761,0.0023,-0.000799360567392309));
#8542=CARTESIAN_POINT('',(8.57252759403147E-19,0.0023,-0.007));
#8543=CARTESIAN_POINT('',(8.57252759403147E-19,0.0023,-0.00775));
#8544=CARTESIAN_POINT('',(1.22464679914735E-18,0.0023,-0.01));
#8545=CARTESIAN_POINT('',(1.22464679914735E-18,0.0023,-0.01075));
#8546=CARTESIAN_POINT('',(1.59204083889156E-18,0.0023,-0.013));
#8547=CARTESIAN_POINT('',(1.59204083889156E-18,0.0023,-0.01375));
#8548=CARTESIAN_POINT('',(1.95943487863577E-18,0.0023,-0.016));
#8549=CARTESIAN_POINT('',(1.95943487863577E-18,0.0023,-0.01675));
#8550=CARTESIAN_POINT('',(-8.57252759403147E-19,0.0023,0.007));
#8551=CARTESIAN_POINT('',(-8.57252759403147E-19,0.0023,0.00775));
#8552=CARTESIAN_POINT('',(-1.22464679914735E-18,0.0023,0.01));
#8553=CARTESIAN_POINT('',(-1.22464679914735E-18,0.0023,0.01075));
#8554=CARTESIAN_POINT('',(-1.59204083889156E-18,0.0023,0.013));
#8555=CARTESIAN_POINT('',(-1.59204083889156E-18,0.0023,0.01375));
#8556=CARTESIAN_POINT('',(-1.95943487863577E-18,0.0023,0.016));
#8557=CARTESIAN_POINT('',(-1.95943487863577E-18,0.0023,0.01675));
#8558=CARTESIAN_POINT('',(0.,0.,0.));
#8559=CARTESIAN_POINT('',(0.,0.,0.));
#8560=CARTESIAN_POINT('',(-0.0045,0.,-0.0041182520563948));
#8561=CARTESIAN_POINT('',(-0.0045,0.,0.0041182520563948));
#8562=CARTESIAN_POINT('',(-0.00502767726414761,0.,-0.000799360567392309));
#8563=CARTESIAN_POINT('',(-0.00246898863826768,0.,-0.0168925494925549));
#8564=CARTESIAN_POINT('',(2.02066721859313E-18,0.,-0.0165));
#8565=CARTESIAN_POINT('',(0.00246898863826769,0.,-0.0168925494925549));
#8566=CARTESIAN_POINT('',(0.00502767726414761,0.,-0.000799360567392308));
#8567=CARTESIAN_POINT('',(0.00502767726414761,0.,0.000799360567392309));
#8568=CARTESIAN_POINT('',(0.00246898863826768,0.,0.0168925494925549));
#8569=CARTESIAN_POINT('',(-2.02066721859313E-18,0.,0.0165));
#8570=CARTESIAN_POINT('',(-0.00246898863826769,0.,0.0168925494925549));
#8571=CARTESIAN_POINT('',(-0.00502767726414761,0.,0.000799360567392308));
#8572=CARTESIAN_POINT('',(0.,0.,0.));
#8573=CARTESIAN_POINT('',(0.,0.,0.0015));
#8574=CARTESIAN_POINT('',(8.57252759403147E-19,0.,-0.007));
#8575=CARTESIAN_POINT('',(8.57252759403147E-19,0.,-0.00775));
#8576=CARTESIAN_POINT('',(1.22464679914735E-18,0.,-0.01));
#8577=CARTESIAN_POINT('',(1.22464679914735E-18,0.,-0.01075));
#8578=CARTESIAN_POINT('',(1.59204083889156E-18,0.,-0.013));
#8579=CARTESIAN_POINT('',(1.59204083889156E-18,0.,-0.01375));
#8580=CARTESIAN_POINT('',(1.95943487863577E-18,0.,-0.016));
#8581=CARTESIAN_POINT('',(1.95943487863577E-18,0.,-0.01675));
#8582=CARTESIAN_POINT('',(-8.57252759403147E-19,0.,0.007));
#8583=CARTESIAN_POINT('',(-8.57252759403147E-19,0.,0.00775));
#8584=CARTESIAN_POINT('',(-1.22464679914735E-18,0.,0.01));
#8585=CARTESIAN_POINT('',(-1.22464679914735E-18,0.,0.01075));
#8586=CARTESIAN_POINT('',(-1.59204083889156E-18,0.,0.013));
#8587=CARTESIAN_POINT('',(-1.59204083889156E-18,0.,0.01375));
#8588=CARTESIAN_POINT('',(-1.95943487863577E-18,0.,0.016));
#8589=CARTESIAN_POINT('',(-1.95943487863577E-18,0.,0.01675));
#8590=CARTESIAN_POINT('',(0.,0.0023,0.));
#8591=CARTESIAN_POINT('',(-0.0045,0.0023,0.0041182520563948));
#8592=CARTESIAN_POINT('',(-0.0045,0.0023,-0.0041182520563948));
#8593=CARTESIAN_POINT('',(0.,0.0023,0.));
#8594=CARTESIAN_POINT('',(0.,0.0055,0.));
#8595=CARTESIAN_POINT('',(0.,0.0055,0.));
#8596=CARTESIAN_POINT('',(0.,0.0055,0.0044));
#8597=CARTESIAN_POINT('',(0.,0.0055,0.));
#8598=CARTESIAN_POINT('',(0.,0.0055,0.003));
#8599=CARTESIAN_POINT('',(0.,0.0055,0.));
#8600=CARTESIAN_POINT('',(0.,0.0055,0.));
#8601=CARTESIAN_POINT('',(0.00502767726414761,0.0023,-0.000799360567392308));
#8602=CARTESIAN_POINT('',(0.00246898863826769,0.0023,-0.0168925494925549));
#8603=CARTESIAN_POINT('',(2.02066721859313E-18,0.0023,-0.0165));
#8604=CARTESIAN_POINT('',(-0.00246898863826768,0.0023,-0.0168925494925549));
#8605=CARTESIAN_POINT('',(1.95943487863577E-18,0.0023,-0.016));
#8606=CARTESIAN_POINT('',(1.59204083889156E-18,0.0023,-0.013));
#8607=CARTESIAN_POINT('',(1.22464679914735E-18,0.0023,-0.01));
#8608=CARTESIAN_POINT('',(8.57252759403147E-19,0.0023,-0.007));
#8609=CARTESIAN_POINT('',(-0.00502767726414761,0.0023,-0.000799360567392309));
#8610=CARTESIAN_POINT('',(-0.00502767726414761,0.0023,0.000799360567392308));
#8611=CARTESIAN_POINT('',(-0.00246898863826769,0.0023,0.0168925494925549));
#8612=CARTESIAN_POINT('',(-2.02066721859313E-18,0.0023,0.0165));
#8613=CARTESIAN_POINT('',(0.00246898863826768,0.0023,0.0168925494925549));
#8614=CARTESIAN_POINT('',(-1.95943487863577E-18,0.0023,0.016));
#8615=CARTESIAN_POINT('',(-1.59204083889156E-18,0.0023,0.013));
#8616=CARTESIAN_POINT('',(-1.22464679914735E-18,0.0023,0.01));
#8617=CARTESIAN_POINT('',(-8.57252759403147E-19,0.0023,0.007));
#8618=CARTESIAN_POINT('',(0.00502767726414761,0.0023,0.000799360567392309));
#8619=CARTESIAN_POINT('',(0.0531328330881787,0.140958262740809,0.105209623895591));
#8620=CARTESIAN_POINT('',(0.,0.04,0.));
#8621=CARTESIAN_POINT('',(0.,0.04,0.));
#8622=CARTESIAN_POINT('',(0.,0.04,0.0025));
#8623=CARTESIAN_POINT('',(0.,0.,0.));
#8624=CARTESIAN_POINT('',(0.,0.,0.0025));
#8625=CARTESIAN_POINT('',(0.,0.04,0.));
#8626=CARTESIAN_POINT('',(0.,0.,0.));
#8627=CARTESIAN_POINT('',(0.158109639409837,0.140958262740809,0.167369660370042));
#8628=CARTESIAN_POINT('',(0.,0.04,0.));
#8629=CARTESIAN_POINT('',(-0.00856154872452887,0.04,0.00484391025641025));
#8630=CARTESIAN_POINT('',(-0.00856154872452887,0.04,0.00484391025641025));
#8631=CARTESIAN_POINT('',(-0.0064448820578622,0.04,0.00484391025641025));
#8632=CARTESIAN_POINT('',(-0.0064448820578622,0.04,0.00484391025641025));
#8633=CARTESIAN_POINT('',(-0.0064448820578622,0.04,0.00526749799679487));
#8634=CARTESIAN_POINT('',(-0.0064448820578622,0.04,0.00526749799679487));
#8635=CARTESIAN_POINT('',(-0.00644497615034068,0.04,0.00529576525070547));
#8636=CARTESIAN_POINT('',(-0.00644515681832228,0.04,0.00535004150946714));
#8637=CARTESIAN_POINT('',(-0.00644616420827149,0.04,0.0054277977253513));
#8638=CARTESIAN_POINT('',(-0.00644905155672362,0.04,0.00549845030306094));
#8639=CARTESIAN_POINT('',(-0.00645153627149311,0.04,0.00556196230112416));
#8640=CARTESIAN_POINT('',(-0.00645606711219806,0.04,0.00561833255437173));
#8641=CARTESIAN_POINT('',(-0.00646039759878956,0.04,0.0056677339159193));
#8642=CARTESIAN_POINT('',(-0.00646606643173683,0.04,0.00570993885678908));
#8643=CARTESIAN_POINT('',(-0.00647133113991128,0.04,0.00573548753829112));
#8644=CARTESIAN_POINT('',(-0.0064737148570075,0.04,0.00574705528846154));
#8645=CARTESIAN_POINT('',(-0.0064737148570075,0.04,0.00574705528846154));
#8646=CARTESIAN_POINT('',(-0.0064737148570075,0.04,0.00574705528846154));
#8647=CARTESIAN_POINT('',(-0.00647754060962586,0.04,0.00576254147201955));
#8648=CARTESIAN_POINT('',(-0.00648511050117424,0.04,0.00579318347680308));
#8649=CARTESIAN_POINT('',(-0.00650111855694058,0.04,0.00583729694040138));
#8650=CARTESIAN_POINT('',(-0.0065196129070189,0.04,0.0058793511551731));
#8651=CARTESIAN_POINT('',(-0.00654150381119443,0.04,0.00591918830396283));
#8652=CARTESIAN_POINT('',(-0.00656640944492143,0.04,0.00595681208233257));
#8653=CARTESIAN_POINT('',(-0.00659447532272837,0.04,0.0059921661572493));
#8654=CARTESIAN_POINT('',(-0.00662584437348979,0.04,0.00602504839941852));
#8655=CARTESIAN_POINT('',(-0.00665971556363449,0.04,0.00605571182163339));
#8656=CARTESIAN_POINT('',(-0.00669638442959272,0.04,0.00608350722704107));
#8657=CARTESIAN_POINT('',(-0.00673531680522411,0.04,0.0061075605136728));
#8658=CARTESIAN_POINT('',(-0.00677626919140906,0.04,0.00612815722227501));
#8659=CARTESIAN_POINT('',(-0.00681938419943995,0.04,0.0061446001941575));
#8660=CARTESIAN_POINT('',(-0.00686429736283509,0.04,0.00615782806091402));
#8661=CARTESIAN_POINT('',(-0.00691140085809538,0.04,0.00616715811705435));
#8662=CARTESIAN_POINT('',(-0.00696048411247017,0.04,0.00617275264674788));
#8663=CARTESIAN_POINT('',(-0.00699396244082047,0.04,0.00617332227769949));
#8664=CARTESIAN_POINT('',(-0.00701093774696477,0.04,0.00617361111111111));
#8665=CARTESIAN_POINT('',(-0.00701093774696477,0.04,0.00617361111111111));
#8666=CARTESIAN_POINT('',(-0.00701093774696477,0.04,0.00617361111111111));
#8667=CARTESIAN_POINT('',(-0.0070391409141118,0.04,0.0061727227400727));
#8668=CARTESIAN_POINT('',(-0.00709417259801739,0.04,0.00617098929808297));
#8669=CARTESIAN_POINT('',(-0.00717403753488272,0.04,0.00615482665142903));
#8670=CARTESIAN_POINT('',(-0.00724853939717426,0.04,0.0061283534576533));
#8671=CARTESIAN_POINT('',(-0.00731757450413899,0.04,0.00609186789167773));
#8672=CARTESIAN_POINT('',(-0.00737983354494989,0.04,0.00604542645676977));
#8673=CARTESIAN_POINT('',(-0.00743433273558652,0.04,0.00598961441258516));
#8674=CARTESIAN_POINT('',(-0.00748035978516144,0.04,0.00592471678736225));
#8675=CARTESIAN_POINT('',(-0.00751193839786106,0.04,0.00586401770909018));
#8676=CARTESIAN_POINT('',(-0.00753225743076811,0.04,0.0058103738864217));
#8677=CARTESIAN_POINT('',(-0.00754662574650561,0.04,0.00576608132414326));
#8678=CARTESIAN_POINT('',(-0.0075575398705269,0.04,0.00571772893826143));
#8679=CARTESIAN_POINT('',(-0.00756745928429839,0.04,0.0056660104172446));
#8680=CARTESIAN_POINT('',(-0.00757502859390275,0.04,0.00561052628202296));
#8681=CARTESIAN_POINT('',(-0.00758040424231329,0.04,0.00555138826404644));
#8682=CARTESIAN_POINT('',(-0.00758386082514464,0.04,0.00548844845564909));
#8683=CARTESIAN_POINT('',(-0.00758436584669199,0.04,0.005445304885502));
#8684=CARTESIAN_POINT('',(-0.00758462564760579,0.04,0.00542311030982906));
#8685=CARTESIAN_POINT('',(-0.00758462564760579,0.04,0.00542311030982906));
#8686=CARTESIAN_POINT('',(-0.00758462564760579,0.04,0.00542311030982906));
#8687=CARTESIAN_POINT('',(-0.00856154872452887,0.04,0.00620074786324786));
#8688=CARTESIAN_POINT('',(-0.00856154872452887,0.04,0.00620074786324786));
#8689=CARTESIAN_POINT('',(-0.00856154872452887,0.04,0.0059658453525641));
#8690=CARTESIAN_POINT('',(-0.00856154872452887,0.04,0.0059658453525641));
#8691=CARTESIAN_POINT('',(-0.00758462564760579,0.04,0.0051882077991453));
#8692=CARTESIAN_POINT('',(-0.00758462564760579,0.04,0.0051882077991453));
#8693=CARTESIAN_POINT('',(-0.00758462564760579,0.04,0.00503386752136752));
#8694=CARTESIAN_POINT('',(-0.00758462564760579,0.04,0.00503386752136752));
#8695=CARTESIAN_POINT('',(-0.00856154872452887,0.04,0.00503386752136752));
#8696=CARTESIAN_POINT('',(-0.00856154872452887,0.04,0.00503386752136752));
#8697=CARTESIAN_POINT('',(-0.00735650732495622,0.04,0.00337089342948718));
#8698=CARTESIAN_POINT('',(-0.00735650732495622,0.04,0.00337089342948718));
#8699=CARTESIAN_POINT('',(-0.0063906085535887,0.04,0.00400267094017094));
#8700=CARTESIAN_POINT('',(-0.0063906085535887,0.04,0.00400267094017094));
#8701=CARTESIAN_POINT('',(-0.00650551573841776,0.04,0.00414895499465812));
#8702=CARTESIAN_POINT('',(-0.00650551573841776,0.04,0.00414895499465812));
#8703=CARTESIAN_POINT('',(-0.00736074744247759,0.04,0.00358968349358974));
#8704=CARTESIAN_POINT('',(-0.00858006844893457,0.04,0.00381364983571163));
#8705=CARTESIAN_POINT('',(-0.00734039487837502,0.04,0.00380889756944444));
#8706=CARTESIAN_POINT('',(-0.00734039487837502,0.04,0.00380889756944444));
#8707=CARTESIAN_POINT('',(-0.00734097309830532,0.04,0.00383041046008523));
#8708=CARTESIAN_POINT('',(-0.00734211130703123,0.04,0.00387275794512288));
#8709=CARTESIAN_POINT('',(-0.00735087058816392,0.04,0.0039349315826281));
#8710=CARTESIAN_POINT('',(-0.00736467434632725,0.04,0.00399467536771664));
#8711=CARTESIAN_POINT('',(-0.00738479613921021,0.04,0.00405174167608063));
#8712=CARTESIAN_POINT('',(-0.00741049994399122,0.04,0.00410633533653856));
#8713=CARTESIAN_POINT('',(-0.00744130583220846,0.04,0.00415876964275658));
#8714=CARTESIAN_POINT('',(-0.00747880450556708,0.04,0.00420805895363034));
#8715=CARTESIAN_POINT('',(-0.00752069331216017,0.04,0.00425483800010611));
#8716=CARTESIAN_POINT('',(-0.00756708882183105,0.04,0.00429730867329137));
#8717=CARTESIAN_POINT('',(-0.00761631724926757,0.04,0.00433491038308092));
#8718=CARTESIAN_POINT('',(-0.00766832730587124,0.04,0.00436649515712964));
#8719=CARTESIAN_POINT('',(-0.00772309264860234,0.04,0.00439212129067751));
#8720=CARTESIAN_POINT('',(-0.00778052885795562,0.04,0.00441202090773432));
#8721=CARTESIAN_POINT('',(-0.0078405624470748,0.04,0.00442652772164165));
#8722=CARTESIAN_POINT('',(-0.0079032348131483,0.04,0.00443510299920412));
#8723=CARTESIAN_POINT('',(-0.00794585732866642,0.04,0.00443626746263659));
#8724=CARTESIAN_POINT('',(-0.00796750825978528,0.04,0.00443685897435897));
#8725=CARTESIAN_POINT('',(-0.00796750825978528,0.04,0.00443685897435897));
#8726=CARTESIAN_POINT('',(-0.00796750825978528,0.04,0.00443685897435897));
#8727=CARTESIAN_POINT('',(-0.00799711171042236,0.04,0.00443575435939899));
#8728=CARTESIAN_POINT('',(-0.00805532994818242,0.04,0.00443358202019564));
#8729=CARTESIAN_POINT('',(-0.00814047886086022,0.04,0.00441776831345314));
#8730=CARTESIAN_POINT('',(-0.0082209473241163,0.04,0.00439047738886854));
#8731=CARTESIAN_POINT('',(-0.0082970515657254,0.04,0.00435396540437516));
#8732=CARTESIAN_POINT('',(-0.00836657732832702,0.04,0.00430659397546417));
#8733=CARTESIAN_POINT('',(-0.00842940997441421,0.04,0.00425045622775697));
#8734=CARTESIAN_POINT('',(-0.00848417785573618,0.04,0.00418502150259633));
#8735=CARTESIAN_POINT('',(-0.00853116093967991,0.04,0.00411183930871863));
#8736=CARTESIAN_POINT('',(-0.00856848894071267,0.04,0.00403263344760506));
#8737=CARTESIAN_POINT('',(-0.00859608629378283,0.04,0.00394958351136302));
#8738=CARTESIAN_POINT('',(-0.00861257641359777,0.04,0.00386339936603105));
#8739=CARTESIAN_POINT('',(-0.00861473531376455,0.04,0.00380486847313838));
#8740=CARTESIAN_POINT('',(-0.00861582222880238,0.04,0.00377540064102564));
#8741=CARTESIAN_POINT('',(-0.00861582222880238,0.04,0.00377540064102564));
#8742=CARTESIAN_POINT('',(-0.00861582222880237,0.04,0.00377540064102564));
#8743=CARTESIAN_POINT('',(-0.00861489803051933,0.04,0.00374691834513886));
#8744=CARTESIAN_POINT('',(-0.00861306735553503,0.04,0.00369049990384589));
#8745=CARTESIAN_POINT('',(-0.00859675934945436,0.04,0.00360750681813433));
#8746=CARTESIAN_POINT('',(-0.00857032708793105,0.04,0.00352776078450401));
#8747=CARTESIAN_POINT('',(-0.00853391129977509,0.04,0.00345182235129746));
#8748=CARTESIAN_POINT('',(-0.00848791619882173,0.04,0.00338147181751197));
#8749=CARTESIAN_POINT('',(-0.00843253615070736,0.04,0.00331855258368096));
#8750=CARTESIAN_POINT('',(-0.00836899511806655,0.04,0.00326328355903232));
#8751=CARTESIAN_POINT('',(-0.00829709818026843,0.04,0.00321753058511932));
#8752=CARTESIAN_POINT('',(-0.00822033776985507,0.04,0.00318024178719983));
#8753=CARTESIAN_POINT('',(-0.00813956914418208,0.04,0.00315394145880416));
#8754=CARTESIAN_POINT('',(-0.00805641780389171,0.04,0.00313693296778045));
#8755=CARTESIAN_POINT('',(-0.00799981571155911,0.04,0.00313517817028401));
#8756=CARTESIAN_POINT('',(-0.00797132436555451,0.04,0.00313429487179487));
#8757=CARTESIAN_POINT('',(-0.00797132436555451,0.04,0.00313429487179487));
#8758=CARTESIAN_POINT('',(-0.00797132436555451,0.04,0.00313429487179487));
#8759=CARTESIAN_POINT('',(-0.00794953391162848,0.04,0.00313506198100558));
#8760=CARTESIAN_POINT('',(-0.00790506176691371,0.04,0.00313662757445059));
#8761=CARTESIAN_POINT('',(-0.00783751262018121,0.04,0.00314597085575693));
#8762=CARTESIAN_POINT('',(-0.00776866618380175,0.04,0.00316310757521446));
#8763=CARTESIAN_POINT('',(-0.00771030324116792,0.04,0.00318165325111593));
#8764=CARTESIAN_POINT('',(-0.00766196815057613,0.04,0.00320005615993281));
#8765=CARTESIAN_POINT('',(-0.00762379920635839,0.04,0.0032171197604353));
#8766=CARTESIAN_POINT('',(-0.00758349157569157,0.04,0.00323619894494989));
#8767=CARTESIAN_POINT('',(-0.00754180791861146,0.04,0.00325856240616257));
#8768=CARTESIAN_POINT('',(-0.00749755724275078,0.04,0.00328226947979325));
#8769=CARTESIAN_POINT('',(-0.00745237828572835,0.04,0.0033099620320737));
#8770=CARTESIAN_POINT('',(-0.00740462097252865,0.04,0.00333885963589373));
#8771=CARTESIAN_POINT('',(-0.0073728248952329,0.04,0.00336002928377046));
#8772=CARTESIAN_POINT('',(-0.00735650732495622,0.04,0.00337089342948718));
#8773=CARTESIAN_POINT('',(-0.00766264380999896,0.04,0.00251057358440171));
#8774=CARTESIAN_POINT('',(-0.00766264380999896,0.04,0.00251057358440171));
#8775=CARTESIAN_POINT('',(-0.00861582222880237,0.04,0.00185886752136752));
#8776=CARTESIAN_POINT('',(-0.00861582222880237,0.04,0.00185886752136752));
#8777=CARTESIAN_POINT('',(-0.00851024330252032,0.04,0.00170707131410256));
#8778=CARTESIAN_POINT('',(-0.00851024330252032,0.04,0.00170707131410256));
#8779=CARTESIAN_POINT('',(-0.00764992345743485,0.04,0.00229559962606838));
#8780=CARTESIAN_POINT('',(-0.0059962674014624,0.04,0.00206388959534265));
#8781=CARTESIAN_POINT('',(-0.00766603590401605,0.04,0.00207299345619658));
#8782=CARTESIAN_POINT('',(-0.00766603590401605,0.04,0.00207299345619658));
#8783=CARTESIAN_POINT('',(-0.00766546508902791,0.04,0.00205077388002576));
#8784=CARTESIAN_POINT('',(-0.00766434462912276,0.04,0.00200715879505711));
#8785=CARTESIAN_POINT('',(-0.0076555138252245,0.04,0.00194302614936108));
#8786=CARTESIAN_POINT('',(-0.00764175881579281,0.04,0.00188131102445893));
#8787=CARTESIAN_POINT('',(-0.00762170994932705,0.04,0.00182224849460654));
#8788=CARTESIAN_POINT('',(-0.00759608697155279,0.04,0.00176589117462124));
#8789=CARTESIAN_POINT('',(-0.00756487484171768,0.04,0.00171204240218826));
#8790=CARTESIAN_POINT('',(-0.00752795737881964,0.04,0.00166077347974299));
#8791=CARTESIAN_POINT('',(-0.00748573141008386,0.04,0.00161268768642605));
#8792=CARTESIAN_POINT('',(-0.00743935774165839,0.04,0.00156895703499207));
#8793=CARTESIAN_POINT('',(-0.00739027834278393,0.04,0.00152999608825287));
#8794=CARTESIAN_POINT('',(-0.00733792037927463,0.04,0.00149761650064375));
#8795=CARTESIAN_POINT('',(-0.00728335261017472,0.04,0.00147071874309202));
#8796=CARTESIAN_POINT('',(-0.00722579054704448,0.04,0.00145031985321952));
#8797=CARTESIAN_POINT('',(-0.00716588924536146,0.04,0.00143546536524798));
#8798=CARTESIAN_POINT('',(-0.00710322887079763,0.04,0.00142631994167377));
#8799=CARTESIAN_POINT('',(-0.00706057795846299,0.04,0.00142523191719731));
#8800=CARTESIAN_POINT('',(-0.00703892252260579,0.04,0.00142467948717949));
#8801=CARTESIAN_POINT('',(-0.00703892252260579,0.04,0.00142467948717949));
#8802=CARTESIAN_POINT('',(-0.00703892252260579,0.04,0.00142467948717949));
#8803=CARTESIAN_POINT('',(-0.00700930814691328,0.04,0.00142572840726387));
#8804=CARTESIAN_POINT('',(-0.00695118113496358,0.04,0.00142778722460691));
#8805=CARTESIAN_POINT('',(-0.00686625214132938,0.04,0.00144435680409294));
#8806=CARTESIAN_POINT('',(-0.00678594789828448,0.04,0.00147160758065428));
#8807=CARTESIAN_POINT('',(-0.00671047954291197,0.04,0.00150960378946002));
#8808=CARTESIAN_POINT('',(-0.00664093268633608,0.04,0.00155746145432505));
#8809=CARTESIAN_POINT('',(-0.00657827414653584,0.04,0.00161497950646904));
#8810=CARTESIAN_POINT('',(-0.00652339511587643,0.04,0.00168180809439497));
#8811=CARTESIAN_POINT('',(-0.00647622122143891,0.04,0.00175642483929541));
#8812=CARTESIAN_POINT('',(-0.0064382814849957,0.04,0.00183707166614052));
#8813=CARTESIAN_POINT('',(-0.00641031771755836,0.04,0.00192153794983512));
#8814=CARTESIAN_POINT('',(-0.00639386895099165,0.04,0.00200917648911553));
#8815=CARTESIAN_POINT('',(-0.00639170035878795,0.04,0.00206854455630209));
#8816=CARTESIAN_POINT('',(-0.0063906085535887,0.04,0.00209843416132479));
#8817=CARTESIAN_POINT('',(-0.0063906085535887,0.04,0.00209843416132479));
#8818=CARTESIAN_POINT('',(-0.0063906085535887,0.04,0.00209843416132479));
#8819=CARTESIAN_POINT('',(-0.00639171138920437,0.04,0.00212775925308073));
#8820=CARTESIAN_POINT('',(-0.00639389048843248,0.04,0.00218570287033622));
#8821=CARTESIAN_POINT('',(-0.00640998970744348,0.04,0.00227102304052208));
#8822=CARTESIAN_POINT('',(-0.00643683409339115,0.04,0.00235281378018419));
#8823=CARTESIAN_POINT('',(-0.00647410177491641,0.04,0.00243043157406363));
#8824=CARTESIAN_POINT('',(-0.00652111871340143,0.04,0.00250192578325667));
#8825=CARTESIAN_POINT('',(-0.00657668127667033,0.04,0.00256646283870987));
#8826=CARTESIAN_POINT('',(-0.00664141552958372,0.04,0.00262231378470704));
#8827=CARTESIAN_POINT('',(-0.00671355080001636,0.04,0.00266938261332376));
#8828=CARTESIAN_POINT('',(-0.00679106287883497,0.04,0.00270716106620515));
#8829=CARTESIAN_POINT('',(-0.00687196988567724,0.04,0.00273441934128473));
#8830=CARTESIAN_POINT('',(-0.00695569245806016,0.04,0.00275119877502167));
#8831=CARTESIAN_POINT('',(-0.00701241576835515,0.04,0.00275331323012915));
#8832=CARTESIAN_POINT('',(-0.00704104258136648,0.04,0.00275438034188034));
#8833=CARTESIAN_POINT('',(-0.00704104258136648,0.04,0.00275438034188034));
#8834=CARTESIAN_POINT('',(-0.00704104258136648,0.04,0.00275438034188034));
#8835=CARTESIAN_POINT('',(-0.00706326559095917,0.04,0.0027536764875856));
#8836=CARTESIAN_POINT('',(-0.00710833940709653,0.04,0.0027522488952095));
#8837=CARTESIAN_POINT('',(-0.00717675607499619,0.04,0.00274199318223008));
#8838=CARTESIAN_POINT('',(-0.00724665967642689,0.04,0.00272538286038246));
#8839=CARTESIAN_POINT('',(-0.00730590425184745,0.04,0.00270611559530626));
#8840=CARTESIAN_POINT('',(-0.00735433888894879,0.04,0.00268638586107607));
#8841=CARTESIAN_POINT('',(-0.00739320891030352,0.04,0.00266941101653367));
#8842=CARTESIAN_POINT('',(-0.00743377281955322,0.04,0.00264965359560052));
#8843=CARTESIAN_POINT('',(-0.0074757324879709,0.04,0.00262618467371861));
#8844=CARTESIAN_POINT('',(-0.00752019187079049,0.04,0.00260164876697608));
#8845=CARTESIAN_POINT('',(-0.00756618002808915,0.04,0.00257375098732886));
#8846=CARTESIAN_POINT('',(-0.007613953944205,0.04,0.00254334036364821));
#8847=CARTESIAN_POINT('',(-0.00764615479516725,0.04,0.00252167018325596));
#8848=CARTESIAN_POINT('',(-0.00766264380999896,0.04,0.00251057358440171));
#8849=CARTESIAN_POINT('',(-0.00766264380999896,0.04,0.000882368456196582));
#8850=CARTESIAN_POINT('',(-0.00766264380999896,0.04,0.000882368456196582));
#8851=CARTESIAN_POINT('',(-0.00861582222880237,0.04,0.000230662393162393));
#8852=CARTESIAN_POINT('',(-0.00861582222880237,0.04,0.000230662393162393));
#8853=CARTESIAN_POINT('',(-0.00851024330252032,0.04,7.88661858974358E-5));
#8854=CARTESIAN_POINT('',(-0.00851024330252032,0.04,7.88661858974363E-5));
#8855=CARTESIAN_POINT('',(-0.00764992345743485,0.04,0.000667394497863248));
#8856=CARTESIAN_POINT('',(-0.00599626740145226,0.04,0.000435684467136788));
#8857=CARTESIAN_POINT('',(-0.00766603590401605,0.04,0.000444788327991453));
#8858=CARTESIAN_POINT('',(-0.00766603590401605,0.04,0.000444788327991453));
#8859=CARTESIAN_POINT('',(-0.00766546508902791,0.04,0.000422568751820628));
#8860=CARTESIAN_POINT('',(-0.00766434462912276,0.04,0.00037895366685198));
#8861=CARTESIAN_POINT('',(-0.0076555138252245,0.04,0.000314821021155952));
#8862=CARTESIAN_POINT('',(-0.00764175881579281,0.04,0.0002531058962538));
#8863=CARTESIAN_POINT('',(-0.00762170994932705,0.04,0.00019404336640141));
#8864=CARTESIAN_POINT('',(-0.0075960869715528,0.04,0.00013768604641611));
#8865=CARTESIAN_POINT('',(-0.00756487484171768,0.04,8.38372739831322E-5));
#8866=CARTESIAN_POINT('',(-0.00752795737881964,0.04,3.25683515378636E-5));
#8867=CARTESIAN_POINT('',(-0.00748573141008386,0.04,-1.55174417790744E-5));
#8868=CARTESIAN_POINT('',(-0.00743935774165839,0.04,-5.92480932130573E-5));
#8869=CARTESIAN_POINT('',(-0.00739027834278393,0.04,-9.82090399522555E-5));
#8870=CARTESIAN_POINT('',(-0.00733792037927463,0.04,-0.000130588627561381));
#8871=CARTESIAN_POINT('',(-0.00728335261017472,0.04,-0.000157486385113112));
#8872=CARTESIAN_POINT('',(-0.00722579054704448,0.04,-0.000177885274985611));
#8873=CARTESIAN_POINT('',(-0.00716588924536146,0.04,-0.000192739762957147));
#8874=CARTESIAN_POINT('',(-0.00710322887079763,0.04,-0.000201885186531358));
#8875=CARTESIAN_POINT('',(-0.00706057795846299,0.04,-0.00020297321100782));
#8876=CARTESIAN_POINT('',(-0.00703892252260579,0.04,-0.000203525641025641));
#8877=CARTESIAN_POINT('',(-0.00703892252260579,0.04,-0.000203525641025641));
#8878=CARTESIAN_POINT('',(-0.00703892252260579,0.04,-0.000203525641025641));
#8879=CARTESIAN_POINT('',(-0.00700930814691328,0.04,-0.000202476720941259));
#8880=CARTESIAN_POINT('',(-0.00695118113496358,0.04,-0.000200417903598215));
#8881=CARTESIAN_POINT('',(-0.00686625214132938,0.04,-0.000183848324112183));
#8882=CARTESIAN_POINT('',(-0.00678594789828448,0.04,-0.000156597547550852));
#8883=CARTESIAN_POINT('',(-0.00671047954291197,0.04,-0.000118601338745105));
#8884=CARTESIAN_POINT('',(-0.00664093268633609,0.04,-7.07436738800805E-5));
#8885=CARTESIAN_POINT('',(-0.00657827414653584,0.04,-1.32256217360925E-5));
#8886=CARTESIAN_POINT('',(-0.00652339511587643,0.04,5.36029661898458E-5));
#8887=CARTESIAN_POINT('',(-0.00647622122143891,0.04,0.000128219711090285));
#8888=CARTESIAN_POINT('',(-0.0064382814849957,0.04,0.000208866537935392));
#8889=CARTESIAN_POINT('',(-0.00641031771755836,0.04,0.00029333282162999));
#8890=CARTESIAN_POINT('',(-0.00639386895099165,0.04,0.000380971360910397));
#8891=CARTESIAN_POINT('',(-0.00639170035878795,0.04,0.000440339428096962));
#8892=CARTESIAN_POINT('',(-0.0063906085535887,0.04,0.000470229033119658));
#8893=CARTESIAN_POINT('',(-0.0063906085535887,0.04,0.000470229033119658));
#8894=CARTESIAN_POINT('',(-0.0063906085535887,0.04,0.000470229033119658));
#8895=CARTESIAN_POINT('',(-0.00639171138920437,0.04,0.000499554124875598));
#8896=CARTESIAN_POINT('',(-0.00639389048843248,0.04,0.000557497742131087));
#8897=CARTESIAN_POINT('',(-0.00640998970744348,0.04,0.000642817912316955));
#8898=CARTESIAN_POINT('',(-0.00643683409339115,0.04,0.000724608651979066));
#8899=CARTESIAN_POINT('',(-0.00647410177491641,0.04,0.000802226445858498));
#8900=CARTESIAN_POINT('',(-0.00652111871340143,0.04,0.000873720655051545));
#8901=CARTESIAN_POINT('',(-0.00657668127667033,0.04,0.000938257710504744));
#8902=CARTESIAN_POINT('',(-0.00664141552958372,0.04,0.00099410865650191));
#8903=CARTESIAN_POINT('',(-0.00671355080001636,0.04,0.00104117748511863));
#8904=CARTESIAN_POINT('',(-0.00679106287883497,0.04,0.00107895593800002));
#8905=CARTESIAN_POINT('',(-0.00687196988567724,0.04,0.0011062142130796));
#8906=CARTESIAN_POINT('',(-0.00695569245806016,0.04,0.00112299364681655));
#8907=CARTESIAN_POINT('',(-0.00701241576835515,0.04,0.00112510810192402));
#8908=CARTESIAN_POINT('',(-0.00704104258136648,0.04,0.00112617521367521));
#8909=CARTESIAN_POINT('',(-0.00704104258136648,0.04,0.00112617521367521));
#8910=CARTESIAN_POINT('',(-0.00704104258136648,0.04,0.00112617521367521));
#8911=CARTESIAN_POINT('',(-0.00706326559095916,0.04,0.00112547135938047));
#8912=CARTESIAN_POINT('',(-0.00710833940709653,0.04,0.00112404376700437));
#8913=CARTESIAN_POINT('',(-0.00717675607499619,0.04,0.00111378805402495));
#8914=CARTESIAN_POINT('',(-0.00724665967642689,0.04,0.00109717773217733));
#8915=CARTESIAN_POINT('',(-0.00730590425184745,0.04,0.00107791046710113));
#8916=CARTESIAN_POINT('',(-0.00735433888894879,0.04,0.00105818073287095));
#8917=CARTESIAN_POINT('',(-0.00739320891030352,0.04,0.00104120588832854));
#8918=CARTESIAN_POINT('',(-0.00743377281955323,0.04,0.00102144846739539));
#8919=CARTESIAN_POINT('',(-0.0074757324879709,0.04,0.000997979545513485));
#8920=CARTESIAN_POINT('',(-0.00752019187079049,0.04,0.000973443638770955));
#8921=CARTESIAN_POINT('',(-0.00756618002808915,0.04,0.000945545859123732));
#8922=CARTESIAN_POINT('',(-0.007613953944205,0.04,0.000915135235443085));
#8923=CARTESIAN_POINT('',(-0.00764615479516725,0.04,0.000893465055050832));
#8924=CARTESIAN_POINT('',(-0.00766264380999896,0.04,0.000882368456196582));
#8925=CARTESIAN_POINT('',(-0.0063906085535887,0.04,-0.00237573784722222));
#8926=CARTESIAN_POINT('',(-0.00639095813225265,0.04,-0.00235382217764908));
#8927=CARTESIAN_POINT('',(-0.00639165130566341,0.04,-0.00231036598025019));
#8928=CARTESIAN_POINT('',(-0.00639648083914563,0.04,-0.00224570371674859));
#8929=CARTESIAN_POINT('',(-0.00640405076868188,0.04,-0.00218216822812764));
#8930=CARTESIAN_POINT('',(-0.00641463604746999,0.04,-0.002119440795597));
#8931=CARTESIAN_POINT('',(-0.00642863865495488,0.04,-0.00205776025908249));
#8932=CARTESIAN_POINT('',(-0.00644570378168318,0.04,-0.00199693974563446));
#8933=CARTESIAN_POINT('',(-0.00646546190086545,0.04,-0.00193709428785374));
#8934=CARTESIAN_POINT('',(-0.00648904426889934,0.04,-0.00187829508119532));
#8935=CARTESIAN_POINT('',(-0.00651580624836022,0.04,-0.00182014235736596));
#8936=CARTESIAN_POINT('',(-0.00654593176356048,0.04,-0.00176231396608384));
#8937=CARTESIAN_POINT('',(-0.00657993443387827,0.04,-0.00170500716874156));
#8938=CARTESIAN_POINT('',(-0.00661791563929021,0.04,-0.0016481226746945));
#8939=CARTESIAN_POINT('',(-0.00665922293887818,0.04,-0.00159130174991045));
#8940=CARTESIAN_POINT('',(-0.00670503778137382,0.04,-0.00153544313319818));
#8941=CARTESIAN_POINT('',(-0.00675355344758678,0.04,-0.00147919849539625));
#8942=CARTESIAN_POINT('',(-0.00678843743505345,0.04,-0.00144303263633625));
#8943=CARTESIAN_POINT('',(-0.00680614007068272,0.04,-0.00142467948717949));
#8944=CARTESIAN_POINT('',(-0.0063906085535887,0.04,-0.00237573784722222));
#8945=CARTESIAN_POINT('',(-0.00680614007068272,0.04,-0.00142467948717949));
#8946=CARTESIAN_POINT('',(-0.00680614007068272,0.04,-0.00142467948717949));
#8947=CARTESIAN_POINT('',(-0.00696048034846049,0.04,-0.0015875));
#8948=CARTESIAN_POINT('',(-0.00696048034846049,0.04,-0.0015875));
#8949=CARTESIAN_POINT('',(-0.0069328109666595,0.04,-0.00161714177597478));
#8950=CARTESIAN_POINT('',(-0.00687827888533727,0.04,-0.00167556114181453));
#8951=CARTESIAN_POINT('',(-0.00680662192014689,0.04,-0.00177018625742332));
#8952=CARTESIAN_POINT('',(-0.00674631460061721,0.04,-0.00186944475042213));
#8953=CARTESIAN_POINT('',(-0.00669639163409211,0.04,-0.00197186029391901));
#8954=CARTESIAN_POINT('',(-0.00665691926064898,0.04,-0.0020756046244448));
#8955=CARTESIAN_POINT('',(-0.00662896786899263,0.04,-0.00217901372117846));
#8956=CARTESIAN_POINT('',(-0.00661086510198255,0.04,-0.00228097111669839));
#8957=CARTESIAN_POINT('',(-0.00660874795159336,0.04,-0.00234867032654118));
#8958=CARTESIAN_POINT('',(-0.00660770257068272,0.04,-0.00238209802350427));
#8959=CARTESIAN_POINT('',(-0.00660770257068272,0.04,-0.00238209802350427));
#8960=CARTESIAN_POINT('',(-0.00660770257068272,0.04,-0.00238209802350427));
#8961=CARTESIAN_POINT('',(-0.00660795307317248,0.04,-0.00240260822691904));
#8962=CARTESIAN_POINT('',(-0.00660845342846271,0.04,-0.00244357543962718));
#8963=CARTESIAN_POINT('',(-0.00661482467042428,0.04,-0.00250442947149217));
#8964=CARTESIAN_POINT('',(-0.00662401644106471,0.04,-0.00256463714873717));
#8965=CARTESIAN_POINT('',(-0.00663717914343016,0.04,-0.00262399084699453));
#8966=CARTESIAN_POINT('',(-0.00665427526902731,0.04,-0.0026827265485887));
#8967=CARTESIAN_POINT('',(-0.00667491628811363,0.04,-0.00274071359358466));
#8968=CARTESIAN_POINT('',(-0.00669976368209889,0.04,-0.00279784005091978));
#8969=CARTESIAN_POINT('',(-0.00672809194917399,0.04,-0.00285380545182963));
#8970=CARTESIAN_POINT('',(-0.00675901704783949,0.04,-0.00290833845598337));
#8971=CARTESIAN_POINT('',(-0.0067935071974225,0.04,-0.00295962767722349));
#8972=CARTESIAN_POINT('',(-0.00683050324848968,0.04,-0.0030078839883298));
#8973=CARTESIAN_POINT('',(-0.00687048222028791,0.04,-0.00305277715207318));
#8974=CARTESIAN_POINT('',(-0.00691280871167461,0.04,-0.00309488135931963));
#8975=CARTESIAN_POINT('',(-0.00695805863856588,0.04,-0.0031336495578379));
#8976=CARTESIAN_POINT('',(-0.00700590356351178,0.04,-0.00316927619946505));
#8977=CARTESIAN_POINT('',(-0.00705633906771937,0.04,-0.00320135073881711));
#8978=CARTESIAN_POINT('',(-0.00710821865506721,0.04,-0.00322998923234572));
#8979=CARTESIAN_POINT('',(-0.00716106910221494,0.04,-0.00325532104131513));
#8980=CARTESIAN_POINT('',(-0.00721483532588374,0.04,-0.00327637884101407));
#8981=CARTESIAN_POINT('',(-0.00726920590498399,0.04,-0.0032938536197102));
#8982=CARTESIAN_POINT('',(-0.00732429420189693,0.04,-0.00330754387113528));
#8983=CARTESIAN_POINT('',(-0.00738010165816416,0.04,-0.00331733835547639));
#8984=CARTESIAN_POINT('',(-0.00743681876610102,0.04,-0.00332282121618784));
#8985=CARTESIAN_POINT('',(-0.00747479562694935,0.04,-0.00332377344023845));
#8986=CARTESIAN_POINT('',(-0.00749388713264853,0.04,-0.00332425213675214));
#8987=CARTESIAN_POINT('',(-0.00749388713264853,0.04,-0.00332425213675214));
#8988=CARTESIAN_POINT('',(-0.00749388713264853,0.04,-0.00332425213675214));
#8989=CARTESIAN_POINT('',(-0.00751340220390994,0.04,-0.00332379103464));
#8990=CARTESIAN_POINT('',(-0.00755237905726616,0.04,-0.00332287008953218));
#8991=CARTESIAN_POINT('',(-0.00761056983933719,0.04,-0.00331708871099796));
#8992=CARTESIAN_POINT('',(-0.00766778481592387,0.04,-0.00330602267571649));
#8993=CARTESIAN_POINT('',(-0.00772466050625448,0.04,-0.00329239101514814));
#8994=CARTESIAN_POINT('',(-0.00778046007870923,0.04,-0.0032734053666752));
#8995=CARTESIAN_POINT('',(-0.00783580838348848,0.04,-0.00325102033004936));
#8996=CARTESIAN_POINT('',(-0.00789019906368635,0.04,-0.00322418622893309));
#8997=CARTESIAN_POINT('',(-0.0079433012155728,0.04,-0.00319321790731026));
#8998=CARTESIAN_POINT('',(-0.00799502079294813,0.04,-0.00315923386677767));
#8999=CARTESIAN_POINT('',(-0.00804374051977962,0.04,-0.00312116955951978));
#9000=CARTESIAN_POINT('',(-0.00809010676970841,0.04,-0.00308073448707051));
#9001=CARTESIAN_POINT('',(-0.00813309071226324,0.04,-0.00303645759998265));
#9002=CARTESIAN_POINT('',(-0.0081738419180478,0.04,-0.00298975813793625));
#9003=CARTESIAN_POINT('',(-0.00821123768816423,0.04,-0.0029392410062663));
#9004=CARTESIAN_POINT('',(-0.00824599832738397,0.04,-0.00288589951643497));
#9005=CARTESIAN_POINT('',(-0.00827768574638965,0.04,-0.00282965229832378));
#9006=CARTESIAN_POINT('',(-0.00830599376555768,0.04,-0.00277110966309236));
#9007=CARTESIAN_POINT('',(-0.00833116631227316,0.04,-0.00271108296007027));
#9008=CARTESIAN_POINT('',(-0.00835189714957925,0.04,-0.00264938042395413));
#9009=CARTESIAN_POINT('',(-0.00836879305057818,0.04,-0.0025863263211685));
#9010=CARTESIAN_POINT('',(-0.00838264227794424,0.04,-0.00252199581877414));
#9011=CARTESIAN_POINT('',(-0.00839155192081917,0.04,-0.00245606237618445));
#9012=CARTESIAN_POINT('',(-0.0083980173280825,0.04,-0.0023890107858755));
#9013=CARTESIAN_POINT('',(-0.00839849005236025,0.04,-0.00234381170837829));
#9014=CARTESIAN_POINT('',(-0.00839872821170836,0.04,-0.00232104033119658));
#9015=CARTESIAN_POINT('',(-0.00839872821170836,0.04,-0.00232104033119658));
#9016=CARTESIAN_POINT('',(-0.00839872821170836,0.04,-0.00232104033119658));
#9017=CARTESIAN_POINT('',(-0.00839815454896086,0.04,-0.00229359723537539));
#9018=CARTESIAN_POINT('',(-0.00839702806895509,0.04,-0.00223970825814295));
#9019=CARTESIAN_POINT('',(-0.0083882588453262,0.04,-0.00216049264915616));
#9020=CARTESIAN_POINT('',(-0.00837456293089104,0.04,-0.00208441173864666));
#9021=CARTESIAN_POINT('',(-0.00835450544694865,0.04,-0.00201167934148091));
#9022=CARTESIAN_POINT('',(-0.00832892184337924,0.04,-0.0019422108575374));
#9023=CARTESIAN_POINT('',(-0.00829808160140526,0.04,-0.00187575207356985));
#9024=CARTESIAN_POINT('',(-0.00826080287882067,0.04,-0.0018128245497829));
#9025=CARTESIAN_POINT('',(-0.00821872481826647,0.04,-0.00175324539501119));
#9026=CARTESIAN_POINT('',(-0.00817185572490472,0.04,-0.00169834459301739));
#9027=CARTESIAN_POINT('',(-0.00812123862320761,0.04,-0.00164889385631299));
#9028=CARTESIAN_POINT('',(-0.00806736874917664,0.04,-0.00160542751395652));
#9029=CARTESIAN_POINT('',(-0.0080097702910379,0.04,-0.00156830713142812));
#9030=CARTESIAN_POINT('',(-0.00794936429100978,0.04,-0.00153632816417971));
#9031=CARTESIAN_POINT('',(-0.00788507503705135,0.04,-0.00151082633440077));
#9032=CARTESIAN_POINT('',(-0.00781763142713526,0.04,-0.00149109995235903));
#9033=CARTESIAN_POINT('',(-0.00777100549725052,0.04,-0.0014830304048019));
#9034=CARTESIAN_POINT('',(-0.00774744616042631,0.04,-0.00147895299145299));
#9035=CARTESIAN_POINT('',(-0.00774744616042631,0.04,-0.00147895299145299));
#9036=CARTESIAN_POINT('',(-0.00774744616042631,0.04,-0.00147895299145299));
#9037=CARTESIAN_POINT('',(-0.00774744616042631,0.04,-0.00218450854700855));
#9038=CARTESIAN_POINT('',(-0.00774744616042631,0.04,-0.00218450854700855));
#9039=CARTESIAN_POINT('',(-0.00753035214333229,0.04,-0.00218450854700855));
#9040=CARTESIAN_POINT('',(-0.00753035214333229,0.04,-0.00218450854700855));
#9041=CARTESIAN_POINT('',(-0.00753035214333229,0.04,-0.00128899572649573));
#9042=CARTESIAN_POINT('',(-0.00753035214333229,0.04,-0.00128899572649573));
#9043=CARTESIAN_POINT('',(-0.00757081524371442,0.04,-0.00129002735861061));
#9044=CARTESIAN_POINT('',(-0.00765000884039717,0.04,-0.00129204644901298));
#9045=CARTESIAN_POINT('',(-0.00776550038514003,0.04,-0.00130620931705135));
#9046=CARTESIAN_POINT('',(-0.0078745823139525,0.04,-0.00132907930304099));
#9047=CARTESIAN_POINT('',(-0.00797736950491195,0.04,-0.00136032149164338));
#9048=CARTESIAN_POINT('',(-0.00807371629672159,0.04,-0.00140076511354018));
#9049=CARTESIAN_POINT('',(-0.00816372051100705,0.04,-0.00144997611884063));
#9050=CARTESIAN_POINT('',(-0.00824680069419797,0.04,-0.0015087421158665));
#9051=CARTESIAN_POINT('',(-0.00832363509162071,0.04,-0.00157496985906516));
#9052=CARTESIAN_POINT('',(-0.00839217228183963,0.04,-0.00164929507163099));
#9053=CARTESIAN_POINT('',(-0.00845241015859706,0.04,-0.00172970942752219));
#9054=CARTESIAN_POINT('',(-0.00850315126406707,0.04,-0.00181634578457347));
#9055=CARTESIAN_POINT('',(-0.00854443271228278,0.04,-0.00190912219196001));
#9056=CARTESIAN_POINT('',(-0.00857665079492177,0.04,-0.00200773493027791));
#9057=CARTESIAN_POINT('',(-0.00859949360558276,0.04,-0.00211241218852552));
#9058=CARTESIAN_POINT('',(-0.00861317934532142,0.04,-0.00222301201370119));
#9059=CARTESIAN_POINT('',(-0.00861492794143534,0.04,-0.00229881086115331));
#9060=CARTESIAN_POINT('',(-0.00861582222880237,0.04,-0.00233757678952991));
#9061=CARTESIAN_POINT('',(-0.00861582222880237,0.04,-0.00233757678952991));
#9062=CARTESIAN_POINT('',(-0.00861582222880237,0.04,-0.00233757678952991));
#9063=CARTESIAN_POINT('',(-0.00861547804596205,0.04,-0.00236147101425001));
#9064=CARTESIAN_POINT('',(-0.0086147992064726,0.04,-0.0024085981263819));
#9065=CARTESIAN_POINT('',(-0.00860997481064648,0.04,-0.00247820073526426));
#9066=CARTESIAN_POINT('',(-0.00860254798593371,0.04,-0.00254588424866124));
#9067=CARTESIAN_POINT('',(-0.00859133260173549,0.04,-0.00261163880641849));
#9068=CARTESIAN_POINT('',(-0.00857759564422122,0.04,-0.00267570628002183));
#9069=CARTESIAN_POINT('',(-0.00856000510476875,0.04,-0.00273776669566571));
#9070=CARTESIAN_POINT('',(-0.00853964355802038,0.04,-0.00279805646347557));
#9071=CARTESIAN_POINT('',(-0.00851648379358649,0.04,-0.00285666876907802));
#9072=CARTESIAN_POINT('',(-0.00848964950598219,0.04,-0.00291307161403704));
#9073=CARTESIAN_POINT('',(-0.00845982891448236,0.04,-0.00296751622192018));
#9074=CARTESIAN_POINT('',(-0.00842717578679211,0.04,-0.00302030354557932));
#9075=CARTESIAN_POINT('',(-0.00839112541818691,0.04,-0.00307107401201692));
#9076=CARTESIAN_POINT('',(-0.00835194745417928,0.04,-0.00312009215452823));
#9077=CARTESIAN_POINT('',(-0.00830956336984391,0.04,-0.00316704190375625));
#9078=CARTESIAN_POINT('',(-0.0082641027402868,0.04,-0.00321218609668273));
#9079=CARTESIAN_POINT('',(-0.00823182114876724,0.04,-0.00324046504368144));
#9080=CARTESIAN_POINT('',(-0.00821555513478528,0.04,-0.00325471420940171));
#9081=CARTESIAN_POINT('',(-0.00821555513478528,0.04,-0.00325471420940171));
#9082=CARTESIAN_POINT('',(-0.00751769194543126,0.04,-0.00244574429240856));
#9083=CARTESIAN_POINT('',(-0.00750236736769126,0.04,-0.0035142094017094));
#9084=CARTESIAN_POINT('',(-0.00750236736769126,0.04,-0.0035142094017094));
#9085=CARTESIAN_POINT('',(-0.00747747184809079,0.04,-0.00351388665221017));
#9086=CARTESIAN_POINT('',(-0.00742799721573704,0.04,-0.00351324525516071));
#9087=CARTESIAN_POINT('',(-0.00735454061184507,0.04,-0.00350550170221516));
#9088=CARTESIAN_POINT('',(-0.00728240650472041,0.04,-0.00349432522936833));
#9089=CARTESIAN_POINT('',(-0.00721152808507608,0.04,-0.00347813655642443));
#9090=CARTESIAN_POINT('',(-0.00714222009572746,0.04,-0.0034568362557672));
#9091=CARTESIAN_POINT('',(-0.0070739497009285,0.04,-0.00343125565016065));
#9092=CARTESIAN_POINT('',(-0.00700699081942033,0.04,-0.00340129259760419));
#9093=CARTESIAN_POINT('',(-0.00694193297766349,0.04,-0.00336633016171015));
#9094=CARTESIAN_POINT('',(-0.00687881321466823,0.04,-0.00332826165832588));
#9095=CARTESIAN_POINT('',(-0.00681956396996552,0.04,-0.00328549979191034));
#9096=CARTESIAN_POINT('',(-0.00676316018014788,0.04,-0.0032401502015776));
#9097=CARTESIAN_POINT('',(-0.00671062352883519,0.04,-0.00319093072591845));
#9098=CARTESIAN_POINT('',(-0.00666172522965581,0.04,-0.00313812019303131));
#9099=CARTESIAN_POINT('',(-0.00661628410604382,0.04,-0.00308201102169754));
#9100=CARTESIAN_POINT('',(-0.00657418401634253,0.04,-0.00302263063133984));
#9101=CARTESIAN_POINT('',(-0.00653610293937212,0.04,-0.00295977311811761));
#9102=CARTESIAN_POINT('',(-0.00650189523220419,0.04,-0.00289438184973436));
#9103=CARTESIAN_POINT('',(-0.00647190561537918,0.04,-0.00282661216666933));
#9104=CARTESIAN_POINT('',(-0.00644712045413465,0.04,-0.00275648513570079));
#9105=CARTESIAN_POINT('',(-0.00642609060054669,0.04,-0.00268452603745624));
#9106=CARTESIAN_POINT('',(-0.00641053906215979,0.04,-0.00261019021689515));
#9107=CARTESIAN_POINT('',(-0.00639926101164915,0.04,-0.00253401710615153));
#9108=CARTESIAN_POINT('',(-0.00639154388701966,0.04,-0.00245560965754882));
#9109=CARTESIAN_POINT('',(-0.00639092324661181,0.04,-0.00240261072551483));
#9110=CARTESIAN_POINT('',(-0.0063906085535887,0.04,-0.00237573784722222));
#9111=CARTESIAN_POINT('',(-0.00856154872452887,0.04,-0.00600951856303419));
#9112=CARTESIAN_POINT('',(-0.00856154872452887,0.04,-0.00600951856303419));
#9113=CARTESIAN_POINT('',(-0.00856154872452887,0.04,-0.00620074786324786));
#9114=CARTESIAN_POINT('',(-0.00856154872452887,0.04,-0.00620074786324786));
#9115=CARTESIAN_POINT('',(-0.0064448820578622,0.04,-0.00592132411858974));
#9116=CARTESIAN_POINT('',(-0.0064448820578622,0.04,-0.00592132411858974));
#9117=CARTESIAN_POINT('',(-0.0064448820578622,0.04,-0.00589418736645299));
#9118=CARTESIAN_POINT('',(-0.0064448820578622,0.04,-0.00589418736645299));
#9119=CARTESIAN_POINT('',(-0.00818163419461434,0.04,-0.00502029914529914));
#9120=CARTESIAN_POINT('',(-0.00818163419461434,0.04,-0.00502029914529914));
#9121=CARTESIAN_POINT('',(-0.0064448820578622,0.04,-0.00414853098290598));
#9122=CARTESIAN_POINT('',(-0.0064448820578622,0.04,-0.00414853098290598));
#9123=CARTESIAN_POINT('',(-0.0064448820578622,0.04,-0.00412097021901709));
#9124=CARTESIAN_POINT('',(-0.0064448820578622,0.04,-0.00412097021901709));
#9125=CARTESIAN_POINT('',(-0.00856154872452887,0.04,-0.00383985042735043));
#9126=CARTESIAN_POINT('',(-0.00856154872452887,0.04,-0.00383985042735043));
#9127=CARTESIAN_POINT('',(-0.00856154872452887,0.04,-0.00403065571581196));
#9128=CARTESIAN_POINT('',(-0.00856154872452887,0.04,-0.00403065571581196));
#9129=CARTESIAN_POINT('',(-0.00703849851085366,0.04,-0.00423333333333333));
#9130=CARTESIAN_POINT('',(-0.00703849851085366,0.04,-0.00423333333333333));
#9131=CARTESIAN_POINT('',(-0.00856154872452887,0.04,-0.00499740251068376));
#9132=CARTESIAN_POINT('',(-0.00856154872452887,0.04,-0.00499740251068376));
#9133=CARTESIAN_POINT('',(-0.00856154872452887,0.04,-0.00504022769764957));
#9134=CARTESIAN_POINT('',(-0.00856154872452887,0.04,-0.00504022769764957));
#9135=CARTESIAN_POINT('',(-0.00703510641683656,0.04,-0.00580726495726495));
#9136=CARTESIAN_POINT('',(-0.00703510641683656,0.04,-0.00580726495726495));
#9137=CARTESIAN_POINT('',(-0.0132,0.04,0.0079));
#9138=CARTESIAN_POINT('',(-0.0132,0.04,0.0079));
#9139=CARTESIAN_POINT('',(-0.0024,0.04,0.0079));
#9140=CARTESIAN_POINT('',(-0.0024,0.04,0.0079));
#9141=CARTESIAN_POINT('',(-0.0024,0.04,-0.0079));
#9142=CARTESIAN_POINT('',(-0.0132,0.04,-0.0079));
#9143=CARTESIAN_POINT('',(-0.0132,0.04,-0.0079));
#9144=CARTESIAN_POINT('',(-0.0132,0.04,0.0079));
#9145=CARTESIAN_POINT('',(0.,0.0328,0.));
#9146=CARTESIAN_POINT('',(-0.0268,0.0328,-4.89374622696615E-18));
#9147=CARTESIAN_POINT('',(-0.0268,0.0328,0.00625));
#9148=CARTESIAN_POINT('',(-0.0268,0.0328,0.008));
#9149=CARTESIAN_POINT('',(-0.0253,0.0328,0.008));
#9150=CARTESIAN_POINT('',(-0.0253,0.0328,0.0095));
#9151=CARTESIAN_POINT('',(0.,0.0328,0.0095));
#9152=CARTESIAN_POINT('',(-0.02,0.0328,0.0095));
#9153=CARTESIAN_POINT('',(-0.02,0.0328,0.));
#9154=CARTESIAN_POINT('',(-0.02,0.0328,0.0005));
#9155=CARTESIAN_POINT('',(-0.02,0.0328,0.0005));
#9156=CARTESIAN_POINT('',(-0.0268,0.0328,0.0005));
#9157=CARTESIAN_POINT('',(-0.0268,0.0328,-4.89374622696615E-18));
#9158=CARTESIAN_POINT('',(-0.0268,0.0328,0.00375));
#9159=CARTESIAN_POINT('',(-1.01643953670516E-18,0.0328,0.00375));
#9160=CARTESIAN_POINT('',(-0.0262103866990232,0.0328,0.00375));
#9161=CARTESIAN_POINT('',(-0.0244,0.0328,0.005));
#9162=CARTESIAN_POINT('',(-0.0262103866990232,0.0328,0.00625));
#9163=CARTESIAN_POINT('',(0.,0.0328,0.00625));
#9164=CARTESIAN_POINT('',(0.02,0.038,-0.01));
#9165=CARTESIAN_POINT('',(0.02,0.0343,-0.0005));
#9166=CARTESIAN_POINT('',(0.02,0.0343,-0.0005));
#9167=CARTESIAN_POINT('',(0.02,0.0328,-0.0005));
#9168=CARTESIAN_POINT('',(0.02,0.0328,0.));
#9169=CARTESIAN_POINT('',(0.02,0.0328,-0.0095));
#9170=CARTESIAN_POINT('',(0.02,0.038,-0.0095));
#9171=CARTESIAN_POINT('',(0.02,0.038,-0.0095));
#9172=CARTESIAN_POINT('',(0.02,0.038,-0.01));
#9173=CARTESIAN_POINT('',(0.02,0.038,0.));
#9174=CARTESIAN_POINT('',(0.02,0.038,-0.01));
#9175=CARTESIAN_POINT('',(0.02,0.038,0.0095));
#9176=CARTESIAN_POINT('',(0.02,0.038,0.0095));
#9177=CARTESIAN_POINT('',(0.02,0.0328,0.0095));
#9178=CARTESIAN_POINT('',(0.02,0.0328,0.));
#9179=CARTESIAN_POINT('',(0.02,0.0328,0.0005));
#9180=CARTESIAN_POINT('',(0.02,0.0343,0.0005));
#9181=CARTESIAN_POINT('',(0.02,0.0343,0.0005));
#9182=CARTESIAN_POINT('',(0.02,0.0343,-0.0005));
#9183=CARTESIAN_POINT('',(0.,0.0328,0.));
#9184=CARTESIAN_POINT('',(0.0268,0.0328,-4.89374622696615E-18));
#9185=CARTESIAN_POINT('',(0.0268,0.0328,-0.008));
#9186=CARTESIAN_POINT('',(0.0268,0.0328,-0.00625));
#9187=CARTESIAN_POINT('',(0.0253,0.0328,-0.008));
#9188=CARTESIAN_POINT('',(0.0253,0.0328,-0.0095));
#9189=CARTESIAN_POINT('',(0.,0.0328,-0.0095));
#9190=CARTESIAN_POINT('',(0.02,0.0328,-0.0005));
#9191=CARTESIAN_POINT('',(0.0268,0.0328,-0.0005));
#9192=CARTESIAN_POINT('',(0.0268,0.0328,-4.89374622696615E-18));
#9193=CARTESIAN_POINT('',(0.0268,0.0328,-0.00375));
#9194=CARTESIAN_POINT('',(1.01643953670516E-18,0.0328,-0.00375));
#9195=CARTESIAN_POINT('',(0.0262103866990232,0.0328,-0.00375));
#9196=CARTESIAN_POINT('',(0.0244,0.0328,-0.005));
#9197=CARTESIAN_POINT('',(0.0262103866990232,0.0328,-0.00625));
#9198=CARTESIAN_POINT('',(0.,0.0328,-0.00625));
#9199=CARTESIAN_POINT('',(0.02,0.038,-0.01));
#9200=CARTESIAN_POINT('',(0.02,0.0304,0.));
#9201=CARTESIAN_POINT('',(0.02,0.0304,-0.0095));
#9202=CARTESIAN_POINT('',(0.02,0.0304,0.0095));
#9203=CARTESIAN_POINT('',(0.02,0.038,0.0095));
#9204=CARTESIAN_POINT('',(0.02,0.002,0.0095));
#9205=CARTESIAN_POINT('',(0.02,0.002,-0.01));
#9206=CARTESIAN_POINT('',(0.02,0.002,0.00717157287525383));
#9207=CARTESIAN_POINT('',(0.02,0.002,-0.01));
#9208=CARTESIAN_POINT('',(0.02,0.002,-0.00717157287525382));
#9209=CARTESIAN_POINT('',(0.02,0.002,-0.01));
#9210=CARTESIAN_POINT('',(0.02,0.002,-0.0095));
#9211=CARTESIAN_POINT('',(0.02,0.038,-0.0095));
#9212=CARTESIAN_POINT('',(-0.02,0.038,-0.01));
#9213=CARTESIAN_POINT('',(-0.02,0.0304,0.));
#9214=CARTESIAN_POINT('',(-0.02,0.0304,-0.0095));
#9215=CARTESIAN_POINT('',(-0.02,0.0304,0.0095));
#9216=CARTESIAN_POINT('',(-0.02,0.038,-0.0095));
#9217=CARTESIAN_POINT('',(-0.02,0.002,-0.0095));
#9218=CARTESIAN_POINT('',(-0.02,0.002,-0.01));
#9219=CARTESIAN_POINT('',(-0.02,0.002,-0.00717157287525379));
#9220=CARTESIAN_POINT('',(-0.02,0.002,-0.01));
#9221=CARTESIAN_POINT('',(-0.02,0.002,0.00717157287525379));
#9222=CARTESIAN_POINT('',(-0.02,0.002,-0.01));
#9223=CARTESIAN_POINT('',(-0.02,0.002,0.0095));
#9224=CARTESIAN_POINT('',(-0.02,0.038,0.0095));
#9225=CARTESIAN_POINT('',(-0.0014,0.0405,-0.0089));
#9226=CARTESIAN_POINT('',(-0.0014,0.0405,-0.002));
#9227=CARTESIAN_POINT('',(-0.0014,0.0405,-0.002));
#9228=CARTESIAN_POINT('',(-0.0014,0.04,-0.002));
#9229=CARTESIAN_POINT('',(-0.0014,0.04,-0.0089));
#9230=CARTESIAN_POINT('',(-0.0014,0.04,-0.0089));
#9231=CARTESIAN_POINT('',(-0.0014,0.0405,-0.0089));
#9232=CARTESIAN_POINT('',(-0.0014,0.0405,-0.0089));
#9233=CARTESIAN_POINT('',(-0.0014,0.0405,-0.0089));
#9234=CARTESIAN_POINT('',(-0.0014,0.0405,-0.0089));
#9235=CARTESIAN_POINT('',(-0.0014,0.0405,0.002));
#9236=CARTESIAN_POINT('',(-0.0014,0.0405,0.002));
#9237=CARTESIAN_POINT('',(-0.0014,0.04,0.002));
#9238=CARTESIAN_POINT('',(-0.0014,0.0405,-0.0089));
#9239=CARTESIAN_POINT('',(-0.0014,0.0405,0.0089));
#9240=CARTESIAN_POINT('',(-0.0014,0.0405,0.0089));
#9241=CARTESIAN_POINT('',(-0.0014,0.04,0.0089));
#9242=CARTESIAN_POINT('',(-0.0014,0.04,-0.0089));
#9243=CARTESIAN_POINT('',(0.,0.04,0.));
#9244=CARTESIAN_POINT('',(-0.0142,0.04,-0.0089));
#9245=CARTESIAN_POINT('',(-0.0142,0.04,-0.00523450093132096));
#9246=CARTESIAN_POINT('',(-0.0142,0.04,0.00523450093132096));
#9247=CARTESIAN_POINT('',(-0.0147,0.04,-0.00523450093132096));
#9248=CARTESIAN_POINT('',(-0.0143737032569361,0.04,-0.00485564682290207));
#9249=CARTESIAN_POINT('',(-0.0101916666666667,0.04,0.));
#9250=CARTESIAN_POINT('',(-0.0143737032569361,0.04,0.00485564682290207));
#9251=CARTESIAN_POINT('',(-0.0147,0.04,0.00523450093132096));
#9252=CARTESIAN_POINT('',(0.,0.038,0.));
#9253=CARTESIAN_POINT('',(0.01965,0.038,-0.00965));
#9254=CARTESIAN_POINT('',(0.00731159898824598,0.038,-0.00965));
#9255=CARTESIAN_POINT('',(-0.01915,0.038,-0.00965));
#9256=CARTESIAN_POINT('',(0.00731159898824598,0.038,-0.01015));
#9257=CARTESIAN_POINT('',(0.00743961808404379,0.038,-0.00966666666666667));
#9258=CARTESIAN_POINT('',(0.01,0.038,0.));
#9259=CARTESIAN_POINT('',(0.01,0.038,-0.01));
#9260=CARTESIAN_POINT('',(-0.02,0.038,-0.01));
#9261=CARTESIAN_POINT('',(-0.0195,0.038,-0.01));
#9262=CARTESIAN_POINT('',(-0.0195,0.038,-0.0095));
#9263=CARTESIAN_POINT('',(-0.02,0.038,-0.0095));
#9264=CARTESIAN_POINT('',(-0.02,0.038,-0.01));
#9265=CARTESIAN_POINT('',(-0.02,0.038,0.0095));
#9266=CARTESIAN_POINT('',(-0.0195,0.038,0.0095));
#9267=CARTESIAN_POINT('',(-0.0195,0.038,0.01));
#9268=CARTESIAN_POINT('',(-0.02,0.038,0.01));
#9269=CARTESIAN_POINT('',(0.01,0.038,0.01));
#9270=CARTESIAN_POINT('',(0.01,0.038,0.));
#9271=CARTESIAN_POINT('',(0.0074396180840438,0.038,0.00966666666666667));
#9272=CARTESIAN_POINT('',(0.00731159898824599,0.038,0.01015));
#9273=CARTESIAN_POINT('',(0.00731159898824599,0.038,0.00965));
#9274=CARTESIAN_POINT('',(0.01,0.038,0.00965));
#9275=CARTESIAN_POINT('',(-0.01915,0.038,0.00965));
#9276=CARTESIAN_POINT('',(-0.01915,0.038,0.00915));
#9277=CARTESIAN_POINT('',(-0.01965,0.038,0.00915));
#9278=CARTESIAN_POINT('',(-0.01965,0.038,-0.00965));
#9279=CARTESIAN_POINT('',(-0.01965,0.038,-0.00915));
#9280=CARTESIAN_POINT('',(-0.01915,0.038,-0.00915));
#9281=CARTESIAN_POINT('',(0.,0.038,0.));
#9282=CARTESIAN_POINT('',(0.01,0.038,0.));
#9283=CARTESIAN_POINT('',(0.0196666666666667,0.038,0.0025603819159562));
#9284=CARTESIAN_POINT('',(0.02015,0.038,0.00268840101175401));
#9285=CARTESIAN_POINT('',(0.01965,0.038,0.00268840101175401));
#9286=CARTESIAN_POINT('',(0.01965,0.038,0.));
#9287=CARTESIAN_POINT('',(0.01965,0.038,0.00915));
#9288=CARTESIAN_POINT('',(0.01915,0.038,0.00915));
#9289=CARTESIAN_POINT('',(0.01915,0.038,0.00965));
#9290=CARTESIAN_POINT('',(0.01,0.038,0.00965));
#9291=CARTESIAN_POINT('',(0.012688401011754,0.038,0.00965));
#9292=CARTESIAN_POINT('',(0.012688401011754,0.038,0.01015));
#9293=CARTESIAN_POINT('',(0.0125603819159562,0.038,0.00966666666666667));
#9294=CARTESIAN_POINT('',(0.01,0.038,0.));
#9295=CARTESIAN_POINT('',(-0.02,0.038,0.01));
#9296=CARTESIAN_POINT('',(0.0195,0.038,0.01));
#9297=CARTESIAN_POINT('',(0.0195,0.038,0.0095));
#9298=CARTESIAN_POINT('',(0.,0.038,0.));
#9299=CARTESIAN_POINT('',(0.0195,0.038,-0.0095));
#9300=CARTESIAN_POINT('',(0.0195,0.038,-0.01));
#9301=CARTESIAN_POINT('',(-0.02,0.038,-0.01));
#9302=CARTESIAN_POINT('',(0.01,0.038,0.));
#9303=CARTESIAN_POINT('',(0.0126224988083887,0.038,-0.00965));
#9304=CARTESIAN_POINT('',(0.01965,0.038,-0.00965));
#9305=CARTESIAN_POINT('',(0.01965,0.038,-0.00965));
#9306=CARTESIAN_POINT('',(0.01965,0.038,0.));
#9307=CARTESIAN_POINT('',(0.01965,0.038,-0.00262249880838868));
#9308=CARTESIAN_POINT('',(0.01,0.038,0.));
#9309=CARTESIAN_POINT('',(0.01,0.04,0.));
#9310=CARTESIAN_POINT('',(0.01,0.0385,0.));
#9311=CARTESIAN_POINT('',(0.00743961808404379,0.0385,-0.00966666666666667));
#9312=CARTESIAN_POINT('',(0.0055441190227468,0.0385,-0.00895238095238095));
#9313=CARTESIAN_POINT('',(0.0055441190227468,0.04,-0.00895238095238095));
#9314=CARTESIAN_POINT('',(0.0055441190227468,0.04,-0.00895238095238095));
#9315=CARTESIAN_POINT('',(0.01,0.04,0.));
#9316=CARTESIAN_POINT('',(0.00554411902274681,0.04,0.00895238095238096));
#9317=CARTESIAN_POINT('',(0.00554411902274681,0.04,0.00895238095238096));
#9318=CARTESIAN_POINT('',(0.00554411902274681,0.0385,0.00895238095238096));
#9319=CARTESIAN_POINT('',(0.01,0.0385,0.));
#9320=CARTESIAN_POINT('',(0.0074396180840438,0.0385,0.00966666666666667));
#9321=CARTESIAN_POINT('',(0.0074396180840438,0.04,0.00966666666666667));
#9322=CARTESIAN_POINT('',(0.0125603819159562,0.04,0.00966666666666667));
#9323=CARTESIAN_POINT('',(0.0125603819159562,0.0385,0.00966666666666667));
#9324=CARTESIAN_POINT('',(0.01,0.0385,0.));
#9325=CARTESIAN_POINT('',(0.0196666666666667,0.0385,0.0025603819159562));
#9326=CARTESIAN_POINT('',(0.0196666666666667,0.04,0.0025603819159562));
#9327=CARTESIAN_POINT('',(0.01965,0.04,-0.00262249880838868));
#9328=CARTESIAN_POINT('',(0.01965,0.0385,-0.00262249880838867));
#9329=CARTESIAN_POINT('',(0.01,0.0385,0.));
#9330=CARTESIAN_POINT('',(0.0126224988083887,0.0385,-0.00965));
#9331=CARTESIAN_POINT('',(0.0126224988083887,0.04,-0.00965));
#9332=CARTESIAN_POINT('',(0.00743961808404379,0.04,-0.00966666666666667));
#9333=CARTESIAN_POINT('',(-0.02,0.038,-0.01));
#9334=CARTESIAN_POINT('',(-0.02,0.002,-0.01));
#9335=CARTESIAN_POINT('',(-0.0171715728752538,0.002,-0.01));
#9336=CARTESIAN_POINT('',(-0.0195,0.002,-0.01));
#9337=CARTESIAN_POINT('',(-0.0195,0.038,-0.01));
#9338=CARTESIAN_POINT('',(0.0195,0.038,-0.01));
#9339=CARTESIAN_POINT('',(0.0195,0.002,-0.01));
#9340=CARTESIAN_POINT('',(-0.02,0.002,-0.01));
#9341=CARTESIAN_POINT('',(0.0171715728752538,0.002,-0.01));
#9342=CARTESIAN_POINT('',(-0.02,0.002,-0.01));
#9343=CARTESIAN_POINT('',(-0.02,0.038,-0.01));
#9344=CARTESIAN_POINT('',(-0.02,0.0328,0.));
#9345=CARTESIAN_POINT('',(-0.02,0.0328,-0.0095));
#9346=CARTESIAN_POINT('',(-0.02,0.0328,-0.0005));
#9347=CARTESIAN_POINT('',(-0.02,0.0343,-0.0005));
#9348=CARTESIAN_POINT('',(-0.02,0.0343,-0.0005));
#9349=CARTESIAN_POINT('',(-0.02,0.0343,-0.0005));
#9350=CARTESIAN_POINT('',(-0.02,0.0343,0.0005));
#9351=CARTESIAN_POINT('',(-0.02,0.0343,0.0005));
#9352=CARTESIAN_POINT('',(-0.02,0.038,0.0095));
#9353=CARTESIAN_POINT('',(-0.02,0.038,-0.0095));
#9354=CARTESIAN_POINT('',(-0.02,0.038,0.01));
#9355=CARTESIAN_POINT('',(-0.0195,0.038,0.01));
#9356=CARTESIAN_POINT('',(-0.0195,0.002,0.01));
#9357=CARTESIAN_POINT('',(-0.02,0.002,0.01));
#9358=CARTESIAN_POINT('',(-0.0171715728752538,0.002,0.01));
#9359=CARTESIAN_POINT('',(-0.02,0.002,0.01));
#9360=CARTESIAN_POINT('',(0.0171715728752538,0.002,0.01));
#9361=CARTESIAN_POINT('',(-0.02,0.002,0.01));
#9362=CARTESIAN_POINT('',(0.0195,0.002,0.01));
#9363=CARTESIAN_POINT('',(0.0195,0.038,0.01));
#9364=CARTESIAN_POINT('',(0.,0.,0.));
#9365=CARTESIAN_POINT('',(0.,0.,-0.008));
#9366=CARTESIAN_POINT('',(-0.018,0.,-0.008));
#9367=CARTESIAN_POINT('',(0.018,0.,-0.008));
#9368=CARTESIAN_POINT('',(0.018,0.,0.));
#9369=CARTESIAN_POINT('',(0.018,0.,0.008));
#9370=CARTESIAN_POINT('',(0.,0.,0.008));
#9371=CARTESIAN_POINT('',(-0.018,0.,0.008));
#9372=CARTESIAN_POINT('',(-0.018,0.,3.12250225675825E-18));
#9373=CARTESIAN_POINT('',(7.86085978903515E-19,0.04,-0.0089));
#9374=CARTESIAN_POINT('',(7.86085978903515E-19,0.04,-0.0089));
#9375=CARTESIAN_POINT('',(0.00532132497388414,0.04,-0.0089));
#9376=CARTESIAN_POINT('',(0.00532132497388414,0.04,-0.0089));
#9377=CARTESIAN_POINT('',(0.00532132497388414,0.0385,-0.0089));
#9378=CARTESIAN_POINT('',(7.86085978903515E-19,0.0385,-0.0089));
#9379=CARTESIAN_POINT('',(-0.0137,0.0385,-0.0089));
#9380=CARTESIAN_POINT('',(-0.0137,0.04,-0.0089));
#9381=CARTESIAN_POINT('',(-0.0137,0.0405,-0.0089));
#9382=CARTESIAN_POINT('',(-0.0142,0.0405,-0.0089));
#9383=CARTESIAN_POINT('',(-0.0142,0.04,0.));
#9384=CARTESIAN_POINT('',(-0.0142,0.0405,-0.0089));
#9385=CARTESIAN_POINT('',(-0.0142,0.0405,-0.0084));
#9386=CARTESIAN_POINT('',(-0.0142,0.0405,0.0084));
#9387=CARTESIAN_POINT('',(-0.0142,0.04,-0.0084));
#9388=CARTESIAN_POINT('',(-0.0142,0.0385,-0.0084));
#9389=CARTESIAN_POINT('',(-0.0142,0.0385,0.));
#9390=CARTESIAN_POINT('',(-0.0142,0.0385,-0.00523450093132096));
#9391=CARTESIAN_POINT('',(-0.0142,0.04,-0.00523450093132096));
#9392=CARTESIAN_POINT('',(-0.0142,0.04,0.00523450093132096));
#9393=CARTESIAN_POINT('',(-0.0142,0.0385,0.00523450093132096));
#9394=CARTESIAN_POINT('',(-0.0142,0.0385,0.));
#9395=CARTESIAN_POINT('',(-0.0142,0.0385,0.0084));
#9396=CARTESIAN_POINT('',(-0.0142,0.0405,0.0084));
#9397=CARTESIAN_POINT('',(-0.0101916666666667,0.04,0.));
#9398=CARTESIAN_POINT('',(-0.0143737032569361,0.04,-0.00485564682290207));
#9399=CARTESIAN_POINT('',(-0.0143737032569361,0.0385,-0.00485564682290207));
#9400=CARTESIAN_POINT('',(-0.0101916666666667,0.0385,0.));
#9401=CARTESIAN_POINT('',(-0.0143737032569361,0.0385,0.00485564682290207));
#9402=CARTESIAN_POINT('',(-0.0143737032569361,0.04,0.00485564682290207));
#9403=CARTESIAN_POINT('',(-7.86085978903516E-19,0.04,0.0089));
#9404=CARTESIAN_POINT('',(-0.0142,0.0405,0.0089));
#9405=CARTESIAN_POINT('',(-0.0137,0.0405,0.0089));
#9406=CARTESIAN_POINT('',(-0.0137,0.0385,0.0089));
#9407=CARTESIAN_POINT('',(-0.0137,0.0385,0.0089));
#9408=CARTESIAN_POINT('',(-7.86085978903516E-19,0.0385,0.0089));
#9409=CARTESIAN_POINT('',(0.00532132497388415,0.0385,0.0089));
#9410=CARTESIAN_POINT('',(0.00532132497388415,0.04,0.0089));
#9411=CARTESIAN_POINT('',(0.00532132497388415,0.04,0.0089));
#9412=CARTESIAN_POINT('',(-7.86085978903516E-19,0.04,0.0089));
#9413=CARTESIAN_POINT('',(0.,0.04,0.));
#9414=CARTESIAN_POINT('',(0.01,0.04,0.));
#9415=CARTESIAN_POINT('',(0.01,0.04,0.0065));
#9416=CARTESIAN_POINT('',(-0.0014,0.04,0.));
#9417=CARTESIAN_POINT('',(0.00532132497388415,0.04,0.0094));
#9418=CARTESIAN_POINT('',(0.00532132497388414,0.04,-0.0094));
#9419=CARTESIAN_POINT('',(0.,0.0385,0.));
#9420=CARTESIAN_POINT('',(0.00532132497388414,0.0385,-0.0094));
#9421=CARTESIAN_POINT('',(0.00731159898824598,0.0385,-0.01015));
#9422=CARTESIAN_POINT('',(0.00731159898824598,0.0385,-0.00965));
#9423=CARTESIAN_POINT('',(0.01,0.0385,-0.00965));
#9424=CARTESIAN_POINT('',(-0.01915,0.0385,-0.00965));
#9425=CARTESIAN_POINT('',(-0.01915,0.0385,-0.00915));
#9426=CARTESIAN_POINT('',(-0.01965,0.0385,-0.00915));
#9427=CARTESIAN_POINT('',(-0.01965,0.0385,-0.00965));
#9428=CARTESIAN_POINT('',(-0.01965,0.0385,0.00915));
#9429=CARTESIAN_POINT('',(-0.01915,0.0385,0.00915));
#9430=CARTESIAN_POINT('',(-0.01915,0.0385,0.00965));
#9431=CARTESIAN_POINT('',(-0.01965,0.0385,0.00965));
#9432=CARTESIAN_POINT('',(0.00731159898824598,0.0385,0.00965));
#9433=CARTESIAN_POINT('',(0.00731159898824599,0.0385,0.01015));
#9434=CARTESIAN_POINT('',(0.00532132497388415,0.0385,0.0094));
#9435=CARTESIAN_POINT('',(-0.0137,0.0385,0.0084));
#9436=CARTESIAN_POINT('',(-0.0147,0.0385,0.00523450093132096));
#9437=CARTESIAN_POINT('',(-0.0147,0.0385,-0.00523450093132096));
#9438=CARTESIAN_POINT('',(-0.0137,0.0385,-0.0084));
#9439=CARTESIAN_POINT('',(0.01965,0.0385,-0.00965));
#9440=CARTESIAN_POINT('',(-0.01915,0.0385,-0.00965));
#9441=CARTESIAN_POINT('',(0.00731159898824598,0.038,-0.00965));
#9442=CARTESIAN_POINT('',(0.01,0.0385,0.00965));
#9443=CARTESIAN_POINT('',(-0.01915,0.0385,0.00965));
#9444=CARTESIAN_POINT('',(0.00731159898824599,0.0385,0.00965));
#9445=CARTESIAN_POINT('',(-0.01965,0.0385,-0.00965));
#9446=CARTESIAN_POINT('',(-0.01965,0.0385,0.00915));
#9447=CARTESIAN_POINT('',(-0.01965,0.0385,-0.00915));
#9448=CARTESIAN_POINT('',(0.,0.0385,0.));
#9449=CARTESIAN_POINT('',(0.01965,0.0385,0.00965));
#9450=CARTESIAN_POINT('',(0.01965,0.0385,-0.00965));
#9451=CARTESIAN_POINT('',(0.01,0.0385,-0.00965));
#9452=CARTESIAN_POINT('',(0.01965,0.0385,-0.00965));
#9453=CARTESIAN_POINT('',(0.01965,0.0385,-0.00965));
#9454=CARTESIAN_POINT('',(0.01965,0.0385,0.));
#9455=CARTESIAN_POINT('',(0.01,0.0385,0.00965));
#9456=CARTESIAN_POINT('',(-0.01965,0.0385,0.00965));
#9457=CARTESIAN_POINT('',(0.012688401011754,0.0385,0.00965));
#9458=CARTESIAN_POINT('',(0.01915,0.0385,0.00965));
#9459=CARTESIAN_POINT('',(0.012688401011754,0.038,0.00965));
#9460=CARTESIAN_POINT('',(0.01915,0.0385,0.00965));
#9461=CARTESIAN_POINT('',(0.01965,0.0385,0.));
#9462=CARTESIAN_POINT('',(0.01965,0.0385,0.00268840101175401));
#9463=CARTESIAN_POINT('',(0.01965,0.0385,0.00268840101175401));
#9464=CARTESIAN_POINT('',(0.01965,0.0385,0.00965));
#9465=CARTESIAN_POINT('',(0.01965,0.0385,0.00915));
#9466=CARTESIAN_POINT('',(0.01965,0.0385,0.00915));
#9467=CARTESIAN_POINT('',(0.,0.0385,0.));
#9468=CARTESIAN_POINT('',(0.01915,0.0385,0.00915));
#9469=CARTESIAN_POINT('',(0.02015,0.0385,0.00268840101175401));
#9470=CARTESIAN_POINT('',(0.012688401011754,0.0385,0.01015));
#9471=CARTESIAN_POINT('',(0.,0.0405,0.));
#9472=CARTESIAN_POINT('',(-0.0137,0.0405,-0.0084));
#9473=CARTESIAN_POINT('',(-0.0137,0.0405,0.0084));
#9474=CARTESIAN_POINT('',(-0.0014,0.0405,0.));
#9475=CARTESIAN_POINT('',(-0.0132,0.0405,-0.0079));
#9476=CARTESIAN_POINT('',(-0.0024,0.0405,-0.0079));
#9477=CARTESIAN_POINT('',(-0.0132,0.0405,-0.0079));
#9478=CARTESIAN_POINT('',(-0.0024,0.0405,0.0079));
#9479=CARTESIAN_POINT('',(-0.0024,0.0405,0.0079));
#9480=CARTESIAN_POINT('',(-0.0132,0.0405,0.0079));
#9481=CARTESIAN_POINT('',(-0.0132,0.0405,0.0079));
#9482=CARTESIAN_POINT('',(-0.0132,0.0405,0.0079));
#9483=CARTESIAN_POINT('',(-0.0024,0.0405,0.0079));
#9484=CARTESIAN_POINT('',(-0.0024,0.0405,0.0079));
#9485=CARTESIAN_POINT('',(-0.0024,0.0405,-0.0079));
#9486=CARTESIAN_POINT('',(-0.0132,0.0405,-0.0079));
#9487=CARTESIAN_POINT('',(-0.0132,0.0405,-0.0079));
#9488=CARTESIAN_POINT('',(-0.0132,0.0405,0.0079));
#9489=CARTESIAN_POINT('',(-0.0132,0.0405,0.0079));
#9490=CARTESIAN_POINT('',(-0.0132,0.0405,0.0079));
#9491=CARTESIAN_POINT('',(-0.0014,0.0405,0.));
#9492=CARTESIAN_POINT('',(0.01,0.041,0.));
#9493=CARTESIAN_POINT('',(0.01,0.041,0.));
#9494=CARTESIAN_POINT('',(0.01,0.041,0.0065));
#9495=CARTESIAN_POINT('',(0.01,0.041,0.));
#9496=CARTESIAN_POINT('',(0.01,0.041,0.));
#9497=CARTESIAN_POINT('',(0.01,0.041,0.00525));
#9498=CARTESIAN_POINT('',(0.01,0.0415,0.));
#9499=CARTESIAN_POINT('',(0.01,0.0415,0.));
#9500=CARTESIAN_POINT('',(0.01,0.0415,0.00525));
#9501=CARTESIAN_POINT('',(0.01,0.0415,0.));
#9502=CARTESIAN_POINT('',(0.01,0.0415,0.));
#9503=CARTESIAN_POINT('',(0.01,0.0415,0.003));
#9504=CARTESIAN_POINT('',(0.01,0.0455,0.));
#9505=CARTESIAN_POINT('',(0.01,0.0455,0.));
#9506=CARTESIAN_POINT('',(0.01,0.0455,0.003));
#9507=CARTESIAN_POINT('',(0.01,0.0455,0.));
#9508=CARTESIAN_POINT('',(0.01,0.0455,0.));
#9509=CARTESIAN_POINT('',(0.01,0.0455,0.0015));
#9510=CARTESIAN_POINT('',(0.01,0.0355,0.));
#9511=CARTESIAN_POINT('',(0.01,0.0355,0.));
#9512=CARTESIAN_POINT('',(0.01,0.0355,0.0015));
#9513=CARTESIAN_POINT('',(0.01,0.0355,0.));
#9514=CARTESIAN_POINT('',(-0.02,0.002,-0.01));
#9515=CARTESIAN_POINT('',(-0.02,0.002,-0.01));
#9516=CARTESIAN_POINT('',(-0.02,0.002,0.01));
#9517=CARTESIAN_POINT('',(-0.02,0.002,0.01));
#9518=CARTESIAN_POINT('',(0.02,0.002,0.01));
#9519=CARTESIAN_POINT('',(-0.02,0.002,0.01));
#9520=CARTESIAN_POINT('',(-0.02,0.002,-0.01));
#9521=CARTESIAN_POINT('',(-0.02,0.002,-0.01));
#9522=CARTESIAN_POINT('',(0.02,0.002,-0.01));
#9523=CARTESIAN_POINT('',(0.02,0.002,-0.01));
#9524=CARTESIAN_POINT('',(0.02,0.002,-0.01));
#9525=CARTESIAN_POINT('',(0.02,0.002,0.01));
#9526=CARTESIAN_POINT('',(0.02,0.002,0.01));
#9527=CARTESIAN_POINT('',(0.02,0.002,0.01));
#9528=CARTESIAN_POINT('',(0.02,0.002,0.01));
#9529=CARTESIAN_POINT('',(0.0195,0.002,0.0095));
#9530=CARTESIAN_POINT('',(0.02,0.002,-0.01));
#9531=CARTESIAN_POINT('',(0.02,0.002,-0.01));
#9532=CARTESIAN_POINT('',(0.02,0.002,-0.01));
#9533=CARTESIAN_POINT('',(0.0195,0.002,-0.0095));
#9534=CARTESIAN_POINT('',(-0.02,0.002,-0.01));
#9535=CARTESIAN_POINT('',(-0.02,0.002,-0.01));
#9536=CARTESIAN_POINT('',(-0.02,0.002,-0.01));
#9537=CARTESIAN_POINT('',(-0.0195,0.002,-0.0095));
#9538=CARTESIAN_POINT('',(-0.02,0.002,0.01));
#9539=CARTESIAN_POINT('',(-0.02,0.002,0.01));
#9540=CARTESIAN_POINT('',(-0.02,0.002,0.01));
#9541=CARTESIAN_POINT('',(-0.0195,0.002,0.0095));
#9542=CARTESIAN_POINT('',(-0.0195,0.038,-0.0095));
#9543=CARTESIAN_POINT('',(-0.02,0.0304,-0.0095));
#9544=CARTESIAN_POINT('',(-0.0195,0.038,0.0095));
#9545=CARTESIAN_POINT('',(-0.02,0.0304,0.0095));
#9546=CARTESIAN_POINT('',(0.0195,0.038,-0.0095));
#9547=CARTESIAN_POINT('',(0.02,0.0304,-0.0095));
#9548=CARTESIAN_POINT('',(0.0195,0.038,0.0095));
#9549=CARTESIAN_POINT('',(0.02,0.0304,0.0095));
#9550=CARTESIAN_POINT('',(0.00532132497388414,0.04,-0.0094));
#9551=CARTESIAN_POINT('',(-0.0137,0.04,-0.0084));
#9552=CARTESIAN_POINT('',(-0.0147,0.04,-0.00523450093132096));
#9553=CARTESIAN_POINT('',(-0.0147,0.04,0.00523450093132096));
#9554=CARTESIAN_POINT('',(-0.0137,0.04,0.0084));
#9555=CARTESIAN_POINT('',(-0.01915,0.0385,0.00915));
#9556=CARTESIAN_POINT('',(-0.01915,0.0385,-0.00915));
#9557=CARTESIAN_POINT('',(0.00731159898824598,0.04,-0.01015));
#9558=CARTESIAN_POINT('',(0.00532132497388415,0.04,0.0094));
#9559=CARTESIAN_POINT('',(0.00731159898824599,0.04,0.01015));
#9560=CARTESIAN_POINT('',(0.02015,0.04,0.00268840101175401));
#9561=CARTESIAN_POINT('',(0.012688401011754,0.04,0.01015));
#9562=CARTESIAN_POINT('',(0.01915,0.0385,0.00915));
#9563=CARTESIAN_POINT('',(0.,0.0304,-0.00625));
#9564=CARTESIAN_POINT('',(0.,0.0328,-0.00625));
#9565=CARTESIAN_POINT('',(-0.0268,0.0328,-0.00625));
#9566=CARTESIAN_POINT('',(-0.0262103866990232,0.0328,-0.00625));
#9567=CARTESIAN_POINT('',(-0.0268,0.0304,-0.00625));
#9568=CARTESIAN_POINT('',(-0.0268,0.0304,-0.00625));
#9569=CARTESIAN_POINT('',(0.,0.0304,-0.00625));
#9570=CARTESIAN_POINT('',(-0.0262103866990232,0.0304,-0.00625));
#9571=CARTESIAN_POINT('',(-0.0262103866990232,0.0304,-0.00625));
#9572=CARTESIAN_POINT('',(-0.0268,0.0304,-4.89374622696615E-18));
#9573=CARTESIAN_POINT('',(-0.0268,0.0328,-4.89374622696615E-18));
#9574=CARTESIAN_POINT('',(-0.0268,0.0328,-0.008));
#9575=CARTESIAN_POINT('',(-0.0268,0.0304,-0.008));
#9576=CARTESIAN_POINT('',(-0.0268,0.0304,-0.008));
#9577=CARTESIAN_POINT('',(-0.0268,0.0304,-4.89374622696615E-18));
#9578=CARTESIAN_POINT('',(0.,0.0304,-0.0095));
#9579=CARTESIAN_POINT('',(0.,0.0304,-0.0095));
#9580=CARTESIAN_POINT('',(-0.0253,0.0304,-0.0095));
#9581=CARTESIAN_POINT('',(-0.0253,0.0304,-0.0095));
#9582=CARTESIAN_POINT('',(-0.0253,0.0328,-0.0095));
#9583=CARTESIAN_POINT('',(0.,0.0328,-0.0095));
#9584=CARTESIAN_POINT('',(0.,0.0304,0.0095));
#9585=CARTESIAN_POINT('',(-0.0253,0.0304,0.0095));
#9586=CARTESIAN_POINT('',(-0.0253,0.0304,0.0095));
#9587=CARTESIAN_POINT('',(0.,0.0304,0.0095));
#9588=CARTESIAN_POINT('',(-0.0268,0.0304,-4.89374622696615E-18));
#9589=CARTESIAN_POINT('',(-0.0268,0.0304,-4.89374622696615E-18));
#9590=CARTESIAN_POINT('',(-0.0268,0.0304,0.00625));
#9591=CARTESIAN_POINT('',(-0.0268,0.0304,0.008));
#9592=CARTESIAN_POINT('',(-0.0268,0.0328,0.008));
#9593=CARTESIAN_POINT('',(-0.0268,0.0304,0.00625));
#9594=CARTESIAN_POINT('',(0.,0.0304,0.00625));
#9595=CARTESIAN_POINT('',(-0.0262103866990232,0.0304,0.00625));
#9596=CARTESIAN_POINT('',(-0.0262103866990232,0.0304,0.00625));
#9597=CARTESIAN_POINT('',(0.,0.0304,0.00625));
#9598=CARTESIAN_POINT('',(-0.0244,0.0304,0.005));
#9599=CARTESIAN_POINT('',(-0.0262103866990232,0.0304,0.00375));
#9600=CARTESIAN_POINT('',(-0.0262103866990232,0.0304,0.00375));
#9601=CARTESIAN_POINT('',(-0.0244,0.0304,0.005));
#9602=CARTESIAN_POINT('',(-1.01643953670516E-18,0.0304,0.00375));
#9603=CARTESIAN_POINT('',(-0.0268,0.0304,0.00375));
#9604=CARTESIAN_POINT('',(-0.0268,0.0304,0.00375));
#9605=CARTESIAN_POINT('',(-1.01643953670516E-18,0.0304,0.00375));
#9606=CARTESIAN_POINT('',(-0.0268,0.0304,-4.89374622696615E-18));
#9607=CARTESIAN_POINT('',(-0.0268,0.0328,-4.89374622696615E-18));
#9608=CARTESIAN_POINT('',(-0.0268,0.0328,-0.00375));
#9609=CARTESIAN_POINT('',(-0.0268,0.0328,-0.0005));
#9610=CARTESIAN_POINT('',(-0.0268,0.0304,-0.00375));
#9611=CARTESIAN_POINT('',(-0.0268,0.0304,-0.00375));
#9612=CARTESIAN_POINT('',(-0.0268,0.0304,-4.89374622696615E-18));
#9613=CARTESIAN_POINT('',(-0.0268,0.0328,-0.0005));
#9614=CARTESIAN_POINT('',(-1.01643953670516E-18,0.0304,-0.00375));
#9615=CARTESIAN_POINT('',(-1.01643953670516E-18,0.0328,-0.00375));
#9616=CARTESIAN_POINT('',(-0.0262103866990232,0.0328,-0.00375));
#9617=CARTESIAN_POINT('',(-0.0262103866990232,0.0304,-0.00375));
#9618=CARTESIAN_POINT('',(-0.0262103866990232,0.0304,-0.00375));
#9619=CARTESIAN_POINT('',(-1.01643953670516E-18,0.0304,-0.00375));
#9620=CARTESIAN_POINT('',(-0.0244,0.0304,-0.005));
#9621=CARTESIAN_POINT('',(-0.0244,0.0328,-0.005));
#9622=CARTESIAN_POINT('',(-0.0244,0.0304,-0.005));
#9623=CARTESIAN_POINT('',(0.,0.0304,0.));
#9624=CARTESIAN_POINT('',(-0.0253,0.0304,-0.008));
#9625=CARTESIAN_POINT('',(-0.0253,0.0304,0.008));
#9626=CARTESIAN_POINT('',(0.,0.0328,0.));
#9627=CARTESIAN_POINT('',(-0.0253,0.0328,-0.008));
#9628=CARTESIAN_POINT('',(-0.02,0.0328,-0.0005));
#9629=CARTESIAN_POINT('',(0.0244,0.0304,0.005));
#9630=CARTESIAN_POINT('',(0.0244,0.0328,0.005));
#9631=CARTESIAN_POINT('',(0.0262103866990232,0.0328,0.00375));
#9632=CARTESIAN_POINT('',(0.0262103866990232,0.0328,0.00625));
#9633=CARTESIAN_POINT('',(0.0262103866990232,0.0304,0.00625));
#9634=CARTESIAN_POINT('',(0.0262103866990232,0.0304,0.00625));
#9635=CARTESIAN_POINT('',(0.0244,0.0304,0.005));
#9636=CARTESIAN_POINT('',(0.0262103866990232,0.0304,0.00375));
#9637=CARTESIAN_POINT('',(0.0262103866990232,0.0304,0.00375));
#9638=CARTESIAN_POINT('',(0.,0.0304,0.00625));
#9639=CARTESIAN_POINT('',(0.,0.0328,0.00625));
#9640=CARTESIAN_POINT('',(0.0268,0.0328,0.00625));
#9641=CARTESIAN_POINT('',(0.0268,0.0304,0.00625));
#9642=CARTESIAN_POINT('',(0.0268,0.0304,0.00625));
#9643=CARTESIAN_POINT('',(0.,0.0304,0.00625));
#9644=CARTESIAN_POINT('',(0.0268,0.0304,-4.89374622696615E-18));
#9645=CARTESIAN_POINT('',(0.0268,0.0328,-4.89374622696615E-18));
#9646=CARTESIAN_POINT('',(0.0268,0.0328,0.008));
#9647=CARTESIAN_POINT('',(0.0268,0.0304,0.008));
#9648=CARTESIAN_POINT('',(0.0268,0.0304,0.008));
#9649=CARTESIAN_POINT('',(0.0268,0.0304,-4.89374622696615E-18));
#9650=CARTESIAN_POINT('',(0.,0.0304,0.0095));
#9651=CARTESIAN_POINT('',(0.,0.0304,0.0095));
#9652=CARTESIAN_POINT('',(0.0253,0.0304,0.0095));
#9653=CARTESIAN_POINT('',(0.0253,0.0328,0.0095));
#9654=CARTESIAN_POINT('',(0.0253,0.0328,0.0095));
#9655=CARTESIAN_POINT('',(0.,0.0328,0.0095));
#9656=CARTESIAN_POINT('',(0.,0.0304,-0.0095));
#9657=CARTESIAN_POINT('',(0.0253,0.0304,-0.0095));
#9658=CARTESIAN_POINT('',(0.0253,0.0304,-0.0095));
#9659=CARTESIAN_POINT('',(0.,0.0304,-0.0095));
#9660=CARTESIAN_POINT('',(0.0268,0.0304,-4.89374622696615E-18));
#9661=CARTESIAN_POINT('',(0.0268,0.0304,-4.89374622696615E-18));
#9662=CARTESIAN_POINT('',(0.0268,0.0304,-0.008));
#9663=CARTESIAN_POINT('',(0.0268,0.0304,-0.00625));
#9664=CARTESIAN_POINT('',(0.0268,0.0304,-0.008));
#9665=CARTESIAN_POINT('',(0.0268,0.0304,-0.00625));
#9666=CARTESIAN_POINT('',(0.,0.0304,-0.00625));
#9667=CARTESIAN_POINT('',(0.0262103866990232,0.0304,-0.00625));
#9668=CARTESIAN_POINT('',(0.0262103866990232,0.0304,-0.00625));
#9669=CARTESIAN_POINT('',(0.,0.0304,-0.00625));
#9670=CARTESIAN_POINT('',(0.0244,0.0304,-0.005));
#9671=CARTESIAN_POINT('',(0.0262103866990232,0.0304,-0.00375));
#9672=CARTESIAN_POINT('',(0.0262103866990232,0.0304,-0.00375));
#9673=CARTESIAN_POINT('',(0.0244,0.0304,-0.005));
#9674=CARTESIAN_POINT('',(1.01643953670516E-18,0.0304,-0.00375));
#9675=CARTESIAN_POINT('',(0.0268,0.0304,-0.00375));
#9676=CARTESIAN_POINT('',(0.0268,0.0304,-0.00375));
#9677=CARTESIAN_POINT('',(1.01643953670516E-18,0.0304,-0.00375));
#9678=CARTESIAN_POINT('',(0.0268,0.0304,-4.89374622696615E-18));
#9679=CARTESIAN_POINT('',(0.0268,0.0328,-0.0005));
#9680=CARTESIAN_POINT('',(0.0268,0.0328,0.0005));
#9681=CARTESIAN_POINT('',(0.0268,0.0328,-4.89374622696615E-18));
#9682=CARTESIAN_POINT('',(0.0268,0.0328,0.00375));
#9683=CARTESIAN_POINT('',(0.0268,0.0304,0.00375));
#9684=CARTESIAN_POINT('',(0.0268,0.0304,0.00375));
#9685=CARTESIAN_POINT('',(0.0268,0.0304,-4.89374622696615E-18));
#9686=CARTESIAN_POINT('',(1.01643953670516E-18,0.0304,0.00375));
#9687=CARTESIAN_POINT('',(1.01643953670516E-18,0.0328,0.00375));
#9688=CARTESIAN_POINT('',(1.01643953670516E-18,0.0304,0.00375));
#9689=CARTESIAN_POINT('',(0.,0.0304,0.));
#9690=CARTESIAN_POINT('',(0.0253,0.0304,-0.008));
#9691=CARTESIAN_POINT('',(0.0253,0.0304,0.008));
#9692=CARTESIAN_POINT('',(0.,0.0328,0.));
#9693=CARTESIAN_POINT('',(0.0253,0.0328,0.008));
#9694=CARTESIAN_POINT('',(0.02,0.0328,0.0005));
#9695=CARTESIAN_POINT('',(0.02,0.0343,-0.0005));
#9696=CARTESIAN_POINT('',(0.02,0.0343,0.0005));
#9697=CARTESIAN_POINT('',(0.02,0.0343,-0.0005));
#9698=CARTESIAN_POINT('',(0.,0.,-0.0005));
#9699=CARTESIAN_POINT('',(0.,0.,0.0005));
#9700=CARTESIAN_POINT('',(-0.02,0.0343,-0.0005));
#9701=CARTESIAN_POINT('',(-0.02,0.0343,0.0005));
#9702=CARTESIAN_POINT('',(-0.02,0.0343,-0.0005));
#9703=CARTESIAN_POINT('',(0.,0.,-0.0005));
#9704=CARTESIAN_POINT('',(0.,0.,0.0005));
#9705=CARTESIAN_POINT('',(-0.00856154872452887,0.0401,-0.00600951856303419));
#9706=CARTESIAN_POINT('',(-0.00856154872452887,0.0401,-0.00600951856303419));
#9707=CARTESIAN_POINT('',(-0.00856154872452887,0.0401,-0.00600951856303419));
#9708=CARTESIAN_POINT('',(-0.00856154872452887,0.0401,-0.00600951856303419));
#9709=CARTESIAN_POINT('',(-0.00856154872452887,0.0401,-0.00620074786324786));
#9710=CARTESIAN_POINT('',(-0.00856154872452887,0.0401,-0.00620074786324786));
#9711=CARTESIAN_POINT('',(-0.00703510641683656,0.0401,-0.00580726495726495));
#9712=CARTESIAN_POINT('',(-0.00703510641683656,0.0401,-0.00580726495726495));
#9713=CARTESIAN_POINT('',(-0.00703510641683656,0.0401,-0.00580726495726495));
#9714=CARTESIAN_POINT('',(-0.00703510641683656,0.0401,-0.00580726495726495));
#9715=CARTESIAN_POINT('',(-0.00856154872452887,0.0401,-0.00504022769764957));
#9716=CARTESIAN_POINT('',(-0.00856154872452887,0.0401,-0.00504022769764957));
#9717=CARTESIAN_POINT('',(-0.00856154872452887,0.0401,-0.00504022769764957));
#9718=CARTESIAN_POINT('',(-0.00856154872452887,0.0401,-0.00504022769764957));
#9719=CARTESIAN_POINT('',(-0.00856154872452887,0.0401,-0.00499740251068376));
#9720=CARTESIAN_POINT('',(-0.00856154872452887,0.0401,-0.00499740251068376));
#9721=CARTESIAN_POINT('',(-0.00856154872452887,0.0401,-0.00499740251068376));
#9722=CARTESIAN_POINT('',(-0.00856154872452887,0.0401,-0.00499740251068376));
#9723=CARTESIAN_POINT('',(-0.00703849851085366,0.0401,-0.00423333333333333));
#9724=CARTESIAN_POINT('',(-0.00703849851085366,0.0401,-0.00423333333333333));
#9725=CARTESIAN_POINT('',(-0.00703849851085366,0.0401,-0.00423333333333333));
#9726=CARTESIAN_POINT('',(-0.00703849851085366,0.0401,-0.00423333333333333));
#9727=CARTESIAN_POINT('',(-0.00856154872452887,0.0401,-0.00403065571581196));
#9728=CARTESIAN_POINT('',(-0.00856154872452887,0.0401,-0.00403065571581196));
#9729=CARTESIAN_POINT('',(-0.00856154872452887,0.0401,-0.00403065571581196));
#9730=CARTESIAN_POINT('',(-0.00856154872452887,0.0401,-0.00403065571581196));
#9731=CARTESIAN_POINT('',(-0.00856154872452887,0.0401,-0.00383985042735043));
#9732=CARTESIAN_POINT('',(-0.00856154872452887,0.0401,-0.00383985042735043));
#9733=CARTESIAN_POINT('',(-0.00856154872452887,0.0401,-0.00383985042735043));
#9734=CARTESIAN_POINT('',(-0.00856154872452887,0.0401,-0.00383985042735043));
#9735=CARTESIAN_POINT('',(-0.0064448820578622,0.0401,-0.00412097021901709));
#9736=CARTESIAN_POINT('',(-0.0064448820578622,0.0401,-0.00412097021901709));
#9737=CARTESIAN_POINT('',(-0.0064448820578622,0.0401,-0.00412097021901709));
#9738=CARTESIAN_POINT('',(-0.0064448820578622,0.0401,-0.00412097021901709));
#9739=CARTESIAN_POINT('',(-0.0064448820578622,0.0401,-0.00414853098290598));
#9740=CARTESIAN_POINT('',(-0.0064448820578622,0.0401,-0.00414853098290598));
#9741=CARTESIAN_POINT('',(-0.0064448820578622,0.0401,-0.00414853098290598));
#9742=CARTESIAN_POINT('',(-0.0064448820578622,0.0401,-0.00414853098290598));
#9743=CARTESIAN_POINT('',(-0.00818163419461434,0.0401,-0.00502029914529914));
#9744=CARTESIAN_POINT('',(-0.00818163419461434,0.0401,-0.00502029914529914));
#9745=CARTESIAN_POINT('',(-0.00818163419461434,0.0401,-0.00502029914529914));
#9746=CARTESIAN_POINT('',(-0.00818163419461434,0.0401,-0.00502029914529914));
#9747=CARTESIAN_POINT('',(-0.0064448820578622,0.0401,-0.00589418736645299));
#9748=CARTESIAN_POINT('',(-0.0064448820578622,0.0401,-0.00589418736645299));
#9749=CARTESIAN_POINT('',(-0.0064448820578622,0.0401,-0.00589418736645299));
#9750=CARTESIAN_POINT('',(-0.0064448820578622,0.0401,-0.00589418736645299));
#9751=CARTESIAN_POINT('',(-0.0064448820578622,0.0401,-0.00592132411858974));
#9752=CARTESIAN_POINT('',(-0.0064448820578622,0.0401,-0.00592132411858974));
#9753=CARTESIAN_POINT('',(-0.0064448820578622,0.0401,-0.00592132411858974));
#9754=CARTESIAN_POINT('',(-0.0064448820578622,0.0401,-0.00592132411858974));
#9755=CARTESIAN_POINT('',(-0.00856154872452887,0.0401,-0.00620074786324786));
#9756=CARTESIAN_POINT('',(-0.00856154872452887,0.0401,-0.00620074786324786));
#9757=CARTESIAN_POINT('',(0.,0.0401,0.));
#9758=CARTESIAN_POINT('',(-0.0063906085535887,0.0401,-0.00237573784722222));
#9759=CARTESIAN_POINT('',(-0.0063906085535887,0.04,-0.00237573784722222));
#9760=CARTESIAN_POINT('',(-0.00639095813225265,0.0401,-0.00235382217764908));
#9761=CARTESIAN_POINT('',(-0.00639095813225265,0.04,-0.00235382217764908));
#9762=CARTESIAN_POINT('',(-0.00639165130566341,0.0401,-0.00231036598025019));
#9763=CARTESIAN_POINT('',(-0.00639165130566341,0.04,-0.00231036598025019));
#9764=CARTESIAN_POINT('',(-0.00639648083914563,0.0401,-0.00224570371674859));
#9765=CARTESIAN_POINT('',(-0.00639648083914563,0.04,-0.00224570371674859));
#9766=CARTESIAN_POINT('',(-0.00640405076868188,0.0401,-0.00218216822812764));
#9767=CARTESIAN_POINT('',(-0.00640405076868188,0.04,-0.00218216822812764));
#9768=CARTESIAN_POINT('',(-0.00641463604746999,0.0401,-0.002119440795597));
#9769=CARTESIAN_POINT('',(-0.00641463604746999,0.04,-0.002119440795597));
#9770=CARTESIAN_POINT('',(-0.00642863865495488,0.0401,-0.00205776025908249));
#9771=CARTESIAN_POINT('',(-0.00642863865495488,0.04,-0.00205776025908249));
#9772=CARTESIAN_POINT('',(-0.00644570378168318,0.0401,-0.00199693974563446));
#9773=CARTESIAN_POINT('',(-0.00644570378168318,0.04,-0.00199693974563446));
#9774=CARTESIAN_POINT('',(-0.00646546190086545,0.0401,-0.00193709428785374));
#9775=CARTESIAN_POINT('',(-0.00646546190086545,0.04,-0.00193709428785374));
#9776=CARTESIAN_POINT('',(-0.00648904426889934,0.0401,-0.00187829508119532));
#9777=CARTESIAN_POINT('',(-0.00648904426889934,0.04,-0.00187829508119532));
#9778=CARTESIAN_POINT('',(-0.00651580624836022,0.0401,-0.00182014235736596));
#9779=CARTESIAN_POINT('',(-0.00651580624836022,0.04,-0.00182014235736596));
#9780=CARTESIAN_POINT('',(-0.00654593176356048,0.0401,-0.00176231396608384));
#9781=CARTESIAN_POINT('',(-0.00654593176356048,0.04,-0.00176231396608384));
#9782=CARTESIAN_POINT('',(-0.00657993443387827,0.0401,-0.00170500716874156));
#9783=CARTESIAN_POINT('',(-0.00657993443387827,0.04,-0.00170500716874156));
#9784=CARTESIAN_POINT('',(-0.00661791563929021,0.0401,-0.0016481226746945));
#9785=CARTESIAN_POINT('',(-0.00661791563929021,0.04,-0.0016481226746945));
#9786=CARTESIAN_POINT('',(-0.00665922293887818,0.0401,-0.00159130174991045));
#9787=CARTESIAN_POINT('',(-0.00665922293887818,0.04,-0.00159130174991045));
#9788=CARTESIAN_POINT('',(-0.00670503778137382,0.0401,-0.00153544313319818));
#9789=CARTESIAN_POINT('',(-0.00670503778137382,0.04,-0.00153544313319818));
#9790=CARTESIAN_POINT('',(-0.00675355344758678,0.0401,-0.00147919849539625));
#9791=CARTESIAN_POINT('',(-0.00675355344758678,0.04,-0.00147919849539625));
#9792=CARTESIAN_POINT('',(-0.00678843743505345,0.0401,-0.00144303263633625));
#9793=CARTESIAN_POINT('',(-0.00678843743505345,0.04,-0.00144303263633625));
#9794=CARTESIAN_POINT('',(-0.00680614007068272,0.0401,-0.00142467948717949));
#9795=CARTESIAN_POINT('',(-0.00680614007068272,0.04,-0.00142467948717949));
#9796=CARTESIAN_POINT('',(-0.0063906085535887,0.0401,-0.00237573784722222));
#9797=CARTESIAN_POINT('',(-0.0063906085535887,0.0401,-0.00237573784722222));
#9798=CARTESIAN_POINT('',(-0.0063906085535887,0.0401,-0.00237573784722222));
#9799=CARTESIAN_POINT('',(-0.00639095813225265,0.0401,-0.00235382217764908));
#9800=CARTESIAN_POINT('',(-0.00639165130566341,0.0401,-0.00231036598025019));
#9801=CARTESIAN_POINT('',(-0.00639648083914563,0.0401,-0.00224570371674859));
#9802=CARTESIAN_POINT('',(-0.00640405076868188,0.0401,-0.00218216822812764));
#9803=CARTESIAN_POINT('',(-0.00641463604746999,0.0401,-0.002119440795597));
#9804=CARTESIAN_POINT('',(-0.00642863865495488,0.0401,-0.00205776025908249));
#9805=CARTESIAN_POINT('',(-0.00644570378168318,0.0401,-0.00199693974563446));
#9806=CARTESIAN_POINT('',(-0.00646546190086545,0.0401,-0.00193709428785374));
#9807=CARTESIAN_POINT('',(-0.00648904426889934,0.0401,-0.00187829508119532));
#9808=CARTESIAN_POINT('',(-0.00651580624836022,0.0401,-0.00182014235736596));
#9809=CARTESIAN_POINT('',(-0.00654593176356048,0.0401,-0.00176231396608384));
#9810=CARTESIAN_POINT('',(-0.00657993443387827,0.0401,-0.00170500716874156));
#9811=CARTESIAN_POINT('',(-0.00661791563929021,0.0401,-0.0016481226746945));
#9812=CARTESIAN_POINT('',(-0.00665922293887818,0.0401,-0.00159130174991045));
#9813=CARTESIAN_POINT('',(-0.00670503778137382,0.0401,-0.00153544313319818));
#9814=CARTESIAN_POINT('',(-0.00675355344758678,0.0401,-0.00147919849539625));
#9815=CARTESIAN_POINT('',(-0.00678843743505345,0.0401,-0.00144303263633625));
#9816=CARTESIAN_POINT('',(-0.00680614007068272,0.0401,-0.00142467948717949));
#9817=CARTESIAN_POINT('',(-0.00680614007068272,0.0401,-0.00142467948717949));
#9818=CARTESIAN_POINT('',(-0.00680614007068272,0.0401,-0.00142467948717949));
#9819=CARTESIAN_POINT('',(-0.00750236736769126,0.0401,-0.0035142094017094));
#9820=CARTESIAN_POINT('',(-0.00750236736769126,0.04,-0.0035142094017094));
#9821=CARTESIAN_POINT('',(-0.00747747184809079,0.0401,-0.00351388665221017));
#9822=CARTESIAN_POINT('',(-0.00747747184809079,0.04,-0.00351388665221017));
#9823=CARTESIAN_POINT('',(-0.00742799721573704,0.0401,-0.00351324525516071));
#9824=CARTESIAN_POINT('',(-0.00742799721573704,0.04,-0.00351324525516071));
#9825=CARTESIAN_POINT('',(-0.00735454061184507,0.0401,-0.00350550170221516));
#9826=CARTESIAN_POINT('',(-0.00735454061184507,0.04,-0.00350550170221516));
#9827=CARTESIAN_POINT('',(-0.00728240650472041,0.0401,-0.00349432522936833));
#9828=CARTESIAN_POINT('',(-0.00728240650472041,0.04,-0.00349432522936833));
#9829=CARTESIAN_POINT('',(-0.00721152808507608,0.0401,-0.00347813655642443));
#9830=CARTESIAN_POINT('',(-0.00721152808507608,0.04,-0.00347813655642443));
#9831=CARTESIAN_POINT('',(-0.00714222009572746,0.0401,-0.0034568362557672));
#9832=CARTESIAN_POINT('',(-0.00714222009572746,0.04,-0.0034568362557672));
#9833=CARTESIAN_POINT('',(-0.0070739497009285,0.0401,-0.00343125565016065));
#9834=CARTESIAN_POINT('',(-0.0070739497009285,0.04,-0.00343125565016065));
#9835=CARTESIAN_POINT('',(-0.00700699081942033,0.0401,-0.00340129259760419));
#9836=CARTESIAN_POINT('',(-0.00700699081942033,0.04,-0.00340129259760419));
#9837=CARTESIAN_POINT('',(-0.00694193297766349,0.0401,-0.00336633016171015));
#9838=CARTESIAN_POINT('',(-0.00694193297766349,0.04,-0.00336633016171015));
#9839=CARTESIAN_POINT('',(-0.00687881321466823,0.0401,-0.00332826165832588));
#9840=CARTESIAN_POINT('',(-0.00687881321466823,0.04,-0.00332826165832588));
#9841=CARTESIAN_POINT('',(-0.00681956396996552,0.0401,-0.00328549979191034));
#9842=CARTESIAN_POINT('',(-0.00681956396996552,0.04,-0.00328549979191034));
#9843=CARTESIAN_POINT('',(-0.00676316018014788,0.0401,-0.0032401502015776));
#9844=CARTESIAN_POINT('',(-0.00676316018014788,0.04,-0.0032401502015776));
#9845=CARTESIAN_POINT('',(-0.00671062352883519,0.0401,-0.00319093072591845));
#9846=CARTESIAN_POINT('',(-0.00671062352883519,0.04,-0.00319093072591845));
#9847=CARTESIAN_POINT('',(-0.00666172522965581,0.0401,-0.00313812019303131));
#9848=CARTESIAN_POINT('',(-0.00666172522965581,0.04,-0.00313812019303131));
#9849=CARTESIAN_POINT('',(-0.00661628410604382,0.0401,-0.00308201102169754));
#9850=CARTESIAN_POINT('',(-0.00661628410604382,0.04,-0.00308201102169754));
#9851=CARTESIAN_POINT('',(-0.00657418401634253,0.0401,-0.00302263063133984));
#9852=CARTESIAN_POINT('',(-0.00657418401634253,0.04,-0.00302263063133984));
#9853=CARTESIAN_POINT('',(-0.00653610293937212,0.0401,-0.00295977311811761));
#9854=CARTESIAN_POINT('',(-0.00653610293937212,0.04,-0.00295977311811761));
#9855=CARTESIAN_POINT('',(-0.00650189523220419,0.0401,-0.00289438184973436));
#9856=CARTESIAN_POINT('',(-0.00650189523220419,0.04,-0.00289438184973436));
#9857=CARTESIAN_POINT('',(-0.00647190561537918,0.0401,-0.00282661216666933));
#9858=CARTESIAN_POINT('',(-0.00647190561537918,0.04,-0.00282661216666933));
#9859=CARTESIAN_POINT('',(-0.00644712045413465,0.0401,-0.00275648513570079));
#9860=CARTESIAN_POINT('',(-0.00644712045413465,0.04,-0.00275648513570079));
#9861=CARTESIAN_POINT('',(-0.00642609060054669,0.0401,-0.00268452603745624));
#9862=CARTESIAN_POINT('',(-0.00642609060054669,0.04,-0.00268452603745624));
#9863=CARTESIAN_POINT('',(-0.00641053906215979,0.0401,-0.00261019021689515));
#9864=CARTESIAN_POINT('',(-0.00641053906215979,0.04,-0.00261019021689515));
#9865=CARTESIAN_POINT('',(-0.00639926101164915,0.0401,-0.00253401710615153));
#9866=CARTESIAN_POINT('',(-0.00639926101164915,0.04,-0.00253401710615153));
#9867=CARTESIAN_POINT('',(-0.00639154388701966,0.0401,-0.00245560965754882));
#9868=CARTESIAN_POINT('',(-0.00639154388701966,0.04,-0.00245560965754882));
#9869=CARTESIAN_POINT('',(-0.00639092324661181,0.0401,-0.00240261072551483));
#9870=CARTESIAN_POINT('',(-0.00639092324661181,0.04,-0.00240261072551483));
#9871=CARTESIAN_POINT('',(-0.0063906085535887,0.0401,-0.00237573784722222));
#9872=CARTESIAN_POINT('',(-0.0063906085535887,0.04,-0.00237573784722222));
#9873=CARTESIAN_POINT('',(-0.00750237732856139,0.0401,-0.00351351490673735));
#9874=CARTESIAN_POINT('',(-0.00750237732856139,0.0400666666666667,-0.00351351490673735));
#9875=CARTESIAN_POINT('',(-0.00750237732856139,0.0400333333333333,-0.00351351490673735));
#9876=CARTESIAN_POINT('',(-0.00750237732856139,0.04,-0.00351351490673735));
#9877=CARTESIAN_POINT('',(-0.00750236736769126,0.0401,-0.0035142094017094));
#9878=CARTESIAN_POINT('',(-0.00750236736769126,0.0401,-0.0035142094017094));
#9879=CARTESIAN_POINT('',(-0.00747747184809079,0.0401,-0.00351388665221017));
#9880=CARTESIAN_POINT('',(-0.00742799721573704,0.0401,-0.00351324525516071));
#9881=CARTESIAN_POINT('',(-0.00735454061184507,0.0401,-0.00350550170221516));
#9882=CARTESIAN_POINT('',(-0.00728240650472041,0.0401,-0.00349432522936833));
#9883=CARTESIAN_POINT('',(-0.00721152808507608,0.0401,-0.00347813655642443));
#9884=CARTESIAN_POINT('',(-0.00714222009572746,0.0401,-0.0034568362557672));
#9885=CARTESIAN_POINT('',(-0.0070739497009285,0.0401,-0.00343125565016065));
#9886=CARTESIAN_POINT('',(-0.00700699081942033,0.0401,-0.00340129259760419));
#9887=CARTESIAN_POINT('',(-0.00694193297766349,0.0401,-0.00336633016171015));
#9888=CARTESIAN_POINT('',(-0.00687881321466823,0.0401,-0.00332826165832588));
#9889=CARTESIAN_POINT('',(-0.00681956396996552,0.0401,-0.00328549979191034));
#9890=CARTESIAN_POINT('',(-0.00676316018014788,0.0401,-0.0032401502015776));
#9891=CARTESIAN_POINT('',(-0.00671062352883519,0.0401,-0.00319093072591845));
#9892=CARTESIAN_POINT('',(-0.00666172522965581,0.0401,-0.00313812019303131));
#9893=CARTESIAN_POINT('',(-0.00661628410604382,0.0401,-0.00308201102169754));
#9894=CARTESIAN_POINT('',(-0.00657418401634253,0.0401,-0.00302263063133984));
#9895=CARTESIAN_POINT('',(-0.00653610293937212,0.0401,-0.00295977311811761));
#9896=CARTESIAN_POINT('',(-0.00650189523220419,0.0401,-0.00289438184973436));
#9897=CARTESIAN_POINT('',(-0.00647190561537918,0.0401,-0.00282661216666933));
#9898=CARTESIAN_POINT('',(-0.00644712045413465,0.0401,-0.00275648513570079));
#9899=CARTESIAN_POINT('',(-0.00642609060054669,0.0401,-0.00268452603745624));
#9900=CARTESIAN_POINT('',(-0.00641053906215979,0.0401,-0.00261019021689515));
#9901=CARTESIAN_POINT('',(-0.00639926101164915,0.0401,-0.00253401710615153));
#9902=CARTESIAN_POINT('',(-0.00639154388701966,0.0401,-0.00245560965754882));
#9903=CARTESIAN_POINT('',(-0.00639092324661181,0.0401,-0.00240261072551483));
#9904=CARTESIAN_POINT('',(-0.0063906085535887,0.0401,-0.00237573784722222));
#9905=CARTESIAN_POINT('',(-0.00751769194543126,0.0401,-0.00244574429240856));
#9906=CARTESIAN_POINT('',(-0.00821522590691563,0.04,-0.0032543325651963));
#9907=CARTESIAN_POINT('',(-0.00821522590691563,0.0400333333333333,-0.0032543325651963));
#9908=CARTESIAN_POINT('',(-0.00821522590691563,0.0400666666666667,-0.0032543325651963));
#9909=CARTESIAN_POINT('',(-0.00821522590691563,0.0401,-0.0032543325651963));
#9910=CARTESIAN_POINT('',(-0.00821555513478528,0.0401,-0.00325471420940171));
#9911=CARTESIAN_POINT('',(-0.00751769194543126,0.0401,-0.00244574429240856));
#9912=CARTESIAN_POINT('',(-0.00861582222880237,0.0401,-0.00233757678952991));
#9913=CARTESIAN_POINT('',(-0.00861582222880237,0.04,-0.00233757678952991));
#9914=CARTESIAN_POINT('',(-0.00861547804596205,0.0401,-0.00236147101425001));
#9915=CARTESIAN_POINT('',(-0.00861547804596205,0.04,-0.00236147101425001));
#9916=CARTESIAN_POINT('',(-0.0086147992064726,0.0401,-0.0024085981263819));
#9917=CARTESIAN_POINT('',(-0.0086147992064726,0.04,-0.0024085981263819));
#9918=CARTESIAN_POINT('',(-0.00860997481064648,0.0401,-0.00247820073526426));
#9919=CARTESIAN_POINT('',(-0.00860997481064648,0.04,-0.00247820073526426));
#9920=CARTESIAN_POINT('',(-0.00860254798593371,0.0401,-0.00254588424866124));
#9921=CARTESIAN_POINT('',(-0.00860254798593371,0.04,-0.00254588424866124));
#9922=CARTESIAN_POINT('',(-0.00859133260173549,0.0401,-0.00261163880641849));
#9923=CARTESIAN_POINT('',(-0.00859133260173549,0.04,-0.00261163880641849));
#9924=CARTESIAN_POINT('',(-0.00857759564422122,0.0401,-0.00267570628002183));
#9925=CARTESIAN_POINT('',(-0.00857759564422122,0.04,-0.00267570628002183));
#9926=CARTESIAN_POINT('',(-0.00856000510476875,0.0401,-0.00273776669566571));
#9927=CARTESIAN_POINT('',(-0.00856000510476875,0.04,-0.00273776669566571));
#9928=CARTESIAN_POINT('',(-0.00853964355802038,0.0401,-0.00279805646347557));
#9929=CARTESIAN_POINT('',(-0.00853964355802038,0.04,-0.00279805646347557));
#9930=CARTESIAN_POINT('',(-0.00851648379358649,0.0401,-0.00285666876907802));
#9931=CARTESIAN_POINT('',(-0.00851648379358649,0.04,-0.00285666876907802));
#9932=CARTESIAN_POINT('',(-0.00848964950598219,0.0401,-0.00291307161403704));
#9933=CARTESIAN_POINT('',(-0.00848964950598219,0.04,-0.00291307161403704));
#9934=CARTESIAN_POINT('',(-0.00845982891448236,0.0401,-0.00296751622192018));
#9935=CARTESIAN_POINT('',(-0.00845982891448236,0.04,-0.00296751622192018));
#9936=CARTESIAN_POINT('',(-0.00842717578679211,0.0401,-0.00302030354557932));
#9937=CARTESIAN_POINT('',(-0.00842717578679211,0.04,-0.00302030354557932));
#9938=CARTESIAN_POINT('',(-0.00839112541818691,0.0401,-0.00307107401201692));
#9939=CARTESIAN_POINT('',(-0.00839112541818691,0.04,-0.00307107401201692));
#9940=CARTESIAN_POINT('',(-0.00835194745417928,0.0401,-0.00312009215452823));
#9941=CARTESIAN_POINT('',(-0.00835194745417928,0.04,-0.00312009215452823));
#9942=CARTESIAN_POINT('',(-0.00830956336984391,0.0401,-0.00316704190375625));
#9943=CARTESIAN_POINT('',(-0.00830956336984391,0.04,-0.00316704190375625));
#9944=CARTESIAN_POINT('',(-0.0082641027402868,0.0401,-0.00321218609668273));
#9945=CARTESIAN_POINT('',(-0.0082641027402868,0.04,-0.00321218609668273));
#9946=CARTESIAN_POINT('',(-0.00823182114876724,0.0401,-0.00324046504368144));
#9947=CARTESIAN_POINT('',(-0.00823182114876724,0.04,-0.00324046504368144));
#9948=CARTESIAN_POINT('',(-0.00821555513478528,0.0401,-0.00325471420940171));
#9949=CARTESIAN_POINT('',(-0.00821555513478528,0.04,-0.00325471420940171));
#9950=CARTESIAN_POINT('',(-0.00861582222880237,0.0401,-0.00233757678952991));
#9951=CARTESIAN_POINT('',(-0.00861582222880237,0.0401,-0.00233757678952991));
#9952=CARTESIAN_POINT('',(-0.00861582222880237,0.0401,-0.00233757678952991));
#9953=CARTESIAN_POINT('',(-0.00861547804596205,0.0401,-0.00236147101425001));
#9954=CARTESIAN_POINT('',(-0.0086147992064726,0.0401,-0.0024085981263819));
#9955=CARTESIAN_POINT('',(-0.00860997481064648,0.0401,-0.00247820073526426));
#9956=CARTESIAN_POINT('',(-0.00860254798593371,0.0401,-0.00254588424866124));
#9957=CARTESIAN_POINT('',(-0.00859133260173549,0.0401,-0.00261163880641849));
#9958=CARTESIAN_POINT('',(-0.00857759564422122,0.0401,-0.00267570628002183));
#9959=CARTESIAN_POINT('',(-0.00856000510476875,0.0401,-0.00273776669566571));
#9960=CARTESIAN_POINT('',(-0.00853964355802038,0.0401,-0.00279805646347557));
#9961=CARTESIAN_POINT('',(-0.00851648379358649,0.0401,-0.00285666876907802));
#9962=CARTESIAN_POINT('',(-0.00848964950598219,0.0401,-0.00291307161403704));
#9963=CARTESIAN_POINT('',(-0.00845982891448236,0.0401,-0.00296751622192018));
#9964=CARTESIAN_POINT('',(-0.00842717578679211,0.0401,-0.00302030354557932));
#9965=CARTESIAN_POINT('',(-0.00839112541818691,0.0401,-0.00307107401201692));
#9966=CARTESIAN_POINT('',(-0.00835194745417928,0.0401,-0.00312009215452823));
#9967=CARTESIAN_POINT('',(-0.00830956336984391,0.0401,-0.00316704190375625));
#9968=CARTESIAN_POINT('',(-0.0082641027402868,0.0401,-0.00321218609668273));
#9969=CARTESIAN_POINT('',(-0.00823182114876724,0.0401,-0.00324046504368144));
#9970=CARTESIAN_POINT('',(-0.00821555513478528,0.0401,-0.00325471420940171));
#9971=CARTESIAN_POINT('',(-0.00753035214333229,0.0401,-0.00128899572649573));
#9972=CARTESIAN_POINT('',(-0.00753035214333229,0.04,-0.00128899572649573));
#9973=CARTESIAN_POINT('',(-0.00757081524371442,0.0401,-0.00129002735861061));
#9974=CARTESIAN_POINT('',(-0.00757081524371442,0.04,-0.00129002735861061));
#9975=CARTESIAN_POINT('',(-0.00765000884039717,0.0401,-0.00129204644901298));
#9976=CARTESIAN_POINT('',(-0.00765000884039717,0.04,-0.00129204644901298));
#9977=CARTESIAN_POINT('',(-0.00776550038514003,0.0401,-0.00130620931705135));
#9978=CARTESIAN_POINT('',(-0.00776550038514003,0.04,-0.00130620931705135));
#9979=CARTESIAN_POINT('',(-0.0078745823139525,0.0401,-0.00132907930304099));
#9980=CARTESIAN_POINT('',(-0.0078745823139525,0.04,-0.00132907930304099));
#9981=CARTESIAN_POINT('',(-0.00797736950491195,0.0401,-0.00136032149164338));
#9982=CARTESIAN_POINT('',(-0.00797736950491195,0.04,-0.00136032149164338));
#9983=CARTESIAN_POINT('',(-0.00807371629672159,0.0401,-0.00140076511354018));
#9984=CARTESIAN_POINT('',(-0.00807371629672159,0.04,-0.00140076511354018));
#9985=CARTESIAN_POINT('',(-0.00816372051100705,0.0401,-0.00144997611884063));
#9986=CARTESIAN_POINT('',(-0.00816372051100705,0.04,-0.00144997611884063));
#9987=CARTESIAN_POINT('',(-0.00824680069419797,0.0401,-0.0015087421158665));
#9988=CARTESIAN_POINT('',(-0.00824680069419797,0.04,-0.0015087421158665));
#9989=CARTESIAN_POINT('',(-0.00832363509162071,0.0401,-0.00157496985906516));
#9990=CARTESIAN_POINT('',(-0.00832363509162071,0.04,-0.00157496985906516));
#9991=CARTESIAN_POINT('',(-0.00839217228183963,0.0401,-0.00164929507163099));
#9992=CARTESIAN_POINT('',(-0.00839217228183963,0.04,-0.00164929507163099));
#9993=CARTESIAN_POINT('',(-0.00845241015859706,0.0401,-0.00172970942752219));
#9994=CARTESIAN_POINT('',(-0.00845241015859706,0.04,-0.00172970942752219));
#9995=CARTESIAN_POINT('',(-0.00850315126406707,0.0401,-0.00181634578457347));
#9996=CARTESIAN_POINT('',(-0.00850315126406707,0.04,-0.00181634578457347));
#9997=CARTESIAN_POINT('',(-0.00854443271228278,0.0401,-0.00190912219196001));
#9998=CARTESIAN_POINT('',(-0.00854443271228278,0.04,-0.00190912219196001));
#9999=CARTESIAN_POINT('',(-0.00857665079492177,0.0401,-0.00200773493027791));
#10000=CARTESIAN_POINT('',(-0.00857665079492177,0.04,-0.00200773493027791));
#10001=CARTESIAN_POINT('',(-0.00859949360558276,0.0401,-0.00211241218852552));
#10002=CARTESIAN_POINT('',(-0.00859949360558276,0.04,-0.00211241218852552));
#10003=CARTESIAN_POINT('',(-0.00861317934532142,0.0401,-0.00222301201370119));
#10004=CARTESIAN_POINT('',(-0.00861317934532142,0.04,-0.00222301201370119));
#10005=CARTESIAN_POINT('',(-0.00861492794143534,0.0401,-0.00229881086115331));
#10006=CARTESIAN_POINT('',(-0.00861492794143534,0.04,-0.00229881086115331));
#10007=CARTESIAN_POINT('',(-0.00861582222880237,0.0401,-0.00233757678952991));
#10008=CARTESIAN_POINT('',(-0.00861582222880237,0.04,-0.00233757678952991));
#10009=CARTESIAN_POINT('',(-0.00753035214333229,0.0401,-0.00128899572649573));
#10010=CARTESIAN_POINT('',(-0.00753035214333229,0.0401,-0.00128899572649573));
#10011=CARTESIAN_POINT('',(-0.00753035214333229,0.0401,-0.00128899572649573));
#10012=CARTESIAN_POINT('',(-0.00757081524371442,0.0401,-0.00129002735861061));
#10013=CARTESIAN_POINT('',(-0.00765000884039717,0.0401,-0.00129204644901298));
#10014=CARTESIAN_POINT('',(-0.00776550038514003,0.0401,-0.00130620931705135));
#10015=CARTESIAN_POINT('',(-0.0078745823139525,0.0401,-0.00132907930304099));
#10016=CARTESIAN_POINT('',(-0.00797736950491195,0.0401,-0.00136032149164338));
#10017=CARTESIAN_POINT('',(-0.00807371629672159,0.0401,-0.00140076511354018));
#10018=CARTESIAN_POINT('',(-0.00816372051100705,0.0401,-0.00144997611884063));
#10019=CARTESIAN_POINT('',(-0.00824680069419797,0.0401,-0.0015087421158665));
#10020=CARTESIAN_POINT('',(-0.00832363509162071,0.0401,-0.00157496985906516));
#10021=CARTESIAN_POINT('',(-0.00839217228183963,0.0401,-0.00164929507163099));
#10022=CARTESIAN_POINT('',(-0.00845241015859706,0.0401,-0.00172970942752219));
#10023=CARTESIAN_POINT('',(-0.00850315126406707,0.0401,-0.00181634578457347));
#10024=CARTESIAN_POINT('',(-0.00854443271228278,0.0401,-0.00190912219196001));
#10025=CARTESIAN_POINT('',(-0.00857665079492177,0.0401,-0.00200773493027791));
#10026=CARTESIAN_POINT('',(-0.00859949360558276,0.0401,-0.00211241218852552));
#10027=CARTESIAN_POINT('',(-0.00861317934532142,0.0401,-0.00222301201370119));
#10028=CARTESIAN_POINT('',(-0.00861492794143534,0.0401,-0.00229881086115331));
#10029=CARTESIAN_POINT('',(-0.00861582222880237,0.0401,-0.00233757678952991));
#10030=CARTESIAN_POINT('',(-0.00753035214333229,0.0401,-0.00218450854700855));
#10031=CARTESIAN_POINT('',(-0.00753035214333229,0.0401,-0.00218450854700855));
#10032=CARTESIAN_POINT('',(-0.00753035214333229,0.0401,-0.00218450854700855));
#10033=CARTESIAN_POINT('',(-0.00753035214333229,0.0401,-0.00218450854700855));
#10034=CARTESIAN_POINT('',(-0.00774744616042631,0.0401,-0.00218450854700855));
#10035=CARTESIAN_POINT('',(-0.00774744616042631,0.0401,-0.00218450854700855));
#10036=CARTESIAN_POINT('',(-0.00774744616042631,0.0401,-0.00218450854700855));
#10037=CARTESIAN_POINT('',(-0.00774744616042631,0.0401,-0.00218450854700855));
#10038=CARTESIAN_POINT('',(-0.00774744616042631,0.0401,-0.00147895299145299));
#10039=CARTESIAN_POINT('',(-0.00774744616042631,0.0401,-0.00147895299145299));
#10040=CARTESIAN_POINT('',(-0.00774744616042631,0.0401,-0.00147895299145299));
#10041=CARTESIAN_POINT('',(-0.00774744616042631,0.0401,-0.00147895299145299));
#10042=CARTESIAN_POINT('',(-0.00839872821170836,0.0401,-0.00232104033119658));
#10043=CARTESIAN_POINT('',(-0.00839872821170836,0.04,-0.00232104033119658));
#10044=CARTESIAN_POINT('',(-0.00839815454896086,0.0401,-0.00229359723537539));
#10045=CARTESIAN_POINT('',(-0.00839815454896086,0.04,-0.00229359723537539));
#10046=CARTESIAN_POINT('',(-0.00839702806895509,0.0401,-0.00223970825814295));
#10047=CARTESIAN_POINT('',(-0.00839702806895509,0.04,-0.00223970825814295));
#10048=CARTESIAN_POINT('',(-0.0083882588453262,0.0401,-0.00216049264915616));
#10049=CARTESIAN_POINT('',(-0.0083882588453262,0.04,-0.00216049264915616));
#10050=CARTESIAN_POINT('',(-0.00837456293089104,0.0401,-0.00208441173864666));
#10051=CARTESIAN_POINT('',(-0.00837456293089104,0.04,-0.00208441173864666));
#10052=CARTESIAN_POINT('',(-0.00835450544694865,0.0401,-0.00201167934148091));
#10053=CARTESIAN_POINT('',(-0.00835450544694865,0.04,-0.00201167934148091));
#10054=CARTESIAN_POINT('',(-0.00832892184337924,0.0401,-0.0019422108575374));
#10055=CARTESIAN_POINT('',(-0.00832892184337924,0.04,-0.0019422108575374));
#10056=CARTESIAN_POINT('',(-0.00829808160140526,0.0401,-0.00187575207356985));
#10057=CARTESIAN_POINT('',(-0.00829808160140526,0.04,-0.00187575207356985));
#10058=CARTESIAN_POINT('',(-0.00826080287882067,0.0401,-0.0018128245497829));
#10059=CARTESIAN_POINT('',(-0.00826080287882067,0.04,-0.0018128245497829));
#10060=CARTESIAN_POINT('',(-0.00821872481826647,0.0401,-0.00175324539501119));
#10061=CARTESIAN_POINT('',(-0.00821872481826647,0.04,-0.00175324539501119));
#10062=CARTESIAN_POINT('',(-0.00817185572490472,0.0401,-0.00169834459301739));
#10063=CARTESIAN_POINT('',(-0.00817185572490472,0.04,-0.00169834459301739));
#10064=CARTESIAN_POINT('',(-0.00812123862320761,0.0401,-0.00164889385631299));
#10065=CARTESIAN_POINT('',(-0.00812123862320761,0.04,-0.00164889385631299));
#10066=CARTESIAN_POINT('',(-0.00806736874917664,0.0401,-0.00160542751395652));
#10067=CARTESIAN_POINT('',(-0.00806736874917664,0.04,-0.00160542751395652));
#10068=CARTESIAN_POINT('',(-0.0080097702910379,0.0401,-0.00156830713142812));
#10069=CARTESIAN_POINT('',(-0.0080097702910379,0.04,-0.00156830713142812));
#10070=CARTESIAN_POINT('',(-0.00794936429100978,0.0401,-0.00153632816417971));
#10071=CARTESIAN_POINT('',(-0.00794936429100978,0.04,-0.00153632816417971));
#10072=CARTESIAN_POINT('',(-0.00788507503705135,0.0401,-0.00151082633440077));
#10073=CARTESIAN_POINT('',(-0.00788507503705135,0.04,-0.00151082633440077));
#10074=CARTESIAN_POINT('',(-0.00781763142713526,0.0401,-0.00149109995235903));
#10075=CARTESIAN_POINT('',(-0.00781763142713526,0.04,-0.00149109995235903));
#10076=CARTESIAN_POINT('',(-0.00777100549725052,0.0401,-0.0014830304048019));
#10077=CARTESIAN_POINT('',(-0.00777100549725052,0.04,-0.0014830304048019));
#10078=CARTESIAN_POINT('',(-0.00774744616042631,0.0401,-0.00147895299145299));
#10079=CARTESIAN_POINT('',(-0.00774744616042631,0.04,-0.00147895299145299));
#10080=CARTESIAN_POINT('',(-0.00839872821170836,0.0401,-0.00232104033119658));
#10081=CARTESIAN_POINT('',(-0.00839872821170836,0.0401,-0.00232104033119658));
#10082=CARTESIAN_POINT('',(-0.00839872821170836,0.0401,-0.00232104033119658));
#10083=CARTESIAN_POINT('',(-0.00839815454896086,0.0401,-0.00229359723537539));
#10084=CARTESIAN_POINT('',(-0.00839702806895509,0.0401,-0.00223970825814295));
#10085=CARTESIAN_POINT('',(-0.0083882588453262,0.0401,-0.00216049264915616));
#10086=CARTESIAN_POINT('',(-0.00837456293089104,0.0401,-0.00208441173864666));
#10087=CARTESIAN_POINT('',(-0.00835450544694865,0.0401,-0.00201167934148091));
#10088=CARTESIAN_POINT('',(-0.00832892184337924,0.0401,-0.0019422108575374));
#10089=CARTESIAN_POINT('',(-0.00829808160140526,0.0401,-0.00187575207356985));
#10090=CARTESIAN_POINT('',(-0.00826080287882067,0.0401,-0.0018128245497829));
#10091=CARTESIAN_POINT('',(-0.00821872481826647,0.0401,-0.00175324539501119));
#10092=CARTESIAN_POINT('',(-0.00817185572490472,0.0401,-0.00169834459301739));
#10093=CARTESIAN_POINT('',(-0.00812123862320761,0.0401,-0.00164889385631299));
#10094=CARTESIAN_POINT('',(-0.00806736874917664,0.0401,-0.00160542751395652));
#10095=CARTESIAN_POINT('',(-0.0080097702910379,0.0401,-0.00156830713142812));
#10096=CARTESIAN_POINT('',(-0.00794936429100978,0.0401,-0.00153632816417971));
#10097=CARTESIAN_POINT('',(-0.00788507503705135,0.0401,-0.00151082633440077));
#10098=CARTESIAN_POINT('',(-0.00781763142713526,0.0401,-0.00149109995235903));
#10099=CARTESIAN_POINT('',(-0.00777100549725052,0.0401,-0.0014830304048019));
#10100=CARTESIAN_POINT('',(-0.00774744616042631,0.0401,-0.00147895299145299));
#10101=CARTESIAN_POINT('',(-0.00749388713264853,0.0401,-0.00332425213675214));
#10102=CARTESIAN_POINT('',(-0.00749388713264853,0.04,-0.00332425213675214));
#10103=CARTESIAN_POINT('',(-0.00751340220390994,0.0401,-0.00332379103464));
#10104=CARTESIAN_POINT('',(-0.00751340220390994,0.04,-0.00332379103464));
#10105=CARTESIAN_POINT('',(-0.00755237905726616,0.0401,-0.00332287008953218));
#10106=CARTESIAN_POINT('',(-0.00755237905726616,0.04,-0.00332287008953218));
#10107=CARTESIAN_POINT('',(-0.00761056983933719,0.0401,-0.00331708871099796));
#10108=CARTESIAN_POINT('',(-0.00761056983933719,0.04,-0.00331708871099796));
#10109=CARTESIAN_POINT('',(-0.00766778481592387,0.0401,-0.00330602267571649));
#10110=CARTESIAN_POINT('',(-0.00766778481592387,0.04,-0.00330602267571649));
#10111=CARTESIAN_POINT('',(-0.00772466050625448,0.0401,-0.00329239101514814));
#10112=CARTESIAN_POINT('',(-0.00772466050625448,0.04,-0.00329239101514814));
#10113=CARTESIAN_POINT('',(-0.00778046007870923,0.0401,-0.0032734053666752));
#10114=CARTESIAN_POINT('',(-0.00778046007870923,0.04,-0.0032734053666752));
#10115=CARTESIAN_POINT('',(-0.00783580838348848,0.0401,-0.00325102033004936));
#10116=CARTESIAN_POINT('',(-0.00783580838348848,0.04,-0.00325102033004936));
#10117=CARTESIAN_POINT('',(-0.00789019906368635,0.0401,-0.00322418622893309));
#10118=CARTESIAN_POINT('',(-0.00789019906368635,0.04,-0.00322418622893309));
#10119=CARTESIAN_POINT('',(-0.0079433012155728,0.0401,-0.00319321790731026));
#10120=CARTESIAN_POINT('',(-0.0079433012155728,0.04,-0.00319321790731026));
#10121=CARTESIAN_POINT('',(-0.00799502079294813,0.0401,-0.00315923386677767));
#10122=CARTESIAN_POINT('',(-0.00799502079294813,0.04,-0.00315923386677767));
#10123=CARTESIAN_POINT('',(-0.00804374051977962,0.0401,-0.00312116955951978));
#10124=CARTESIAN_POINT('',(-0.00804374051977962,0.04,-0.00312116955951978));
#10125=CARTESIAN_POINT('',(-0.00809010676970841,0.0401,-0.00308073448707051));
#10126=CARTESIAN_POINT('',(-0.00809010676970841,0.04,-0.00308073448707051));
#10127=CARTESIAN_POINT('',(-0.00813309071226324,0.0401,-0.00303645759998265));
#10128=CARTESIAN_POINT('',(-0.00813309071226324,0.04,-0.00303645759998265));
#10129=CARTESIAN_POINT('',(-0.0081738419180478,0.0401,-0.00298975813793625));
#10130=CARTESIAN_POINT('',(-0.0081738419180478,0.04,-0.00298975813793625));
#10131=CARTESIAN_POINT('',(-0.00821123768816423,0.0401,-0.0029392410062663));
#10132=CARTESIAN_POINT('',(-0.00821123768816423,0.04,-0.0029392410062663));
#10133=CARTESIAN_POINT('',(-0.00824599832738397,0.0401,-0.00288589951643497));
#10134=CARTESIAN_POINT('',(-0.00824599832738397,0.04,-0.00288589951643497));
#10135=CARTESIAN_POINT('',(-0.00827768574638965,0.0401,-0.00282965229832378));
#10136=CARTESIAN_POINT('',(-0.00827768574638965,0.04,-0.00282965229832378));
#10137=CARTESIAN_POINT('',(-0.00830599376555768,0.0401,-0.00277110966309236));
#10138=CARTESIAN_POINT('',(-0.00830599376555768,0.04,-0.00277110966309236));
#10139=CARTESIAN_POINT('',(-0.00833116631227316,0.0401,-0.00271108296007027));
#10140=CARTESIAN_POINT('',(-0.00833116631227316,0.04,-0.00271108296007027));
#10141=CARTESIAN_POINT('',(-0.00835189714957925,0.0401,-0.00264938042395413));
#10142=CARTESIAN_POINT('',(-0.00835189714957925,0.04,-0.00264938042395413));
#10143=CARTESIAN_POINT('',(-0.00836879305057818,0.0401,-0.0025863263211685));
#10144=CARTESIAN_POINT('',(-0.00836879305057818,0.04,-0.0025863263211685));
#10145=CARTESIAN_POINT('',(-0.00838264227794424,0.0401,-0.00252199581877414));
#10146=CARTESIAN_POINT('',(-0.00838264227794424,0.04,-0.00252199581877414));
#10147=CARTESIAN_POINT('',(-0.00839155192081917,0.0401,-0.00245606237618445));
#10148=CARTESIAN_POINT('',(-0.00839155192081917,0.04,-0.00245606237618445));
#10149=CARTESIAN_POINT('',(-0.0083980173280825,0.0401,-0.0023890107858755));
#10150=CARTESIAN_POINT('',(-0.0083980173280825,0.04,-0.0023890107858755));
#10151=CARTESIAN_POINT('',(-0.00839849005236025,0.0401,-0.00234381170837829));
#10152=CARTESIAN_POINT('',(-0.00839849005236025,0.04,-0.00234381170837829));
#10153=CARTESIAN_POINT('',(-0.00839872821170836,0.0401,-0.00232104033119658));
#10154=CARTESIAN_POINT('',(-0.00839872821170836,0.04,-0.00232104033119658));
#10155=CARTESIAN_POINT('',(-0.00749388713264853,0.0401,-0.00332425213675214));
#10156=CARTESIAN_POINT('',(-0.00749388713264853,0.0401,-0.00332425213675214));
#10157=CARTESIAN_POINT('',(-0.00749388713264853,0.0401,-0.00332425213675214));
#10158=CARTESIAN_POINT('',(-0.00751340220390994,0.0401,-0.00332379103464));
#10159=CARTESIAN_POINT('',(-0.00755237905726616,0.0401,-0.00332287008953218));
#10160=CARTESIAN_POINT('',(-0.00761056983933719,0.0401,-0.00331708871099796));
#10161=CARTESIAN_POINT('',(-0.00766778481592387,0.0401,-0.00330602267571649));
#10162=CARTESIAN_POINT('',(-0.00772466050625448,0.0401,-0.00329239101514814));
#10163=CARTESIAN_POINT('',(-0.00778046007870923,0.0401,-0.0032734053666752));
#10164=CARTESIAN_POINT('',(-0.00783580838348848,0.0401,-0.00325102033004936));
#10165=CARTESIAN_POINT('',(-0.00789019906368635,0.0401,-0.00322418622893309));
#10166=CARTESIAN_POINT('',(-0.0079433012155728,0.0401,-0.00319321790731026));
#10167=CARTESIAN_POINT('',(-0.00799502079294813,0.0401,-0.00315923386677767));
#10168=CARTESIAN_POINT('',(-0.00804374051977962,0.0401,-0.00312116955951978));
#10169=CARTESIAN_POINT('',(-0.00809010676970841,0.0401,-0.00308073448707051));
#10170=CARTESIAN_POINT('',(-0.00813309071226324,0.0401,-0.00303645759998265));
#10171=CARTESIAN_POINT('',(-0.0081738419180478,0.0401,-0.00298975813793625));
#10172=CARTESIAN_POINT('',(-0.00821123768816423,0.0401,-0.0029392410062663));
#10173=CARTESIAN_POINT('',(-0.00824599832738397,0.0401,-0.00288589951643497));
#10174=CARTESIAN_POINT('',(-0.00827768574638965,0.0401,-0.00282965229832378));
#10175=CARTESIAN_POINT('',(-0.00830599376555768,0.0401,-0.00277110966309236));
#10176=CARTESIAN_POINT('',(-0.00833116631227316,0.0401,-0.00271108296007027));
#10177=CARTESIAN_POINT('',(-0.00835189714957925,0.0401,-0.00264938042395413));
#10178=CARTESIAN_POINT('',(-0.00836879305057818,0.0401,-0.0025863263211685));
#10179=CARTESIAN_POINT('',(-0.00838264227794424,0.0401,-0.00252199581877414));
#10180=CARTESIAN_POINT('',(-0.00839155192081917,0.0401,-0.00245606237618445));
#10181=CARTESIAN_POINT('',(-0.0083980173280825,0.0401,-0.0023890107858755));
#10182=CARTESIAN_POINT('',(-0.00839849005236025,0.0401,-0.00234381170837829));
#10183=CARTESIAN_POINT('',(-0.00839872821170836,0.0401,-0.00232104033119658));
#10184=CARTESIAN_POINT('',(-0.00660770257068272,0.0401,-0.00238209802350427));
#10185=CARTESIAN_POINT('',(-0.00660770257068272,0.04,-0.00238209802350427));
#10186=CARTESIAN_POINT('',(-0.00660795307317248,0.0401,-0.00240260822691904));
#10187=CARTESIAN_POINT('',(-0.00660795307317248,0.04,-0.00240260822691904));
#10188=CARTESIAN_POINT('',(-0.00660845342846271,0.0401,-0.00244357543962718));
#10189=CARTESIAN_POINT('',(-0.00660845342846271,0.04,-0.00244357543962718));
#10190=CARTESIAN_POINT('',(-0.00661482467042428,0.0401,-0.00250442947149217));
#10191=CARTESIAN_POINT('',(-0.00661482467042428,0.04,-0.00250442947149217));
#10192=CARTESIAN_POINT('',(-0.00662401644106471,0.0401,-0.00256463714873717));
#10193=CARTESIAN_POINT('',(-0.00662401644106471,0.04,-0.00256463714873717));
#10194=CARTESIAN_POINT('',(-0.00663717914343016,0.0401,-0.00262399084699453));
#10195=CARTESIAN_POINT('',(-0.00663717914343016,0.04,-0.00262399084699453));
#10196=CARTESIAN_POINT('',(-0.00665427526902731,0.0401,-0.0026827265485887));
#10197=CARTESIAN_POINT('',(-0.00665427526902731,0.04,-0.0026827265485887));
#10198=CARTESIAN_POINT('',(-0.00667491628811363,0.0401,-0.00274071359358466));
#10199=CARTESIAN_POINT('',(-0.00667491628811363,0.04,-0.00274071359358466));
#10200=CARTESIAN_POINT('',(-0.00669976368209889,0.0401,-0.00279784005091978));
#10201=CARTESIAN_POINT('',(-0.00669976368209889,0.04,-0.00279784005091978));
#10202=CARTESIAN_POINT('',(-0.00672809194917399,0.0401,-0.00285380545182963));
#10203=CARTESIAN_POINT('',(-0.00672809194917399,0.04,-0.00285380545182963));
#10204=CARTESIAN_POINT('',(-0.00675901704783949,0.0401,-0.00290833845598337));
#10205=CARTESIAN_POINT('',(-0.00675901704783949,0.04,-0.00290833845598337));
#10206=CARTESIAN_POINT('',(-0.0067935071974225,0.0401,-0.00295962767722349));
#10207=CARTESIAN_POINT('',(-0.0067935071974225,0.04,-0.00295962767722349));
#10208=CARTESIAN_POINT('',(-0.00683050324848968,0.0401,-0.0030078839883298));
#10209=CARTESIAN_POINT('',(-0.00683050324848968,0.04,-0.0030078839883298));
#10210=CARTESIAN_POINT('',(-0.00687048222028791,0.0401,-0.00305277715207318));
#10211=CARTESIAN_POINT('',(-0.00687048222028791,0.04,-0.00305277715207318));
#10212=CARTESIAN_POINT('',(-0.00691280871167461,0.0401,-0.00309488135931963));
#10213=CARTESIAN_POINT('',(-0.00691280871167461,0.04,-0.00309488135931963));
#10214=CARTESIAN_POINT('',(-0.00695805863856588,0.0401,-0.0031336495578379));
#10215=CARTESIAN_POINT('',(-0.00695805863856588,0.04,-0.0031336495578379));
#10216=CARTESIAN_POINT('',(-0.00700590356351178,0.0401,-0.00316927619946505));
#10217=CARTESIAN_POINT('',(-0.00700590356351178,0.04,-0.00316927619946505));
#10218=CARTESIAN_POINT('',(-0.00705633906771937,0.0401,-0.00320135073881711));
#10219=CARTESIAN_POINT('',(-0.00705633906771937,0.04,-0.00320135073881711));
#10220=CARTESIAN_POINT('',(-0.00710821865506721,0.0401,-0.00322998923234572));
#10221=CARTESIAN_POINT('',(-0.00710821865506721,0.04,-0.00322998923234572));
#10222=CARTESIAN_POINT('',(-0.00716106910221494,0.0401,-0.00325532104131513));
#10223=CARTESIAN_POINT('',(-0.00716106910221494,0.04,-0.00325532104131513));
#10224=CARTESIAN_POINT('',(-0.00721483532588374,0.0401,-0.00327637884101407));
#10225=CARTESIAN_POINT('',(-0.00721483532588374,0.04,-0.00327637884101407));
#10226=CARTESIAN_POINT('',(-0.00726920590498399,0.0401,-0.0032938536197102));
#10227=CARTESIAN_POINT('',(-0.00726920590498399,0.04,-0.0032938536197102));
#10228=CARTESIAN_POINT('',(-0.00732429420189693,0.0401,-0.00330754387113528));
#10229=CARTESIAN_POINT('',(-0.00732429420189693,0.04,-0.00330754387113528));
#10230=CARTESIAN_POINT('',(-0.00738010165816416,0.0401,-0.00331733835547639));
#10231=CARTESIAN_POINT('',(-0.00738010165816416,0.04,-0.00331733835547639));
#10232=CARTESIAN_POINT('',(-0.00743681876610102,0.0401,-0.00332282121618784));
#10233=CARTESIAN_POINT('',(-0.00743681876610102,0.04,-0.00332282121618784));
#10234=CARTESIAN_POINT('',(-0.00747479562694935,0.0401,-0.00332377344023845));
#10235=CARTESIAN_POINT('',(-0.00747479562694935,0.04,-0.00332377344023845));
#10236=CARTESIAN_POINT('',(-0.00749388713264853,0.0401,-0.00332425213675214));
#10237=CARTESIAN_POINT('',(-0.00749388713264853,0.04,-0.00332425213675214));
#10238=CARTESIAN_POINT('',(-0.00660770257068272,0.0401,-0.00238209802350427));
#10239=CARTESIAN_POINT('',(-0.00660770257068272,0.0401,-0.00238209802350427));
#10240=CARTESIAN_POINT('',(-0.00660770257068272,0.0401,-0.00238209802350427));
#10241=CARTESIAN_POINT('',(-0.00660795307317248,0.0401,-0.00240260822691904));
#10242=CARTESIAN_POINT('',(-0.00660845342846271,0.0401,-0.00244357543962718));
#10243=CARTESIAN_POINT('',(-0.00661482467042428,0.0401,-0.00250442947149217));
#10244=CARTESIAN_POINT('',(-0.00662401644106471,0.0401,-0.00256463714873717));
#10245=CARTESIAN_POINT('',(-0.00663717914343016,0.0401,-0.00262399084699453));
#10246=CARTESIAN_POINT('',(-0.00665427526902731,0.0401,-0.0026827265485887));
#10247=CARTESIAN_POINT('',(-0.00667491628811363,0.0401,-0.00274071359358466));
#10248=CARTESIAN_POINT('',(-0.00669976368209889,0.0401,-0.00279784005091978));
#10249=CARTESIAN_POINT('',(-0.00672809194917399,0.0401,-0.00285380545182963));
#10250=CARTESIAN_POINT('',(-0.00675901704783949,0.0401,-0.00290833845598337));
#10251=CARTESIAN_POINT('',(-0.0067935071974225,0.0401,-0.00295962767722349));
#10252=CARTESIAN_POINT('',(-0.00683050324848968,0.0401,-0.0030078839883298));
#10253=CARTESIAN_POINT('',(-0.00687048222028791,0.0401,-0.00305277715207318));
#10254=CARTESIAN_POINT('',(-0.00691280871167461,0.0401,-0.00309488135931963));
#10255=CARTESIAN_POINT('',(-0.00695805863856588,0.0401,-0.0031336495578379));
#10256=CARTESIAN_POINT('',(-0.00700590356351178,0.0401,-0.00316927619946505));
#10257=CARTESIAN_POINT('',(-0.00705633906771937,0.0401,-0.00320135073881711));
#10258=CARTESIAN_POINT('',(-0.00710821865506721,0.0401,-0.00322998923234572));
#10259=CARTESIAN_POINT('',(-0.00716106910221494,0.0401,-0.00325532104131513));
#10260=CARTESIAN_POINT('',(-0.00721483532588374,0.0401,-0.00327637884101407));
#10261=CARTESIAN_POINT('',(-0.00726920590498399,0.0401,-0.0032938536197102));
#10262=CARTESIAN_POINT('',(-0.00732429420189693,0.0401,-0.00330754387113528));
#10263=CARTESIAN_POINT('',(-0.00738010165816416,0.0401,-0.00331733835547639));
#10264=CARTESIAN_POINT('',(-0.00743681876610102,0.0401,-0.00332282121618784));
#10265=CARTESIAN_POINT('',(-0.00747479562694935,0.0401,-0.00332377344023845));
#10266=CARTESIAN_POINT('',(-0.00749388713264853,0.0401,-0.00332425213675214));
#10267=CARTESIAN_POINT('',(-0.00696048034846049,0.0401,-0.0015875));
#10268=CARTESIAN_POINT('',(-0.00696048034846049,0.04,-0.0015875));
#10269=CARTESIAN_POINT('',(-0.0069328109666595,0.0401,-0.00161714177597478));
#10270=CARTESIAN_POINT('',(-0.0069328109666595,0.04,-0.00161714177597478));
#10271=CARTESIAN_POINT('',(-0.00687827888533727,0.0401,-0.00167556114181453));
#10272=CARTESIAN_POINT('',(-0.00687827888533727,0.04,-0.00167556114181453));
#10273=CARTESIAN_POINT('',(-0.00680662192014689,0.0401,-0.00177018625742332));
#10274=CARTESIAN_POINT('',(-0.00680662192014689,0.04,-0.00177018625742332));
#10275=CARTESIAN_POINT('',(-0.00674631460061721,0.0401,-0.00186944475042213));
#10276=CARTESIAN_POINT('',(-0.00674631460061721,0.04,-0.00186944475042213));
#10277=CARTESIAN_POINT('',(-0.00669639163409211,0.0401,-0.00197186029391901));
#10278=CARTESIAN_POINT('',(-0.00669639163409211,0.04,-0.00197186029391901));
#10279=CARTESIAN_POINT('',(-0.00665691926064898,0.0401,-0.0020756046244448));
#10280=CARTESIAN_POINT('',(-0.00665691926064898,0.04,-0.0020756046244448));
#10281=CARTESIAN_POINT('',(-0.00662896786899263,0.0401,-0.00217901372117846));
#10282=CARTESIAN_POINT('',(-0.00662896786899263,0.04,-0.00217901372117846));
#10283=CARTESIAN_POINT('',(-0.00661086510198255,0.0401,-0.00228097111669839));
#10284=CARTESIAN_POINT('',(-0.00661086510198255,0.04,-0.00228097111669839));
#10285=CARTESIAN_POINT('',(-0.00660874795159336,0.0401,-0.00234867032654118));
#10286=CARTESIAN_POINT('',(-0.00660874795159336,0.04,-0.00234867032654118));
#10287=CARTESIAN_POINT('',(-0.00660770257068272,0.0401,-0.00238209802350427));
#10288=CARTESIAN_POINT('',(-0.00660770257068272,0.04,-0.00238209802350427));
#10289=CARTESIAN_POINT('',(-0.00696048034846049,0.0401,-0.0015875));
#10290=CARTESIAN_POINT('',(-0.00696048034846049,0.0401,-0.0015875));
#10291=CARTESIAN_POINT('',(-0.00696048034846049,0.0401,-0.0015875));
#10292=CARTESIAN_POINT('',(-0.0069328109666595,0.0401,-0.00161714177597478));
#10293=CARTESIAN_POINT('',(-0.00687827888533727,0.0401,-0.00167556114181453));
#10294=CARTESIAN_POINT('',(-0.00680662192014689,0.0401,-0.00177018625742332));
#10295=CARTESIAN_POINT('',(-0.00674631460061721,0.0401,-0.00186944475042213));
#10296=CARTESIAN_POINT('',(-0.00669639163409211,0.0401,-0.00197186029391901));
#10297=CARTESIAN_POINT('',(-0.00665691926064898,0.0401,-0.0020756046244448));
#10298=CARTESIAN_POINT('',(-0.00662896786899263,0.0401,-0.00217901372117846));
#10299=CARTESIAN_POINT('',(-0.00661086510198255,0.0401,-0.00228097111669839));
#10300=CARTESIAN_POINT('',(-0.00660874795159336,0.0401,-0.00234867032654118));
#10301=CARTESIAN_POINT('',(-0.00660770257068272,0.0401,-0.00238209802350427));
#10302=CARTESIAN_POINT('',(-0.00680614007068272,0.0401,-0.00142467948717949));
#10303=CARTESIAN_POINT('',(-0.00680614007068272,0.0401,-0.00142467948717949));
#10304=CARTESIAN_POINT('',(-0.00649884710933505,0.0401,-0.00185738101826063));
#10305=CARTESIAN_POINT('',(-0.00766166964351386,0.0401,0.000556356563320651));
#10306=CARTESIAN_POINT('',(-0.00766264380999896,0.0401,0.000882368456196582));
#10307=CARTESIAN_POINT('',(-0.00766264380999896,0.0401,0.000882368456196582));
#10308=CARTESIAN_POINT('',(-0.00861582222880237,0.0401,0.000230662393162393));
#10309=CARTESIAN_POINT('',(-0.00704104258136648,0.0401,0.00112617521367521));
#10310=CARTESIAN_POINT('',(-0.00706326559095916,0.0401,0.00112547135938047));
#10311=CARTESIAN_POINT('',(-0.00710833940709653,0.0401,0.00112404376700437));
#10312=CARTESIAN_POINT('',(-0.00717675607499619,0.0401,0.00111378805402495));
#10313=CARTESIAN_POINT('',(-0.00724665967642689,0.0401,0.00109717773217733));
#10314=CARTESIAN_POINT('',(-0.00730590425184745,0.0401,0.00107791046710113));
#10315=CARTESIAN_POINT('',(-0.00735433888894879,0.0401,0.00105818073287095));
#10316=CARTESIAN_POINT('',(-0.00739320891030352,0.0401,0.00104120588832854));
#10317=CARTESIAN_POINT('',(-0.00743377281955323,0.0401,0.00102144846739539));
#10318=CARTESIAN_POINT('',(-0.0074757324879709,0.0401,0.000997979545513485));
#10319=CARTESIAN_POINT('',(-0.00752019187079049,0.0401,0.000973443638770955));
#10320=CARTESIAN_POINT('',(-0.00756618002808915,0.0401,0.000945545859123732));
#10321=CARTESIAN_POINT('',(-0.007613953944205,0.0401,0.000915135235443085));
#10322=CARTESIAN_POINT('',(-0.00764615479516725,0.0401,0.000893465055050832));
#10323=CARTESIAN_POINT('',(-0.00766264380999896,0.0401,0.000882368456196582));
#10324=CARTESIAN_POINT('',(-0.00704104258136648,0.0401,0.00112617521367521));
#10325=CARTESIAN_POINT('',(-0.0063906085535887,0.0401,0.000470229033119658));
#10326=CARTESIAN_POINT('',(-0.00639171138920437,0.0401,0.000499554124875598));
#10327=CARTESIAN_POINT('',(-0.00639389048843248,0.0401,0.000557497742131087));
#10328=CARTESIAN_POINT('',(-0.00640998970744348,0.0401,0.000642817912316955));
#10329=CARTESIAN_POINT('',(-0.00643683409339115,0.0401,0.000724608651979066));
#10330=CARTESIAN_POINT('',(-0.00647410177491641,0.0401,0.000802226445858498));
#10331=CARTESIAN_POINT('',(-0.00652111871340143,0.0401,0.000873720655051545));
#10332=CARTESIAN_POINT('',(-0.00657668127667033,0.0401,0.000938257710504744));
#10333=CARTESIAN_POINT('',(-0.00664141552958372,0.0401,0.00099410865650191));
#10334=CARTESIAN_POINT('',(-0.00671355080001636,0.0401,0.00104117748511863));
#10335=CARTESIAN_POINT('',(-0.00679106287883497,0.0401,0.00107895593800002));
#10336=CARTESIAN_POINT('',(-0.00687196988567724,0.0401,0.0011062142130796));
#10337=CARTESIAN_POINT('',(-0.00695569245806016,0.0401,0.00112299364681655));
#10338=CARTESIAN_POINT('',(-0.00701241576835515,0.0401,0.00112510810192402));
#10339=CARTESIAN_POINT('',(-0.00704104258136648,0.0401,0.00112617521367521));
#10340=CARTESIAN_POINT('',(-0.0063906085535887,0.0401,0.000470229033119658));
#10341=CARTESIAN_POINT('',(-0.00703892252260579,0.0401,-0.000203525641025641));
#10342=CARTESIAN_POINT('',(-0.00700930814691328,0.0401,-0.000202476720941259));
#10343=CARTESIAN_POINT('',(-0.00695118113496358,0.0401,-0.000200417903598215));
#10344=CARTESIAN_POINT('',(-0.00686625214132938,0.0401,-0.000183848324112183));
#10345=CARTESIAN_POINT('',(-0.00678594789828448,0.0401,-0.000156597547550852));
#10346=CARTESIAN_POINT('',(-0.00671047954291197,0.0401,-0.000118601338745105));
#10347=CARTESIAN_POINT('',(-0.00664093268633609,0.0401,-7.07436738800805E-5));
#10348=CARTESIAN_POINT('',(-0.00657827414653584,0.0401,-1.32256217360925E-5));
#10349=CARTESIAN_POINT('',(-0.00652339511587643,0.0401,5.36029661898458E-5));
#10350=CARTESIAN_POINT('',(-0.00647622122143891,0.0401,0.000128219711090285));
#10351=CARTESIAN_POINT('',(-0.0064382814849957,0.0401,0.000208866537935392));
#10352=CARTESIAN_POINT('',(-0.00641031771755836,0.0401,0.00029333282162999));
#10353=CARTESIAN_POINT('',(-0.00639386895099165,0.0401,0.000380971360910397));
#10354=CARTESIAN_POINT('',(-0.00639170035878795,0.0401,0.000440339428096962));
#10355=CARTESIAN_POINT('',(-0.0063906085535887,0.0401,0.000470229033119658));
#10356=CARTESIAN_POINT('',(-0.00703892252260579,0.0401,-0.000203525641025641));
#10357=CARTESIAN_POINT('',(-0.00766603590401605,0.0401,0.000444788327991453));
#10358=CARTESIAN_POINT('',(-0.00766546508902791,0.0401,0.000422568751820628));
#10359=CARTESIAN_POINT('',(-0.00766434462912276,0.0401,0.00037895366685198));
#10360=CARTESIAN_POINT('',(-0.0076555138252245,0.0401,0.000314821021155952));
#10361=CARTESIAN_POINT('',(-0.00764175881579281,0.0401,0.0002531058962538));
#10362=CARTESIAN_POINT('',(-0.00762170994932705,0.0401,0.00019404336640141));
#10363=CARTESIAN_POINT('',(-0.0075960869715528,0.0401,0.00013768604641611));
#10364=CARTESIAN_POINT('',(-0.00756487484171768,0.0401,8.38372739831322E-5));
#10365=CARTESIAN_POINT('',(-0.00752795737881964,0.0401,3.25683515378636E-5));
#10366=CARTESIAN_POINT('',(-0.00748573141008386,0.0401,-1.55174417790744E-5));
#10367=CARTESIAN_POINT('',(-0.00743935774165839,0.0401,-5.92480932130573E-5));
#10368=CARTESIAN_POINT('',(-0.00739027834278393,0.0401,-9.82090399522555E-5));
#10369=CARTESIAN_POINT('',(-0.00733792037927463,0.0401,-0.000130588627561381));
#10370=CARTESIAN_POINT('',(-0.00728335261017472,0.0401,-0.000157486385113112));
#10371=CARTESIAN_POINT('',(-0.00722579054704448,0.0401,-0.000177885274985611));
#10372=CARTESIAN_POINT('',(-0.00716588924536146,0.0401,-0.000192739762957147));
#10373=CARTESIAN_POINT('',(-0.00710322887079763,0.0401,-0.000201885186531358));
#10374=CARTESIAN_POINT('',(-0.00706057795846299,0.0401,-0.00020297321100782));
#10375=CARTESIAN_POINT('',(-0.00703892252260579,0.0401,-0.000203525641025641));
#10376=CARTESIAN_POINT('',(-0.00766603590401605,0.0401,0.000444788327991453));
#10377=CARTESIAN_POINT('',(-0.00599626740145226,0.0401,0.000435684467136788));
#10378=CARTESIAN_POINT('',(-0.00764992345743485,0.0401,0.000667394497863248));
#10379=CARTESIAN_POINT('',(-0.00851024330252032,0.0401,7.88661858974363E-5));
#10380=CARTESIAN_POINT('',(-0.00851024330252032,0.0401,7.88661858974363E-5));
#10381=CARTESIAN_POINT('',(-0.00861582222880237,0.0401,0.000230662393162393));
#10382=CARTESIAN_POINT('',(-0.00744894188692203,0.0401,0.000479981303418804));
#10383=CARTESIAN_POINT('',(-0.00744848203578496,0.0401,0.000496814254812634));
#10384=CARTESIAN_POINT('',(-0.00744758686195158,0.0401,0.000529582288664011));
#10385=CARTESIAN_POINT('',(-0.00744213841566304,0.0401,0.000577586655215067));
#10386=CARTESIAN_POINT('',(-0.00743247795740311,0.0401,0.000622897959194576));
#10387=CARTESIAN_POINT('',(-0.00741861698869225,0.0401,0.000665637238536446));
#10388=CARTESIAN_POINT('',(-0.00740189128891733,0.0401,0.000706233031596596));
#10389=CARTESIAN_POINT('',(-0.00738059642114963,0.0401,0.000744040525319039));
#10390=CARTESIAN_POINT('',(-0.00735518636097522,0.0401,0.000779091361293289));
#10391=CARTESIAN_POINT('',(-0.00732663554198378,0.0401,0.000811620250507406));
#10392=CARTESIAN_POINT('',(-0.00729491542716676,0.0401,0.000840506097974618));
#10393=CARTESIAN_POINT('',(-0.00726171574837621,0.0401,0.000866234502245568));
#10394=CARTESIAN_POINT('',(-0.00722689076996635,0.0401,0.000888103035875817));
#10395=CARTESIAN_POINT('',(-0.00719000436849056,0.0401,0.000905377017729362));
#10396=CARTESIAN_POINT('',(-0.00715195443765319,0.0401,0.000919579594323134));
#10397=CARTESIAN_POINT('',(-0.00711212823235329,0.0401,0.000929387630182616));
#10398=CARTESIAN_POINT('',(-0.00707073324718478,0.0401,0.000934821012671045));
#10399=CARTESIAN_POINT('',(-0.00704261263020158,0.0401,0.000935747250828564));
#10400=CARTESIAN_POINT('',(-0.00702832222880237,0.0401,0.000936217948717949));
#10401=CARTESIAN_POINT('',(-0.00744894188692203,0.0401,0.000479981303418804));
#10402=CARTESIAN_POINT('',(-0.00702832222880237,0.0401,0.000936217948717949));
#10403=CARTESIAN_POINT('',(-0.00702832222880237,0.0401,-1.35683760683757E-5));
#10404=CARTESIAN_POINT('',(-0.00704262375851111,0.0401,-1.32019350376933E-5));
#10405=CARTESIAN_POINT('',(-0.00707082899267487,0.0401,-1.24792462562764E-5));
#10406=CARTESIAN_POINT('',(-0.00711227114456602,0.0401,-5.50767819359552E-6));
#10407=CARTESIAN_POINT('',(-0.00715199686187814,0.0401,6.15109104299942E-6));
#10408=CARTESIAN_POINT('',(-0.00719039241324961,0.0401,2.1765674874066E-5));
#10409=CARTESIAN_POINT('',(-0.00722708444175366,0.0401,4.23285412949738E-5));
#10410=CARTESIAN_POINT('',(-0.00726189898919735,0.0401,6.75615350632252E-5));
#10411=CARTESIAN_POINT('',(-0.00729523071382537,0.0401,9.71377462408479E-5));
#10412=CARTESIAN_POINT('',(-0.0073265617419395,0.0401,0.000130661807828963));
#10413=CARTESIAN_POINT('',(-0.00735531948620334,0.0401,0.000167351600397954));
#10414=CARTESIAN_POINT('',(-0.0073804354791378,0.0401,0.000206538204003014));
#10415=CARTESIAN_POINT('',(-0.00740164595743002,0.0401,0.000247547010120671));
#10416=CARTESIAN_POINT('',(-0.00741866479437392,0.0401,0.000290522377315925));
#10417=CARTESIAN_POINT('',(-0.00743233946703752,0.0401,0.000335145822949896));
#10418=CARTESIAN_POINT('',(-0.0074421206111274,0.0401,0.000381818402412082));
#10419=CARTESIAN_POINT('',(-0.00744753460101524,0.0401,0.00043038576506138));
#10420=CARTESIAN_POINT('',(-0.00744846829107836,0.0401,0.000463290849320451));
#10421=CARTESIAN_POINT('',(-0.00744894188692203,0.0401,0.000479981303418804));
#10422=CARTESIAN_POINT('',(-0.00702832222880237,0.0401,-1.35683760683757E-5));
#10423=CARTESIAN_POINT('',(-0.00660770257068272,0.0401,0.000460476762820513));
#10424=CARTESIAN_POINT('',(-0.00660817224683652,0.0401,0.00044435123336873));
#10425=CARTESIAN_POINT('',(-0.00660909374758216,0.0401,0.000412713077389868));
#10426=CARTESIAN_POINT('',(-0.00661450882726285,0.0401,0.000366108535728869));
#10427=CARTESIAN_POINT('',(-0.00662438637828551,0.0401,0.000321436710749108));
#10428=CARTESIAN_POINT('',(-0.0066379758716619,0.0401,0.000278425438062068));
#10429=CARTESIAN_POINT('',(-0.00665532583955725,0.0401,0.000237195790886861));
#10430=CARTESIAN_POINT('',(-0.00667675143378451,0.0401,0.000197935219142794));
#10431=CARTESIAN_POINT('',(-0.00670187403152439,0.0401,0.000160464245072361));
#10432=CARTESIAN_POINT('',(-0.0067305297073402,0.0401,0.00012525782033865));
#10433=CARTESIAN_POINT('',(-0.00676158699673454,0.0401,9.25960468770874E-5));
#10434=CARTESIAN_POINT('',(-0.00679502703154899,0.0401,6.42138801997819E-5));
#10435=CARTESIAN_POINT('',(-0.0068300543934435,0.0401,4.03234767060605E-5));
#10436=CARTESIAN_POINT('',(-0.00686644928503653,0.0401,2.04146225047504E-5));
#10437=CARTESIAN_POINT('',(-0.00690466805303315,0.0401,5.30131567450953E-6));
#10438=CARTESIAN_POINT('',(-0.00694439684135798,0.0401,-5.96250606719851E-6));
#10439=CARTESIAN_POINT('',(-0.00698585311079414,0.0401,-1.23653025944664E-5));
#10440=CARTESIAN_POINT('',(-0.00701402585970884,0.0401,-1.31633857310129E-5));
#10441=CARTESIAN_POINT('',(-0.00702832222880237,0.0401,-1.35683760683757E-5));
#10442=CARTESIAN_POINT('',(-0.00660770257068272,0.0401,0.000460476762820513));
#10443=CARTESIAN_POINT('',(-0.00702832222880237,0.0401,0.000936217948717949));
#10444=CARTESIAN_POINT('',(-0.00701402582860127,0.0401,0.000935812995086424));
#10445=CARTESIAN_POINT('',(-0.00698585301838531,0.0401,0.000935014984283234));
#10446=CARTESIAN_POINT('',(-0.0069443971959626,0.0401,0.000928611660295705));
#10447=CARTESIAN_POINT('',(-0.00690466674387365,0.0401,0.000917349801737514));
#10448=CARTESIAN_POINT('',(-0.00686645419018858,0.0401,0.000902229162236833));
#10449=CARTESIAN_POINT('',(-0.00683003593666344,0.0401,0.000882347874298941));
#10450=CARTESIAN_POINT('',(-0.00679517443634181,0.0401,0.000858401983530435));
#10451=CARTESIAN_POINT('',(-0.00676143878425124,0.0401,0.000830511008111503));
#10452=CARTESIAN_POINT('',(-0.00673056641381998,0.0401,0.00079777905220334));
#10453=CARTESIAN_POINT('',(-0.00670174055398564,0.0401,0.000762562583581089));
#10454=CARTESIAN_POINT('',(-0.00667675159544455,0.0401,0.000724697037138506));
#10455=CARTESIAN_POINT('',(-0.00665542076255366,0.0401,0.000685121663979957));
#10456=CARTESIAN_POINT('',(-0.0066379692818133,0.0401,0.000643804929996545));
#10457=CARTESIAN_POINT('',(-0.00662432392396879,0.0401,0.000600660832755807));
#10458=CARTESIAN_POINT('',(-0.00661451818084124,0.0401,0.000555687040449644));
#10459=CARTESIAN_POINT('',(-0.00660909188676088,0.0401,0.000508663883932761));
#10460=CARTESIAN_POINT('',(-0.00660817157465339,0.0401,0.000476743724307906));
#10461=CARTESIAN_POINT('',(-0.00660770257068272,0.0401,0.000460476762820513));
#10462=CARTESIAN_POINT('',(-0.00766264380999896,0.0401,0.000882368456196582));
#10463=CARTESIAN_POINT('',(-0.00766264380999896,0.0401,0.000882368456196582));
#10464=CARTESIAN_POINT('',(-0.00861582222880237,0.0401,0.000230662393162393));
#10465=CARTESIAN_POINT('',(-0.00704104258136648,0.0401,0.00112617521367521));
#10466=CARTESIAN_POINT('',(-0.00704104258136648,0.04,0.00112617521367521));
#10467=CARTESIAN_POINT('',(-0.00706326559095916,0.0401,0.00112547135938047));
#10468=CARTESIAN_POINT('',(-0.00706326559095916,0.04,0.00112547135938047));
#10469=CARTESIAN_POINT('',(-0.00710833940709653,0.0401,0.00112404376700437));
#10470=CARTESIAN_POINT('',(-0.00710833940709653,0.04,0.00112404376700437));
#10471=CARTESIAN_POINT('',(-0.00717675607499619,0.0401,0.00111378805402495));
#10472=CARTESIAN_POINT('',(-0.00717675607499619,0.04,0.00111378805402495));
#10473=CARTESIAN_POINT('',(-0.00724665967642689,0.0401,0.00109717773217733));
#10474=CARTESIAN_POINT('',(-0.00724665967642689,0.04,0.00109717773217733));
#10475=CARTESIAN_POINT('',(-0.00730590425184745,0.0401,0.00107791046710113));
#10476=CARTESIAN_POINT('',(-0.00730590425184745,0.04,0.00107791046710113));
#10477=CARTESIAN_POINT('',(-0.00735433888894879,0.0401,0.00105818073287095));
#10478=CARTESIAN_POINT('',(-0.00735433888894879,0.04,0.00105818073287095));
#10479=CARTESIAN_POINT('',(-0.00739320891030352,0.0401,0.00104120588832854));
#10480=CARTESIAN_POINT('',(-0.00739320891030352,0.04,0.00104120588832854));
#10481=CARTESIAN_POINT('',(-0.00743377281955323,0.0401,0.00102144846739539));
#10482=CARTESIAN_POINT('',(-0.00743377281955323,0.04,0.00102144846739539));
#10483=CARTESIAN_POINT('',(-0.0074757324879709,0.0401,0.000997979545513485));
#10484=CARTESIAN_POINT('',(-0.0074757324879709,0.04,0.000997979545513485));
#10485=CARTESIAN_POINT('',(-0.00752019187079049,0.0401,0.000973443638770955));
#10486=CARTESIAN_POINT('',(-0.00752019187079049,0.04,0.000973443638770955));
#10487=CARTESIAN_POINT('',(-0.00756618002808915,0.0401,0.000945545859123732));
#10488=CARTESIAN_POINT('',(-0.00756618002808915,0.04,0.000945545859123732));
#10489=CARTESIAN_POINT('',(-0.007613953944205,0.0401,0.000915135235443085));
#10490=CARTESIAN_POINT('',(-0.007613953944205,0.04,0.000915135235443085));
#10491=CARTESIAN_POINT('',(-0.00764615479516725,0.0401,0.000893465055050832));
#10492=CARTESIAN_POINT('',(-0.00764615479516725,0.04,0.000893465055050832));
#10493=CARTESIAN_POINT('',(-0.00766264380999896,0.0401,0.000882368456196582));
#10494=CARTESIAN_POINT('',(-0.00766264380999896,0.04,0.000882368456196582));
#10495=CARTESIAN_POINT('',(-0.00704104258136648,0.0401,0.00112617521367521));
#10496=CARTESIAN_POINT('',(-0.0063906085535887,0.0401,0.000470229033119658));
#10497=CARTESIAN_POINT('',(-0.0063906085535887,0.04,0.000470229033119658));
#10498=CARTESIAN_POINT('',(-0.00639171138920437,0.0401,0.000499554124875598));
#10499=CARTESIAN_POINT('',(-0.00639171138920437,0.04,0.000499554124875598));
#10500=CARTESIAN_POINT('',(-0.00639389048843248,0.0401,0.000557497742131087));
#10501=CARTESIAN_POINT('',(-0.00639389048843248,0.04,0.000557497742131087));
#10502=CARTESIAN_POINT('',(-0.00640998970744348,0.0401,0.000642817912316955));
#10503=CARTESIAN_POINT('',(-0.00640998970744348,0.04,0.000642817912316955));
#10504=CARTESIAN_POINT('',(-0.00643683409339115,0.0401,0.000724608651979066));
#10505=CARTESIAN_POINT('',(-0.00643683409339115,0.04,0.000724608651979066));
#10506=CARTESIAN_POINT('',(-0.00647410177491641,0.0401,0.000802226445858498));
#10507=CARTESIAN_POINT('',(-0.00647410177491641,0.04,0.000802226445858498));
#10508=CARTESIAN_POINT('',(-0.00652111871340143,0.0401,0.000873720655051545));
#10509=CARTESIAN_POINT('',(-0.00652111871340143,0.04,0.000873720655051545));
#10510=CARTESIAN_POINT('',(-0.00657668127667033,0.0401,0.000938257710504744));
#10511=CARTESIAN_POINT('',(-0.00657668127667033,0.04,0.000938257710504744));
#10512=CARTESIAN_POINT('',(-0.00664141552958372,0.0401,0.00099410865650191));
#10513=CARTESIAN_POINT('',(-0.00664141552958372,0.04,0.00099410865650191));
#10514=CARTESIAN_POINT('',(-0.00671355080001636,0.0401,0.00104117748511863));
#10515=CARTESIAN_POINT('',(-0.00671355080001636,0.04,0.00104117748511863));
#10516=CARTESIAN_POINT('',(-0.00679106287883497,0.0401,0.00107895593800002));
#10517=CARTESIAN_POINT('',(-0.00679106287883497,0.04,0.00107895593800002));
#10518=CARTESIAN_POINT('',(-0.00687196988567724,0.0401,0.0011062142130796));
#10519=CARTESIAN_POINT('',(-0.00687196988567724,0.04,0.0011062142130796));
#10520=CARTESIAN_POINT('',(-0.00695569245806016,0.0401,0.00112299364681655));
#10521=CARTESIAN_POINT('',(-0.00695569245806016,0.04,0.00112299364681655));
#10522=CARTESIAN_POINT('',(-0.00701241576835515,0.0401,0.00112510810192402));
#10523=CARTESIAN_POINT('',(-0.00701241576835515,0.04,0.00112510810192402));
#10524=CARTESIAN_POINT('',(-0.00704104258136648,0.0401,0.00112617521367521));
#10525=CARTESIAN_POINT('',(-0.00704104258136648,0.04,0.00112617521367521));
#10526=CARTESIAN_POINT('',(-0.0063906085535887,0.0401,0.000470229033119658));
#10527=CARTESIAN_POINT('',(-0.00703892252260579,0.0401,-0.000203525641025641));
#10528=CARTESIAN_POINT('',(-0.00703892252260579,0.04,-0.000203525641025641));
#10529=CARTESIAN_POINT('',(-0.00700930814691328,0.0401,-0.000202476720941259));
#10530=CARTESIAN_POINT('',(-0.00700930814691328,0.04,-0.000202476720941259));
#10531=CARTESIAN_POINT('',(-0.00695118113496358,0.0401,-0.000200417903598215));
#10532=CARTESIAN_POINT('',(-0.00695118113496358,0.04,-0.000200417903598215));
#10533=CARTESIAN_POINT('',(-0.00686625214132938,0.0401,-0.000183848324112183));
#10534=CARTESIAN_POINT('',(-0.00686625214132938,0.04,-0.000183848324112183));
#10535=CARTESIAN_POINT('',(-0.00678594789828448,0.0401,-0.000156597547550852));
#10536=CARTESIAN_POINT('',(-0.00678594789828448,0.04,-0.000156597547550852));
#10537=CARTESIAN_POINT('',(-0.00671047954291197,0.0401,-0.000118601338745105));
#10538=CARTESIAN_POINT('',(-0.00671047954291197,0.04,-0.000118601338745105));
#10539=CARTESIAN_POINT('',(-0.00664093268633609,0.0401,-7.07436738800805E-5));
#10540=CARTESIAN_POINT('',(-0.00664093268633609,0.04,-7.07436738800805E-5));
#10541=CARTESIAN_POINT('',(-0.00657827414653584,0.0401,-1.32256217360925E-5));
#10542=CARTESIAN_POINT('',(-0.00657827414653584,0.04,-1.32256217360925E-5));
#10543=CARTESIAN_POINT('',(-0.00652339511587643,0.0401,5.36029661898458E-5));
#10544=CARTESIAN_POINT('',(-0.00652339511587643,0.04,5.36029661898458E-5));
#10545=CARTESIAN_POINT('',(-0.00647622122143891,0.0401,0.000128219711090285));
#10546=CARTESIAN_POINT('',(-0.00647622122143891,0.04,0.000128219711090285));
#10547=CARTESIAN_POINT('',(-0.0064382814849957,0.0401,0.000208866537935392));
#10548=CARTESIAN_POINT('',(-0.0064382814849957,0.04,0.000208866537935392));
#10549=CARTESIAN_POINT('',(-0.00641031771755836,0.0401,0.00029333282162999));
#10550=CARTESIAN_POINT('',(-0.00641031771755836,0.04,0.00029333282162999));
#10551=CARTESIAN_POINT('',(-0.00639386895099165,0.0401,0.000380971360910397));
#10552=CARTESIAN_POINT('',(-0.00639386895099165,0.04,0.000380971360910397));
#10553=CARTESIAN_POINT('',(-0.00639170035878795,0.0401,0.000440339428096962));
#10554=CARTESIAN_POINT('',(-0.00639170035878795,0.04,0.000440339428096962));
#10555=CARTESIAN_POINT('',(-0.0063906085535887,0.0401,0.000470229033119658));
#10556=CARTESIAN_POINT('',(-0.0063906085535887,0.04,0.000470229033119658));
#10557=CARTESIAN_POINT('',(-0.00703892252260579,0.0401,-0.000203525641025641));
#10558=CARTESIAN_POINT('',(-0.00766603590401605,0.0401,0.000444788327991453));
#10559=CARTESIAN_POINT('',(-0.00766603590401605,0.04,0.000444788327991453));
#10560=CARTESIAN_POINT('',(-0.00766546508902791,0.0401,0.000422568751820628));
#10561=CARTESIAN_POINT('',(-0.00766546508902791,0.04,0.000422568751820628));
#10562=CARTESIAN_POINT('',(-0.00766434462912276,0.0401,0.00037895366685198));
#10563=CARTESIAN_POINT('',(-0.00766434462912276,0.04,0.00037895366685198));
#10564=CARTESIAN_POINT('',(-0.0076555138252245,0.0401,0.000314821021155952));
#10565=CARTESIAN_POINT('',(-0.0076555138252245,0.04,0.000314821021155952));
#10566=CARTESIAN_POINT('',(-0.00764175881579281,0.0401,0.0002531058962538));
#10567=CARTESIAN_POINT('',(-0.00764175881579281,0.04,0.0002531058962538));
#10568=CARTESIAN_POINT('',(-0.00762170994932705,0.0401,0.00019404336640141));
#10569=CARTESIAN_POINT('',(-0.00762170994932705,0.04,0.00019404336640141));
#10570=CARTESIAN_POINT('',(-0.0075960869715528,0.0401,0.00013768604641611));
#10571=CARTESIAN_POINT('',(-0.0075960869715528,0.04,0.00013768604641611));
#10572=CARTESIAN_POINT('',(-0.00756487484171768,0.0401,8.38372739831322E-5));
#10573=CARTESIAN_POINT('',(-0.00756487484171768,0.04,8.38372739831322E-5));
#10574=CARTESIAN_POINT('',(-0.00752795737881964,0.0401,3.25683515378636E-5));
#10575=CARTESIAN_POINT('',(-0.00752795737881964,0.04,3.25683515378636E-5));
#10576=CARTESIAN_POINT('',(-0.00748573141008386,0.0401,-1.55174417790744E-5));
#10577=CARTESIAN_POINT('',(-0.00748573141008386,0.04,-1.55174417790744E-5));
#10578=CARTESIAN_POINT('',(-0.00743935774165839,0.0401,-5.92480932130573E-5));
#10579=CARTESIAN_POINT('',(-0.00743935774165839,0.04,-5.92480932130573E-5));
#10580=CARTESIAN_POINT('',(-0.00739027834278393,0.0401,-9.82090399522555E-5));
#10581=CARTESIAN_POINT('',(-0.00739027834278393,0.04,-9.82090399522555E-5));
#10582=CARTESIAN_POINT('',(-0.00733792037927463,0.0401,-0.000130588627561381));
#10583=CARTESIAN_POINT('',(-0.00733792037927463,0.04,-0.000130588627561381));
#10584=CARTESIAN_POINT('',(-0.00728335261017472,0.0401,-0.000157486385113112));
#10585=CARTESIAN_POINT('',(-0.00728335261017472,0.04,-0.000157486385113112));
#10586=CARTESIAN_POINT('',(-0.00722579054704448,0.0401,-0.000177885274985611));
#10587=CARTESIAN_POINT('',(-0.00722579054704448,0.04,-0.000177885274985611));
#10588=CARTESIAN_POINT('',(-0.00716588924536146,0.0401,-0.000192739762957147));
#10589=CARTESIAN_POINT('',(-0.00716588924536146,0.04,-0.000192739762957147));
#10590=CARTESIAN_POINT('',(-0.00710322887079763,0.0401,-0.000201885186531358));
#10591=CARTESIAN_POINT('',(-0.00710322887079763,0.04,-0.000201885186531358));
#10592=CARTESIAN_POINT('',(-0.00706057795846299,0.0401,-0.00020297321100782));
#10593=CARTESIAN_POINT('',(-0.00706057795846299,0.04,-0.00020297321100782));
#10594=CARTESIAN_POINT('',(-0.00703892252260579,0.0401,-0.000203525641025641));
#10595=CARTESIAN_POINT('',(-0.00703892252260579,0.04,-0.000203525641025641));
#10596=CARTESIAN_POINT('',(-0.00766587830675071,0.0401,0.000444787468744454));
#10597=CARTESIAN_POINT('',(-0.00766587830675071,0.0400666666666666,0.000444787468744454));
#10598=CARTESIAN_POINT('',(-0.00766587830675071,0.0400333333333333,0.000444787468744454));
#10599=CARTESIAN_POINT('',(-0.00766587830675071,0.04,0.000444787468744454));
#10600=CARTESIAN_POINT('',(-0.00599626740145226,0.0401,0.000435684467136788));
#10601=CARTESIAN_POINT('',(-0.00764972799099645,0.0401,0.000667528214366417));
#10602=CARTESIAN_POINT('',(-0.00851024330252032,0.0401,7.88661858974363E-5));
#10603=CARTESIAN_POINT('',(-0.00851024330252032,0.0401,7.88661858974363E-5));
#10604=CARTESIAN_POINT('',(-0.00861582222880237,0.0401,0.000230662393162393));
#10605=CARTESIAN_POINT('',(-0.00702832222880237,0.0401,-1.35683760683757E-5));
#10606=CARTESIAN_POINT('',(-0.00702832222880237,0.04,-1.35683760683757E-5));
#10607=CARTESIAN_POINT('',(-0.00704262375851111,0.0401,-1.32019350376933E-5));
#10608=CARTESIAN_POINT('',(-0.00704262375851111,0.04,-1.32019350376933E-5));
#10609=CARTESIAN_POINT('',(-0.00707082899267487,0.0401,-1.24792462562764E-5));
#10610=CARTESIAN_POINT('',(-0.00707082899267487,0.04,-1.24792462562764E-5));
#10611=CARTESIAN_POINT('',(-0.00711227114456602,0.0401,-5.50767819359552E-6));
#10612=CARTESIAN_POINT('',(-0.00711227114456602,0.04,-5.50767819359552E-6));
#10613=CARTESIAN_POINT('',(-0.00715199686187814,0.0401,6.15109104299942E-6));
#10614=CARTESIAN_POINT('',(-0.00715199686187814,0.04,6.15109104299942E-6));
#10615=CARTESIAN_POINT('',(-0.00719039241324961,0.0401,2.1765674874066E-5));
#10616=CARTESIAN_POINT('',(-0.00719039241324961,0.04,2.1765674874066E-5));
#10617=CARTESIAN_POINT('',(-0.00722708444175366,0.0401,4.23285412949738E-5));
#10618=CARTESIAN_POINT('',(-0.00722708444175366,0.04,4.23285412949738E-5));
#10619=CARTESIAN_POINT('',(-0.00726189898919735,0.0401,6.75615350632252E-5));
#10620=CARTESIAN_POINT('',(-0.00726189898919735,0.04,6.75615350632252E-5));
#10621=CARTESIAN_POINT('',(-0.00729523071382537,0.0401,9.71377462408479E-5));
#10622=CARTESIAN_POINT('',(-0.00729523071382537,0.04,9.71377462408479E-5));
#10623=CARTESIAN_POINT('',(-0.0073265617419395,0.0401,0.000130661807828963));
#10624=CARTESIAN_POINT('',(-0.0073265617419395,0.04,0.000130661807828963));
#10625=CARTESIAN_POINT('',(-0.00735531948620334,0.0401,0.000167351600397954));
#10626=CARTESIAN_POINT('',(-0.00735531948620334,0.04,0.000167351600397954));
#10627=CARTESIAN_POINT('',(-0.0073804354791378,0.0401,0.000206538204003014));
#10628=CARTESIAN_POINT('',(-0.0073804354791378,0.04,0.000206538204003014));
#10629=CARTESIAN_POINT('',(-0.00740164595743002,0.0401,0.000247547010120671));
#10630=CARTESIAN_POINT('',(-0.00740164595743002,0.04,0.000247547010120671));
#10631=CARTESIAN_POINT('',(-0.00741866479437392,0.0401,0.000290522377315925));
#10632=CARTESIAN_POINT('',(-0.00741866479437392,0.04,0.000290522377315925));
#10633=CARTESIAN_POINT('',(-0.00743233946703752,0.0401,0.000335145822949896));
#10634=CARTESIAN_POINT('',(-0.00743233946703752,0.04,0.000335145822949896));
#10635=CARTESIAN_POINT('',(-0.0074421206111274,0.0401,0.000381818402412082));
#10636=CARTESIAN_POINT('',(-0.0074421206111274,0.04,0.000381818402412082));
#10637=CARTESIAN_POINT('',(-0.00744753460101524,0.0401,0.00043038576506138));
#10638=CARTESIAN_POINT('',(-0.00744753460101524,0.04,0.00043038576506138));
#10639=CARTESIAN_POINT('',(-0.00744846829107836,0.0401,0.000463290849320451));
#10640=CARTESIAN_POINT('',(-0.00744846829107836,0.04,0.000463290849320451));
#10641=CARTESIAN_POINT('',(-0.00744894188692203,0.0401,0.000479981303418804));
#10642=CARTESIAN_POINT('',(-0.00744894188692203,0.04,0.000479981303418804));
#10643=CARTESIAN_POINT('',(-0.00702832222880237,0.04,-1.35683760683757E-5));
#10644=CARTESIAN_POINT('',(-0.00704262375851111,0.04,-1.32019350376933E-5));
#10645=CARTESIAN_POINT('',(-0.00707082899267487,0.04,-1.24792462562764E-5));
#10646=CARTESIAN_POINT('',(-0.00711227114456602,0.04,-5.50767819359552E-6));
#10647=CARTESIAN_POINT('',(-0.00715199686187814,0.04,6.15109104299942E-6));
#10648=CARTESIAN_POINT('',(-0.00719039241324961,0.04,2.1765674874066E-5));
#10649=CARTESIAN_POINT('',(-0.00722708444175366,0.04,4.23285412949738E-5));
#10650=CARTESIAN_POINT('',(-0.00726189898919735,0.04,6.75615350632252E-5));
#10651=CARTESIAN_POINT('',(-0.00729523071382537,0.04,9.71377462408479E-5));
#10652=CARTESIAN_POINT('',(-0.0073265617419395,0.04,0.000130661807828963));
#10653=CARTESIAN_POINT('',(-0.00735531948620334,0.04,0.000167351600397954));
#10654=CARTESIAN_POINT('',(-0.0073804354791378,0.04,0.000206538204003014));
#10655=CARTESIAN_POINT('',(-0.00740164595743002,0.04,0.000247547010120671));
#10656=CARTESIAN_POINT('',(-0.00741866479437392,0.04,0.000290522377315925));
#10657=CARTESIAN_POINT('',(-0.00743233946703752,0.04,0.000335145822949896));
#10658=CARTESIAN_POINT('',(-0.0074421206111274,0.04,0.000381818402412082));
#10659=CARTESIAN_POINT('',(-0.00744753460101524,0.04,0.00043038576506138));
#10660=CARTESIAN_POINT('',(-0.00744846829107836,0.04,0.000463290849320451));
#10661=CARTESIAN_POINT('',(-0.00744894188692203,0.04,0.000479981303418804));
#10662=CARTESIAN_POINT('',(-0.00702832222880237,0.04,-1.35683760683757E-5));
#10663=CARTESIAN_POINT('',(-0.00744894188692203,0.04,0.000479981303418804));
#10664=CARTESIAN_POINT('',(-0.00702832222880237,0.0401,-1.35683760683757E-5));
#10665=CARTESIAN_POINT('',(-0.00744894188692203,0.0401,0.000479981303418804));
#10666=CARTESIAN_POINT('',(-0.00744894188692203,0.0401,0.000479981303418804));
#10667=CARTESIAN_POINT('',(-0.00744894188692203,0.04,0.000479981303418804));
#10668=CARTESIAN_POINT('',(-0.00744848203578496,0.0401,0.000496814254812634));
#10669=CARTESIAN_POINT('',(-0.00744848203578496,0.04,0.000496814254812634));
#10670=CARTESIAN_POINT('',(-0.00744758686195158,0.0401,0.000529582288664011));
#10671=CARTESIAN_POINT('',(-0.00744758686195158,0.04,0.000529582288664011));
#10672=CARTESIAN_POINT('',(-0.00744213841566304,0.0401,0.000577586655215067));
#10673=CARTESIAN_POINT('',(-0.00744213841566304,0.04,0.000577586655215067));
#10674=CARTESIAN_POINT('',(-0.00743247795740311,0.0401,0.000622897959194576));
#10675=CARTESIAN_POINT('',(-0.00743247795740311,0.04,0.000622897959194576));
#10676=CARTESIAN_POINT('',(-0.00741861698869225,0.0401,0.000665637238536446));
#10677=CARTESIAN_POINT('',(-0.00741861698869225,0.04,0.000665637238536446));
#10678=CARTESIAN_POINT('',(-0.00740189128891733,0.0401,0.000706233031596596));
#10679=CARTESIAN_POINT('',(-0.00740189128891733,0.04,0.000706233031596596));
#10680=CARTESIAN_POINT('',(-0.00738059642114963,0.0401,0.000744040525319039));
#10681=CARTESIAN_POINT('',(-0.00738059642114963,0.04,0.000744040525319039));
#10682=CARTESIAN_POINT('',(-0.00735518636097522,0.0401,0.000779091361293289));
#10683=CARTESIAN_POINT('',(-0.00735518636097522,0.04,0.000779091361293289));
#10684=CARTESIAN_POINT('',(-0.00732663554198378,0.0401,0.000811620250507406));
#10685=CARTESIAN_POINT('',(-0.00732663554198378,0.04,0.000811620250507406));
#10686=CARTESIAN_POINT('',(-0.00729491542716676,0.0401,0.000840506097974618));
#10687=CARTESIAN_POINT('',(-0.00729491542716676,0.04,0.000840506097974618));
#10688=CARTESIAN_POINT('',(-0.00726171574837621,0.0401,0.000866234502245568));
#10689=CARTESIAN_POINT('',(-0.00726171574837621,0.04,0.000866234502245568));
#10690=CARTESIAN_POINT('',(-0.00722689076996635,0.0401,0.000888103035875817));
#10691=CARTESIAN_POINT('',(-0.00722689076996635,0.04,0.000888103035875817));
#10692=CARTESIAN_POINT('',(-0.00719000436849056,0.0401,0.000905377017729362));
#10693=CARTESIAN_POINT('',(-0.00719000436849056,0.04,0.000905377017729362));
#10694=CARTESIAN_POINT('',(-0.00715195443765319,0.0401,0.000919579594323134));
#10695=CARTESIAN_POINT('',(-0.00715195443765319,0.04,0.000919579594323134));
#10696=CARTESIAN_POINT('',(-0.00711212823235329,0.0401,0.000929387630182616));
#10697=CARTESIAN_POINT('',(-0.00711212823235329,0.04,0.000929387630182616));
#10698=CARTESIAN_POINT('',(-0.00707073324718478,0.0401,0.000934821012671045));
#10699=CARTESIAN_POINT('',(-0.00707073324718478,0.04,0.000934821012671045));
#10700=CARTESIAN_POINT('',(-0.00704261263020158,0.0401,0.000935747250828564));
#10701=CARTESIAN_POINT('',(-0.00704261263020158,0.04,0.000935747250828564));
#10702=CARTESIAN_POINT('',(-0.00702832222880237,0.0401,0.000936217948717949));
#10703=CARTESIAN_POINT('',(-0.00702832222880237,0.04,0.000936217948717949));
#10704=CARTESIAN_POINT('',(-0.00744894188692203,0.04,0.000479981303418804));
#10705=CARTESIAN_POINT('',(-0.00744848203578496,0.04,0.000496814254812634));
#10706=CARTESIAN_POINT('',(-0.00744758686195158,0.04,0.000529582288664011));
#10707=CARTESIAN_POINT('',(-0.00744213841566304,0.04,0.000577586655215067));
#10708=CARTESIAN_POINT('',(-0.00743247795740311,0.04,0.000622897959194576));
#10709=CARTESIAN_POINT('',(-0.00741861698869225,0.04,0.000665637238536446));
#10710=CARTESIAN_POINT('',(-0.00740189128891733,0.04,0.000706233031596596));
#10711=CARTESIAN_POINT('',(-0.00738059642114963,0.04,0.000744040525319039));
#10712=CARTESIAN_POINT('',(-0.00735518636097522,0.04,0.000779091361293289));
#10713=CARTESIAN_POINT('',(-0.00732663554198378,0.04,0.000811620250507406));
#10714=CARTESIAN_POINT('',(-0.00729491542716676,0.04,0.000840506097974618));
#10715=CARTESIAN_POINT('',(-0.00726171574837621,0.04,0.000866234502245568));
#10716=CARTESIAN_POINT('',(-0.00722689076996635,0.04,0.000888103035875817));
#10717=CARTESIAN_POINT('',(-0.00719000436849056,0.04,0.000905377017729362));
#10718=CARTESIAN_POINT('',(-0.00715195443765319,0.04,0.000919579594323134));
#10719=CARTESIAN_POINT('',(-0.00711212823235329,0.04,0.000929387630182616));
#10720=CARTESIAN_POINT('',(-0.00707073324718478,0.04,0.000934821012671045));
#10721=CARTESIAN_POINT('',(-0.00704261263020158,0.04,0.000935747250828564));
#10722=CARTESIAN_POINT('',(-0.00702832222880237,0.04,0.000936217948717949));
#10723=CARTESIAN_POINT('',(-0.00702832222880237,0.04,0.000936217948717949));
#10724=CARTESIAN_POINT('',(-0.00702832222880237,0.0401,0.000936217948717949));
#10725=CARTESIAN_POINT('',(-0.00702832222880237,0.0401,0.000936217948717949));
#10726=CARTESIAN_POINT('',(-0.00702832222880237,0.04,0.000936217948717949));
#10727=CARTESIAN_POINT('',(-0.00701402582860127,0.0401,0.000935812995086424));
#10728=CARTESIAN_POINT('',(-0.00701402582860127,0.04,0.000935812995086424));
#10729=CARTESIAN_POINT('',(-0.00698585301838531,0.0401,0.000935014984283234));
#10730=CARTESIAN_POINT('',(-0.00698585301838531,0.04,0.000935014984283234));
#10731=CARTESIAN_POINT('',(-0.0069443971959626,0.0401,0.000928611660295705));
#10732=CARTESIAN_POINT('',(-0.0069443971959626,0.04,0.000928611660295705));
#10733=CARTESIAN_POINT('',(-0.00690466674387365,0.0401,0.000917349801737514));
#10734=CARTESIAN_POINT('',(-0.00690466674387365,0.04,0.000917349801737514));
#10735=CARTESIAN_POINT('',(-0.00686645419018858,0.0401,0.000902229162236833));
#10736=CARTESIAN_POINT('',(-0.00686645419018858,0.04,0.000902229162236833));
#10737=CARTESIAN_POINT('',(-0.00683003593666344,0.0401,0.000882347874298941));
#10738=CARTESIAN_POINT('',(-0.00683003593666344,0.04,0.000882347874298941));
#10739=CARTESIAN_POINT('',(-0.00679517443634181,0.0401,0.000858401983530435));
#10740=CARTESIAN_POINT('',(-0.00679517443634181,0.04,0.000858401983530435));
#10741=CARTESIAN_POINT('',(-0.00676143878425124,0.0401,0.000830511008111503));
#10742=CARTESIAN_POINT('',(-0.00676143878425124,0.04,0.000830511008111503));
#10743=CARTESIAN_POINT('',(-0.00673056641381998,0.0401,0.00079777905220334));
#10744=CARTESIAN_POINT('',(-0.00673056641381998,0.04,0.00079777905220334));
#10745=CARTESIAN_POINT('',(-0.00670174055398564,0.0401,0.000762562583581089));
#10746=CARTESIAN_POINT('',(-0.00670174055398564,0.04,0.000762562583581089));
#10747=CARTESIAN_POINT('',(-0.00667675159544455,0.0401,0.000724697037138506));
#10748=CARTESIAN_POINT('',(-0.00667675159544455,0.04,0.000724697037138506));
#10749=CARTESIAN_POINT('',(-0.00665542076255366,0.0401,0.000685121663979957));
#10750=CARTESIAN_POINT('',(-0.00665542076255366,0.04,0.000685121663979957));
#10751=CARTESIAN_POINT('',(-0.0066379692818133,0.0401,0.000643804929996545));
#10752=CARTESIAN_POINT('',(-0.0066379692818133,0.04,0.000643804929996545));
#10753=CARTESIAN_POINT('',(-0.00662432392396879,0.0401,0.000600660832755807));
#10754=CARTESIAN_POINT('',(-0.00662432392396879,0.04,0.000600660832755807));
#10755=CARTESIAN_POINT('',(-0.00661451818084124,0.0401,0.000555687040449644));
#10756=CARTESIAN_POINT('',(-0.00661451818084124,0.04,0.000555687040449644));
#10757=CARTESIAN_POINT('',(-0.00660909188676088,0.0401,0.000508663883932761));
#10758=CARTESIAN_POINT('',(-0.00660909188676088,0.04,0.000508663883932761));
#10759=CARTESIAN_POINT('',(-0.00660817157465339,0.0401,0.000476743724307906));
#10760=CARTESIAN_POINT('',(-0.00660817157465339,0.04,0.000476743724307906));
#10761=CARTESIAN_POINT('',(-0.00660770257068272,0.0401,0.000460476762820513));
#10762=CARTESIAN_POINT('',(-0.00660770257068272,0.04,0.000460476762820513));
#10763=CARTESIAN_POINT('',(-0.00702832222880237,0.04,0.000936217948717949));
#10764=CARTESIAN_POINT('',(-0.00701402582860127,0.04,0.000935812995086424));
#10765=CARTESIAN_POINT('',(-0.00698585301838531,0.04,0.000935014984283234));
#10766=CARTESIAN_POINT('',(-0.0069443971959626,0.04,0.000928611660295705));
#10767=CARTESIAN_POINT('',(-0.00690466674387365,0.04,0.000917349801737514));
#10768=CARTESIAN_POINT('',(-0.00686645419018858,0.04,0.000902229162236833));
#10769=CARTESIAN_POINT('',(-0.00683003593666344,0.04,0.000882347874298941));
#10770=CARTESIAN_POINT('',(-0.00679517443634181,0.04,0.000858401983530435));
#10771=CARTESIAN_POINT('',(-0.00676143878425124,0.04,0.000830511008111503));
#10772=CARTESIAN_POINT('',(-0.00673056641381998,0.04,0.00079777905220334));
#10773=CARTESIAN_POINT('',(-0.00670174055398564,0.04,0.000762562583581089));
#10774=CARTESIAN_POINT('',(-0.00667675159544455,0.04,0.000724697037138506));
#10775=CARTESIAN_POINT('',(-0.00665542076255366,0.04,0.000685121663979957));
#10776=CARTESIAN_POINT('',(-0.0066379692818133,0.04,0.000643804929996545));
#10777=CARTESIAN_POINT('',(-0.00662432392396879,0.04,0.000600660832755807));
#10778=CARTESIAN_POINT('',(-0.00661451818084124,0.04,0.000555687040449644));
#10779=CARTESIAN_POINT('',(-0.00660909188676088,0.04,0.000508663883932761));
#10780=CARTESIAN_POINT('',(-0.00660817157465339,0.04,0.000476743724307906));
#10781=CARTESIAN_POINT('',(-0.00660770257068272,0.04,0.000460476762820513));
#10782=CARTESIAN_POINT('',(-0.00660770257068272,0.04,0.000460476762820513));
#10783=CARTESIAN_POINT('',(-0.00660770257068272,0.0401,0.000460476762820513));
#10784=CARTESIAN_POINT('',(-0.00660770257068272,0.0401,0.000460476762820513));
#10785=CARTESIAN_POINT('',(-0.00660770257068272,0.04,0.000460476762820513));
#10786=CARTESIAN_POINT('',(-0.00660817224683652,0.0401,0.00044435123336873));
#10787=CARTESIAN_POINT('',(-0.00660817224683652,0.04,0.00044435123336873));
#10788=CARTESIAN_POINT('',(-0.00660909374758216,0.0401,0.000412713077389868));
#10789=CARTESIAN_POINT('',(-0.00660909374758216,0.04,0.000412713077389868));
#10790=CARTESIAN_POINT('',(-0.00661450882726285,0.0401,0.000366108535728869));
#10791=CARTESIAN_POINT('',(-0.00661450882726285,0.04,0.000366108535728869));
#10792=CARTESIAN_POINT('',(-0.00662438637828551,0.0401,0.000321436710749108));
#10793=CARTESIAN_POINT('',(-0.00662438637828551,0.04,0.000321436710749108));
#10794=CARTESIAN_POINT('',(-0.0066379758716619,0.0401,0.000278425438062068));
#10795=CARTESIAN_POINT('',(-0.0066379758716619,0.04,0.000278425438062068));
#10796=CARTESIAN_POINT('',(-0.00665532583955725,0.0401,0.000237195790886861));
#10797=CARTESIAN_POINT('',(-0.00665532583955725,0.04,0.000237195790886861));
#10798=CARTESIAN_POINT('',(-0.00667675143378451,0.0401,0.000197935219142794));
#10799=CARTESIAN_POINT('',(-0.00667675143378451,0.04,0.000197935219142794));
#10800=CARTESIAN_POINT('',(-0.00670187403152439,0.0401,0.000160464245072361));
#10801=CARTESIAN_POINT('',(-0.00670187403152439,0.04,0.000160464245072361));
#10802=CARTESIAN_POINT('',(-0.0067305297073402,0.0401,0.00012525782033865));
#10803=CARTESIAN_POINT('',(-0.0067305297073402,0.04,0.00012525782033865));
#10804=CARTESIAN_POINT('',(-0.00676158699673454,0.0401,9.25960468770874E-5));
#10805=CARTESIAN_POINT('',(-0.00676158699673454,0.04,9.25960468770874E-5));
#10806=CARTESIAN_POINT('',(-0.00679502703154899,0.0401,6.42138801997819E-5));
#10807=CARTESIAN_POINT('',(-0.00679502703154899,0.04,6.42138801997819E-5));
#10808=CARTESIAN_POINT('',(-0.0068300543934435,0.0401,4.03234767060605E-5));
#10809=CARTESIAN_POINT('',(-0.0068300543934435,0.04,4.03234767060605E-5));
#10810=CARTESIAN_POINT('',(-0.00686644928503653,0.0401,2.04146225047504E-5));
#10811=CARTESIAN_POINT('',(-0.00686644928503653,0.04,2.04146225047504E-5));
#10812=CARTESIAN_POINT('',(-0.00690466805303315,0.0401,5.30131567450953E-6));
#10813=CARTESIAN_POINT('',(-0.00690466805303315,0.04,5.30131567450953E-6));
#10814=CARTESIAN_POINT('',(-0.00694439684135798,0.0401,-5.96250606719851E-6));
#10815=CARTESIAN_POINT('',(-0.00694439684135798,0.04,-5.96250606719851E-6));
#10816=CARTESIAN_POINT('',(-0.00698585311079414,0.0401,-1.23653025944664E-5));
#10817=CARTESIAN_POINT('',(-0.00698585311079414,0.04,-1.23653025944664E-5));
#10818=CARTESIAN_POINT('',(-0.00701402585970884,0.0401,-1.31633857310129E-5));
#10819=CARTESIAN_POINT('',(-0.00701402585970884,0.04,-1.31633857310129E-5));
#10820=CARTESIAN_POINT('',(-0.00702832222880237,0.0401,-1.35683760683757E-5));
#10821=CARTESIAN_POINT('',(-0.00702832222880237,0.04,-1.35683760683757E-5));
#10822=CARTESIAN_POINT('',(-0.00660770257068272,0.04,0.000460476762820513));
#10823=CARTESIAN_POINT('',(-0.00660817224683652,0.04,0.00044435123336873));
#10824=CARTESIAN_POINT('',(-0.00660909374758216,0.04,0.000412713077389868));
#10825=CARTESIAN_POINT('',(-0.00661450882726285,0.04,0.000366108535728869));
#10826=CARTESIAN_POINT('',(-0.00662438637828551,0.04,0.000321436710749108));
#10827=CARTESIAN_POINT('',(-0.0066379758716619,0.04,0.000278425438062068));
#10828=CARTESIAN_POINT('',(-0.00665532583955725,0.04,0.000237195790886861));
#10829=CARTESIAN_POINT('',(-0.00667675143378451,0.04,0.000197935219142794));
#10830=CARTESIAN_POINT('',(-0.00670187403152439,0.04,0.000160464245072361));
#10831=CARTESIAN_POINT('',(-0.0067305297073402,0.04,0.00012525782033865));
#10832=CARTESIAN_POINT('',(-0.00676158699673454,0.04,9.25960468770874E-5));
#10833=CARTESIAN_POINT('',(-0.00679502703154899,0.04,6.42138801997819E-5));
#10834=CARTESIAN_POINT('',(-0.0068300543934435,0.04,4.03234767060605E-5));
#10835=CARTESIAN_POINT('',(-0.00686644928503653,0.04,2.04146225047504E-5));
#10836=CARTESIAN_POINT('',(-0.00690466805303315,0.04,5.30131567450953E-6));
#10837=CARTESIAN_POINT('',(-0.00694439684135798,0.04,-5.96250606719851E-6));
#10838=CARTESIAN_POINT('',(-0.00698585311079414,0.04,-1.23653025944664E-5));
#10839=CARTESIAN_POINT('',(-0.00701402585970884,0.04,-1.31633857310129E-5));
#10840=CARTESIAN_POINT('',(-0.00702832222880237,0.04,-1.35683760683757E-5));
#10841=CARTESIAN_POINT('',(0.,0.04,0.));
#10842=CARTESIAN_POINT('',(-0.00766166964351386,0.0401,0.00218456169152578));
#10843=CARTESIAN_POINT('',(-0.00766264380999896,0.0401,0.00251057358440171));
#10844=CARTESIAN_POINT('',(-0.00766264380999896,0.0401,0.00251057358440171));
#10845=CARTESIAN_POINT('',(-0.00861582222880237,0.0401,0.00185886752136752));
#10846=CARTESIAN_POINT('',(-0.00704104258136648,0.0401,0.00275438034188034));
#10847=CARTESIAN_POINT('',(-0.00706326559095917,0.0401,0.0027536764875856));
#10848=CARTESIAN_POINT('',(-0.00710833940709653,0.0401,0.0027522488952095));
#10849=CARTESIAN_POINT('',(-0.00717675607499619,0.0401,0.00274199318223008));
#10850=CARTESIAN_POINT('',(-0.00724665967642689,0.0401,0.00272538286038246));
#10851=CARTESIAN_POINT('',(-0.00730590425184745,0.0401,0.00270611559530626));
#10852=CARTESIAN_POINT('',(-0.00735433888894879,0.0401,0.00268638586107607));
#10853=CARTESIAN_POINT('',(-0.00739320891030352,0.0401,0.00266941101653367));
#10854=CARTESIAN_POINT('',(-0.00743377281955322,0.0401,0.00264965359560052));
#10855=CARTESIAN_POINT('',(-0.0074757324879709,0.0401,0.00262618467371861));
#10856=CARTESIAN_POINT('',(-0.00752019187079049,0.0401,0.00260164876697608));
#10857=CARTESIAN_POINT('',(-0.00756618002808915,0.0401,0.00257375098732886));
#10858=CARTESIAN_POINT('',(-0.007613953944205,0.0401,0.00254334036364821));
#10859=CARTESIAN_POINT('',(-0.00764615479516725,0.0401,0.00252167018325596));
#10860=CARTESIAN_POINT('',(-0.00766264380999896,0.0401,0.00251057358440171));
#10861=CARTESIAN_POINT('',(-0.00704104258136648,0.0401,0.00275438034188034));
#10862=CARTESIAN_POINT('',(-0.0063906085535887,0.0401,0.00209843416132479));
#10863=CARTESIAN_POINT('',(-0.00639171138920437,0.0401,0.00212775925308073));
#10864=CARTESIAN_POINT('',(-0.00639389048843248,0.0401,0.00218570287033622));
#10865=CARTESIAN_POINT('',(-0.00640998970744348,0.0401,0.00227102304052208));
#10866=CARTESIAN_POINT('',(-0.00643683409339115,0.0401,0.00235281378018419));
#10867=CARTESIAN_POINT('',(-0.00647410177491641,0.0401,0.00243043157406363));
#10868=CARTESIAN_POINT('',(-0.00652111871340143,0.0401,0.00250192578325667));
#10869=CARTESIAN_POINT('',(-0.00657668127667033,0.0401,0.00256646283870987));
#10870=CARTESIAN_POINT('',(-0.00664141552958372,0.0401,0.00262231378470704));
#10871=CARTESIAN_POINT('',(-0.00671355080001636,0.0401,0.00266938261332376));
#10872=CARTESIAN_POINT('',(-0.00679106287883497,0.0401,0.00270716106620515));
#10873=CARTESIAN_POINT('',(-0.00687196988567724,0.0401,0.00273441934128473));
#10874=CARTESIAN_POINT('',(-0.00695569245806016,0.0401,0.00275119877502167));
#10875=CARTESIAN_POINT('',(-0.00701241576835515,0.0401,0.00275331323012915));
#10876=CARTESIAN_POINT('',(-0.00704104258136648,0.0401,0.00275438034188034));
#10877=CARTESIAN_POINT('',(-0.0063906085535887,0.0401,0.00209843416132479));
#10878=CARTESIAN_POINT('',(-0.00703892252260579,0.0401,0.00142467948717949));
#10879=CARTESIAN_POINT('',(-0.00700930814691328,0.0401,0.00142572840726387));
#10880=CARTESIAN_POINT('',(-0.00695118113496358,0.0401,0.00142778722460691));
#10881=CARTESIAN_POINT('',(-0.00686625214132938,0.0401,0.00144435680409294));
#10882=CARTESIAN_POINT('',(-0.00678594789828448,0.0401,0.00147160758065428));
#10883=CARTESIAN_POINT('',(-0.00671047954291197,0.0401,0.00150960378946002));
#10884=CARTESIAN_POINT('',(-0.00664093268633608,0.0401,0.00155746145432505));
#10885=CARTESIAN_POINT('',(-0.00657827414653584,0.0401,0.00161497950646904));
#10886=CARTESIAN_POINT('',(-0.00652339511587643,0.0401,0.00168180809439497));
#10887=CARTESIAN_POINT('',(-0.00647622122143891,0.0401,0.00175642483929541));
#10888=CARTESIAN_POINT('',(-0.0064382814849957,0.0401,0.00183707166614052));
#10889=CARTESIAN_POINT('',(-0.00641031771755836,0.0401,0.00192153794983512));
#10890=CARTESIAN_POINT('',(-0.00639386895099165,0.0401,0.00200917648911553));
#10891=CARTESIAN_POINT('',(-0.00639170035878795,0.0401,0.00206854455630209));
#10892=CARTESIAN_POINT('',(-0.0063906085535887,0.0401,0.00209843416132479));
#10893=CARTESIAN_POINT('',(-0.00703892252260579,0.0401,0.00142467948717949));
#10894=CARTESIAN_POINT('',(-0.00766603590401605,0.0401,0.00207299345619658));
#10895=CARTESIAN_POINT('',(-0.00766546508902791,0.0401,0.00205077388002576));
#10896=CARTESIAN_POINT('',(-0.00766434462912276,0.0401,0.00200715879505711));
#10897=CARTESIAN_POINT('',(-0.0076555138252245,0.0401,0.00194302614936108));
#10898=CARTESIAN_POINT('',(-0.00764175881579281,0.0401,0.00188131102445893));
#10899=CARTESIAN_POINT('',(-0.00762170994932705,0.0401,0.00182224849460654));
#10900=CARTESIAN_POINT('',(-0.00759608697155279,0.0401,0.00176589117462124));
#10901=CARTESIAN_POINT('',(-0.00756487484171768,0.0401,0.00171204240218826));
#10902=CARTESIAN_POINT('',(-0.00752795737881964,0.0401,0.00166077347974299));
#10903=CARTESIAN_POINT('',(-0.00748573141008386,0.0401,0.00161268768642605));
#10904=CARTESIAN_POINT('',(-0.00743935774165839,0.0401,0.00156895703499207));
#10905=CARTESIAN_POINT('',(-0.00739027834278393,0.0401,0.00152999608825287));
#10906=CARTESIAN_POINT('',(-0.00733792037927463,0.0401,0.00149761650064375));
#10907=CARTESIAN_POINT('',(-0.00728335261017472,0.0401,0.00147071874309202));
#10908=CARTESIAN_POINT('',(-0.00722579054704448,0.0401,0.00145031985321952));
#10909=CARTESIAN_POINT('',(-0.00716588924536146,0.0401,0.00143546536524798));
#10910=CARTESIAN_POINT('',(-0.00710322887079763,0.0401,0.00142631994167377));
#10911=CARTESIAN_POINT('',(-0.00706057795846299,0.0401,0.00142523191719731));
#10912=CARTESIAN_POINT('',(-0.00703892252260579,0.0401,0.00142467948717949));
#10913=CARTESIAN_POINT('',(-0.00766603590401605,0.0401,0.00207299345619658));
#10914=CARTESIAN_POINT('',(-0.0059962674014624,0.0401,0.00206388959534265));
#10915=CARTESIAN_POINT('',(-0.00764992345743485,0.0401,0.00229559962606838));
#10916=CARTESIAN_POINT('',(-0.00851024330252032,0.0401,0.00170707131410256));
#10917=CARTESIAN_POINT('',(-0.00851024330252032,0.0401,0.00170707131410256));
#10918=CARTESIAN_POINT('',(-0.00861582222880237,0.0401,0.00185886752136752));
#10919=CARTESIAN_POINT('',(-0.00744894188692203,0.0401,0.00210818643162393));
#10920=CARTESIAN_POINT('',(-0.00744848203578496,0.0401,0.00212501938301776));
#10921=CARTESIAN_POINT('',(-0.00744758686195158,0.0401,0.00215778741686914));
#10922=CARTESIAN_POINT('',(-0.00744213841566304,0.0401,0.0022057917834202));
#10923=CARTESIAN_POINT('',(-0.0074324779574031,0.0401,0.0022511030873997));
#10924=CARTESIAN_POINT('',(-0.00741861698869225,0.0401,0.00229384236674157));
#10925=CARTESIAN_POINT('',(-0.00740189128891733,0.0401,0.00233443815980172));
#10926=CARTESIAN_POINT('',(-0.00738059642114963,0.0401,0.00237224565352417));
#10927=CARTESIAN_POINT('',(-0.00735518636097523,0.0401,0.00240729648949842));
#10928=CARTESIAN_POINT('',(-0.00732663554198378,0.0401,0.00243982537871253));
#10929=CARTESIAN_POINT('',(-0.00729491542716676,0.0401,0.00246871122617975));
#10930=CARTESIAN_POINT('',(-0.00726171574837621,0.0401,0.0024944396304507));
#10931=CARTESIAN_POINT('',(-0.00722689076996635,0.0401,0.00251630816408095));
#10932=CARTESIAN_POINT('',(-0.00719000436849056,0.0401,0.00253358214593449));
#10933=CARTESIAN_POINT('',(-0.0071519544376532,0.0401,0.00254778472252826));
#10934=CARTESIAN_POINT('',(-0.00711212823235329,0.0401,0.00255759275838774));
#10935=CARTESIAN_POINT('',(-0.00707073324718478,0.0401,0.00256302614087617));
#10936=CARTESIAN_POINT('',(-0.00704261263020158,0.0401,0.00256395237903369));
#10937=CARTESIAN_POINT('',(-0.00702832222880237,0.0401,0.00256442307692308));
#10938=CARTESIAN_POINT('',(-0.00744894188692203,0.0401,0.00210818643162393));
#10939=CARTESIAN_POINT('',(-0.00702832222880237,0.0401,0.00256442307692308));
#10940=CARTESIAN_POINT('',(-0.00702832222880237,0.0401,0.00161463675213675));
#10941=CARTESIAN_POINT('',(-0.00704262375851111,0.0401,0.00161500319316743));
#10942=CARTESIAN_POINT('',(-0.00707082899267487,0.0401,0.00161572588194885));
#10943=CARTESIAN_POINT('',(-0.00711227114456602,0.0401,0.00162269745001153));
#10944=CARTESIAN_POINT('',(-0.00715199686187814,0.0401,0.00163435621924813));
#10945=CARTESIAN_POINT('',(-0.00719039241324961,0.0401,0.00164997080307919));
#10946=CARTESIAN_POINT('',(-0.00722708444175366,0.0401,0.0016705336695001));
#10947=CARTESIAN_POINT('',(-0.00726189898919734,0.0401,0.00169576666326835));
#10948=CARTESIAN_POINT('',(-0.00729523071382537,0.0401,0.00172534287444598));
#10949=CARTESIAN_POINT('',(-0.0073265617419395,0.0401,0.00175886693603409));
#10950=CARTESIAN_POINT('',(-0.00735531948620335,0.0401,0.00179555672860308));
#10951=CARTESIAN_POINT('',(-0.0073804354791378,0.0401,0.00183474333220814));
#10952=CARTESIAN_POINT('',(-0.00740164595743003,0.0401,0.0018757521383258));
#10953=CARTESIAN_POINT('',(-0.00741866479437391,0.0401,0.00191872750552105));
#10954=CARTESIAN_POINT('',(-0.00743233946703752,0.0401,0.00196335095115502));
#10955=CARTESIAN_POINT('',(-0.0074421206111274,0.0401,0.00201002353061721));
#10956=CARTESIAN_POINT('',(-0.00744753460101524,0.0401,0.00205859089326651));
#10957=CARTESIAN_POINT('',(-0.00744846829107836,0.0401,0.00209149597752558));
#10958=CARTESIAN_POINT('',(-0.00744894188692203,0.0401,0.00210818643162393));
#10959=CARTESIAN_POINT('',(-0.00702832222880237,0.0401,0.00161463675213675));
#10960=CARTESIAN_POINT('',(-0.00660770257068272,0.0401,0.00208868189102564));
#10961=CARTESIAN_POINT('',(-0.00660817224683652,0.0401,0.00207255636157386));
#10962=CARTESIAN_POINT('',(-0.00660909374758216,0.0401,0.002040918205595));
#10963=CARTESIAN_POINT('',(-0.00661450882726284,0.0401,0.001994313663934));
#10964=CARTESIAN_POINT('',(-0.00662438637828551,0.0401,0.00194964183895424));
#10965=CARTESIAN_POINT('',(-0.0066379758716619,0.0401,0.0019066305662672));
#10966=CARTESIAN_POINT('',(-0.00665532583955725,0.0401,0.00186540091909199));
#10967=CARTESIAN_POINT('',(-0.0066767514337845,0.0401,0.00182614034734792));
#10968=CARTESIAN_POINT('',(-0.00670187403152439,0.0401,0.00178866937327749));
#10969=CARTESIAN_POINT('',(-0.0067305297073402,0.0401,0.00175346294854378));
#10970=CARTESIAN_POINT('',(-0.00676158699673454,0.0401,0.00172080117508222));
#10971=CARTESIAN_POINT('',(-0.00679502703154899,0.0401,0.00169241900840491));
#10972=CARTESIAN_POINT('',(-0.0068300543934435,0.0401,0.00166852860491119));
#10973=CARTESIAN_POINT('',(-0.00686644928503653,0.0401,0.00164861975070988));
#10974=CARTESIAN_POINT('',(-0.00690466805303315,0.0401,0.00163350644387964));
#10975=CARTESIAN_POINT('',(-0.00694439684135798,0.0401,0.00162224262213793));
#10976=CARTESIAN_POINT('',(-0.00698585311079414,0.0401,0.00161583982561066));
#10977=CARTESIAN_POINT('',(-0.00701402585970884,0.0401,0.00161504174247412));
#10978=CARTESIAN_POINT('',(-0.00702832222880237,0.0401,0.00161463675213675));
#10979=CARTESIAN_POINT('',(-0.00660770257068272,0.0401,0.00208868189102564));
#10980=CARTESIAN_POINT('',(-0.00702832222880237,0.0401,0.00256442307692308));
#10981=CARTESIAN_POINT('',(-0.00701402582860127,0.0401,0.00256401812329155));
#10982=CARTESIAN_POINT('',(-0.00698585301838531,0.0401,0.00256322011248836));
#10983=CARTESIAN_POINT('',(-0.0069443971959626,0.0401,0.00255681678850083));
#10984=CARTESIAN_POINT('',(-0.00690466674387365,0.0401,0.00254555492994264));
#10985=CARTESIAN_POINT('',(-0.00686645419018858,0.0401,0.00253043429044196));
#10986=CARTESIAN_POINT('',(-0.00683003593666344,0.0401,0.00251055300250407));
#10987=CARTESIAN_POINT('',(-0.00679517443634181,0.0401,0.00248660711173556));
#10988=CARTESIAN_POINT('',(-0.00676143878425124,0.0401,0.00245871613631663));
#10989=CARTESIAN_POINT('',(-0.00673056641381999,0.0401,0.00242598418040847));
#10990=CARTESIAN_POINT('',(-0.00670174055398564,0.0401,0.00239076771178622));
#10991=CARTESIAN_POINT('',(-0.00667675159544455,0.0401,0.00235290216534363));
#10992=CARTESIAN_POINT('',(-0.00665542076255366,0.0401,0.00231332679218509));
#10993=CARTESIAN_POINT('',(-0.0066379692818133,0.0401,0.00227201005820167));
#10994=CARTESIAN_POINT('',(-0.00662432392396879,0.0401,0.00222886596096094));
#10995=CARTESIAN_POINT('',(-0.00661451818084124,0.0401,0.00218389216865477));
#10996=CARTESIAN_POINT('',(-0.00660909188676088,0.0401,0.00213686901213789));
#10997=CARTESIAN_POINT('',(-0.0066081715746534,0.0401,0.00210494885251303));
#10998=CARTESIAN_POINT('',(-0.00660770257068272,0.0401,0.00208868189102564));
#10999=CARTESIAN_POINT('',(-0.00766264380999896,0.0401,0.00251057358440171));
#11000=CARTESIAN_POINT('',(-0.00766264380999896,0.0401,0.00251057358440171));
#11001=CARTESIAN_POINT('',(-0.00861582222880237,0.0401,0.00185886752136752));
#11002=CARTESIAN_POINT('',(-0.00704104258136648,0.0401,0.00275438034188034));
#11003=CARTESIAN_POINT('',(-0.00704104258136648,0.04,0.00275438034188034));
#11004=CARTESIAN_POINT('',(-0.00706326559095917,0.0401,0.0027536764875856));
#11005=CARTESIAN_POINT('',(-0.00706326559095917,0.04,0.0027536764875856));
#11006=CARTESIAN_POINT('',(-0.00710833940709653,0.0401,0.0027522488952095));
#11007=CARTESIAN_POINT('',(-0.00710833940709653,0.04,0.0027522488952095));
#11008=CARTESIAN_POINT('',(-0.00717675607499619,0.0401,0.00274199318223008));
#11009=CARTESIAN_POINT('',(-0.00717675607499619,0.04,0.00274199318223008));
#11010=CARTESIAN_POINT('',(-0.00724665967642689,0.0401,0.00272538286038246));
#11011=CARTESIAN_POINT('',(-0.00724665967642689,0.04,0.00272538286038246));
#11012=CARTESIAN_POINT('',(-0.00730590425184745,0.0401,0.00270611559530626));
#11013=CARTESIAN_POINT('',(-0.00730590425184745,0.04,0.00270611559530626));
#11014=CARTESIAN_POINT('',(-0.00735433888894879,0.0401,0.00268638586107607));
#11015=CARTESIAN_POINT('',(-0.00735433888894879,0.04,0.00268638586107607));
#11016=CARTESIAN_POINT('',(-0.00739320891030352,0.0401,0.00266941101653367));
#11017=CARTESIAN_POINT('',(-0.00739320891030352,0.04,0.00266941101653367));
#11018=CARTESIAN_POINT('',(-0.00743377281955322,0.0401,0.00264965359560052));
#11019=CARTESIAN_POINT('',(-0.00743377281955322,0.04,0.00264965359560052));
#11020=CARTESIAN_POINT('',(-0.0074757324879709,0.0401,0.00262618467371861));
#11021=CARTESIAN_POINT('',(-0.0074757324879709,0.04,0.00262618467371861));
#11022=CARTESIAN_POINT('',(-0.00752019187079049,0.0401,0.00260164876697608));
#11023=CARTESIAN_POINT('',(-0.00752019187079049,0.04,0.00260164876697608));
#11024=CARTESIAN_POINT('',(-0.00756618002808915,0.0401,0.00257375098732886));
#11025=CARTESIAN_POINT('',(-0.00756618002808915,0.04,0.00257375098732886));
#11026=CARTESIAN_POINT('',(-0.007613953944205,0.0401,0.00254334036364821));
#11027=CARTESIAN_POINT('',(-0.007613953944205,0.04,0.00254334036364821));
#11028=CARTESIAN_POINT('',(-0.00764615479516725,0.0401,0.00252167018325596));
#11029=CARTESIAN_POINT('',(-0.00764615479516725,0.04,0.00252167018325596));
#11030=CARTESIAN_POINT('',(-0.00766264380999896,0.0401,0.00251057358440171));
#11031=CARTESIAN_POINT('',(-0.00766264380999896,0.04,0.00251057358440171));
#11032=CARTESIAN_POINT('',(-0.00704104258136648,0.0401,0.00275438034188034));
#11033=CARTESIAN_POINT('',(-0.0063906085535887,0.0401,0.00209843416132479));
#11034=CARTESIAN_POINT('',(-0.0063906085535887,0.04,0.00209843416132479));
#11035=CARTESIAN_POINT('',(-0.00639171138920437,0.0401,0.00212775925308073));
#11036=CARTESIAN_POINT('',(-0.00639171138920437,0.04,0.00212775925308073));
#11037=CARTESIAN_POINT('',(-0.00639389048843248,0.0401,0.00218570287033622));
#11038=CARTESIAN_POINT('',(-0.00639389048843248,0.04,0.00218570287033622));
#11039=CARTESIAN_POINT('',(-0.00640998970744348,0.0401,0.00227102304052208));
#11040=CARTESIAN_POINT('',(-0.00640998970744348,0.04,0.00227102304052208));
#11041=CARTESIAN_POINT('',(-0.00643683409339115,0.0401,0.00235281378018419));
#11042=CARTESIAN_POINT('',(-0.00643683409339115,0.04,0.00235281378018419));
#11043=CARTESIAN_POINT('',(-0.00647410177491641,0.0401,0.00243043157406363));
#11044=CARTESIAN_POINT('',(-0.00647410177491641,0.04,0.00243043157406363));
#11045=CARTESIAN_POINT('',(-0.00652111871340143,0.0401,0.00250192578325667));
#11046=CARTESIAN_POINT('',(-0.00652111871340143,0.04,0.00250192578325667));
#11047=CARTESIAN_POINT('',(-0.00657668127667033,0.0401,0.00256646283870987));
#11048=CARTESIAN_POINT('',(-0.00657668127667033,0.04,0.00256646283870987));
#11049=CARTESIAN_POINT('',(-0.00664141552958372,0.0401,0.00262231378470704));
#11050=CARTESIAN_POINT('',(-0.00664141552958372,0.04,0.00262231378470704));
#11051=CARTESIAN_POINT('',(-0.00671355080001636,0.0401,0.00266938261332376));
#11052=CARTESIAN_POINT('',(-0.00671355080001636,0.04,0.00266938261332376));
#11053=CARTESIAN_POINT('',(-0.00679106287883497,0.0401,0.00270716106620515));
#11054=CARTESIAN_POINT('',(-0.00679106287883497,0.04,0.00270716106620515));
#11055=CARTESIAN_POINT('',(-0.00687196988567724,0.0401,0.00273441934128473));
#11056=CARTESIAN_POINT('',(-0.00687196988567724,0.04,0.00273441934128473));
#11057=CARTESIAN_POINT('',(-0.00695569245806016,0.0401,0.00275119877502167));
#11058=CARTESIAN_POINT('',(-0.00695569245806016,0.04,0.00275119877502167));
#11059=CARTESIAN_POINT('',(-0.00701241576835515,0.0401,0.00275331323012915));
#11060=CARTESIAN_POINT('',(-0.00701241576835515,0.04,0.00275331323012915));
#11061=CARTESIAN_POINT('',(-0.00704104258136648,0.0401,0.00275438034188034));
#11062=CARTESIAN_POINT('',(-0.00704104258136648,0.04,0.00275438034188034));
#11063=CARTESIAN_POINT('',(-0.0063906085535887,0.0401,0.00209843416132479));
#11064=CARTESIAN_POINT('',(-0.00703892252260579,0.0401,0.00142467948717949));
#11065=CARTESIAN_POINT('',(-0.00703892252260579,0.04,0.00142467948717949));
#11066=CARTESIAN_POINT('',(-0.00700930814691328,0.0401,0.00142572840726387));
#11067=CARTESIAN_POINT('',(-0.00700930814691328,0.04,0.00142572840726387));
#11068=CARTESIAN_POINT('',(-0.00695118113496358,0.0401,0.00142778722460691));
#11069=CARTESIAN_POINT('',(-0.00695118113496358,0.04,0.00142778722460691));
#11070=CARTESIAN_POINT('',(-0.00686625214132938,0.0401,0.00144435680409294));
#11071=CARTESIAN_POINT('',(-0.00686625214132938,0.04,0.00144435680409294));
#11072=CARTESIAN_POINT('',(-0.00678594789828448,0.0401,0.00147160758065428));
#11073=CARTESIAN_POINT('',(-0.00678594789828448,0.04,0.00147160758065428));
#11074=CARTESIAN_POINT('',(-0.00671047954291197,0.0401,0.00150960378946002));
#11075=CARTESIAN_POINT('',(-0.00671047954291197,0.04,0.00150960378946002));
#11076=CARTESIAN_POINT('',(-0.00664093268633608,0.0401,0.00155746145432505));
#11077=CARTESIAN_POINT('',(-0.00664093268633608,0.04,0.00155746145432505));
#11078=CARTESIAN_POINT('',(-0.00657827414653584,0.0401,0.00161497950646904));
#11079=CARTESIAN_POINT('',(-0.00657827414653584,0.04,0.00161497950646904));
#11080=CARTESIAN_POINT('',(-0.00652339511587643,0.0401,0.00168180809439497));
#11081=CARTESIAN_POINT('',(-0.00652339511587643,0.04,0.00168180809439497));
#11082=CARTESIAN_POINT('',(-0.00647622122143891,0.0401,0.00175642483929541));
#11083=CARTESIAN_POINT('',(-0.00647622122143891,0.04,0.00175642483929541));
#11084=CARTESIAN_POINT('',(-0.0064382814849957,0.0401,0.00183707166614052));
#11085=CARTESIAN_POINT('',(-0.0064382814849957,0.04,0.00183707166614052));
#11086=CARTESIAN_POINT('',(-0.00641031771755836,0.0401,0.00192153794983512));
#11087=CARTESIAN_POINT('',(-0.00641031771755836,0.04,0.00192153794983512));
#11088=CARTESIAN_POINT('',(-0.00639386895099165,0.0401,0.00200917648911553));
#11089=CARTESIAN_POINT('',(-0.00639386895099165,0.04,0.00200917648911553));
#11090=CARTESIAN_POINT('',(-0.00639170035878795,0.0401,0.00206854455630209));
#11091=CARTESIAN_POINT('',(-0.00639170035878795,0.04,0.00206854455630209));
#11092=CARTESIAN_POINT('',(-0.0063906085535887,0.0401,0.00209843416132479));
#11093=CARTESIAN_POINT('',(-0.0063906085535887,0.04,0.00209843416132479));
#11094=CARTESIAN_POINT('',(-0.00703892252260579,0.0401,0.00142467948717949));
#11095=CARTESIAN_POINT('',(-0.00766603590401605,0.0401,0.00207299345619658));
#11096=CARTESIAN_POINT('',(-0.00766603590401605,0.04,0.00207299345619658));
#11097=CARTESIAN_POINT('',(-0.00766546508902791,0.0401,0.00205077388002576));
#11098=CARTESIAN_POINT('',(-0.00766546508902791,0.04,0.00205077388002576));
#11099=CARTESIAN_POINT('',(-0.00766434462912276,0.0401,0.00200715879505711));
#11100=CARTESIAN_POINT('',(-0.00766434462912276,0.04,0.00200715879505711));
#11101=CARTESIAN_POINT('',(-0.0076555138252245,0.0401,0.00194302614936108));
#11102=CARTESIAN_POINT('',(-0.0076555138252245,0.04,0.00194302614936108));
#11103=CARTESIAN_POINT('',(-0.00764175881579281,0.0401,0.00188131102445893));
#11104=CARTESIAN_POINT('',(-0.00764175881579281,0.04,0.00188131102445893));
#11105=CARTESIAN_POINT('',(-0.00762170994932705,0.0401,0.00182224849460654));
#11106=CARTESIAN_POINT('',(-0.00762170994932705,0.04,0.00182224849460654));
#11107=CARTESIAN_POINT('',(-0.00759608697155279,0.0401,0.00176589117462124));
#11108=CARTESIAN_POINT('',(-0.00759608697155279,0.04,0.00176589117462124));
#11109=CARTESIAN_POINT('',(-0.00756487484171768,0.0401,0.00171204240218826));
#11110=CARTESIAN_POINT('',(-0.00756487484171768,0.04,0.00171204240218826));
#11111=CARTESIAN_POINT('',(-0.00752795737881964,0.0401,0.00166077347974299));
#11112=CARTESIAN_POINT('',(-0.00752795737881964,0.04,0.00166077347974299));
#11113=CARTESIAN_POINT('',(-0.00748573141008386,0.0401,0.00161268768642605));
#11114=CARTESIAN_POINT('',(-0.00748573141008386,0.04,0.00161268768642605));
#11115=CARTESIAN_POINT('',(-0.00743935774165839,0.0401,0.00156895703499207));
#11116=CARTESIAN_POINT('',(-0.00743935774165839,0.04,0.00156895703499207));
#11117=CARTESIAN_POINT('',(-0.00739027834278393,0.0401,0.00152999608825287));
#11118=CARTESIAN_POINT('',(-0.00739027834278393,0.04,0.00152999608825287));
#11119=CARTESIAN_POINT('',(-0.00733792037927463,0.0401,0.00149761650064375));
#11120=CARTESIAN_POINT('',(-0.00733792037927463,0.04,0.00149761650064375));
#11121=CARTESIAN_POINT('',(-0.00728335261017472,0.0401,0.00147071874309202));
#11122=CARTESIAN_POINT('',(-0.00728335261017472,0.04,0.00147071874309202));
#11123=CARTESIAN_POINT('',(-0.00722579054704448,0.0401,0.00145031985321952));
#11124=CARTESIAN_POINT('',(-0.00722579054704448,0.04,0.00145031985321952));
#11125=CARTESIAN_POINT('',(-0.00716588924536146,0.0401,0.00143546536524798));
#11126=CARTESIAN_POINT('',(-0.00716588924536146,0.04,0.00143546536524798));
#11127=CARTESIAN_POINT('',(-0.00710322887079763,0.0401,0.00142631994167377));
#11128=CARTESIAN_POINT('',(-0.00710322887079763,0.04,0.00142631994167377));
#11129=CARTESIAN_POINT('',(-0.00706057795846299,0.0401,0.00142523191719731));
#11130=CARTESIAN_POINT('',(-0.00706057795846299,0.04,0.00142523191719731));
#11131=CARTESIAN_POINT('',(-0.00703892252260579,0.0401,0.00142467948717949));
#11132=CARTESIAN_POINT('',(-0.00703892252260579,0.04,0.00142467948717949));
#11133=CARTESIAN_POINT('',(-0.00766587830675069,0.0401,0.00207299259694958));
#11134=CARTESIAN_POINT('',(-0.00766587830675069,0.0400666666666666,0.00207299259694958));
#11135=CARTESIAN_POINT('',(-0.00766587830675069,0.0400333333333333,0.00207299259694958));
#11136=CARTESIAN_POINT('',(-0.00766587830675069,0.04,0.00207299259694958));
#11137=CARTESIAN_POINT('',(-0.0059962674014624,0.0401,0.00206388959534265));
#11138=CARTESIAN_POINT('',(-0.0076497279897235,0.0401,0.0022957333417822));
#11139=CARTESIAN_POINT('',(-0.00851024330252032,0.0401,0.00170707131410256));
#11140=CARTESIAN_POINT('',(-0.00851024330252032,0.0401,0.00170707131410256));
#11141=CARTESIAN_POINT('',(-0.00861582222880237,0.0401,0.00185886752136752));
#11142=CARTESIAN_POINT('',(-0.00702832222880237,0.0401,0.00161463675213675));
#11143=CARTESIAN_POINT('',(-0.00702832222880237,0.04,0.00161463675213675));
#11144=CARTESIAN_POINT('',(-0.00704262375851111,0.0401,0.00161500319316743));
#11145=CARTESIAN_POINT('',(-0.00704262375851111,0.04,0.00161500319316743));
#11146=CARTESIAN_POINT('',(-0.00707082899267487,0.0401,0.00161572588194885));
#11147=CARTESIAN_POINT('',(-0.00707082899267487,0.04,0.00161572588194885));
#11148=CARTESIAN_POINT('',(-0.00711227114456602,0.0401,0.00162269745001153));
#11149=CARTESIAN_POINT('',(-0.00711227114456602,0.04,0.00162269745001153));
#11150=CARTESIAN_POINT('',(-0.00715199686187814,0.0401,0.00163435621924813));
#11151=CARTESIAN_POINT('',(-0.00715199686187814,0.04,0.00163435621924813));
#11152=CARTESIAN_POINT('',(-0.00719039241324961,0.0401,0.00164997080307919));
#11153=CARTESIAN_POINT('',(-0.00719039241324961,0.04,0.00164997080307919));
#11154=CARTESIAN_POINT('',(-0.00722708444175366,0.0401,0.0016705336695001));
#11155=CARTESIAN_POINT('',(-0.00722708444175366,0.04,0.0016705336695001));
#11156=CARTESIAN_POINT('',(-0.00726189898919734,0.0401,0.00169576666326835));
#11157=CARTESIAN_POINT('',(-0.00726189898919734,0.04,0.00169576666326835));
#11158=CARTESIAN_POINT('',(-0.00729523071382537,0.0401,0.00172534287444598));
#11159=CARTESIAN_POINT('',(-0.00729523071382537,0.04,0.00172534287444598));
#11160=CARTESIAN_POINT('',(-0.0073265617419395,0.0401,0.00175886693603409));
#11161=CARTESIAN_POINT('',(-0.0073265617419395,0.04,0.00175886693603409));
#11162=CARTESIAN_POINT('',(-0.00735531948620335,0.0401,0.00179555672860308));
#11163=CARTESIAN_POINT('',(-0.00735531948620335,0.04,0.00179555672860308));
#11164=CARTESIAN_POINT('',(-0.0073804354791378,0.0401,0.00183474333220814));
#11165=CARTESIAN_POINT('',(-0.0073804354791378,0.04,0.00183474333220814));
#11166=CARTESIAN_POINT('',(-0.00740164595743003,0.0401,0.0018757521383258));
#11167=CARTESIAN_POINT('',(-0.00740164595743003,0.04,0.0018757521383258));
#11168=CARTESIAN_POINT('',(-0.00741866479437391,0.0401,0.00191872750552105));
#11169=CARTESIAN_POINT('',(-0.00741866479437391,0.04,0.00191872750552105));
#11170=CARTESIAN_POINT('',(-0.00743233946703752,0.0401,0.00196335095115502));
#11171=CARTESIAN_POINT('',(-0.00743233946703752,0.04,0.00196335095115502));
#11172=CARTESIAN_POINT('',(-0.0074421206111274,0.0401,0.00201002353061721));
#11173=CARTESIAN_POINT('',(-0.0074421206111274,0.04,0.00201002353061721));
#11174=CARTESIAN_POINT('',(-0.00744753460101524,0.0401,0.00205859089326651));
#11175=CARTESIAN_POINT('',(-0.00744753460101524,0.04,0.00205859089326651));
#11176=CARTESIAN_POINT('',(-0.00744846829107836,0.0401,0.00209149597752558));
#11177=CARTESIAN_POINT('',(-0.00744846829107836,0.04,0.00209149597752558));
#11178=CARTESIAN_POINT('',(-0.00744894188692203,0.0401,0.00210818643162393));
#11179=CARTESIAN_POINT('',(-0.00744894188692203,0.04,0.00210818643162393));
#11180=CARTESIAN_POINT('',(-0.00702832222880237,0.04,0.00161463675213675));
#11181=CARTESIAN_POINT('',(-0.00704262375851111,0.04,0.00161500319316743));
#11182=CARTESIAN_POINT('',(-0.00707082899267487,0.04,0.00161572588194885));
#11183=CARTESIAN_POINT('',(-0.00711227114456602,0.04,0.00162269745001153));
#11184=CARTESIAN_POINT('',(-0.00715199686187814,0.04,0.00163435621924813));
#11185=CARTESIAN_POINT('',(-0.00719039241324961,0.04,0.00164997080307919));
#11186=CARTESIAN_POINT('',(-0.00722708444175366,0.04,0.0016705336695001));
#11187=CARTESIAN_POINT('',(-0.00726189898919734,0.04,0.00169576666326835));
#11188=CARTESIAN_POINT('',(-0.00729523071382537,0.04,0.00172534287444598));
#11189=CARTESIAN_POINT('',(-0.0073265617419395,0.04,0.00175886693603409));
#11190=CARTESIAN_POINT('',(-0.00735531948620335,0.04,0.00179555672860308));
#11191=CARTESIAN_POINT('',(-0.0073804354791378,0.04,0.00183474333220814));
#11192=CARTESIAN_POINT('',(-0.00740164595743003,0.04,0.0018757521383258));
#11193=CARTESIAN_POINT('',(-0.00741866479437391,0.04,0.00191872750552105));
#11194=CARTESIAN_POINT('',(-0.00743233946703752,0.04,0.00196335095115502));
#11195=CARTESIAN_POINT('',(-0.0074421206111274,0.04,0.00201002353061721));
#11196=CARTESIAN_POINT('',(-0.00744753460101524,0.04,0.00205859089326651));
#11197=CARTESIAN_POINT('',(-0.00744846829107836,0.04,0.00209149597752558));
#11198=CARTESIAN_POINT('',(-0.00744894188692203,0.04,0.00210818643162393));
#11199=CARTESIAN_POINT('',(-0.00702832222880237,0.04,0.00161463675213675));
#11200=CARTESIAN_POINT('',(-0.00744894188692203,0.04,0.00210818643162393));
#11201=CARTESIAN_POINT('',(-0.00702832222880237,0.0401,0.00161463675213675));
#11202=CARTESIAN_POINT('',(-0.00744894188692203,0.0401,0.00210818643162393));
#11203=CARTESIAN_POINT('',(-0.00744894188692203,0.0401,0.00210818643162393));
#11204=CARTESIAN_POINT('',(-0.00744894188692203,0.04,0.00210818643162393));
#11205=CARTESIAN_POINT('',(-0.00744848203578496,0.0401,0.00212501938301776));
#11206=CARTESIAN_POINT('',(-0.00744848203578496,0.04,0.00212501938301776));
#11207=CARTESIAN_POINT('',(-0.00744758686195158,0.0401,0.00215778741686914));
#11208=CARTESIAN_POINT('',(-0.00744758686195158,0.04,0.00215778741686914));
#11209=CARTESIAN_POINT('',(-0.00744213841566304,0.0401,0.0022057917834202));
#11210=CARTESIAN_POINT('',(-0.00744213841566304,0.04,0.0022057917834202));
#11211=CARTESIAN_POINT('',(-0.0074324779574031,0.0401,0.0022511030873997));
#11212=CARTESIAN_POINT('',(-0.0074324779574031,0.04,0.0022511030873997));
#11213=CARTESIAN_POINT('',(-0.00741861698869225,0.0401,0.00229384236674157));
#11214=CARTESIAN_POINT('',(-0.00741861698869225,0.04,0.00229384236674157));
#11215=CARTESIAN_POINT('',(-0.00740189128891733,0.0401,0.00233443815980172));
#11216=CARTESIAN_POINT('',(-0.00740189128891733,0.04,0.00233443815980172));
#11217=CARTESIAN_POINT('',(-0.00738059642114963,0.0401,0.00237224565352417));
#11218=CARTESIAN_POINT('',(-0.00738059642114963,0.04,0.00237224565352417));
#11219=CARTESIAN_POINT('',(-0.00735518636097523,0.0401,0.00240729648949842));
#11220=CARTESIAN_POINT('',(-0.00735518636097523,0.04,0.00240729648949842));
#11221=CARTESIAN_POINT('',(-0.00732663554198378,0.0401,0.00243982537871253));
#11222=CARTESIAN_POINT('',(-0.00732663554198378,0.04,0.00243982537871253));
#11223=CARTESIAN_POINT('',(-0.00729491542716676,0.0401,0.00246871122617975));
#11224=CARTESIAN_POINT('',(-0.00729491542716676,0.04,0.00246871122617975));
#11225=CARTESIAN_POINT('',(-0.00726171574837621,0.0401,0.0024944396304507));
#11226=CARTESIAN_POINT('',(-0.00726171574837621,0.04,0.0024944396304507));
#11227=CARTESIAN_POINT('',(-0.00722689076996635,0.0401,0.00251630816408095));
#11228=CARTESIAN_POINT('',(-0.00722689076996635,0.04,0.00251630816408095));
#11229=CARTESIAN_POINT('',(-0.00719000436849056,0.0401,0.00253358214593449));
#11230=CARTESIAN_POINT('',(-0.00719000436849056,0.04,0.00253358214593449));
#11231=CARTESIAN_POINT('',(-0.0071519544376532,0.0401,0.00254778472252826));
#11232=CARTESIAN_POINT('',(-0.0071519544376532,0.04,0.00254778472252826));
#11233=CARTESIAN_POINT('',(-0.00711212823235329,0.0401,0.00255759275838774));
#11234=CARTESIAN_POINT('',(-0.00711212823235329,0.04,0.00255759275838774));
#11235=CARTESIAN_POINT('',(-0.00707073324718478,0.0401,0.00256302614087617));
#11236=CARTESIAN_POINT('',(-0.00707073324718478,0.04,0.00256302614087617));
#11237=CARTESIAN_POINT('',(-0.00704261263020158,0.0401,0.00256395237903369));
#11238=CARTESIAN_POINT('',(-0.00704261263020158,0.04,0.00256395237903369));
#11239=CARTESIAN_POINT('',(-0.00702832222880237,0.0401,0.00256442307692308));
#11240=CARTESIAN_POINT('',(-0.00702832222880237,0.04,0.00256442307692308));
#11241=CARTESIAN_POINT('',(-0.00744894188692203,0.04,0.00210818643162393));
#11242=CARTESIAN_POINT('',(-0.00744848203578496,0.04,0.00212501938301776));
#11243=CARTESIAN_POINT('',(-0.00744758686195158,0.04,0.00215778741686914));
#11244=CARTESIAN_POINT('',(-0.00744213841566304,0.04,0.0022057917834202));
#11245=CARTESIAN_POINT('',(-0.0074324779574031,0.04,0.0022511030873997));
#11246=CARTESIAN_POINT('',(-0.00741861698869225,0.04,0.00229384236674157));
#11247=CARTESIAN_POINT('',(-0.00740189128891733,0.04,0.00233443815980172));
#11248=CARTESIAN_POINT('',(-0.00738059642114963,0.04,0.00237224565352417));
#11249=CARTESIAN_POINT('',(-0.00735518636097523,0.04,0.00240729648949842));
#11250=CARTESIAN_POINT('',(-0.00732663554198378,0.04,0.00243982537871253));
#11251=CARTESIAN_POINT('',(-0.00729491542716676,0.04,0.00246871122617975));
#11252=CARTESIAN_POINT('',(-0.00726171574837621,0.04,0.0024944396304507));
#11253=CARTESIAN_POINT('',(-0.00722689076996635,0.04,0.00251630816408095));
#11254=CARTESIAN_POINT('',(-0.00719000436849056,0.04,0.00253358214593449));
#11255=CARTESIAN_POINT('',(-0.0071519544376532,0.04,0.00254778472252826));
#11256=CARTESIAN_POINT('',(-0.00711212823235329,0.04,0.00255759275838774));
#11257=CARTESIAN_POINT('',(-0.00707073324718478,0.04,0.00256302614087617));
#11258=CARTESIAN_POINT('',(-0.00704261263020158,0.04,0.00256395237903369));
#11259=CARTESIAN_POINT('',(-0.00702832222880237,0.04,0.00256442307692308));
#11260=CARTESIAN_POINT('',(-0.00702832222880237,0.04,0.00256442307692308));
#11261=CARTESIAN_POINT('',(-0.00702832222880237,0.0401,0.00256442307692308));
#11262=CARTESIAN_POINT('',(-0.00702832222880237,0.0401,0.00256442307692308));
#11263=CARTESIAN_POINT('',(-0.00702832222880237,0.04,0.00256442307692308));
#11264=CARTESIAN_POINT('',(-0.00701402582860127,0.0401,0.00256401812329155));
#11265=CARTESIAN_POINT('',(-0.00701402582860127,0.04,0.00256401812329155));
#11266=CARTESIAN_POINT('',(-0.00698585301838531,0.0401,0.00256322011248836));
#11267=CARTESIAN_POINT('',(-0.00698585301838531,0.04,0.00256322011248836));
#11268=CARTESIAN_POINT('',(-0.0069443971959626,0.0401,0.00255681678850083));
#11269=CARTESIAN_POINT('',(-0.0069443971959626,0.04,0.00255681678850083));
#11270=CARTESIAN_POINT('',(-0.00690466674387365,0.0401,0.00254555492994264));
#11271=CARTESIAN_POINT('',(-0.00690466674387365,0.04,0.00254555492994264));
#11272=CARTESIAN_POINT('',(-0.00686645419018858,0.0401,0.00253043429044196));
#11273=CARTESIAN_POINT('',(-0.00686645419018858,0.04,0.00253043429044196));
#11274=CARTESIAN_POINT('',(-0.00683003593666344,0.0401,0.00251055300250407));
#11275=CARTESIAN_POINT('',(-0.00683003593666344,0.04,0.00251055300250407));
#11276=CARTESIAN_POINT('',(-0.00679517443634181,0.0401,0.00248660711173556));
#11277=CARTESIAN_POINT('',(-0.00679517443634181,0.04,0.00248660711173556));
#11278=CARTESIAN_POINT('',(-0.00676143878425124,0.0401,0.00245871613631663));
#11279=CARTESIAN_POINT('',(-0.00676143878425124,0.04,0.00245871613631663));
#11280=CARTESIAN_POINT('',(-0.00673056641381999,0.0401,0.00242598418040847));
#11281=CARTESIAN_POINT('',(-0.00673056641381999,0.04,0.00242598418040847));
#11282=CARTESIAN_POINT('',(-0.00670174055398564,0.0401,0.00239076771178622));
#11283=CARTESIAN_POINT('',(-0.00670174055398564,0.04,0.00239076771178622));
#11284=CARTESIAN_POINT('',(-0.00667675159544455,0.0401,0.00235290216534363));
#11285=CARTESIAN_POINT('',(-0.00667675159544455,0.04,0.00235290216534363));
#11286=CARTESIAN_POINT('',(-0.00665542076255366,0.0401,0.00231332679218509));
#11287=CARTESIAN_POINT('',(-0.00665542076255366,0.04,0.00231332679218509));
#11288=CARTESIAN_POINT('',(-0.0066379692818133,0.0401,0.00227201005820167));
#11289=CARTESIAN_POINT('',(-0.0066379692818133,0.04,0.00227201005820167));
#11290=CARTESIAN_POINT('',(-0.00662432392396879,0.0401,0.00222886596096094));
#11291=CARTESIAN_POINT('',(-0.00662432392396879,0.04,0.00222886596096094));
#11292=CARTESIAN_POINT('',(-0.00661451818084124,0.0401,0.00218389216865477));
#11293=CARTESIAN_POINT('',(-0.00661451818084124,0.04,0.00218389216865477));
#11294=CARTESIAN_POINT('',(-0.00660909188676088,0.0401,0.00213686901213789));
#11295=CARTESIAN_POINT('',(-0.00660909188676088,0.04,0.00213686901213789));
#11296=CARTESIAN_POINT('',(-0.0066081715746534,0.0401,0.00210494885251303));
#11297=CARTESIAN_POINT('',(-0.0066081715746534,0.04,0.00210494885251303));
#11298=CARTESIAN_POINT('',(-0.00660770257068272,0.0401,0.00208868189102564));
#11299=CARTESIAN_POINT('',(-0.00660770257068272,0.04,0.00208868189102564));
#11300=CARTESIAN_POINT('',(-0.00702832222880237,0.04,0.00256442307692308));
#11301=CARTESIAN_POINT('',(-0.00701402582860127,0.04,0.00256401812329155));
#11302=CARTESIAN_POINT('',(-0.00698585301838531,0.04,0.00256322011248836));
#11303=CARTESIAN_POINT('',(-0.0069443971959626,0.04,0.00255681678850083));
#11304=CARTESIAN_POINT('',(-0.00690466674387365,0.04,0.00254555492994264));
#11305=CARTESIAN_POINT('',(-0.00686645419018858,0.04,0.00253043429044196));
#11306=CARTESIAN_POINT('',(-0.00683003593666344,0.04,0.00251055300250407));
#11307=CARTESIAN_POINT('',(-0.00679517443634181,0.04,0.00248660711173556));
#11308=CARTESIAN_POINT('',(-0.00676143878425124,0.04,0.00245871613631663));
#11309=CARTESIAN_POINT('',(-0.00673056641381999,0.04,0.00242598418040847));
#11310=CARTESIAN_POINT('',(-0.00670174055398564,0.04,0.00239076771178622));
#11311=CARTESIAN_POINT('',(-0.00667675159544455,0.04,0.00235290216534363));
#11312=CARTESIAN_POINT('',(-0.00665542076255366,0.04,0.00231332679218509));
#11313=CARTESIAN_POINT('',(-0.0066379692818133,0.04,0.00227201005820167));
#11314=CARTESIAN_POINT('',(-0.00662432392396879,0.04,0.00222886596096094));
#11315=CARTESIAN_POINT('',(-0.00661451818084124,0.04,0.00218389216865477));
#11316=CARTESIAN_POINT('',(-0.00660909188676088,0.04,0.00213686901213789));
#11317=CARTESIAN_POINT('',(-0.0066081715746534,0.04,0.00210494885251303));
#11318=CARTESIAN_POINT('',(-0.00660770257068272,0.04,0.00208868189102564));
#11319=CARTESIAN_POINT('',(-0.00660770257068272,0.04,0.00208868189102564));
#11320=CARTESIAN_POINT('',(-0.00660770257068272,0.0401,0.00208868189102564));
#11321=CARTESIAN_POINT('',(-0.00660770257068272,0.0401,0.00208868189102564));
#11322=CARTESIAN_POINT('',(-0.00660770257068272,0.04,0.00208868189102564));
#11323=CARTESIAN_POINT('',(-0.00660817224683652,0.0401,0.00207255636157386));
#11324=CARTESIAN_POINT('',(-0.00660817224683652,0.04,0.00207255636157386));
#11325=CARTESIAN_POINT('',(-0.00660909374758216,0.0401,0.002040918205595));
#11326=CARTESIAN_POINT('',(-0.00660909374758216,0.04,0.002040918205595));
#11327=CARTESIAN_POINT('',(-0.00661450882726284,0.0401,0.001994313663934));
#11328=CARTESIAN_POINT('',(-0.00661450882726284,0.04,0.001994313663934));
#11329=CARTESIAN_POINT('',(-0.00662438637828551,0.0401,0.00194964183895424));
#11330=CARTESIAN_POINT('',(-0.00662438637828551,0.04,0.00194964183895424));
#11331=CARTESIAN_POINT('',(-0.0066379758716619,0.0401,0.0019066305662672));
#11332=CARTESIAN_POINT('',(-0.0066379758716619,0.04,0.0019066305662672));
#11333=CARTESIAN_POINT('',(-0.00665532583955725,0.0401,0.00186540091909199));
#11334=CARTESIAN_POINT('',(-0.00665532583955725,0.04,0.00186540091909199));
#11335=CARTESIAN_POINT('',(-0.0066767514337845,0.0401,0.00182614034734792));
#11336=CARTESIAN_POINT('',(-0.0066767514337845,0.04,0.00182614034734792));
#11337=CARTESIAN_POINT('',(-0.00670187403152439,0.0401,0.00178866937327749));
#11338=CARTESIAN_POINT('',(-0.00670187403152439,0.04,0.00178866937327749));
#11339=CARTESIAN_POINT('',(-0.0067305297073402,0.0401,0.00175346294854378));
#11340=CARTESIAN_POINT('',(-0.0067305297073402,0.04,0.00175346294854378));
#11341=CARTESIAN_POINT('',(-0.00676158699673454,0.0401,0.00172080117508222));
#11342=CARTESIAN_POINT('',(-0.00676158699673454,0.04,0.00172080117508222));
#11343=CARTESIAN_POINT('',(-0.00679502703154899,0.0401,0.00169241900840491));
#11344=CARTESIAN_POINT('',(-0.00679502703154899,0.04,0.00169241900840491));
#11345=CARTESIAN_POINT('',(-0.0068300543934435,0.0401,0.00166852860491119));
#11346=CARTESIAN_POINT('',(-0.0068300543934435,0.04,0.00166852860491119));
#11347=CARTESIAN_POINT('',(-0.00686644928503653,0.0401,0.00164861975070988));
#11348=CARTESIAN_POINT('',(-0.00686644928503653,0.04,0.00164861975070988));
#11349=CARTESIAN_POINT('',(-0.00690466805303315,0.0401,0.00163350644387964));
#11350=CARTESIAN_POINT('',(-0.00690466805303315,0.04,0.00163350644387964));
#11351=CARTESIAN_POINT('',(-0.00694439684135798,0.0401,0.00162224262213793));
#11352=CARTESIAN_POINT('',(-0.00694439684135798,0.04,0.00162224262213793));
#11353=CARTESIAN_POINT('',(-0.00698585311079414,0.0401,0.00161583982561066));
#11354=CARTESIAN_POINT('',(-0.00698585311079414,0.04,0.00161583982561066));
#11355=CARTESIAN_POINT('',(-0.00701402585970884,0.0401,0.00161504174247412));
#11356=CARTESIAN_POINT('',(-0.00701402585970884,0.04,0.00161504174247412));
#11357=CARTESIAN_POINT('',(-0.00702832222880237,0.0401,0.00161463675213675));
#11358=CARTESIAN_POINT('',(-0.00702832222880237,0.04,0.00161463675213675));
#11359=CARTESIAN_POINT('',(-0.00660770257068272,0.04,0.00208868189102564));
#11360=CARTESIAN_POINT('',(-0.00660817224683652,0.04,0.00207255636157386));
#11361=CARTESIAN_POINT('',(-0.00660909374758216,0.04,0.002040918205595));
#11362=CARTESIAN_POINT('',(-0.00661450882726284,0.04,0.001994313663934));
#11363=CARTESIAN_POINT('',(-0.00662438637828551,0.04,0.00194964183895424));
#11364=CARTESIAN_POINT('',(-0.0066379758716619,0.04,0.0019066305662672));
#11365=CARTESIAN_POINT('',(-0.00665532583955725,0.04,0.00186540091909199));
#11366=CARTESIAN_POINT('',(-0.0066767514337845,0.04,0.00182614034734792));
#11367=CARTESIAN_POINT('',(-0.00670187403152439,0.04,0.00178866937327749));
#11368=CARTESIAN_POINT('',(-0.0067305297073402,0.04,0.00175346294854378));
#11369=CARTESIAN_POINT('',(-0.00676158699673454,0.04,0.00172080117508222));
#11370=CARTESIAN_POINT('',(-0.00679502703154899,0.04,0.00169241900840491));
#11371=CARTESIAN_POINT('',(-0.0068300543934435,0.04,0.00166852860491119));
#11372=CARTESIAN_POINT('',(-0.00686644928503653,0.04,0.00164861975070988));
#11373=CARTESIAN_POINT('',(-0.00690466805303315,0.04,0.00163350644387964));
#11374=CARTESIAN_POINT('',(-0.00694439684135798,0.04,0.00162224262213793));
#11375=CARTESIAN_POINT('',(-0.00698585311079414,0.04,0.00161583982561066));
#11376=CARTESIAN_POINT('',(-0.00701402585970884,0.04,0.00161504174247412));
#11377=CARTESIAN_POINT('',(-0.00702832222880237,0.04,0.00161463675213675));
#11378=CARTESIAN_POINT('',(0.,0.04,0.));
#11379=CARTESIAN_POINT('',(-0.00734573908184819,0.0401,0.00369884734583475));
#11380=CARTESIAN_POINT('',(-0.00735650732495622,0.0401,0.00337089342948718));
#11381=CARTESIAN_POINT('',(-0.00735650732495622,0.0401,0.00337089342948718));
#11382=CARTESIAN_POINT('',(-0.0063906085535887,0.0401,0.00400267094017094));
#11383=CARTESIAN_POINT('',(-0.00797132436555451,0.0401,0.00313429487179487));
#11384=CARTESIAN_POINT('',(-0.00794953391162848,0.0401,0.00313506198100558));
#11385=CARTESIAN_POINT('',(-0.00790506176691371,0.0401,0.00313662757445059));
#11386=CARTESIAN_POINT('',(-0.00783751262018121,0.0401,0.00314597085575693));
#11387=CARTESIAN_POINT('',(-0.00776866618380175,0.0401,0.00316310757521446));
#11388=CARTESIAN_POINT('',(-0.00771030324116792,0.0401,0.00318165325111593));
#11389=CARTESIAN_POINT('',(-0.00766196815057613,0.0401,0.00320005615993281));
#11390=CARTESIAN_POINT('',(-0.00762379920635839,0.0401,0.0032171197604353));
#11391=CARTESIAN_POINT('',(-0.00758349157569157,0.0401,0.00323619894494989));
#11392=CARTESIAN_POINT('',(-0.00754180791861146,0.0401,0.00325856240616257));
#11393=CARTESIAN_POINT('',(-0.00749755724275078,0.0401,0.00328226947979325));
#11394=CARTESIAN_POINT('',(-0.00745237828572835,0.0401,0.0033099620320737));
#11395=CARTESIAN_POINT('',(-0.00740462097252865,0.0401,0.00333885963589373));
#11396=CARTESIAN_POINT('',(-0.0073728248952329,0.0401,0.00336002928377046));
#11397=CARTESIAN_POINT('',(-0.00735650732495622,0.0401,0.00337089342948718));
#11398=CARTESIAN_POINT('',(-0.00797132436555451,0.0401,0.00313429487179487));
#11399=CARTESIAN_POINT('',(-0.00861582222880237,0.0401,0.00377540064102564));
#11400=CARTESIAN_POINT('',(-0.00861489803051933,0.0401,0.00374691834513886));
#11401=CARTESIAN_POINT('',(-0.00861306735553503,0.0401,0.00369049990384589));
#11402=CARTESIAN_POINT('',(-0.00859675934945436,0.0401,0.00360750681813433));
#11403=CARTESIAN_POINT('',(-0.00857032708793105,0.0401,0.00352776078450401));
#11404=CARTESIAN_POINT('',(-0.00853391129977509,0.0401,0.00345182235129746));
#11405=CARTESIAN_POINT('',(-0.00848791619882173,0.0401,0.00338147181751197));
#11406=CARTESIAN_POINT('',(-0.00843253615070736,0.0401,0.00331855258368096));
#11407=CARTESIAN_POINT('',(-0.00836899511806655,0.0401,0.00326328355903232));
#11408=CARTESIAN_POINT('',(-0.00829709818026843,0.0401,0.00321753058511932));
#11409=CARTESIAN_POINT('',(-0.00822033776985507,0.0401,0.00318024178719983));
#11410=CARTESIAN_POINT('',(-0.00813956914418208,0.0401,0.00315394145880416));
#11411=CARTESIAN_POINT('',(-0.00805641780389171,0.0401,0.00313693296778045));
#11412=CARTESIAN_POINT('',(-0.00799981571155911,0.0401,0.00313517817028401));
#11413=CARTESIAN_POINT('',(-0.00797132436555451,0.0401,0.00313429487179487));
#11414=CARTESIAN_POINT('',(-0.00861582222880238,0.0401,0.00377540064102564));
#11415=CARTESIAN_POINT('',(-0.00796750825978528,0.0401,0.00443685897435897));
#11416=CARTESIAN_POINT('',(-0.00799711171042236,0.0401,0.00443575435939899));
#11417=CARTESIAN_POINT('',(-0.00805532994818242,0.0401,0.00443358202019564));
#11418=CARTESIAN_POINT('',(-0.00814047886086022,0.0401,0.00441776831345314));
#11419=CARTESIAN_POINT('',(-0.0082209473241163,0.0401,0.00439047738886854));
#11420=CARTESIAN_POINT('',(-0.0082970515657254,0.0401,0.00435396540437516));
#11421=CARTESIAN_POINT('',(-0.00836657732832702,0.0401,0.00430659397546417));
#11422=CARTESIAN_POINT('',(-0.00842940997441421,0.0401,0.00425045622775697));
#11423=CARTESIAN_POINT('',(-0.00848417785573618,0.0401,0.00418502150259633));
#11424=CARTESIAN_POINT('',(-0.00853116093967991,0.0401,0.00411183930871863));
#11425=CARTESIAN_POINT('',(-0.00856848894071267,0.0401,0.00403263344760506));
#11426=CARTESIAN_POINT('',(-0.00859608629378283,0.0401,0.00394958351136302));
#11427=CARTESIAN_POINT('',(-0.00861257641359777,0.0401,0.00386339936603105));
#11428=CARTESIAN_POINT('',(-0.00861473531376455,0.0401,0.00380486847313838));
#11429=CARTESIAN_POINT('',(-0.00861582222880238,0.0401,0.00377540064102564));
#11430=CARTESIAN_POINT('',(-0.00796750825978528,0.0401,0.00443685897435897));
#11431=CARTESIAN_POINT('',(-0.00734039487837502,0.0401,0.00380889756944444));
#11432=CARTESIAN_POINT('',(-0.00734097309830532,0.0401,0.00383041046008523));
#11433=CARTESIAN_POINT('',(-0.00734211130703123,0.0401,0.00387275794512288));
#11434=CARTESIAN_POINT('',(-0.00735087058816392,0.0401,0.0039349315826281));
#11435=CARTESIAN_POINT('',(-0.00736467434632725,0.0401,0.00399467536771664));
#11436=CARTESIAN_POINT('',(-0.00738479613921021,0.0401,0.00405174167608063));
#11437=CARTESIAN_POINT('',(-0.00741049994399122,0.0401,0.00410633533653856));
#11438=CARTESIAN_POINT('',(-0.00744130583220846,0.0401,0.00415876964275658));
#11439=CARTESIAN_POINT('',(-0.00747880450556708,0.0401,0.00420805895363034));
#11440=CARTESIAN_POINT('',(-0.00752069331216017,0.0401,0.00425483800010611));
#11441=CARTESIAN_POINT('',(-0.00756708882183105,0.0401,0.00429730867329137));
#11442=CARTESIAN_POINT('',(-0.00761631724926757,0.0401,0.00433491038308092));
#11443=CARTESIAN_POINT('',(-0.00766832730587124,0.0401,0.00436649515712964));
#11444=CARTESIAN_POINT('',(-0.00772309264860234,0.0401,0.00439212129067751));
#11445=CARTESIAN_POINT('',(-0.00778052885795562,0.0401,0.00441202090773432));
#11446=CARTESIAN_POINT('',(-0.0078405624470748,0.0401,0.00442652772164165));
#11447=CARTESIAN_POINT('',(-0.0079032348131483,0.0401,0.00443510299920412));
#11448=CARTESIAN_POINT('',(-0.00794585732866642,0.0401,0.00443626746263659));
#11449=CARTESIAN_POINT('',(-0.00796750825978528,0.0401,0.00443685897435897));
#11450=CARTESIAN_POINT('',(-0.00734039487837502,0.0401,0.00380889756944444));
#11451=CARTESIAN_POINT('',(-0.00858006844893457,0.0401,0.00381364983571163));
#11452=CARTESIAN_POINT('',(-0.00736074744247759,0.0401,0.00358968349358974));
#11453=CARTESIAN_POINT('',(-0.00650551573841776,0.0401,0.00414895499465812));
#11454=CARTESIAN_POINT('',(-0.00650551573841776,0.0401,0.00414895499465812));
#11455=CARTESIAN_POINT('',(-0.0063906085535887,0.0401,0.00400267094017094));
#11456=CARTESIAN_POINT('',(-0.00755748889546904,0.0401,0.00376904046474359));
#11457=CARTESIAN_POINT('',(-0.00755796565975497,0.0401,0.00375291666068356));
#11458=CARTESIAN_POINT('',(-0.00755890106735747,0.0401,0.00372128188990912));
#11459=CARTESIAN_POINT('',(-0.00756418425623643,0.0401,0.00367492765724985));
#11460=CARTESIAN_POINT('',(-0.00757419445073412,0.0401,0.00363117483971559));
#11461=CARTESIAN_POINT('',(-0.00758714286775241,0.0401,0.00358952370877685));
#11462=CARTESIAN_POINT('',(-0.00760477304359013,0.0401,0.00355040837856427));
#11463=CARTESIAN_POINT('',(-0.00762593425284712,0.0401,0.00351338265938872));
#11464=CARTESIAN_POINT('',(-0.00765109354730984,0.0401,0.00347881395373029));
#11465=CARTESIAN_POINT('',(-0.0076799704070285,0.0401,0.00344730934802376));
#11466=CARTESIAN_POINT('',(-0.00771112457140123,0.0401,0.00341838033914418));
#11467=CARTESIAN_POINT('',(-0.00774469338601021,0.0401,0.00339349666741617));
#11468=CARTESIAN_POINT('',(-0.007779651264872,0.0401,0.00337200860451887));
#11469=CARTESIAN_POINT('',(-0.00781632676963142,0.0401,0.00335454342241578));
#11470=CARTESIAN_POINT('',(-0.00785469637436793,0.0401,0.00334094189415102));
#11471=CARTESIAN_POINT('',(-0.0078945861301315,0.0401,0.00333110358099857));
#11472=CARTESIAN_POINT('',(-0.00793626284630808,0.0401,0.00332562818879434));
#11473=CARTESIAN_POINT('',(-0.00796452488793927,0.0401,0.00332471728128196));
#11474=CARTESIAN_POINT('',(-0.00797895657709297,0.0401,0.00332425213675214));
#11475=CARTESIAN_POINT('',(-0.00755748889546904,0.0401,0.00376904046474359));
#11476=CARTESIAN_POINT('',(-0.00797895657709297,0.0401,0.00332425213675214));
#11477=CARTESIAN_POINT('',(-0.00797895657709297,0.0401,0.00424690170940171));
#11478=CARTESIAN_POINT('',(-0.00796450438567999,0.0401,0.00424657279204098));
#11479=CARTESIAN_POINT('',(-0.00793613943404382,0.0401,0.00424592723423158));
#11480=CARTESIAN_POINT('',(-0.00789462367929285,0.0401,0.0042384842227634));
#11481=CARTESIAN_POINT('',(-0.00785437200474666,0.0401,0.00422843119706218));
#11482=CARTESIAN_POINT('',(-0.00781629114431723,0.0401,0.00421218458611948));
#11483=CARTESIAN_POINT('',(-0.00777932800904549,0.0401,0.00419283354635855));
#11484=CARTESIAN_POINT('',(-0.00774453903294432,0.0401,0.00416818159287507));
#11485=CARTESIAN_POINT('',(-0.00771093863808446,0.0401,0.00413991752480482));
#11486=CARTESIAN_POINT('',(-0.0076797637875986,0.0401,0.00410718499147107));
#11487=CARTESIAN_POINT('',(-0.00765124873207197,0.0401,0.00407157492546115));
#11488=CARTESIAN_POINT('',(-0.00762607941693823,0.0401,0.00403370621538715));
#11489=CARTESIAN_POINT('',(-0.00760483700938277,0.0401,0.00399408980144422));
#11490=CARTESIAN_POINT('',(-0.00758711323303252,0.0401,0.00395276395271099));
#11491=CARTESIAN_POINT('',(-0.00757432282518209,0.0401,0.00390925566067306));
#11492=CARTESIAN_POINT('',(-0.00756425158136319,0.0401,0.0038642672112216));
#11493=CARTESIAN_POINT('',(-0.00755889216977756,0.0401,0.00381722324236634));
#11494=CARTESIAN_POINT('',(-0.00755796261144555,0.0401,0.00378530595996002));
#11495=CARTESIAN_POINT('',(-0.00755748889546904,0.0401,0.00376904046474359));
#11496=CARTESIAN_POINT('',(-0.00797895657709297,0.0401,0.00424690170940171));
#11497=CARTESIAN_POINT('',(-0.00839872821170836,0.0401,0.00378557692307692));
#11498=CARTESIAN_POINT('',(-0.00839826312495032,0.0401,0.00380127989314326));
#11499=CARTESIAN_POINT('',(-0.00839735102691171,0.0401,0.00383207554137543));
#11500=CARTESIAN_POINT('',(-0.00839185947071422,0.0401,0.00387753722067273));
#11501=CARTESIAN_POINT('',(-0.00838214609992477,0.0401,0.00392112879383389));
#11502=CARTESIAN_POINT('',(-0.00836834284073626,0.0401,0.00396288057842387));
#11503=CARTESIAN_POINT('',(-0.00835152374836761,0.0401,0.00400314043844073));
#11504=CARTESIAN_POINT('',(-0.0083300630625506,0.0401,0.00404133717606855));
#11505=CARTESIAN_POINT('',(-0.00830497738542321,0.0401,0.00407798647472688));
#11506=CARTESIAN_POINT('',(-0.00827627742699308,0.0401,0.00411229060376635));
#11507=CARTESIAN_POINT('',(-0.00824543367998737,0.0401,0.0041442546492324));
#11508=CARTESIAN_POINT('',(-0.00821155487569288,0.0401,0.00417099527685456));
#11509=CARTESIAN_POINT('',(-0.00817724353638373,0.0401,0.00419512849672127));
#11510=CARTESIAN_POINT('',(-0.00814041576309749,0.0401,0.00421340856718288));
#11511=CARTESIAN_POINT('',(-0.00810240551049953,0.0401,0.0042287334732511));
#11512=CARTESIAN_POINT('',(-0.00806263339922751,0.0401,0.00423903564208495));
#11513=CARTESIAN_POINT('',(-0.00802130446682126,0.0401,0.00424578014029119));
#11514=CARTESIAN_POINT('',(-0.0079932591839746,0.0401,0.00424652290983977));
#11515=CARTESIAN_POINT('',(-0.00797895657709297,0.0401,0.00424690170940171));
#11516=CARTESIAN_POINT('',(-0.00839872821170836,0.0401,0.00378557692307692));
#11517=CARTESIAN_POINT('',(-0.00797895657709297,0.0401,0.00332425213675214));
#11518=CARTESIAN_POINT('',(-0.00799325863955772,0.0401,0.00332463191234155));
#11519=CARTESIAN_POINT('',(-0.00802130285488393,0.0401,0.0033253765957347));
#11520=CARTESIAN_POINT('',(-0.00806263955630077,0.0401,0.0033321071657031));
#11521=CARTESIAN_POINT('',(-0.00810238252743269,0.0401,0.00334246157681381));
#11522=CARTESIAN_POINT('',(-0.00814056083662173,0.0401,0.00335761769108679));
#11523=CARTESIAN_POINT('',(-0.00817696622716898,0.0401,0.0033766278899326));
#11524=CARTESIAN_POINT('',(-0.0082118572972002,0.0401,0.00340002203574985));
#11525=CARTESIAN_POINT('',(-0.00824525812933453,0.0401,0.00342740400916296));
#11526=CARTESIAN_POINT('',(-0.00827632647313429,0.0401,0.00345923500996805));
#11527=CARTESIAN_POINT('',(-0.00830482311306102,0.0401,0.00349356165826569));
#11528=CARTESIAN_POINT('',(-0.00833019657474875,0.0401,0.00352986436245738));
#11529=CARTESIAN_POINT('',(-0.00835150349763868,0.0401,0.00356802769403738));
#11530=CARTESIAN_POINT('',(-0.0083683482996277,0.0401,0.00360826941663436));
#11531=CARTESIAN_POINT('',(-0.00838214459402628,0.0401,0.00365002611468933));
#11532=CARTESIAN_POINT('',(-0.00839185988110912,0.0401,0.00369361633595897));
#11533=CARTESIAN_POINT('',(-0.00839735091893145,0.0401,0.00373907838095547));
#11534=CARTESIAN_POINT('',(-0.00839826308848449,0.0401,0.00376987397873622));
#11535=CARTESIAN_POINT('',(-0.00839872821170836,0.0401,0.00378557692307692));
#11536=CARTESIAN_POINT('',(-0.00735650732495622,0.0401,0.00337089342948718));
#11537=CARTESIAN_POINT('',(-0.00735650732495622,0.0401,0.00337089342948718));
#11538=CARTESIAN_POINT('',(-0.0063906085535887,0.0401,0.00400267094017094));
#11539=CARTESIAN_POINT('',(-0.00797132436555451,0.0401,0.00313429487179487));
#11540=CARTESIAN_POINT('',(-0.00797132436555451,0.04,0.00313429487179487));
#11541=CARTESIAN_POINT('',(-0.00794953391162848,0.0401,0.00313506198100558));
#11542=CARTESIAN_POINT('',(-0.00794953391162848,0.04,0.00313506198100558));
#11543=CARTESIAN_POINT('',(-0.00790506176691371,0.0401,0.00313662757445059));
#11544=CARTESIAN_POINT('',(-0.00790506176691371,0.04,0.00313662757445059));
#11545=CARTESIAN_POINT('',(-0.00783751262018121,0.0401,0.00314597085575693));
#11546=CARTESIAN_POINT('',(-0.00783751262018121,0.04,0.00314597085575693));
#11547=CARTESIAN_POINT('',(-0.00776866618380175,0.0401,0.00316310757521446));
#11548=CARTESIAN_POINT('',(-0.00776866618380175,0.04,0.00316310757521446));
#11549=CARTESIAN_POINT('',(-0.00771030324116792,0.0401,0.00318165325111593));
#11550=CARTESIAN_POINT('',(-0.00771030324116792,0.04,0.00318165325111593));
#11551=CARTESIAN_POINT('',(-0.00766196815057613,0.0401,0.00320005615993281));
#11552=CARTESIAN_POINT('',(-0.00766196815057613,0.04,0.00320005615993281));
#11553=CARTESIAN_POINT('',(-0.00762379920635839,0.0401,0.0032171197604353));
#11554=CARTESIAN_POINT('',(-0.00762379920635839,0.04,0.0032171197604353));
#11555=CARTESIAN_POINT('',(-0.00758349157569157,0.0401,0.00323619894494989));
#11556=CARTESIAN_POINT('',(-0.00758349157569157,0.04,0.00323619894494989));
#11557=CARTESIAN_POINT('',(-0.00754180791861146,0.0401,0.00325856240616257));
#11558=CARTESIAN_POINT('',(-0.00754180791861146,0.04,0.00325856240616257));
#11559=CARTESIAN_POINT('',(-0.00749755724275078,0.0401,0.00328226947979325));
#11560=CARTESIAN_POINT('',(-0.00749755724275078,0.04,0.00328226947979325));
#11561=CARTESIAN_POINT('',(-0.00745237828572835,0.0401,0.0033099620320737));
#11562=CARTESIAN_POINT('',(-0.00745237828572835,0.04,0.0033099620320737));
#11563=CARTESIAN_POINT('',(-0.00740462097252865,0.0401,0.00333885963589373));
#11564=CARTESIAN_POINT('',(-0.00740462097252865,0.04,0.00333885963589373));
#11565=CARTESIAN_POINT('',(-0.0073728248952329,0.0401,0.00336002928377046));
#11566=CARTESIAN_POINT('',(-0.0073728248952329,0.04,0.00336002928377046));
#11567=CARTESIAN_POINT('',(-0.00735650732495622,0.0401,0.00337089342948718));
#11568=CARTESIAN_POINT('',(-0.00735650732495622,0.04,0.00337089342948718));
#11569=CARTESIAN_POINT('',(-0.00797132436555451,0.0401,0.00313429487179487));
#11570=CARTESIAN_POINT('',(-0.00861582222880237,0.0401,0.00377540064102564));
#11571=CARTESIAN_POINT('',(-0.00861582222880237,0.04,0.00377540064102564));
#11572=CARTESIAN_POINT('',(-0.00861489803051933,0.0401,0.00374691834513886));
#11573=CARTESIAN_POINT('',(-0.00861489803051933,0.04,0.00374691834513886));
#11574=CARTESIAN_POINT('',(-0.00861306735553503,0.0401,0.00369049990384589));
#11575=CARTESIAN_POINT('',(-0.00861306735553503,0.04,0.00369049990384589));
#11576=CARTESIAN_POINT('',(-0.00859675934945436,0.0401,0.00360750681813433));
#11577=CARTESIAN_POINT('',(-0.00859675934945436,0.04,0.00360750681813433));
#11578=CARTESIAN_POINT('',(-0.00857032708793105,0.0401,0.00352776078450401));
#11579=CARTESIAN_POINT('',(-0.00857032708793105,0.04,0.00352776078450401));
#11580=CARTESIAN_POINT('',(-0.00853391129977509,0.0401,0.00345182235129746));
#11581=CARTESIAN_POINT('',(-0.00853391129977509,0.04,0.00345182235129746));
#11582=CARTESIAN_POINT('',(-0.00848791619882173,0.0401,0.00338147181751197));
#11583=CARTESIAN_POINT('',(-0.00848791619882173,0.04,0.00338147181751197));
#11584=CARTESIAN_POINT('',(-0.00843253615070736,0.0401,0.00331855258368096));
#11585=CARTESIAN_POINT('',(-0.00843253615070736,0.04,0.00331855258368096));
#11586=CARTESIAN_POINT('',(-0.00836899511806655,0.0401,0.00326328355903232));
#11587=CARTESIAN_POINT('',(-0.00836899511806655,0.04,0.00326328355903232));
#11588=CARTESIAN_POINT('',(-0.00829709818026843,0.0401,0.00321753058511932));
#11589=CARTESIAN_POINT('',(-0.00829709818026843,0.04,0.00321753058511932));
#11590=CARTESIAN_POINT('',(-0.00822033776985507,0.0401,0.00318024178719983));
#11591=CARTESIAN_POINT('',(-0.00822033776985507,0.04,0.00318024178719983));
#11592=CARTESIAN_POINT('',(-0.00813956914418208,0.0401,0.00315394145880416));
#11593=CARTESIAN_POINT('',(-0.00813956914418208,0.04,0.00315394145880416));
#11594=CARTESIAN_POINT('',(-0.00805641780389171,0.0401,0.00313693296778045));
#11595=CARTESIAN_POINT('',(-0.00805641780389171,0.04,0.00313693296778045));
#11596=CARTESIAN_POINT('',(-0.00799981571155911,0.0401,0.00313517817028401));
#11597=CARTESIAN_POINT('',(-0.00799981571155911,0.04,0.00313517817028401));
#11598=CARTESIAN_POINT('',(-0.00797132436555451,0.0401,0.00313429487179487));
#11599=CARTESIAN_POINT('',(-0.00797132436555451,0.04,0.00313429487179487));
#11600=CARTESIAN_POINT('',(-0.00861582222880238,0.0401,0.00377540064102564));
#11601=CARTESIAN_POINT('',(-0.00796750825978528,0.0401,0.00443685897435897));
#11602=CARTESIAN_POINT('',(-0.00796750825978528,0.04,0.00443685897435897));
#11603=CARTESIAN_POINT('',(-0.00799711171042236,0.0401,0.00443575435939899));
#11604=CARTESIAN_POINT('',(-0.00799711171042236,0.04,0.00443575435939899));
#11605=CARTESIAN_POINT('',(-0.00805532994818242,0.0401,0.00443358202019564));
#11606=CARTESIAN_POINT('',(-0.00805532994818242,0.04,0.00443358202019564));
#11607=CARTESIAN_POINT('',(-0.00814047886086022,0.0401,0.00441776831345314));
#11608=CARTESIAN_POINT('',(-0.00814047886086022,0.04,0.00441776831345314));
#11609=CARTESIAN_POINT('',(-0.0082209473241163,0.0401,0.00439047738886854));
#11610=CARTESIAN_POINT('',(-0.0082209473241163,0.04,0.00439047738886854));
#11611=CARTESIAN_POINT('',(-0.0082970515657254,0.0401,0.00435396540437516));
#11612=CARTESIAN_POINT('',(-0.0082970515657254,0.04,0.00435396540437516));
#11613=CARTESIAN_POINT('',(-0.00836657732832702,0.0401,0.00430659397546417));
#11614=CARTESIAN_POINT('',(-0.00836657732832702,0.04,0.00430659397546417));
#11615=CARTESIAN_POINT('',(-0.00842940997441421,0.0401,0.00425045622775697));
#11616=CARTESIAN_POINT('',(-0.00842940997441421,0.04,0.00425045622775697));
#11617=CARTESIAN_POINT('',(-0.00848417785573618,0.0401,0.00418502150259633));
#11618=CARTESIAN_POINT('',(-0.00848417785573618,0.04,0.00418502150259633));
#11619=CARTESIAN_POINT('',(-0.00853116093967991,0.0401,0.00411183930871863));
#11620=CARTESIAN_POINT('',(-0.00853116093967991,0.04,0.00411183930871863));
#11621=CARTESIAN_POINT('',(-0.00856848894071267,0.0401,0.00403263344760506));
#11622=CARTESIAN_POINT('',(-0.00856848894071267,0.04,0.00403263344760506));
#11623=CARTESIAN_POINT('',(-0.00859608629378283,0.0401,0.00394958351136302));
#11624=CARTESIAN_POINT('',(-0.00859608629378283,0.04,0.00394958351136302));
#11625=CARTESIAN_POINT('',(-0.00861257641359777,0.0401,0.00386339936603105));
#11626=CARTESIAN_POINT('',(-0.00861257641359777,0.04,0.00386339936603105));
#11627=CARTESIAN_POINT('',(-0.00861473531376455,0.0401,0.00380486847313838));
#11628=CARTESIAN_POINT('',(-0.00861473531376455,0.04,0.00380486847313838));
#11629=CARTESIAN_POINT('',(-0.00861582222880238,0.0401,0.00377540064102564));
#11630=CARTESIAN_POINT('',(-0.00861582222880238,0.04,0.00377540064102564));
#11631=CARTESIAN_POINT('',(-0.00796750825978528,0.0401,0.00443685897435897));
#11632=CARTESIAN_POINT('',(-0.00734039487837502,0.0401,0.00380889756944444));
#11633=CARTESIAN_POINT('',(-0.00734039487837502,0.04,0.00380889756944444));
#11634=CARTESIAN_POINT('',(-0.00734097309830532,0.0401,0.00383041046008523));
#11635=CARTESIAN_POINT('',(-0.00734097309830532,0.04,0.00383041046008523));
#11636=CARTESIAN_POINT('',(-0.00734211130703123,0.0401,0.00387275794512288));
#11637=CARTESIAN_POINT('',(-0.00734211130703123,0.04,0.00387275794512288));
#11638=CARTESIAN_POINT('',(-0.00735087058816392,0.0401,0.0039349315826281));
#11639=CARTESIAN_POINT('',(-0.00735087058816392,0.04,0.0039349315826281));
#11640=CARTESIAN_POINT('',(-0.00736467434632725,0.0401,0.00399467536771664));
#11641=CARTESIAN_POINT('',(-0.00736467434632725,0.04,0.00399467536771664));
#11642=CARTESIAN_POINT('',(-0.00738479613921021,0.0401,0.00405174167608063));
#11643=CARTESIAN_POINT('',(-0.00738479613921021,0.04,0.00405174167608063));
#11644=CARTESIAN_POINT('',(-0.00741049994399122,0.0401,0.00410633533653856));
#11645=CARTESIAN_POINT('',(-0.00741049994399122,0.04,0.00410633533653856));
#11646=CARTESIAN_POINT('',(-0.00744130583220846,0.0401,0.00415876964275658));
#11647=CARTESIAN_POINT('',(-0.00744130583220846,0.04,0.00415876964275658));
#11648=CARTESIAN_POINT('',(-0.00747880450556708,0.0401,0.00420805895363034));
#11649=CARTESIAN_POINT('',(-0.00747880450556708,0.04,0.00420805895363034));
#11650=CARTESIAN_POINT('',(-0.00752069331216017,0.0401,0.00425483800010611));
#11651=CARTESIAN_POINT('',(-0.00752069331216017,0.04,0.00425483800010611));
#11652=CARTESIAN_POINT('',(-0.00756708882183105,0.0401,0.00429730867329137));
#11653=CARTESIAN_POINT('',(-0.00756708882183105,0.04,0.00429730867329137));
#11654=CARTESIAN_POINT('',(-0.00761631724926757,0.0401,0.00433491038308092));
#11655=CARTESIAN_POINT('',(-0.00761631724926757,0.04,0.00433491038308092));
#11656=CARTESIAN_POINT('',(-0.00766832730587124,0.0401,0.00436649515712964));
#11657=CARTESIAN_POINT('',(-0.00766832730587124,0.04,0.00436649515712964));
#11658=CARTESIAN_POINT('',(-0.00772309264860234,0.0401,0.00439212129067751));
#11659=CARTESIAN_POINT('',(-0.00772309264860234,0.04,0.00439212129067751));
#11660=CARTESIAN_POINT('',(-0.00778052885795562,0.0401,0.00441202090773432));
#11661=CARTESIAN_POINT('',(-0.00778052885795562,0.04,0.00441202090773432));
#11662=CARTESIAN_POINT('',(-0.0078405624470748,0.0401,0.00442652772164165));
#11663=CARTESIAN_POINT('',(-0.0078405624470748,0.04,0.00442652772164165));
#11664=CARTESIAN_POINT('',(-0.0079032348131483,0.0401,0.00443510299920412));
#11665=CARTESIAN_POINT('',(-0.0079032348131483,0.04,0.00443510299920412));
#11666=CARTESIAN_POINT('',(-0.00794585732866642,0.0401,0.00443626746263659));
#11667=CARTESIAN_POINT('',(-0.00794585732866642,0.04,0.00443626746263659));
#11668=CARTESIAN_POINT('',(-0.00796750825978528,0.0401,0.00443685897435897));
#11669=CARTESIAN_POINT('',(-0.00796750825978528,0.04,0.00443685897435897));
#11670=CARTESIAN_POINT('',(-0.00734059483029578,0.0400999999999996,0.00380889833595652));
#11671=CARTESIAN_POINT('',(-0.00734059483029579,0.0400666666666663,0.00380889833595652));
#11672=CARTESIAN_POINT('',(-0.00734059483029579,0.040033333333333,0.00380889833595652));
#11673=CARTESIAN_POINT('',(-0.00734059483029578,0.0399999999999996,0.00380889833595652));
#11674=CARTESIAN_POINT('',(-0.00858006844893457,0.0401,0.00381364983571163));
#11675=CARTESIAN_POINT('',(-0.00736102115854132,0.0401,0.0035895044992972));
#11676=CARTESIAN_POINT('',(-0.00650551573841776,0.0401,0.00414895499465812));
#11677=CARTESIAN_POINT('',(-0.00650551573841776,0.0401,0.00414895499465812));
#11678=CARTESIAN_POINT('',(-0.0063906085535887,0.0401,0.00400267094017094));
#11679=CARTESIAN_POINT('',(-0.00797895657709297,0.0401,0.00424690170940171));
#11680=CARTESIAN_POINT('',(-0.00797895657709297,0.04,0.00424690170940171));
#11681=CARTESIAN_POINT('',(-0.00796450438567999,0.0401,0.00424657279204098));
#11682=CARTESIAN_POINT('',(-0.00796450438567999,0.04,0.00424657279204098));
#11683=CARTESIAN_POINT('',(-0.00793613943404382,0.0401,0.00424592723423158));
#11684=CARTESIAN_POINT('',(-0.00793613943404382,0.04,0.00424592723423158));
#11685=CARTESIAN_POINT('',(-0.00789462367929285,0.0401,0.0042384842227634));
#11686=CARTESIAN_POINT('',(-0.00789462367929285,0.04,0.0042384842227634));
#11687=CARTESIAN_POINT('',(-0.00785437200474666,0.0401,0.00422843119706218));
#11688=CARTESIAN_POINT('',(-0.00785437200474666,0.04,0.00422843119706218));
#11689=CARTESIAN_POINT('',(-0.00781629114431723,0.0401,0.00421218458611948));
#11690=CARTESIAN_POINT('',(-0.00781629114431723,0.04,0.00421218458611948));
#11691=CARTESIAN_POINT('',(-0.00777932800904549,0.0401,0.00419283354635855));
#11692=CARTESIAN_POINT('',(-0.00777932800904549,0.04,0.00419283354635855));
#11693=CARTESIAN_POINT('',(-0.00774453903294432,0.0401,0.00416818159287507));
#11694=CARTESIAN_POINT('',(-0.00774453903294432,0.04,0.00416818159287507));
#11695=CARTESIAN_POINT('',(-0.00771093863808446,0.0401,0.00413991752480482));
#11696=CARTESIAN_POINT('',(-0.00771093863808446,0.04,0.00413991752480482));
#11697=CARTESIAN_POINT('',(-0.0076797637875986,0.0401,0.00410718499147107));
#11698=CARTESIAN_POINT('',(-0.0076797637875986,0.04,0.00410718499147107));
#11699=CARTESIAN_POINT('',(-0.00765124873207197,0.0401,0.00407157492546115));
#11700=CARTESIAN_POINT('',(-0.00765124873207197,0.04,0.00407157492546115));
#11701=CARTESIAN_POINT('',(-0.00762607941693823,0.0401,0.00403370621538715));
#11702=CARTESIAN_POINT('',(-0.00762607941693823,0.04,0.00403370621538715));
#11703=CARTESIAN_POINT('',(-0.00760483700938277,0.0401,0.00399408980144422));
#11704=CARTESIAN_POINT('',(-0.00760483700938277,0.04,0.00399408980144422));
#11705=CARTESIAN_POINT('',(-0.00758711323303252,0.0401,0.00395276395271099));
#11706=CARTESIAN_POINT('',(-0.00758711323303252,0.04,0.00395276395271099));
#11707=CARTESIAN_POINT('',(-0.00757432282518209,0.0401,0.00390925566067306));
#11708=CARTESIAN_POINT('',(-0.00757432282518209,0.04,0.00390925566067306));
#11709=CARTESIAN_POINT('',(-0.00756425158136319,0.0401,0.0038642672112216));
#11710=CARTESIAN_POINT('',(-0.00756425158136319,0.04,0.0038642672112216));
#11711=CARTESIAN_POINT('',(-0.00755889216977756,0.0401,0.00381722324236634));
#11712=CARTESIAN_POINT('',(-0.00755889216977756,0.04,0.00381722324236634));
#11713=CARTESIAN_POINT('',(-0.00755796261144555,0.0401,0.00378530595996002));
#11714=CARTESIAN_POINT('',(-0.00755796261144555,0.04,0.00378530595996002));
#11715=CARTESIAN_POINT('',(-0.00755748889546904,0.0401,0.00376904046474359));
#11716=CARTESIAN_POINT('',(-0.00755748889546904,0.04,0.00376904046474359));
#11717=CARTESIAN_POINT('',(-0.00797895657709297,0.04,0.00424690170940171));
#11718=CARTESIAN_POINT('',(-0.00796450438567999,0.04,0.00424657279204098));
#11719=CARTESIAN_POINT('',(-0.00793613943404382,0.04,0.00424592723423158));
#11720=CARTESIAN_POINT('',(-0.00789462367929285,0.04,0.0042384842227634));
#11721=CARTESIAN_POINT('',(-0.00785437200474666,0.04,0.00422843119706218));
#11722=CARTESIAN_POINT('',(-0.00781629114431723,0.04,0.00421218458611948));
#11723=CARTESIAN_POINT('',(-0.00777932800904549,0.04,0.00419283354635855));
#11724=CARTESIAN_POINT('',(-0.00774453903294432,0.04,0.00416818159287507));
#11725=CARTESIAN_POINT('',(-0.00771093863808446,0.04,0.00413991752480482));
#11726=CARTESIAN_POINT('',(-0.0076797637875986,0.04,0.00410718499147107));
#11727=CARTESIAN_POINT('',(-0.00765124873207197,0.04,0.00407157492546115));
#11728=CARTESIAN_POINT('',(-0.00762607941693823,0.04,0.00403370621538715));
#11729=CARTESIAN_POINT('',(-0.00760483700938277,0.04,0.00399408980144422));
#11730=CARTESIAN_POINT('',(-0.00758711323303252,0.04,0.00395276395271099));
#11731=CARTESIAN_POINT('',(-0.00757432282518209,0.04,0.00390925566067306));
#11732=CARTESIAN_POINT('',(-0.00756425158136319,0.04,0.0038642672112216));
#11733=CARTESIAN_POINT('',(-0.00755889216977756,0.04,0.00381722324236634));
#11734=CARTESIAN_POINT('',(-0.00755796261144555,0.04,0.00378530595996002));
#11735=CARTESIAN_POINT('',(-0.00755748889546904,0.04,0.00376904046474359));
#11736=CARTESIAN_POINT('',(-0.00797895657709297,0.04,0.00424690170940171));
#11737=CARTESIAN_POINT('',(-0.00755748889546904,0.04,0.00376904046474359));
#11738=CARTESIAN_POINT('',(-0.00797895657709297,0.0401,0.00424690170940171));
#11739=CARTESIAN_POINT('',(-0.00755748889546904,0.0401,0.00376904046474359));
#11740=CARTESIAN_POINT('',(-0.00755748889546904,0.0401,0.00376904046474359));
#11741=CARTESIAN_POINT('',(-0.00755748889546904,0.04,0.00376904046474359));
#11742=CARTESIAN_POINT('',(-0.00755796565975497,0.0401,0.00375291666068356));
#11743=CARTESIAN_POINT('',(-0.00755796565975497,0.04,0.00375291666068356));
#11744=CARTESIAN_POINT('',(-0.00755890106735747,0.0401,0.00372128188990912));
#11745=CARTESIAN_POINT('',(-0.00755890106735747,0.04,0.00372128188990912));
#11746=CARTESIAN_POINT('',(-0.00756418425623643,0.0401,0.00367492765724985));
#11747=CARTESIAN_POINT('',(-0.00756418425623643,0.04,0.00367492765724985));
#11748=CARTESIAN_POINT('',(-0.00757419445073412,0.0401,0.00363117483971559));
#11749=CARTESIAN_POINT('',(-0.00757419445073412,0.04,0.00363117483971559));
#11750=CARTESIAN_POINT('',(-0.00758714286775241,0.0401,0.00358952370877685));
#11751=CARTESIAN_POINT('',(-0.00758714286775241,0.04,0.00358952370877685));
#11752=CARTESIAN_POINT('',(-0.00760477304359013,0.0401,0.00355040837856427));
#11753=CARTESIAN_POINT('',(-0.00760477304359013,0.04,0.00355040837856427));
#11754=CARTESIAN_POINT('',(-0.00762593425284712,0.0401,0.00351338265938872));
#11755=CARTESIAN_POINT('',(-0.00762593425284712,0.04,0.00351338265938872));
#11756=CARTESIAN_POINT('',(-0.00765109354730984,0.0401,0.00347881395373029));
#11757=CARTESIAN_POINT('',(-0.00765109354730984,0.04,0.00347881395373029));
#11758=CARTESIAN_POINT('',(-0.0076799704070285,0.0401,0.00344730934802376));
#11759=CARTESIAN_POINT('',(-0.0076799704070285,0.04,0.00344730934802376));
#11760=CARTESIAN_POINT('',(-0.00771112457140123,0.0401,0.00341838033914418));
#11761=CARTESIAN_POINT('',(-0.00771112457140123,0.04,0.00341838033914418));
#11762=CARTESIAN_POINT('',(-0.00774469338601021,0.0401,0.00339349666741617));
#11763=CARTESIAN_POINT('',(-0.00774469338601021,0.04,0.00339349666741617));
#11764=CARTESIAN_POINT('',(-0.007779651264872,0.0401,0.00337200860451887));
#11765=CARTESIAN_POINT('',(-0.007779651264872,0.04,0.00337200860451887));
#11766=CARTESIAN_POINT('',(-0.00781632676963142,0.0401,0.00335454342241578));
#11767=CARTESIAN_POINT('',(-0.00781632676963142,0.04,0.00335454342241578));
#11768=CARTESIAN_POINT('',(-0.00785469637436793,0.0401,0.00334094189415102));
#11769=CARTESIAN_POINT('',(-0.00785469637436793,0.04,0.00334094189415102));
#11770=CARTESIAN_POINT('',(-0.0078945861301315,0.0401,0.00333110358099857));
#11771=CARTESIAN_POINT('',(-0.0078945861301315,0.04,0.00333110358099857));
#11772=CARTESIAN_POINT('',(-0.00793626284630808,0.0401,0.00332562818879434));
#11773=CARTESIAN_POINT('',(-0.00793626284630808,0.04,0.00332562818879434));
#11774=CARTESIAN_POINT('',(-0.00796452488793927,0.0401,0.00332471728128196));
#11775=CARTESIAN_POINT('',(-0.00796452488793927,0.04,0.00332471728128196));
#11776=CARTESIAN_POINT('',(-0.00797895657709297,0.0401,0.00332425213675214));
#11777=CARTESIAN_POINT('',(-0.00797895657709297,0.04,0.00332425213675214));
#11778=CARTESIAN_POINT('',(-0.00755748889546904,0.04,0.00376904046474359));
#11779=CARTESIAN_POINT('',(-0.00755796565975497,0.04,0.00375291666068356));
#11780=CARTESIAN_POINT('',(-0.00755890106735747,0.04,0.00372128188990912));
#11781=CARTESIAN_POINT('',(-0.00756418425623643,0.04,0.00367492765724985));
#11782=CARTESIAN_POINT('',(-0.00757419445073412,0.04,0.00363117483971559));
#11783=CARTESIAN_POINT('',(-0.00758714286775241,0.04,0.00358952370877685));
#11784=CARTESIAN_POINT('',(-0.00760477304359013,0.04,0.00355040837856427));
#11785=CARTESIAN_POINT('',(-0.00762593425284712,0.04,0.00351338265938872));
#11786=CARTESIAN_POINT('',(-0.00765109354730984,0.04,0.00347881395373029));
#11787=CARTESIAN_POINT('',(-0.0076799704070285,0.04,0.00344730934802376));
#11788=CARTESIAN_POINT('',(-0.00771112457140123,0.04,0.00341838033914418));
#11789=CARTESIAN_POINT('',(-0.00774469338601021,0.04,0.00339349666741617));
#11790=CARTESIAN_POINT('',(-0.007779651264872,0.04,0.00337200860451887));
#11791=CARTESIAN_POINT('',(-0.00781632676963142,0.04,0.00335454342241578));
#11792=CARTESIAN_POINT('',(-0.00785469637436793,0.04,0.00334094189415102));
#11793=CARTESIAN_POINT('',(-0.0078945861301315,0.04,0.00333110358099857));
#11794=CARTESIAN_POINT('',(-0.00793626284630808,0.04,0.00332562818879434));
#11795=CARTESIAN_POINT('',(-0.00796452488793927,0.04,0.00332471728128196));
#11796=CARTESIAN_POINT('',(-0.00797895657709297,0.04,0.00332425213675214));
#11797=CARTESIAN_POINT('',(-0.00797895657709297,0.04,0.00332425213675214));
#11798=CARTESIAN_POINT('',(-0.00797895657709297,0.0401,0.00332425213675214));
#11799=CARTESIAN_POINT('',(-0.00797895657709297,0.0401,0.00332425213675214));
#11800=CARTESIAN_POINT('',(-0.00797895657709297,0.04,0.00332425213675214));
#11801=CARTESIAN_POINT('',(-0.00799325863955772,0.0401,0.00332463191234155));
#11802=CARTESIAN_POINT('',(-0.00799325863955772,0.04,0.00332463191234155));
#11803=CARTESIAN_POINT('',(-0.00802130285488393,0.0401,0.0033253765957347));
#11804=CARTESIAN_POINT('',(-0.00802130285488393,0.04,0.0033253765957347));
#11805=CARTESIAN_POINT('',(-0.00806263955630077,0.0401,0.0033321071657031));
#11806=CARTESIAN_POINT('',(-0.00806263955630077,0.04,0.0033321071657031));
#11807=CARTESIAN_POINT('',(-0.00810238252743269,0.0401,0.00334246157681381));
#11808=CARTESIAN_POINT('',(-0.00810238252743269,0.04,0.00334246157681381));
#11809=CARTESIAN_POINT('',(-0.00814056083662173,0.0401,0.00335761769108679));
#11810=CARTESIAN_POINT('',(-0.00814056083662173,0.04,0.00335761769108679));
#11811=CARTESIAN_POINT('',(-0.00817696622716898,0.0401,0.0033766278899326));
#11812=CARTESIAN_POINT('',(-0.00817696622716898,0.04,0.0033766278899326));
#11813=CARTESIAN_POINT('',(-0.0082118572972002,0.0401,0.00340002203574985));
#11814=CARTESIAN_POINT('',(-0.0082118572972002,0.04,0.00340002203574985));
#11815=CARTESIAN_POINT('',(-0.00824525812933453,0.0401,0.00342740400916296));
#11816=CARTESIAN_POINT('',(-0.00824525812933453,0.04,0.00342740400916296));
#11817=CARTESIAN_POINT('',(-0.00827632647313429,0.0401,0.00345923500996805));
#11818=CARTESIAN_POINT('',(-0.00827632647313429,0.04,0.00345923500996805));
#11819=CARTESIAN_POINT('',(-0.00830482311306102,0.0401,0.00349356165826569));
#11820=CARTESIAN_POINT('',(-0.00830482311306102,0.04,0.00349356165826569));
#11821=CARTESIAN_POINT('',(-0.00833019657474875,0.0401,0.00352986436245738));
#11822=CARTESIAN_POINT('',(-0.00833019657474875,0.04,0.00352986436245738));
#11823=CARTESIAN_POINT('',(-0.00835150349763868,0.0401,0.00356802769403738));
#11824=CARTESIAN_POINT('',(-0.00835150349763868,0.04,0.00356802769403738));
#11825=CARTESIAN_POINT('',(-0.0083683482996277,0.0401,0.00360826941663436));
#11826=CARTESIAN_POINT('',(-0.0083683482996277,0.04,0.00360826941663436));
#11827=CARTESIAN_POINT('',(-0.00838214459402628,0.0401,0.00365002611468933));
#11828=CARTESIAN_POINT('',(-0.00838214459402628,0.04,0.00365002611468933));
#11829=CARTESIAN_POINT('',(-0.00839185988110912,0.0401,0.00369361633595897));
#11830=CARTESIAN_POINT('',(-0.00839185988110912,0.04,0.00369361633595897));
#11831=CARTESIAN_POINT('',(-0.00839735091893145,0.0401,0.00373907838095547));
#11832=CARTESIAN_POINT('',(-0.00839735091893145,0.04,0.00373907838095547));
#11833=CARTESIAN_POINT('',(-0.00839826308848449,0.0401,0.00376987397873622));
#11834=CARTESIAN_POINT('',(-0.00839826308848449,0.04,0.00376987397873622));
#11835=CARTESIAN_POINT('',(-0.00839872821170836,0.0401,0.00378557692307692));
#11836=CARTESIAN_POINT('',(-0.00839872821170836,0.04,0.00378557692307692));
#11837=CARTESIAN_POINT('',(-0.00797895657709297,0.04,0.00332425213675214));
#11838=CARTESIAN_POINT('',(-0.00799325863955772,0.04,0.00332463191234155));
#11839=CARTESIAN_POINT('',(-0.00802130285488393,0.04,0.0033253765957347));
#11840=CARTESIAN_POINT('',(-0.00806263955630077,0.04,0.0033321071657031));
#11841=CARTESIAN_POINT('',(-0.00810238252743269,0.04,0.00334246157681381));
#11842=CARTESIAN_POINT('',(-0.00814056083662173,0.04,0.00335761769108679));
#11843=CARTESIAN_POINT('',(-0.00817696622716898,0.04,0.0033766278899326));
#11844=CARTESIAN_POINT('',(-0.0082118572972002,0.04,0.00340002203574985));
#11845=CARTESIAN_POINT('',(-0.00824525812933453,0.04,0.00342740400916296));
#11846=CARTESIAN_POINT('',(-0.00827632647313429,0.04,0.00345923500996805));
#11847=CARTESIAN_POINT('',(-0.00830482311306102,0.04,0.00349356165826569));
#11848=CARTESIAN_POINT('',(-0.00833019657474875,0.04,0.00352986436245738));
#11849=CARTESIAN_POINT('',(-0.00835150349763868,0.04,0.00356802769403738));
#11850=CARTESIAN_POINT('',(-0.0083683482996277,0.04,0.00360826941663436));
#11851=CARTESIAN_POINT('',(-0.00838214459402628,0.04,0.00365002611468933));
#11852=CARTESIAN_POINT('',(-0.00839185988110912,0.04,0.00369361633595897));
#11853=CARTESIAN_POINT('',(-0.00839735091893145,0.04,0.00373907838095547));
#11854=CARTESIAN_POINT('',(-0.00839826308848449,0.04,0.00376987397873622));
#11855=CARTESIAN_POINT('',(-0.00839872821170836,0.04,0.00378557692307692));
#11856=CARTESIAN_POINT('',(-0.00839872821170836,0.04,0.00378557692307692));
#11857=CARTESIAN_POINT('',(-0.00839872821170836,0.0401,0.00378557692307692));
#11858=CARTESIAN_POINT('',(-0.00839872821170836,0.0401,0.00378557692307692));
#11859=CARTESIAN_POINT('',(-0.00839872821170836,0.04,0.00378557692307692));
#11860=CARTESIAN_POINT('',(-0.00839826312495032,0.0401,0.00380127989314326));
#11861=CARTESIAN_POINT('',(-0.00839826312495032,0.04,0.00380127989314326));
#11862=CARTESIAN_POINT('',(-0.00839735102691171,0.0401,0.00383207554137543));
#11863=CARTESIAN_POINT('',(-0.00839735102691171,0.04,0.00383207554137543));
#11864=CARTESIAN_POINT('',(-0.00839185947071422,0.0401,0.00387753722067273));
#11865=CARTESIAN_POINT('',(-0.00839185947071422,0.04,0.00387753722067273));
#11866=CARTESIAN_POINT('',(-0.00838214609992477,0.0401,0.00392112879383389));
#11867=CARTESIAN_POINT('',(-0.00838214609992477,0.04,0.00392112879383389));
#11868=CARTESIAN_POINT('',(-0.00836834284073626,0.0401,0.00396288057842387));
#11869=CARTESIAN_POINT('',(-0.00836834284073626,0.04,0.00396288057842387));
#11870=CARTESIAN_POINT('',(-0.00835152374836761,0.0401,0.00400314043844073));
#11871=CARTESIAN_POINT('',(-0.00835152374836761,0.04,0.00400314043844073));
#11872=CARTESIAN_POINT('',(-0.0083300630625506,0.0401,0.00404133717606855));
#11873=CARTESIAN_POINT('',(-0.0083300630625506,0.04,0.00404133717606855));
#11874=CARTESIAN_POINT('',(-0.00830497738542321,0.0401,0.00407798647472688));
#11875=CARTESIAN_POINT('',(-0.00830497738542321,0.04,0.00407798647472688));
#11876=CARTESIAN_POINT('',(-0.00827627742699308,0.0401,0.00411229060376635));
#11877=CARTESIAN_POINT('',(-0.00827627742699308,0.04,0.00411229060376635));
#11878=CARTESIAN_POINT('',(-0.00824543367998737,0.0401,0.0041442546492324));
#11879=CARTESIAN_POINT('',(-0.00824543367998737,0.04,0.0041442546492324));
#11880=CARTESIAN_POINT('',(-0.00821155487569288,0.0401,0.00417099527685456));
#11881=CARTESIAN_POINT('',(-0.00821155487569288,0.04,0.00417099527685456));
#11882=CARTESIAN_POINT('',(-0.00817724353638373,0.0401,0.00419512849672127));
#11883=CARTESIAN_POINT('',(-0.00817724353638373,0.04,0.00419512849672127));
#11884=CARTESIAN_POINT('',(-0.00814041576309749,0.0401,0.00421340856718288));
#11885=CARTESIAN_POINT('',(-0.00814041576309749,0.04,0.00421340856718288));
#11886=CARTESIAN_POINT('',(-0.00810240551049953,0.0401,0.0042287334732511));
#11887=CARTESIAN_POINT('',(-0.00810240551049953,0.04,0.0042287334732511));
#11888=CARTESIAN_POINT('',(-0.00806263339922751,0.0401,0.00423903564208495));
#11889=CARTESIAN_POINT('',(-0.00806263339922751,0.04,0.00423903564208495));
#11890=CARTESIAN_POINT('',(-0.00802130446682126,0.0401,0.00424578014029119));
#11891=CARTESIAN_POINT('',(-0.00802130446682126,0.04,0.00424578014029119));
#11892=CARTESIAN_POINT('',(-0.0079932591839746,0.0401,0.00424652290983977));
#11893=CARTESIAN_POINT('',(-0.0079932591839746,0.04,0.00424652290983977));
#11894=CARTESIAN_POINT('',(-0.00797895657709297,0.0401,0.00424690170940171));
#11895=CARTESIAN_POINT('',(-0.00797895657709297,0.04,0.00424690170940171));
#11896=CARTESIAN_POINT('',(-0.00839872821170836,0.04,0.00378557692307692));
#11897=CARTESIAN_POINT('',(-0.00839826312495032,0.04,0.00380127989314326));
#11898=CARTESIAN_POINT('',(-0.00839735102691171,0.04,0.00383207554137543));
#11899=CARTESIAN_POINT('',(-0.00839185947071422,0.04,0.00387753722067273));
#11900=CARTESIAN_POINT('',(-0.00838214609992477,0.04,0.00392112879383389));
#11901=CARTESIAN_POINT('',(-0.00836834284073626,0.04,0.00396288057842387));
#11902=CARTESIAN_POINT('',(-0.00835152374836761,0.04,0.00400314043844073));
#11903=CARTESIAN_POINT('',(-0.0083300630625506,0.04,0.00404133717606855));
#11904=CARTESIAN_POINT('',(-0.00830497738542321,0.04,0.00407798647472688));
#11905=CARTESIAN_POINT('',(-0.00827627742699308,0.04,0.00411229060376635));
#11906=CARTESIAN_POINT('',(-0.00824543367998737,0.04,0.0041442546492324));
#11907=CARTESIAN_POINT('',(-0.00821155487569288,0.04,0.00417099527685456));
#11908=CARTESIAN_POINT('',(-0.00817724353638373,0.04,0.00419512849672127));
#11909=CARTESIAN_POINT('',(-0.00814041576309749,0.04,0.00421340856718288));
#11910=CARTESIAN_POINT('',(-0.00810240551049953,0.04,0.0042287334732511));
#11911=CARTESIAN_POINT('',(-0.00806263339922751,0.04,0.00423903564208495));
#11912=CARTESIAN_POINT('',(-0.00802130446682126,0.04,0.00424578014029119));
#11913=CARTESIAN_POINT('',(-0.0079932591839746,0.04,0.00424652290983977));
#11914=CARTESIAN_POINT('',(-0.00797895657709297,0.04,0.00424690170940171));
#11915=CARTESIAN_POINT('',(0.,0.04,0.));
#11916=CARTESIAN_POINT('',(-0.00644941373956227,0.0401,0.00550800185786771));
#11917=CARTESIAN_POINT('',(-0.00856154872452887,0.0401,0.00484391025641025));
#11918=CARTESIAN_POINT('',(-0.00856154872452887,0.0401,0.00484391025641025));
#11919=CARTESIAN_POINT('',(-0.0064448820578622,0.0401,0.00484391025641025));
#11920=CARTESIAN_POINT('',(-0.00856154872452887,0.0401,0.00503386752136752));
#11921=CARTESIAN_POINT('',(-0.00856154872452887,0.0401,0.00503386752136752));
#11922=CARTESIAN_POINT('',(-0.00758462564760579,0.0401,0.00503386752136752));
#11923=CARTESIAN_POINT('',(-0.00758462564760579,0.0401,0.00503386752136752));
#11924=CARTESIAN_POINT('',(-0.00758462564760579,0.0401,0.0051882077991453));
#11925=CARTESIAN_POINT('',(-0.00758462564760579,0.0401,0.0051882077991453));
#11926=CARTESIAN_POINT('',(-0.00856154872452887,0.0401,0.0059658453525641));
#11927=CARTESIAN_POINT('',(-0.00856154872452887,0.0401,0.0059658453525641));
#11928=CARTESIAN_POINT('',(-0.00856154872452887,0.0401,0.00620074786324786));
#11929=CARTESIAN_POINT('',(-0.00856154872452887,0.0401,0.00620074786324786));
#11930=CARTESIAN_POINT('',(-0.00758462564760579,0.0401,0.00542311030982906));
#11931=CARTESIAN_POINT('',(-0.00758462564760579,0.0401,0.00542311030982906));
#11932=CARTESIAN_POINT('',(-0.00701093774696477,0.0401,0.00617361111111111));
#11933=CARTESIAN_POINT('',(-0.0070391409141118,0.0401,0.0061727227400727));
#11934=CARTESIAN_POINT('',(-0.00709417259801739,0.0401,0.00617098929808297));
#11935=CARTESIAN_POINT('',(-0.00717403753488272,0.0401,0.00615482665142903));
#11936=CARTESIAN_POINT('',(-0.00724853939717426,0.0401,0.0061283534576533));
#11937=CARTESIAN_POINT('',(-0.00731757450413899,0.0401,0.00609186789167773));
#11938=CARTESIAN_POINT('',(-0.00737983354494989,0.0401,0.00604542645676977));
#11939=CARTESIAN_POINT('',(-0.00743433273558652,0.0401,0.00598961441258516));
#11940=CARTESIAN_POINT('',(-0.00748035978516144,0.0401,0.00592471678736225));
#11941=CARTESIAN_POINT('',(-0.00751193839786106,0.0401,0.00586401770909018));
#11942=CARTESIAN_POINT('',(-0.00753225743076811,0.0401,0.0058103738864217));
#11943=CARTESIAN_POINT('',(-0.00754662574650561,0.0401,0.00576608132414326));
#11944=CARTESIAN_POINT('',(-0.0075575398705269,0.0401,0.00571772893826143));
#11945=CARTESIAN_POINT('',(-0.00756745928429839,0.0401,0.0056660104172446));
#11946=CARTESIAN_POINT('',(-0.00757502859390275,0.0401,0.00561052628202296));
#11947=CARTESIAN_POINT('',(-0.00758040424231329,0.0401,0.00555138826404644));
#11948=CARTESIAN_POINT('',(-0.00758386082514464,0.0401,0.00548844845564909));
#11949=CARTESIAN_POINT('',(-0.00758436584669199,0.0401,0.005445304885502));
#11950=CARTESIAN_POINT('',(-0.00758462564760579,0.0401,0.00542311030982906));
#11951=CARTESIAN_POINT('',(-0.00701093774696477,0.0401,0.00617361111111111));
#11952=CARTESIAN_POINT('',(-0.0064737148570075,0.0401,0.00574705528846154));
#11953=CARTESIAN_POINT('',(-0.00647754060962586,0.0401,0.00576254147201955));
#11954=CARTESIAN_POINT('',(-0.00648511050117424,0.0401,0.00579318347680308));
#11955=CARTESIAN_POINT('',(-0.00650111855694058,0.0401,0.00583729694040138));
#11956=CARTESIAN_POINT('',(-0.0065196129070189,0.0401,0.0058793511551731));
#11957=CARTESIAN_POINT('',(-0.00654150381119443,0.0401,0.00591918830396283));
#11958=CARTESIAN_POINT('',(-0.00656640944492143,0.0401,0.00595681208233257));
#11959=CARTESIAN_POINT('',(-0.00659447532272837,0.0401,0.0059921661572493));
#11960=CARTESIAN_POINT('',(-0.00662584437348979,0.0401,0.00602504839941852));
#11961=CARTESIAN_POINT('',(-0.00665971556363449,0.0401,0.00605571182163339));
#11962=CARTESIAN_POINT('',(-0.00669638442959272,0.0401,0.00608350722704107));
#11963=CARTESIAN_POINT('',(-0.00673531680522411,0.0401,0.0061075605136728));
#11964=CARTESIAN_POINT('',(-0.00677626919140906,0.0401,0.00612815722227501));
#11965=CARTESIAN_POINT('',(-0.00681938419943995,0.0401,0.0061446001941575));
#11966=CARTESIAN_POINT('',(-0.00686429736283509,0.0401,0.00615782806091402));
#11967=CARTESIAN_POINT('',(-0.00691140085809538,0.0401,0.00616715811705435));
#11968=CARTESIAN_POINT('',(-0.00696048411247017,0.0401,0.00617275264674788));
#11969=CARTESIAN_POINT('',(-0.00699396244082047,0.0401,0.00617332227769949));
#11970=CARTESIAN_POINT('',(-0.00701093774696477,0.0401,0.00617361111111111));
#11971=CARTESIAN_POINT('',(-0.0064737148570075,0.0401,0.00574705528846154));
#11972=CARTESIAN_POINT('',(-0.0064448820578622,0.0401,0.00526749799679487));
#11973=CARTESIAN_POINT('',(-0.00644497615034068,0.0401,0.00529576525070547));
#11974=CARTESIAN_POINT('',(-0.00644515681832228,0.0401,0.00535004150946714));
#11975=CARTESIAN_POINT('',(-0.00644616420827149,0.0401,0.0054277977253513));
#11976=CARTESIAN_POINT('',(-0.00644905155672362,0.0401,0.00549845030306094));
#11977=CARTESIAN_POINT('',(-0.00645153627149311,0.0401,0.00556196230112416));
#11978=CARTESIAN_POINT('',(-0.00645606711219806,0.0401,0.00561833255437173));
#11979=CARTESIAN_POINT('',(-0.00646039759878956,0.0401,0.0056677339159193));
#11980=CARTESIAN_POINT('',(-0.00646606643173683,0.0401,0.00570993885678908));
#11981=CARTESIAN_POINT('',(-0.00647133113991128,0.0401,0.00573548753829112));
#11982=CARTESIAN_POINT('',(-0.0064737148570075,0.0401,0.00574705528846154));
#11983=CARTESIAN_POINT('',(-0.0064448820578622,0.0401,0.00526749799679487));
#11984=CARTESIAN_POINT('',(-0.0064448820578622,0.0401,0.00484391025641025));
#11985=CARTESIAN_POINT('',(-0.00666197607495622,0.0401,0.00503386752136752));
#11986=CARTESIAN_POINT('',(-0.00666197607495622,0.0401,0.00503386752136752));
#11987=CARTESIAN_POINT('',(-0.00736753163051178,0.0401,0.00503386752136752));
#11988=CARTESIAN_POINT('',(-0.00666197607495622,0.0401,0.00543074252136752));
#11989=CARTESIAN_POINT('',(-0.00666197607495622,0.0401,0.00543074252136752));
#11990=CARTESIAN_POINT('',(-0.00701051373521263,0.0401,0.00598365384615384));
#11991=CARTESIAN_POINT('',(-0.00699348703923609,0.0401,0.00598293795782827));
#11992=CARTESIAN_POINT('',(-0.00695974634071215,0.0401,0.00598151932838875));
#11993=CARTESIAN_POINT('',(-0.00691048640534512,0.0401,0.00596960746940861));
#11994=CARTESIAN_POINT('',(-0.00686366158910694,0.0401,0.00595037155875314));
#11995=CARTESIAN_POINT('',(-0.00682016440421849,0.0401,0.00592339836016895));
#11996=CARTESIAN_POINT('',(-0.0067803517234046,0.0401,0.00589080538670532));
#11997=CARTESIAN_POINT('',(-0.00674675785448316,0.0401,0.00585209638428898));
#11998=CARTESIAN_POINT('',(-0.00671862494726071,0.0401,0.00580922078572872));
#11999=CARTESIAN_POINT('',(-0.00670077833663411,0.0401,0.00576911888942491));
#12000=CARTESIAN_POINT('',(-0.00668981488044065,0.0401,0.00573329995691784));
#12001=CARTESIAN_POINT('',(-0.00668210950974943,0.0401,0.00570219577822869));
#12002=CARTESIAN_POINT('',(-0.0066758666441718,0.0401,0.00566691713160517));
#12003=CARTESIAN_POINT('',(-0.00667101293413811,0.0401,0.00562754856388201));
#12004=CARTESIAN_POINT('',(-0.00666664514975746,0.0401,0.00558416129931521));
#12005=CARTESIAN_POINT('',(-0.0066638131940569,0.0401,0.00553663653520094));
#12006=CARTESIAN_POINT('',(-0.00666210155955404,0.0401,0.00548502915219343));
#12007=CARTESIAN_POINT('',(-0.00666201887659325,0.0401,0.00544925918961722));
#12008=CARTESIAN_POINT('',(-0.00666197607495622,0.0401,0.00543074252136752));
#12009=CARTESIAN_POINT('',(-0.00701051373521263,0.0401,0.00598365384615384));
#12010=CARTESIAN_POINT('',(-0.00737049971277673,0.0401,0.00542141426282051));
#12011=CARTESIAN_POINT('',(-0.00737050771774299,0.0401,0.00543950876247411));
#12012=CARTESIAN_POINT('',(-0.00737052323364754,0.0401,0.00547458105639554));
#12013=CARTESIAN_POINT('',(-0.00736810795070218,0.0401,0.00552532098327588));
#12014=CARTESIAN_POINT('',(-0.00736536032224357,0.0401,0.00557256504735783));
#12015=CARTESIAN_POINT('',(-0.00736115763169061,0.0401,0.00561613256141934));
#12016=CARTESIAN_POINT('',(-0.00735574131148155,0.0401,0.00565604292374091));
#12017=CARTESIAN_POINT('',(-0.00734896626867375,0.0401,0.00569227639756252));
#12018=CARTESIAN_POINT('',(-0.00734107256792953,0.0401,0.00572489143942535));
#12019=CARTESIAN_POINT('',(-0.0073288567022401,0.0401,0.00576293178054052));
#12020=CARTESIAN_POINT('',(-0.00730949183962401,0.0401,0.00580539665900858));
#12021=CARTESIAN_POINT('',(-0.00728136548002066,0.0401,0.00585160412320533));
#12022=CARTESIAN_POINT('',(-0.00724575974480176,0.0401,0.00589082001373613));
#12023=CARTESIAN_POINT('',(-0.00720569223336411,0.0401,0.00592463171224417));
#12024=CARTESIAN_POINT('',(-0.0071607327899003,0.0401,0.00595067533162262));
#12025=CARTESIAN_POINT('',(-0.00711287699470436,0.0401,0.00596963051726794));
#12026=CARTESIAN_POINT('',(-0.00706253800257552,0.0401,0.00598152595250343));
#12027=CARTESIAN_POINT('',(-0.00702796264936231,0.0401,0.00598294015165111));
#12028=CARTESIAN_POINT('',(-0.00701051373521263,0.0401,0.00598365384615384));
#12029=CARTESIAN_POINT('',(-0.00737049971277673,0.0401,0.00542141426282051));
#12030=CARTESIAN_POINT('',(-0.00736753163051178,0.0401,0.00503386752136752));
#12031=CARTESIAN_POINT('',(-0.00856154872452887,0.0401,0.00484391025641025));
#12032=CARTESIAN_POINT('',(-0.00856154872452887,0.0401,0.00484391025641025));
#12033=CARTESIAN_POINT('',(-0.0064448820578622,0.0401,0.00484391025641025));
#12034=CARTESIAN_POINT('',(-0.00856154872452887,0.0401,0.00503386752136752));
#12035=CARTESIAN_POINT('',(-0.00856154872452887,0.0401,0.00503386752136752));
#12036=CARTESIAN_POINT('',(-0.00758462564760579,0.0401,0.00503386752136752));
#12037=CARTESIAN_POINT('',(-0.00758462564760579,0.0401,0.00503386752136752));
#12038=CARTESIAN_POINT('',(-0.00758462564760579,0.0401,0.0051882077991453));
#12039=CARTESIAN_POINT('',(-0.00758462564760579,0.0401,0.0051882077991453));
#12040=CARTESIAN_POINT('',(-0.00856154872452887,0.0401,0.0059658453525641));
#12041=CARTESIAN_POINT('',(-0.00856154872452887,0.0401,0.0059658453525641));
#12042=CARTESIAN_POINT('',(-0.00856154872452887,0.0401,0.00620074786324786));
#12043=CARTESIAN_POINT('',(-0.00856154872452887,0.0401,0.00620074786324786));
#12044=CARTESIAN_POINT('',(-0.00758462564760579,0.0401,0.00542311030982906));
#12045=CARTESIAN_POINT('',(-0.00758462564760579,0.0401,0.00542311030982906));
#12046=CARTESIAN_POINT('',(-0.00701093774696477,0.0401,0.00617361111111111));
#12047=CARTESIAN_POINT('',(-0.00701093774696477,0.04,0.00617361111111111));
#12048=CARTESIAN_POINT('',(-0.0070391409141118,0.0401,0.0061727227400727));
#12049=CARTESIAN_POINT('',(-0.0070391409141118,0.04,0.0061727227400727));
#12050=CARTESIAN_POINT('',(-0.00709417259801739,0.0401,0.00617098929808297));
#12051=CARTESIAN_POINT('',(-0.00709417259801739,0.04,0.00617098929808297));
#12052=CARTESIAN_POINT('',(-0.00717403753488272,0.0401,0.00615482665142903));
#12053=CARTESIAN_POINT('',(-0.00717403753488272,0.04,0.00615482665142903));
#12054=CARTESIAN_POINT('',(-0.00724853939717426,0.0401,0.0061283534576533));
#12055=CARTESIAN_POINT('',(-0.00724853939717426,0.04,0.0061283534576533));
#12056=CARTESIAN_POINT('',(-0.00731757450413899,0.0401,0.00609186789167773));
#12057=CARTESIAN_POINT('',(-0.00731757450413899,0.04,0.00609186789167773));
#12058=CARTESIAN_POINT('',(-0.00737983354494989,0.0401,0.00604542645676977));
#12059=CARTESIAN_POINT('',(-0.00737983354494989,0.04,0.00604542645676977));
#12060=CARTESIAN_POINT('',(-0.00743433273558652,0.0401,0.00598961441258516));
#12061=CARTESIAN_POINT('',(-0.00743433273558652,0.04,0.00598961441258516));
#12062=CARTESIAN_POINT('',(-0.00748035978516144,0.0401,0.00592471678736225));
#12063=CARTESIAN_POINT('',(-0.00748035978516144,0.04,0.00592471678736225));
#12064=CARTESIAN_POINT('',(-0.00751193839786106,0.0401,0.00586401770909018));
#12065=CARTESIAN_POINT('',(-0.00751193839786106,0.04,0.00586401770909018));
#12066=CARTESIAN_POINT('',(-0.00753225743076811,0.0401,0.0058103738864217));
#12067=CARTESIAN_POINT('',(-0.00753225743076811,0.04,0.0058103738864217));
#12068=CARTESIAN_POINT('',(-0.00754662574650561,0.0401,0.00576608132414326));
#12069=CARTESIAN_POINT('',(-0.00754662574650561,0.04,0.00576608132414326));
#12070=CARTESIAN_POINT('',(-0.0075575398705269,0.0401,0.00571772893826143));
#12071=CARTESIAN_POINT('',(-0.0075575398705269,0.04,0.00571772893826143));
#12072=CARTESIAN_POINT('',(-0.00756745928429839,0.0401,0.0056660104172446));
#12073=CARTESIAN_POINT('',(-0.00756745928429839,0.04,0.0056660104172446));
#12074=CARTESIAN_POINT('',(-0.00757502859390275,0.0401,0.00561052628202296));
#12075=CARTESIAN_POINT('',(-0.00757502859390275,0.04,0.00561052628202296));
#12076=CARTESIAN_POINT('',(-0.00758040424231329,0.0401,0.00555138826404644));
#12077=CARTESIAN_POINT('',(-0.00758040424231329,0.04,0.00555138826404644));
#12078=CARTESIAN_POINT('',(-0.00758386082514464,0.0401,0.00548844845564909));
#12079=CARTESIAN_POINT('',(-0.00758386082514464,0.04,0.00548844845564909));
#12080=CARTESIAN_POINT('',(-0.00758436584669199,0.0401,0.005445304885502));
#12081=CARTESIAN_POINT('',(-0.00758436584669199,0.04,0.005445304885502));
#12082=CARTESIAN_POINT('',(-0.00758462564760579,0.0401,0.00542311030982906));
#12083=CARTESIAN_POINT('',(-0.00758462564760579,0.04,0.00542311030982906));
#12084=CARTESIAN_POINT('',(-0.00701093774696477,0.0401,0.00617361111111111));
#12085=CARTESIAN_POINT('',(-0.0064737148570075,0.0401,0.00574705528846154));
#12086=CARTESIAN_POINT('',(-0.0064737148570075,0.04,0.00574705528846154));
#12087=CARTESIAN_POINT('',(-0.00647754060962586,0.0401,0.00576254147201955));
#12088=CARTESIAN_POINT('',(-0.00647754060962586,0.04,0.00576254147201955));
#12089=CARTESIAN_POINT('',(-0.00648511050117424,0.0401,0.00579318347680308));
#12090=CARTESIAN_POINT('',(-0.00648511050117424,0.04,0.00579318347680308));
#12091=CARTESIAN_POINT('',(-0.00650111855694058,0.0401,0.00583729694040138));
#12092=CARTESIAN_POINT('',(-0.00650111855694058,0.04,0.00583729694040138));
#12093=CARTESIAN_POINT('',(-0.0065196129070189,0.0401,0.0058793511551731));
#12094=CARTESIAN_POINT('',(-0.0065196129070189,0.04,0.0058793511551731));
#12095=CARTESIAN_POINT('',(-0.00654150381119443,0.0401,0.00591918830396283));
#12096=CARTESIAN_POINT('',(-0.00654150381119443,0.04,0.00591918830396283));
#12097=CARTESIAN_POINT('',(-0.00656640944492143,0.0401,0.00595681208233257));
#12098=CARTESIAN_POINT('',(-0.00656640944492143,0.04,0.00595681208233257));
#12099=CARTESIAN_POINT('',(-0.00659447532272837,0.0401,0.0059921661572493));
#12100=CARTESIAN_POINT('',(-0.00659447532272837,0.04,0.0059921661572493));
#12101=CARTESIAN_POINT('',(-0.00662584437348979,0.0401,0.00602504839941852));
#12102=CARTESIAN_POINT('',(-0.00662584437348979,0.04,0.00602504839941852));
#12103=CARTESIAN_POINT('',(-0.00665971556363449,0.0401,0.00605571182163339));
#12104=CARTESIAN_POINT('',(-0.00665971556363449,0.04,0.00605571182163339));
#12105=CARTESIAN_POINT('',(-0.00669638442959272,0.0401,0.00608350722704107));
#12106=CARTESIAN_POINT('',(-0.00669638442959272,0.04,0.00608350722704107));
#12107=CARTESIAN_POINT('',(-0.00673531680522411,0.0401,0.0061075605136728));
#12108=CARTESIAN_POINT('',(-0.00673531680522411,0.04,0.0061075605136728));
#12109=CARTESIAN_POINT('',(-0.00677626919140906,0.0401,0.00612815722227501));
#12110=CARTESIAN_POINT('',(-0.00677626919140906,0.04,0.00612815722227501));
#12111=CARTESIAN_POINT('',(-0.00681938419943995,0.0401,0.0061446001941575));
#12112=CARTESIAN_POINT('',(-0.00681938419943995,0.04,0.0061446001941575));
#12113=CARTESIAN_POINT('',(-0.00686429736283509,0.0401,0.00615782806091402));
#12114=CARTESIAN_POINT('',(-0.00686429736283509,0.04,0.00615782806091402));
#12115=CARTESIAN_POINT('',(-0.00691140085809538,0.0401,0.00616715811705435));
#12116=CARTESIAN_POINT('',(-0.00691140085809538,0.04,0.00616715811705435));
#12117=CARTESIAN_POINT('',(-0.00696048411247017,0.0401,0.00617275264674788));
#12118=CARTESIAN_POINT('',(-0.00696048411247017,0.04,0.00617275264674788));
#12119=CARTESIAN_POINT('',(-0.00699396244082047,0.0401,0.00617332227769949));
#12120=CARTESIAN_POINT('',(-0.00699396244082047,0.04,0.00617332227769949));
#12121=CARTESIAN_POINT('',(-0.00701093774696477,0.0401,0.00617361111111111));
#12122=CARTESIAN_POINT('',(-0.00701093774696477,0.04,0.00617361111111111));
#12123=CARTESIAN_POINT('',(-0.0064737148570075,0.0401,0.00574705528846154));
#12124=CARTESIAN_POINT('',(-0.0064448820578622,0.0401,0.00526749799679487));
#12125=CARTESIAN_POINT('',(-0.0064448820578622,0.04,0.00526749799679487));
#12126=CARTESIAN_POINT('',(-0.00644497615034068,0.0401,0.00529576525070547));
#12127=CARTESIAN_POINT('',(-0.00644497615034068,0.04,0.00529576525070547));
#12128=CARTESIAN_POINT('',(-0.00644515681832228,0.0401,0.00535004150946714));
#12129=CARTESIAN_POINT('',(-0.00644515681832228,0.04,0.00535004150946714));
#12130=CARTESIAN_POINT('',(-0.00644616420827149,0.0401,0.0054277977253513));
#12131=CARTESIAN_POINT('',(-0.00644616420827149,0.04,0.0054277977253513));
#12132=CARTESIAN_POINT('',(-0.00644905155672362,0.0401,0.00549845030306094));
#12133=CARTESIAN_POINT('',(-0.00644905155672362,0.04,0.00549845030306094));
#12134=CARTESIAN_POINT('',(-0.00645153627149311,0.0401,0.00556196230112416));
#12135=CARTESIAN_POINT('',(-0.00645153627149311,0.04,0.00556196230112416));
#12136=CARTESIAN_POINT('',(-0.00645606711219806,0.0401,0.00561833255437173));
#12137=CARTESIAN_POINT('',(-0.00645606711219806,0.04,0.00561833255437173));
#12138=CARTESIAN_POINT('',(-0.00646039759878956,0.0401,0.0056677339159193));
#12139=CARTESIAN_POINT('',(-0.00646039759878956,0.04,0.0056677339159193));
#12140=CARTESIAN_POINT('',(-0.00646606643173683,0.0401,0.00570993885678908));
#12141=CARTESIAN_POINT('',(-0.00646606643173683,0.04,0.00570993885678908));
#12142=CARTESIAN_POINT('',(-0.00647133113991128,0.0401,0.00573548753829112));
#12143=CARTESIAN_POINT('',(-0.00647133113991128,0.04,0.00573548753829112));
#12144=CARTESIAN_POINT('',(-0.0064737148570075,0.0401,0.00574705528846154));
#12145=CARTESIAN_POINT('',(-0.0064737148570075,0.04,0.00574705528846154));
#12146=CARTESIAN_POINT('',(-0.0064448820578622,0.0401,0.00526749799679487));
#12147=CARTESIAN_POINT('',(-0.0064448820578622,0.0401,0.00484391025641025));
#12148=CARTESIAN_POINT('',(-0.00666197607495622,0.0401,0.00543074252136752));
#12149=CARTESIAN_POINT('',(-0.00666197607495622,0.04,0.00543074252136752));
#12150=CARTESIAN_POINT('',(-0.00666197607495622,0.04,0.00543074252136752));
#12151=CARTESIAN_POINT('',(-0.00666197607495622,0.04,0.00503386752136752));
#12152=CARTESIAN_POINT('',(-0.00666197607495622,0.0401,0.00543074252136752));
#12153=CARTESIAN_POINT('',(-0.00666197607495622,0.0401,0.00503386752136752));
#12154=CARTESIAN_POINT('',(-0.00666197607495622,0.0401,0.00503386752136752));
#12155=CARTESIAN_POINT('',(-0.00666197607495622,0.04,0.00503386752136752));
#12156=CARTESIAN_POINT('',(-0.00736753163051177,0.04,0.00503386752136752));
#12157=CARTESIAN_POINT('',(-0.00736753163051178,0.0401,0.00503386752136752));
#12158=CARTESIAN_POINT('',(-0.00736753163051178,0.0401,0.00503386752136752));
#12159=CARTESIAN_POINT('',(-0.00736753163051178,0.04,0.00503386752136752));
#12160=CARTESIAN_POINT('',(-0.00737049971277673,0.04,0.00542141426282051));
#12161=CARTESIAN_POINT('',(-0.00737049971277673,0.0401,0.00542141426282051));
#12162=CARTESIAN_POINT('',(-0.00737049971277673,0.0401,0.00542141426282051));
#12163=CARTESIAN_POINT('',(-0.00737049971277673,0.04,0.00542141426282051));
#12164=CARTESIAN_POINT('',(-0.00737050771774299,0.0401,0.00543950876247411));
#12165=CARTESIAN_POINT('',(-0.00737050771774299,0.04,0.00543950876247411));
#12166=CARTESIAN_POINT('',(-0.00737052323364754,0.0401,0.00547458105639554));
#12167=CARTESIAN_POINT('',(-0.00737052323364754,0.04,0.00547458105639554));
#12168=CARTESIAN_POINT('',(-0.00736810795070218,0.0401,0.00552532098327588));
#12169=CARTESIAN_POINT('',(-0.00736810795070218,0.04,0.00552532098327588));
#12170=CARTESIAN_POINT('',(-0.00736536032224357,0.0401,0.00557256504735783));
#12171=CARTESIAN_POINT('',(-0.00736536032224357,0.04,0.00557256504735783));
#12172=CARTESIAN_POINT('',(-0.00736115763169061,0.0401,0.00561613256141934));
#12173=CARTESIAN_POINT('',(-0.00736115763169061,0.04,0.00561613256141934));
#12174=CARTESIAN_POINT('',(-0.00735574131148155,0.0401,0.00565604292374091));
#12175=CARTESIAN_POINT('',(-0.00735574131148155,0.04,0.00565604292374091));
#12176=CARTESIAN_POINT('',(-0.00734896626867375,0.0401,0.00569227639756252));
#12177=CARTESIAN_POINT('',(-0.00734896626867375,0.04,0.00569227639756252));
#12178=CARTESIAN_POINT('',(-0.00734107256792953,0.0401,0.00572489143942535));
#12179=CARTESIAN_POINT('',(-0.00734107256792953,0.04,0.00572489143942535));
#12180=CARTESIAN_POINT('',(-0.0073288567022401,0.0401,0.00576293178054052));
#12181=CARTESIAN_POINT('',(-0.0073288567022401,0.04,0.00576293178054052));
#12182=CARTESIAN_POINT('',(-0.00730949183962401,0.0401,0.00580539665900858));
#12183=CARTESIAN_POINT('',(-0.00730949183962401,0.04,0.00580539665900858));
#12184=CARTESIAN_POINT('',(-0.00728136548002066,0.0401,0.00585160412320533));
#12185=CARTESIAN_POINT('',(-0.00728136548002066,0.04,0.00585160412320533));
#12186=CARTESIAN_POINT('',(-0.00724575974480176,0.0401,0.00589082001373613));
#12187=CARTESIAN_POINT('',(-0.00724575974480176,0.04,0.00589082001373613));
#12188=CARTESIAN_POINT('',(-0.00720569223336411,0.0401,0.00592463171224417));
#12189=CARTESIAN_POINT('',(-0.00720569223336411,0.04,0.00592463171224417));
#12190=CARTESIAN_POINT('',(-0.0071607327899003,0.0401,0.00595067533162262));
#12191=CARTESIAN_POINT('',(-0.0071607327899003,0.04,0.00595067533162262));
#12192=CARTESIAN_POINT('',(-0.00711287699470436,0.0401,0.00596963051726794));
#12193=CARTESIAN_POINT('',(-0.00711287699470436,0.04,0.00596963051726794));
#12194=CARTESIAN_POINT('',(-0.00706253800257552,0.0401,0.00598152595250343));
#12195=CARTESIAN_POINT('',(-0.00706253800257552,0.04,0.00598152595250343));
#12196=CARTESIAN_POINT('',(-0.00702796264936231,0.0401,0.00598294015165111));
#12197=CARTESIAN_POINT('',(-0.00702796264936231,0.04,0.00598294015165111));
#12198=CARTESIAN_POINT('',(-0.00701051373521263,0.0401,0.00598365384615384));
#12199=CARTESIAN_POINT('',(-0.00701051373521263,0.04,0.00598365384615384));
#12200=CARTESIAN_POINT('',(-0.00737049971277673,0.04,0.00542141426282051));
#12201=CARTESIAN_POINT('',(-0.00737050771774299,0.04,0.00543950876247411));
#12202=CARTESIAN_POINT('',(-0.00737052323364754,0.04,0.00547458105639554));
#12203=CARTESIAN_POINT('',(-0.00736810795070218,0.04,0.00552532098327588));
#12204=CARTESIAN_POINT('',(-0.00736536032224357,0.04,0.00557256504735783));
#12205=CARTESIAN_POINT('',(-0.00736115763169061,0.04,0.00561613256141934));
#12206=CARTESIAN_POINT('',(-0.00735574131148155,0.04,0.00565604292374091));
#12207=CARTESIAN_POINT('',(-0.00734896626867375,0.04,0.00569227639756252));
#12208=CARTESIAN_POINT('',(-0.00734107256792953,0.04,0.00572489143942535));
#12209=CARTESIAN_POINT('',(-0.0073288567022401,0.04,0.00576293178054052));
#12210=CARTESIAN_POINT('',(-0.00730949183962401,0.04,0.00580539665900858));
#12211=CARTESIAN_POINT('',(-0.00728136548002066,0.04,0.00585160412320533));
#12212=CARTESIAN_POINT('',(-0.00724575974480176,0.04,0.00589082001373613));
#12213=CARTESIAN_POINT('',(-0.00720569223336411,0.04,0.00592463171224417));
#12214=CARTESIAN_POINT('',(-0.0071607327899003,0.04,0.00595067533162262));
#12215=CARTESIAN_POINT('',(-0.00711287699470436,0.04,0.00596963051726794));
#12216=CARTESIAN_POINT('',(-0.00706253800257552,0.04,0.00598152595250343));
#12217=CARTESIAN_POINT('',(-0.00702796264936231,0.04,0.00598294015165111));
#12218=CARTESIAN_POINT('',(-0.00701051373521263,0.04,0.00598365384615384));
#12219=CARTESIAN_POINT('',(-0.00701051373521263,0.04,0.00598365384615384));
#12220=CARTESIAN_POINT('',(-0.00701051373521263,0.0401,0.00598365384615384));
#12221=CARTESIAN_POINT('',(-0.00701051373521263,0.0401,0.00598365384615384));
#12222=CARTESIAN_POINT('',(-0.00701051373521263,0.04,0.00598365384615384));
#12223=CARTESIAN_POINT('',(-0.00699348703923609,0.0401,0.00598293795782827));
#12224=CARTESIAN_POINT('',(-0.00699348703923609,0.04,0.00598293795782827));
#12225=CARTESIAN_POINT('',(-0.00695974634071215,0.0401,0.00598151932838875));
#12226=CARTESIAN_POINT('',(-0.00695974634071215,0.04,0.00598151932838875));
#12227=CARTESIAN_POINT('',(-0.00691048640534512,0.0401,0.00596960746940861));
#12228=CARTESIAN_POINT('',(-0.00691048640534512,0.04,0.00596960746940861));
#12229=CARTESIAN_POINT('',(-0.00686366158910694,0.0401,0.00595037155875314));
#12230=CARTESIAN_POINT('',(-0.00686366158910694,0.04,0.00595037155875314));
#12231=CARTESIAN_POINT('',(-0.00682016440421849,0.0401,0.00592339836016895));
#12232=CARTESIAN_POINT('',(-0.00682016440421849,0.04,0.00592339836016895));
#12233=CARTESIAN_POINT('',(-0.0067803517234046,0.0401,0.00589080538670532));
#12234=CARTESIAN_POINT('',(-0.0067803517234046,0.04,0.00589080538670532));
#12235=CARTESIAN_POINT('',(-0.00674675785448316,0.0401,0.00585209638428898));
#12236=CARTESIAN_POINT('',(-0.00674675785448316,0.04,0.00585209638428898));
#12237=CARTESIAN_POINT('',(-0.00671862494726071,0.0401,0.00580922078572872));
#12238=CARTESIAN_POINT('',(-0.00671862494726071,0.04,0.00580922078572872));
#12239=CARTESIAN_POINT('',(-0.00670077833663411,0.0401,0.00576911888942491));
#12240=CARTESIAN_POINT('',(-0.00670077833663411,0.04,0.00576911888942491));
#12241=CARTESIAN_POINT('',(-0.00668981488044065,0.0401,0.00573329995691784));
#12242=CARTESIAN_POINT('',(-0.00668981488044065,0.04,0.00573329995691784));
#12243=CARTESIAN_POINT('',(-0.00668210950974943,0.0401,0.00570219577822869));
#12244=CARTESIAN_POINT('',(-0.00668210950974943,0.04,0.00570219577822869));
#12245=CARTESIAN_POINT('',(-0.0066758666441718,0.0401,0.00566691713160517));
#12246=CARTESIAN_POINT('',(-0.0066758666441718,0.04,0.00566691713160517));
#12247=CARTESIAN_POINT('',(-0.00667101293413811,0.0401,0.00562754856388201));
#12248=CARTESIAN_POINT('',(-0.00667101293413811,0.04,0.00562754856388201));
#12249=CARTESIAN_POINT('',(-0.00666664514975746,0.0401,0.00558416129931521));
#12250=CARTESIAN_POINT('',(-0.00666664514975746,0.04,0.00558416129931521));
#12251=CARTESIAN_POINT('',(-0.0066638131940569,0.0401,0.00553663653520094));
#12252=CARTESIAN_POINT('',(-0.0066638131940569,0.04,0.00553663653520094));
#12253=CARTESIAN_POINT('',(-0.00666210155955404,0.0401,0.00548502915219343));
#12254=CARTESIAN_POINT('',(-0.00666210155955404,0.04,0.00548502915219343));
#12255=CARTESIAN_POINT('',(-0.00666201887659325,0.0401,0.00544925918961722));
#12256=CARTESIAN_POINT('',(-0.00666201887659325,0.04,0.00544925918961722));
#12257=CARTESIAN_POINT('',(-0.00666197607495622,0.0401,0.00543074252136752));
#12258=CARTESIAN_POINT('',(-0.00666197607495622,0.04,0.00543074252136752));
#12259=CARTESIAN_POINT('',(-0.00701051373521263,0.04,0.00598365384615384));
#12260=CARTESIAN_POINT('',(-0.00699348703923609,0.04,0.00598293795782827));
#12261=CARTESIAN_POINT('',(-0.00695974634071215,0.04,0.00598151932838875));
#12262=CARTESIAN_POINT('',(-0.00691048640534512,0.04,0.00596960746940861));
#12263=CARTESIAN_POINT('',(-0.00686366158910694,0.04,0.00595037155875314));
#12264=CARTESIAN_POINT('',(-0.00682016440421849,0.04,0.00592339836016895));
#12265=CARTESIAN_POINT('',(-0.0067803517234046,0.04,0.00589080538670532));
#12266=CARTESIAN_POINT('',(-0.00674675785448316,0.04,0.00585209638428898));
#12267=CARTESIAN_POINT('',(-0.00671862494726071,0.04,0.00580922078572872));
#12268=CARTESIAN_POINT('',(-0.00670077833663411,0.04,0.00576911888942491));
#12269=CARTESIAN_POINT('',(-0.00668981488044065,0.04,0.00573329995691784));
#12270=CARTESIAN_POINT('',(-0.00668210950974943,0.04,0.00570219577822869));
#12271=CARTESIAN_POINT('',(-0.0066758666441718,0.04,0.00566691713160517));
#12272=CARTESIAN_POINT('',(-0.00667101293413811,0.04,0.00562754856388201));
#12273=CARTESIAN_POINT('',(-0.00666664514975746,0.04,0.00558416129931521));
#12274=CARTESIAN_POINT('',(-0.0066638131940569,0.04,0.00553663653520094));
#12275=CARTESIAN_POINT('',(-0.00666210155955404,0.04,0.00548502915219343));
#12276=CARTESIAN_POINT('',(-0.00666201887659325,0.04,0.00544925918961722));
#12277=CARTESIAN_POINT('',(-0.00666197607495622,0.04,0.00543074252136752));
#12278=CARTESIAN_POINT('',(0.,0.04,0.));
#12279=CARTESIAN_POINT('',(-0.0253,0.0304,-0.008));
#12280=CARTESIAN_POINT('',(-0.0253,0.0304,0.008));
#12281=CARTESIAN_POINT('',(0.0253,0.0304,-0.008));
#12282=CARTESIAN_POINT('',(0.0253,0.0304,0.008));
#12283=CARTESIAN_POINT('',(0.113365426879294,0.0331582627408086,0.150875218594045));
#12284=CARTESIAN_POINT('',(0.0120025761851028,0.130958262740809,0.0808551178015019));
#12285=MECHANICAL_DESIGN_GEOMETRIC_PRESENTATION_REPRESENTATION('',(#5891,
#5892,#5893,#5894,#5895,#5896,#5897,#5898,#134,#135,#136,#137,#138,#139,
#140,#141),#12286);
#12286=(
GEOMETRIC_REPRESENTATION_CONTEXT(3)
GLOBAL_UNCERTAINTY_ASSIGNED_CONTEXT((#12295))
GLOBAL_UNIT_ASSIGNED_CONTEXT((#12306,#12305,#12304))
REPRESENTATION_CONTEXT('dual-axis-solar-panel-tracker-OKOK',
'TOP_LEVEL_ASSEMBLY_PART')
);
#12287=(
GEOMETRIC_REPRESENTATION_CONTEXT(3)
GLOBAL_UNCERTAINTY_ASSIGNED_CONTEXT((#12296))
GLOBAL_UNIT_ASSIGNED_CONTEXT((#12306,#12305,#12304))
REPRESENTATION_CONTEXT('panel_base','COMPONENT_PART')
);
#12288=(
GEOMETRIC_REPRESENTATION_CONTEXT(3)
GLOBAL_UNCERTAINTY_ASSIGNED_CONTEXT((#12297))
GLOBAL_UNIT_ASSIGNED_CONTEXT((#12306,#12305,#12304))
REPRESENTATION_CONTEXT('LDR_sensor_base','COMPONENT_PART')
);
#12289=(
GEOMETRIC_REPRESENTATION_CONTEXT(3)
GLOBAL_UNCERTAINTY_ASSIGNED_CONTEXT((#12298))
GLOBAL_UNIT_ASSIGNED_CONTEXT((#12306,#12305,#12304))
REPRESENTATION_CONTEXT('Quadruple_Blade_Rudder','COMPONENT_PART')
);
#12290=(
GEOMETRIC_REPRESENTATION_CONTEXT(3)
GLOBAL_UNCERTAINTY_ASSIGNED_CONTEXT((#12299))
GLOBAL_UNIT_ASSIGNED_CONTEXT((#12306,#12305,#12304))
REPRESENTATION_CONTEXT('bais','COMPONENT_PART')
);
#12291=(
GEOMETRIC_REPRESENTATION_CONTEXT(3)
GLOBAL_UNCERTAINTY_ASSIGNED_CONTEXT((#12300))
GLOBAL_UNIT_ASSIGNED_CONTEXT((#12306,#12305,#12304))
REPRESENTATION_CONTEXT('servo2_fixs','COMPONENT_PART')
);
#12292=(
GEOMETRIC_REPRESENTATION_CONTEXT(3)
GLOBAL_UNCERTAINTY_ASSIGNED_CONTEXT((#12301))
GLOBAL_UNIT_ASSIGNED_CONTEXT((#12306,#12305,#12304))
REPRESENTATION_CONTEXT('Double_Blade_Rudder','COMPONENT_PART')
);
#12293=(
GEOMETRIC_REPRESENTATION_CONTEXT(3)
GLOBAL_UNCERTAINTY_ASSIGNED_CONTEXT((#12302))
GLOBAL_UNIT_ASSIGNED_CONTEXT((#12306,#12305,#12304))
REPRESENTATION_CONTEXT('hing_rod','COMPONENT_PART')
);
#12294=(
GEOMETRIC_REPRESENTATION_CONTEXT(3)
GLOBAL_UNCERTAINTY_ASSIGNED_CONTEXT((#12303))
GLOBAL_UNIT_ASSIGNED_CONTEXT((#12306,#12305,#12304))
REPRESENTATION_CONTEXT('##Servo_MG_996R','COMPONENT_PART')
);
#12295=UNCERTAINTY_MEASURE_WITH_UNIT(LENGTH_MEASURE(1.E-8),#12306,
'DISTANCE_ACCURACY_VALUE','Maximum Tolerance applied to model');
#12296=UNCERTAINTY_MEASURE_WITH_UNIT(LENGTH_MEASURE(1.E-8),#12306,
'DISTANCE_ACCURACY_VALUE','Maximum Tolerance applied to model');
#12297=UNCERTAINTY_MEASURE_WITH_UNIT(LENGTH_MEASURE(1.E-8),#12306,
'DISTANCE_ACCURACY_VALUE','Maximum Tolerance applied to model');
#12298=UNCERTAINTY_MEASURE_WITH_UNIT(LENGTH_MEASURE(1.E-8),#12306,
'DISTANCE_ACCURACY_VALUE','Maximum Tolerance applied to model');
#12299=UNCERTAINTY_MEASURE_WITH_UNIT(LENGTH_MEASURE(1.E-8),#12306,
'DISTANCE_ACCURACY_VALUE','Maximum Tolerance applied to model');
#12300=UNCERTAINTY_MEASURE_WITH_UNIT(LENGTH_MEASURE(1.E-8),#12306,
'DISTANCE_ACCURACY_VALUE','Maximum Tolerance applied to model');
#12301=UNCERTAINTY_MEASURE_WITH_UNIT(LENGTH_MEASURE(1.E-8),#12306,
'DISTANCE_ACCURACY_VALUE','Maximum Tolerance applied to model');
#12302=UNCERTAINTY_MEASURE_WITH_UNIT(LENGTH_MEASURE(1.E-8),#12306,
'DISTANCE_ACCURACY_VALUE','Maximum Tolerance applied to model');
#12303=UNCERTAINTY_MEASURE_WITH_UNIT(LENGTH_MEASURE(2.E-5),#12306,
'DISTANCE_ACCURACY_VALUE','Maximum Tolerance applied to model');
#12304=(
NAMED_UNIT(*)
SI_UNIT($,.STERADIAN.)
SOLID_ANGLE_UNIT()
);
#12305=(
NAMED_UNIT(*)
PLANE_ANGLE_UNIT()
SI_UNIT($,.RADIAN.)
);
#12306=(
LENGTH_UNIT()
NAMED_UNIT(*)
SI_UNIT($,.METRE.)
);
#12307=PRODUCT_DEFINITION_SHAPE('','',#12325);
#12308=PRODUCT_DEFINITION_SHAPE('','',#12326);
#12309=PRODUCT_DEFINITION_SHAPE(' ','NAUO PRDDFN',#152);
#12310=PRODUCT_DEFINITION_SHAPE('','',#12327);
#12311=PRODUCT_DEFINITION_SHAPE(' ','NAUO PRDDFN',#153);
#12312=PRODUCT_DEFINITION_SHAPE('','',#12328);
#12313=PRODUCT_DEFINITION_SHAPE(' ','NAUO PRDDFN',#154);
#12314=PRODUCT_DEFINITION_SHAPE('','',#12329);
#12315=PRODUCT_DEFINITION_SHAPE(' ','NAUO PRDDFN',#155);
#12316=PRODUCT_DEFINITION_SHAPE('','',#12330);
#12317=PRODUCT_DEFINITION_SHAPE(' ','NAUO PRDDFN',#156);
#12318=PRODUCT_DEFINITION_SHAPE('','',#12331);
#12319=PRODUCT_DEFINITION_SHAPE(' ','NAUO PRDDFN',#157);
#12320=PRODUCT_DEFINITION_SHAPE('','',#12332);
#12321=PRODUCT_DEFINITION_SHAPE(' ','NAUO PRDDFN',#158);
#12322=PRODUCT_DEFINITION_SHAPE('','',#12333);
#12323=PRODUCT_DEFINITION_SHAPE(' ','NAUO PRDDFN',#159);
#12324=PRODUCT_DEFINITION_SHAPE(' ','NAUO PRDDFN',#160);
#12325=PRODUCT_DEFINITION('','',#12343,#12334);
#12326=PRODUCT_DEFINITION('','',#12344,#12335);
#12327=PRODUCT_DEFINITION('','',#12345,#12336);
#12328=PRODUCT_DEFINITION('','',#12346,#12337);
#12329=PRODUCT_DEFINITION('','',#12347,#12338);
#12330=PRODUCT_DEFINITION('','',#12348,#12339);
#12331=PRODUCT_DEFINITION('','',#12349,#12340);
#12332=PRODUCT_DEFINITION('','',#12350,#12341);
#12333=PRODUCT_DEFINITION('','',#12351,#12342);
#12334=PRODUCT_DEFINITION_CONTEXT('',#12389,'design');
#12335=PRODUCT_DEFINITION_CONTEXT('',#12389,'design');
#12336=PRODUCT_DEFINITION_CONTEXT('',#12389,'design');
#12337=PRODUCT_DEFINITION_CONTEXT('',#12389,'design');
#12338=PRODUCT_DEFINITION_CONTEXT('',#12389,'design');
#12339=PRODUCT_DEFINITION_CONTEXT('',#12389,'design');
#12340=PRODUCT_DEFINITION_CONTEXT('',#12389,'design');
#12341=PRODUCT_DEFINITION_CONTEXT('',#12389,'design');
#12342=PRODUCT_DEFINITION_CONTEXT('',#12389,'design');
#12343=PRODUCT_DEFINITION_FORMATION_WITH_SPECIFIED_SOURCE('','',#12361,
 .NOT_KNOWN.);
#12344=PRODUCT_DEFINITION_FORMATION_WITH_SPECIFIED_SOURCE('','',#12362,
 .NOT_KNOWN.);
#12345=PRODUCT_DEFINITION_FORMATION_WITH_SPECIFIED_SOURCE('','',#12363,
 .NOT_KNOWN.);
#12346=PRODUCT_DEFINITION_FORMATION_WITH_SPECIFIED_SOURCE('','',#12364,
 .NOT_KNOWN.);
#12347=PRODUCT_DEFINITION_FORMATION_WITH_SPECIFIED_SOURCE('','',#12365,
 .NOT_KNOWN.);
#12348=PRODUCT_DEFINITION_FORMATION_WITH_SPECIFIED_SOURCE('','',#12366,
 .NOT_KNOWN.);
#12349=PRODUCT_DEFINITION_FORMATION_WITH_SPECIFIED_SOURCE('','',#12367,
 .NOT_KNOWN.);
#12350=PRODUCT_DEFINITION_FORMATION_WITH_SPECIFIED_SOURCE('','',#12368,
 .NOT_KNOWN.);
#12351=PRODUCT_DEFINITION_FORMATION_WITH_SPECIFIED_SOURCE('','',#12369,
 .NOT_KNOWN.);
#12352=PRODUCT_RELATED_PRODUCT_CATEGORY('','',(#12361));
#12353=PRODUCT_RELATED_PRODUCT_CATEGORY('','',(#12362));
#12354=PRODUCT_RELATED_PRODUCT_CATEGORY('','',(#12363));
#12355=PRODUCT_RELATED_PRODUCT_CATEGORY('','',(#12364));
#12356=PRODUCT_RELATED_PRODUCT_CATEGORY('','',(#12365));
#12357=PRODUCT_RELATED_PRODUCT_CATEGORY('','',(#12366));
#12358=PRODUCT_RELATED_PRODUCT_CATEGORY('','',(#12367));
#12359=PRODUCT_RELATED_PRODUCT_CATEGORY('','',(#12368));
#12360=PRODUCT_RELATED_PRODUCT_CATEGORY('','',(#12369));
#12361=PRODUCT('dual-axis-solar-panel-tracker-OKOK',
'dual-axis-solar-panel-tracker-OKOK',
'dual-axis-solar-panel-tracker-OKOK',(#12379));
#12362=PRODUCT('panel_base','panel_base','panel_base',(#12380));
#12363=PRODUCT('LDR_sensor_base','LDR_sensor_base','LDR_sensor_base',(#12381));
#12364=PRODUCT('Quadruple_Blade_Rudder','Quadruple_Blade_Rudder',
'Quadruple_Blade_Rudder',(#12382));
#12365=PRODUCT('bais','bais','bais',(#12383));
#12366=PRODUCT('servo2_fixs','servo2_fixs','servo2_fixs',(#12384));
#12367=PRODUCT('Double_Blade_Rudder','Double_Blade_Rudder',
'Double_Blade_Rudder',(#12385));
#12368=PRODUCT('hing_rod','hing_rod','hing_rod',(#12386));
#12369=PRODUCT('##Servo_MG_996R','##Servo_MG_996R','##Servo_MG_996R',(#12387));
#12370=PRODUCT_CATEGORY('','');
#12371=PRODUCT_CATEGORY('','');
#12372=PRODUCT_CATEGORY('','');
#12373=PRODUCT_CATEGORY('','');
#12374=PRODUCT_CATEGORY('','');
#12375=PRODUCT_CATEGORY('','');
#12376=PRODUCT_CATEGORY('','');
#12377=PRODUCT_CATEGORY('','');
#12378=PRODUCT_CATEGORY('','');
#12379=PRODUCT_CONTEXT('',#12389,'mechanical');
#12380=PRODUCT_CONTEXT('',#12389,'mechanical');
#12381=PRODUCT_CONTEXT('',#12389,'mechanical');
#12382=PRODUCT_CONTEXT('',#12389,'mechanical');
#12383=PRODUCT_CONTEXT('',#12389,'mechanical');
#12384=PRODUCT_CONTEXT('',#12389,'mechanical');
#12385=PRODUCT_CONTEXT('',#12389,'mechanical');
#12386=PRODUCT_CONTEXT('',#12389,'mechanical');
#12387=PRODUCT_CONTEXT('',#12389,'mechanical');
#12388=APPLICATION_PROTOCOL_DEFINITION('international standard',
'ap242_managed_model_based_3d_engineering',2020,#12389);
#12389=APPLICATION_CONTEXT('managed model based 3d engineering');
ENDSEC;
END-ISO-10303-21;
